,id,Cabin,Aspect,id_updated
13,6.0,spotless,Maintainance,100006.0
173,48.0,spacious,Size,100048.0
173,48.0,and,Size,100048.0
173,48.0,comfortable,Size,100048.0
288,75.0,lots,Size,100075.0
288,75.0,of,Size,100075.0
288,75.0,legroom,Size,100075.0
291,76.0,ambience,Maintainance,100076.0
291,76.0,and,Maintainance,100076.0
291,76.0,quietness,Maintainance,100076.0
300,78.0,older,Maintainance,100078.0
300,78.0,fit-out,Maintainance,100078.0
301,78.0,really,Maintainance,100078.0
301,78.0,outdated,Maintainance,100078.0
305,79.0,unable,Maintainance,100079.0
305,79.0,to,Maintainance,100079.0
305,79.0,open,Maintainance,100079.0
326,82.0,really,Maintainance,100082.0
326,82.0,old,Maintainance,100082.0
365,89.0,plenty,Size,100089.0
365,89.0,of,Size,100089.0
365,89.0,storage,Size,100089.0
417,100.0,quietness,Maintainance,100100.0
446,111.0,too,Size,100111.0
446,111.0,narrow,Size,100111.0
461,119.0,too,Size,100119.0
461,119.0,narrow,Size,100119.0
511,145.0,smell,Fragrance,100145.0
511,145.0,everything,Fragrance,100145.0
512,145.0,wasn’t,Fragrance,100145.0
512,145.0,able,Fragrance,100145.0
512,145.0,to,Fragrance,100145.0
512,145.0,breath,Fragrance,100145.0
533,156.0,neatness,Maintainance,100156.0
533,156.0,of,Maintainance,100156.0
533,156.0,the,Maintainance,100156.0
533,156.0,cabin,Maintainance,100156.0
534,156.0,looked,Maintainance,100156.0
534,156.0,as,Maintainance,100156.0
534,156.0,good,Maintainance,100156.0
579,180.0,planes,Maintainance,100180.0
579,180.0,were,Maintainance,100180.0
579,180.0,clean,Maintainance,100180.0
592,189.0,space,Size,100189.0
607,197.0,clean,Maintainance,100197.0
607,197.0,and,Maintainance,100197.0
607,197.0,neat,Maintainance,100197.0
1240,824.0,very,Maintainance,100824.0
1240,824.0,clean,Maintainance,100824.0
1248,827.0,cabin,Maintainance,100827.0
1248,827.0,was,Maintainance,100827.0
1248,827.0,clean,Maintainance,100827.0
1277,842.0,impressed,Size,100842.0
1277,842.0,by,Size,100842.0
1277,842.0,space,Size,100842.0
1277,842.0,comfort,Size,100842.0
1278,842.0,cleanliness,Maintainance,100842.0
1280,844.0,ac,Temperature,100844.0
1280,844.0,very,Temperature,100844.0
1280,844.0,strong,Temperature,100844.0
1327,868.0,nothing,Maintainance,100868.0
1327,868.0,fancy,Maintainance,100868.0
1345,878.0,clean,Maintainance,100878.0
1345,878.0,and,Maintainance,100878.0
1345,878.0,tidy,Maintainance,100878.0
1355,883.0,reasonably,Maintainance,100883.0
1355,883.0,new,Maintainance,100883.0
1360,886.0,newish,Maintainance,100886.0
1361,886.0,clean,Maintainance,100886.0
1362,886.0,temperature,Temperature,100886.0
1362,886.0,of,Temperature,100886.0
1362,886.0,the,Temperature,100886.0
1362,886.0,cabin,Temperature,100886.0
1363,886.0,cold,Temperature,100886.0
1372,890.0,empty,Maintainance,100890.0
1372,890.0,cans,Maintainance,100890.0
1372,890.0,lying,Maintainance,100890.0
1381,893.0,quiet,Maintainance,100893.0
1405,911.0,clean,Maintainance,100911.0
1413,916.0,planes,Maintainance,100916.0
1413,916.0,are,Maintainance,100916.0
1413,916.0,clean,Maintainance,100916.0
2060,1550.0,can’t,Fragrance,101550.0
2060,1550.0,breathe,Fragrance,101550.0
2064,1553.0,aisles,Size,101553.0
2064,1553.0,were,Size,101553.0
2064,1553.0,so,Size,101553.0
2064,1553.0,narrow,Size,101553.0
2082,1564.0,relatively,Size,101564.0
2082,1564.0,new,Size,101564.0
2082,1564.0,wide,Size,101564.0
2082,1564.0,body,Size,101564.0
2091,1568.0,bathrooms,Maintainance,101568.0
2091,1568.0,were,Maintainance,101568.0
2091,1568.0,keep,Maintainance,101568.0
2091,1568.0,cleaner,Maintainance,101568.0
2091,1568.0,throughout,Maintainance,101568.0
2092,1568.0,everything,Maintainance,101568.0
2092,1568.0,was,Maintainance,101568.0
2092,1568.0,cleaner,Maintainance,101568.0
2111,1579.0,lots,Size,101579.0
2111,1579.0,of,Size,101579.0
2111,1579.0,room,Size,101579.0
2150,1603.0,ample,Size,101603.0
2150,1603.0,overhead,Size,101603.0
2150,1603.0,bin,Size,101603.0
2150,1603.0,space,Size,101603.0
2200,1631.0,lane,Maintainance,101631.0
2200,1631.0,is,Maintainance,101631.0
2200,1631.0,old,Maintainance,101631.0
2200,1631.0,creaky,Maintainance,101631.0
2201,1631.0,barely,Size,101631.0
2201,1631.0,enough,Size,101631.0
2201,1631.0,space,Size,101631.0
2201,1631.0,to,Size,101631.0
2201,1631.0,walk,Size,101631.0
2830,2255.0,plane,Maintainance,102255.0
2830,2255.0,was,Maintainance,102255.0
2830,2255.0,clean,Maintainance,102255.0
2846,2264.0,good,Maintainance,102264.0
2846,2264.0,clean,Maintainance,102264.0
2846,2264.0,cabin,Maintainance,102264.0
2853,2267.0,nice,Maintainance,102267.0
2853,2267.0,accommodations,Maintainance,102267.0
2860,2271.0,newer,Maintainance,102271.0
2867,2276.0,cleanliness,Maintainance,102276.0
2867,2276.0,tables,Maintainance,102276.0
2867,2276.0,were,Maintainance,102276.0
2867,2276.0,filthy,Maintainance,102276.0
2868,2276.0,lights,Maintainance,102276.0
2868,2276.0,in,Maintainance,102276.0
2868,2276.0,ceiling,Maintainance,102276.0
2868,2276.0,were,Maintainance,102276.0
2868,2276.0,out,Maintainance,102276.0
2868,2276.0,of,Maintainance,102276.0
2868,2276.0,order,Maintainance,102276.0
2876,2281.0,nice,Maintainance,102281.0
2876,2281.0,cabin,Maintainance,102281.0
2895,2288.0,cabin,Temperature,102288.0
2895,2288.0,well,Temperature,102288.0
2895,2288.0,ventilated,Temperature,102288.0
2896,2288.0,toilet,Maintainance,102288.0
2896,2288.0,clean,Maintainance,102288.0
2897,2289.0,clean,Maintainance,102289.0
2897,2289.0,and,Maintainance,102289.0
2897,2289.0,correctly,Maintainance,102289.0
2897,2289.0,managed,Maintainance,102289.0
2897,2289.0,common,Maintainance,102289.0
2897,2289.0,places,Maintainance,102289.0
2915,2301.0,nice,Maintainance,102301.0
2915,2301.0,and,Maintainance,102301.0
2915,2301.0,quiet,Maintainance,102301.0
2915,2301.0,flight,Maintainance,102301.0
2916,2302.0,clean,Maintainance,102302.0
2918,2303.0,it,Size,102303.0
2918,2303.0,was,Size,102303.0
2918,2303.0,cramped,Size,102303.0
2939,2314.0,plane,Maintainance,102314.0
2939,2314.0,was,Maintainance,102314.0
2939,2314.0,modern,Maintainance,102314.0
2940,2314.0,clean,Maintainance,102314.0
2952,2320.0,plane,Maintainance,102320.0
2952,2320.0,was,Maintainance,102320.0
2952,2320.0,clean,Maintainance,102320.0
2953,2320.0,nothing,Maintainance,102320.0
2953,2320.0,worn,Maintainance,102320.0
2953,2320.0,or,Maintainance,102320.0
2953,2320.0,broken,Maintainance,102320.0
2961,2326.0,nice,Maintainance,102326.0
2961,2326.0,clean,Maintainance,102326.0
2961,2326.0,plane,Maintainance,102326.0
2967,2329.0,completely,Maintainance,102329.0
2967,2329.0,taken,Maintainance,102329.0
2967,2329.0,aback,Maintainance,102329.0
2967,2329.0,when,Maintainance,102329.0
2967,2329.0,i,Maintainance,102329.0
2967,2329.0,saw,Maintainance,102329.0
2967,2329.0,the,Maintainance,102329.0
2967,2329.0,flight,Maintainance,102329.0
2967,2329.0,interiors,Maintainance,102329.0
2969,2331.0,toilet,Maintainance,102331.0
2969,2331.0,malfunction,Maintainance,102331.0
2973,2333.0,plane,Maintainance,102333.0
2973,2333.0,was,Maintainance,102333.0
2973,2333.0,very,Maintainance,102333.0
2973,2333.0,nice,Maintainance,102333.0
2999,2348.0,full,Maintainance,102348.0
2999,2348.0,and,Maintainance,102348.0
2999,2348.0,big,Maintainance,102348.0
2999,2348.0,plane,Maintainance,102348.0
3628,2972.0,really,Maintainance,102972.0
3628,2972.0,old,Maintainance,102972.0
3628,2972.0,plane,Maintainance,102972.0
3633,2976.0,washrooms,Size,102976.0
3633,2976.0,were,Size,102976.0
3633,2976.0,spacious,Size,102976.0
3634,2976.0,clean,Maintainance,102976.0
3641,2983.0,toilets,Maintainance,102983.0
3641,2983.0,clean,Maintainance,102983.0
4358,726.0,new,Maintainance,200726.0
4358,726.0,aircrafts,Maintainance,200726.0
4361,729.0,leg,size,200729.0
4361,729.0,space,size,200729.0
4361,729.0,was,size,200729.0
4361,729.0,superior,size,200729.0
4362,729.0,ample,size,200729.0
4362,729.0,room,size,200729.0
4363,730.0,more,size,200730.0
4363,730.0,space,size,200730.0
4371,736.0,leg,size,200736.0
4371,736.0,room,size,200736.0
4371,736.0,is,size,200736.0
4371,736.0,adequate,size,200736.0
4382,741.0,good,size,200741.0
4382,741.0,leg,size,200741.0
4382,741.0,room,size,200741.0
4386,744.0,clean,Maintainance,200744.0
4387,744.0,comfy,size,200744.0
4389,746.0,plane,Maintainance,200746.0
4389,746.0,was,Maintainance,200746.0
4389,746.0,clean,Maintainance,200746.0
4390,746.0,tidy,Maintainance,200746.0
4394,750.0,more,size,200750.0
4394,750.0,leg,size,200750.0
4394,750.0,room,size,200750.0
4396,752.0,extra,size,200752.0
4396,752.0,legroom,size,200752.0
4398,754.0,more,size,200754.0
4398,754.0,leg,size,200754.0
4398,754.0,room,size,200754.0
4402,758.0,clean,Maintainance,200758.0
4402,758.0,flight,Maintainance,200758.0
4406,759.0,brilliant,size,200759.0
4406,759.0,leg,size,200759.0
4406,759.0,room,size,200759.0
4417,767.0,more,size,200767.0
4417,767.0,room,size,200767.0
4442,783.0,clean,Maintainance,200783.0
4443,783.0,tidy,Maintainance,200783.0
4450,788.0,more,size,200788.0
4450,788.0,space,size,200788.0
4469,800.0,new,Maintainance,200800.0
4469,800.0,aircraft,Maintainance,200800.0
4470,800.0,llegroom,size,200800.0
5116,1443.0,quiet,maintainance,201443.0
5116,1443.0,and,maintainance,201443.0
5116,1443.0,smooth,maintainance,201443.0
5149,1465.0,legroom,Size,201465.0
5149,1465.0,was,Size,201465.0
5149,1465.0,good,Size,201465.0
5155,1469.0,plane,Size,201469.0
5155,1469.0,was,Size,201469.0
5155,1469.0,huge,Size,201469.0
5157,1469.0,interior,maintainance,201469.0
5157,1469.0,designer,maintainance,201469.0
5157,1469.0,of,maintainance,201469.0
5157,1469.0,this,maintainance,201469.0
5157,1469.0,plane,maintainance,201469.0
5158,1469.0,bright,maintainance,201469.0
5158,1469.0,and,maintainance,201469.0
5158,1469.0,yet,maintainance,201469.0
5158,1469.0,soothing,maintainance,201469.0
5158,1469.0,colors,maintainance,201469.0
5159,1470.0,lots,Size,201470.0
5159,1470.0,of,Size,201470.0
5159,1470.0,space,Size,201470.0
5160,1470.0,extra,Size,201470.0
5160,1470.0,legroom,Size,201470.0
5163,1472.0,freezing,Temperature,201472.0
5163,1472.0,cold,Temperature,201472.0
5164,1472.0,fumes,Temperature,201472.0
5164,1472.0,from,Temperature,201472.0
5164,1472.0,refueling,Temperature,201472.0
5185,1482.0,cabin,Size,201482.0
5185,1482.0,cramped,Size,201482.0
5186,1482.0,badly,maintainance,201482.0
5186,1482.0,designed,maintainance,201482.0
5191,1485.0,clean,maintainance,201485.0
5194,1486.0,more,Size,201486.0
5194,1486.0,legroom,Size,201486.0
5197,1488.0,plenty,Size,201488.0
5197,1488.0,of,Size,201488.0
5197,1488.0,legroom,Size,201488.0
5200,1490.0,loads,Size,201490.0
5200,1490.0,of,Size,201490.0
5200,1490.0,leg,Size,201490.0
5200,1490.0,room,Size,201490.0
5207,1495.0,fine,Size,201495.0
5207,1495.0,for,Size,201495.0
5207,1495.0,leg,Size,201495.0
5207,1495.0,room,Size,201495.0
5217,1503.0,clean,maintainance,201503.0
5218,1503.0,plane,maintainance,201503.0
5218,1503.0,seemed,maintainance,201503.0
5218,1503.0,new,maintainance,201503.0
5234,1512.0,plane,maintainance,201512.0
5234,1512.0,was,maintainance,201512.0
5234,1512.0,clean,maintainance,201512.0
5235,1512.0,well,maintainance,201512.0
5235,1512.0,presented,maintainance,201512.0
5240,1515.0,plane,maintainance,201515.0
5240,1515.0,was,maintainance,201515.0
5240,1515.0,ok,maintainance,201515.0
5241,1515.0,more,Size,201515.0
5241,1515.0,legroom,Size,201515.0
5242,1515.0,not,Size,201515.0
5242,1515.0,even,Size,201515.0
5242,1515.0,a,Size,201515.0
5242,1515.0,foot,Size,201515.0
5242,1515.0,rest,Size,201515.0
5242,1515.0,felt,Size,201515.0
5913,2170.0,smaller,maintainance,202170.0
5913,2170.0,plane,maintainance,202170.0
5919,2174.0,cramming,size,202174.0
5920,2174.0,not,size,202174.0
5920,2174.0,leaving,size,202174.0
5920,2174.0,space,size,202174.0
5920,2174.0,for,size,202174.0
5920,2174.0,distancing,size,202174.0
5933,2183.0,extra,size,202183.0
5933,2183.0,fees,size,202183.0
5933,2183.0,for,size,202183.0
5933,2183.0,the,size,202183.0
5933,2183.0,extra,size,202183.0
5933,2183.0,legroom,size,202183.0
6635,2871.0,dirty,maintainance,202871.0
6635,2871.0,plane,maintainance,202871.0
6695,2903.0,more,size,202903.0
6695,2903.0,legroom,size,202903.0
6746,2938.0,modernised,maintainance,202938.0
6747,2939.0,clean,maintainance,202939.0
6768,2953.0,footrest,maintainance,202953.0
6768,2953.0,was,maintainance,202953.0
6768,2953.0,broken,maintainance,202953.0
6769,2953.0,plane,maintainance,202953.0
6769,2953.0,was,maintainance,202953.0
6769,2953.0,an,maintainance,202953.0
6769,2953.0,old,maintainance,202953.0
6772,2956.0,more,maintainance,202956.0
6772,2956.0,modern,maintainance,202956.0
6776,2959.0,not,size,202959.0
6776,2959.0,much,size,202959.0
6776,2959.0,legroom,size,202959.0
6781,2962.0,quite,maintainance,202962.0
6781,2962.0,noisy,maintainance,202962.0
6781,2962.0,being,maintainance,202962.0
6781,2962.0,behind,maintainance,202962.0
6781,2962.0,the,maintainance,202962.0
6781,2962.0,engines,maintainance,202962.0
6790,2969.0,cabin,maintainance,202969.0
6790,2969.0,was,maintainance,202969.0
6790,2969.0,really,maintainance,202969.0
6790,2969.0,clean,maintainance,202969.0
7406,2.0,good,size,200002.0
7406,2.0,space,size,200002.0
7411,3.0,leg,size,200003.0
7411,3.0,space,size,200003.0
7411,3.0,is,size,200003.0
7411,3.0,very,size,200003.0
7411,3.0,less,size,200003.0
7412,3.0,neat,maintainance,200003.0
7412,3.0,and,maintainance,200003.0
7412,3.0,clean,maintainance,200003.0
7413,3.0,more,size,200003.0
7413,3.0,leg,size,200003.0
7413,3.0,spaces,size,200003.0
7416,5.0,better,maintainance,200005.0
7416,5.0,interiors,maintainance,200005.0
7418,6.0,the,size,200006.0
7418,6.0,leg,size,200006.0
7418,6.0,room,size,200006.0
7418,6.0,satisfactory,size,200006.0
7420,8.0,enough,size,200008.0
7420,8.0,leg,size,200008.0
7420,8.0,space,size,200008.0
7425,11.0,clean,maintainance,200011.0
7425,11.0,and,maintainance,200011.0
7425,11.0,efficiently,maintainance,200011.0
7425,11.0,managed,maintainance,200011.0
7426,12.0,very,size,200012.0
7426,12.0,small,size,200012.0
7426,12.0,size,size,200012.0
7427,12.0,flight,size,200012.0
7427,12.0,was,size,200012.0
7427,12.0,very,size,200012.0
7427,12.0,very,size,200012.0
7427,12.0,small,size,200012.0
7428,12.0,very,size,200012.0
7428,12.0,congested,size,200012.0
7429,13.0,not,size,200013.0
7429,13.0,enough,size,200013.0
7429,13.0,leg,size,200013.0
7429,13.0,room,size,200013.0
7430,14.0,pretty,maintainance,200014.0
7430,14.0,decent,maintainance,200014.0
7430,14.0,neat,maintainance,200014.0
7431,14.0,colours,maintainance,200014.0
7431,14.0,are,maintainance,200014.0
7431,14.0,vibrant,maintainance,200014.0
7438,17.0,hardly,size,200017.0
7438,17.0,any,size,200017.0
7438,17.0,leg,size,200017.0
7438,17.0,room,size,200017.0
7438,17.0,left,size,200017.0
7447,23.0,good,size,200023.0
7447,23.0,leg,size,200023.0
7447,23.0,space,size,200023.0
7456,28.0,lots,size,200028.0
7456,28.0,of,size,200028.0
7456,28.0,leg,size,200028.0
7456,28.0,room,size,200028.0
7475,38.0,brand,maintainance,200038.0
7475,38.0,new,maintainance,200038.0
7486,44.0,spotless,maintainance,200044.0
7486,44.0,ambience,maintainance,200044.0
7503,56.0,clean,maintainance,200056.0
7503,56.0,aircraft,maintainance,200056.0
7508,59.0,newer,maintainance,200059.0
7508,59.0,plane,maintainance,200059.0
7509,60.0,new,maintainance,200060.0
7521,68.0,aircraft,maintainance,200068.0
7521,68.0,was,maintainance,200068.0
7521,68.0,nice,maintainance,200068.0
7522,68.0,clean,maintainance,200068.0
7523,69.0,aircraft,maintainance,200069.0
7523,69.0,was,maintainance,200069.0
7523,69.0,nice,maintainance,200069.0
7524,69.0,clean,maintainance,200069.0
7525,70.0,aircraft,maintainance,200070.0
7525,70.0,was,maintainance,200070.0
7525,70.0,nice,maintainance,200070.0
7526,70.0,clean,maintainance,200070.0
