,id,Entertainment,Aspect,id_updated
26,10.0,tv,visual,100010.0
26,10.0,repeatedly,visual,100010.0
26,10.0,broke,visual,100010.0
26,10.0,down,visual,100010.0
115,31.0,poor,general,100031.0
115,31.0,movie,general,100031.0
115,31.0,and,general,100031.0
115,31.0,entertainment,general,100031.0
115,31.0,choices,general,100031.0
116,31.0,screens,visual,100031.0
116,31.0,not,visual,100031.0
116,31.0,working,visual,100031.0
127,34.0,bord,general,100034.0
127,34.0,entertainment,general,100034.0
128,34.0,old,general,100034.0
128,34.0,and,general,100034.0
128,34.0,outdated,general,100034.0
129,34.0,screens,visual,100034.0
129,34.0,are,visual,100034.0
129,34.0,n't,visual,100034.0
129,34.0,good,visual,100034.0
130,34.0,system,general,100034.0
130,34.0,is,general,100034.0
130,34.0,n't,general,100034.0
130,34.0,good,general,100034.0
145,39.0,entertainment,general,100039.0
145,39.0,not,general,100039.0
145,39.0,working,general,100039.0
146,39.0,properly,visual,100039.0
146,39.0,screen,visual,100039.0
146,39.0,overheated,visual,100039.0
168,46.0,ife,general,100046.0
168,46.0,lives,general,100046.0
168,46.0,up,general,100046.0
168,46.0,to,general,100046.0
168,46.0,the,general,100046.0
168,46.0,hype,general,100046.0
178,49.0,good,general,100049.0
178,49.0,inflight,general,100049.0
178,49.0,entertainment,general,100049.0
180,50.0,broken,visual,100050.0
180,50.0,tv,visual,100050.0
180,50.0,screens,visual,100050.0
210,59.0,movie,visual,100059.0
211,59.0,music,audio,100059.0
212,59.0,massive,general,100059.0
212,59.0,ife,general,100059.0
212,59.0,selection,general,100059.0
213,59.0,large,visual,100059.0
213,59.0,screens,visual,100059.0
233,64.0,movie,visual,100064.0
233,64.0,list,visual,100064.0
233,64.0,never,visual,100064.0
233,64.0,end,visual,100064.0
234,64.0,quality,visual,100064.0
234,64.0,of,visual,100064.0
234,64.0,the,visual,100064.0
234,64.0,picture,visual,100064.0
234,64.0,is,visual,100064.0
234,64.0,excellent,visual,100064.0
241,66.0,ife,general,100066.0
241,66.0,remote,general,100066.0
241,66.0,is,general,100066.0
241,66.0,terrible,general,100066.0
264,69.0,terribly,general,100069.0
264,69.0,dysfunctional,general,100069.0
264,69.0,remote,general,100069.0
265,69.0,wire,general,100069.0
265,69.0,had,general,100069.0
265,69.0,cut,general,100069.0
288,75.0,ice,audio,100075.0
288,75.0,entertainment,audio,100075.0
288,75.0,system,audio,100075.0
288,75.0,has,audio,100075.0
288,75.0,good,audio,100075.0
288,75.0,music,audio,100075.0
289,75.0,doesn,visual,100075.0
289,75.0,’,visual,100075.0
289,75.0,t,visual,100075.0
289,75.0,have,visual,100075.0
289,75.0,good,visual,100075.0
289,75.0,tv,visual,100075.0
289,75.0,shows,visual,100075.0
291,76.0,dual,visual,100076.0
291,76.0,ife,visual,100076.0
291,76.0,screen,visual,100076.0
292,76.0,ife,general,100076.0
292,76.0,looked,general,100076.0
292,76.0,fancy,general,100076.0
293,76.0,was,general,100076.0
293,76.0,n't,general,100076.0
293,76.0,that,general,100076.0
293,76.0,interesting,general,100076.0
294,76.0,contents,general,100076.0
294,76.0,of,general,100076.0
294,76.0,ice,general,100076.0
294,76.0,did,general,100076.0
294,76.0,n't,general,100076.0
294,76.0,live,general,100076.0
294,76.0,up,general,100076.0
294,76.0,to,general,100076.0
294,76.0,its,general,100076.0
294,76.0,hype,general,100076.0
317,81.0,monitor,visual,100081.0
318,81.0,did,visual,100081.0
318,81.0,not,visual,100081.0
318,81.0,work,visual,100081.0
326,82.0,ice,general,100082.0
326,82.0,version,general,100082.0
327,82.0,screen,visual,100082.0
327,82.0,was,visual,100082.0
327,82.0,very,visual,100082.0
327,82.0,small,visual,100082.0
328,82.0,very,general,100082.0
328,82.0,old,general,100082.0
352,86.0,enough,visual,100086.0
352,86.0,movies,visual,100086.0
353,86.0,keep,general,100086.0
353,86.0,me,general,100086.0
353,86.0,entertained,general,100086.0
363,88.0,inflight,general,100088.0
363,88.0,entertainment,general,100088.0
364,88.0,super,general,100088.0
368,90.0,ife,general,100090.0
369,90.0,great,general,100090.0
375,92.0,movie,visual,100092.0
375,92.0,selection,visual,100092.0
376,92.0,very,general,100092.0
376,92.0,limited,general,100092.0
387,94.0,outdated,general,100094.0
411,98.0,touch,visual,100098.0
411,98.0,screen,visual,100098.0
412,98.0,quite,visual,100098.0
412,98.0,unresponsive,visual,100098.0
450,113.0,give,visual,100113.0
450,113.0,content,visual,100113.0
450,113.0,access,visual,100113.0
466,121.0,movie,visual,100121.0
467,121.0,good,visual,100121.0
478,127.0,no,general,100127.0
478,127.0,entertainment,general,100127.0
541,160.0,could,general,100160.0
541,160.0,not,general,100160.0
541,160.0,access,general,100160.0
542,160.0,free,general,100160.0
542,160.0,inflight,general,100160.0
542,160.0,entertainment,general,100160.0
549,165.0,no,visual,100165.0
549,165.0,screen,visual,100165.0
549,165.0,in,visual,100165.0
549,165.0,front,visual,100165.0
550,166.0,no,visual,100166.0
550,166.0,screen,visual,100166.0
582,182.0,no,general,100182.0
582,182.0,entertainment,general,100182.0
582,182.0,screens,general,100182.0
588,187.0,entertainment,general,100187.0
588,187.0,system,general,100187.0
589,187.0,access,general,100187.0
1302,853.0,paying,general,100853.0
1302,853.0,for,general,100853.0
1302,853.0,in,general,100853.0
1302,853.0,flight,general,100853.0
1302,853.0,entertainment,general,100853.0
1321,865.0,no,visual,100865.0
1321,865.0,tvs,visual,100865.0
1386,896.0,no,visual,100896.0
1386,896.0,in,visual,100896.0
1386,896.0,house,visual,100896.0
1386,896.0,movies,visual,100896.0
1394,903.0,no,general,100903.0
1394,903.0,entertainment,general,100903.0
1398,906.0,no,visual,100906.0
1398,906.0,tv,visual,100906.0
1412,915.0,really,general,100915.0
1412,915.0,hard,general,100915.0
2049,1541.0,movies,visual,101541.0
2049,1541.0,were,visual,101541.0
2049,1541.0,great,visual,101541.0
2072,1558.0,decent,general,101558.0
2072,1558.0,entertainment,general,101558.0
2072,1558.0,system,general,101558.0
2081,1563.0,good,visual,101563.0
2081,1563.0,selection,visual,101563.0
2081,1563.0,of,visual,101563.0
2081,1563.0,current,visual,101563.0
2081,1563.0,movies,visual,101563.0
2096,1571.0,headphones,audio,101571.0
2096,1571.0,helped,audio,101571.0
2111,1579.0,entertainment,general,101579.0
2111,1579.0,system,general,101579.0
2112,1579.0,actually,general,101579.0
2112,1579.0,entertained,general,101579.0
2112,1579.0,us,general,101579.0
2143,1597.0,no,general,101597.0
2143,1597.0,good,general,101597.0
2144,1597.0,onboard,general,101597.0
2144,1597.0,entertainment,general,101597.0
2149,1602.0,plenty,general,101602.0
2149,1602.0,of,general,101602.0
2149,1602.0,choice,general,101602.0
2149,1602.0,for,general,101602.0
2149,1602.0,onboard,general,101602.0
2149,1602.0,entairtainment,general,101602.0
2150,1603.0,wide,visual,101603.0
2150,1603.0,selection,visual,101603.0
2150,1603.0,of,visual,101603.0
2150,1603.0,movies,visual,101603.0
2163,1608.0,good,general,101608.0
2163,1608.0,media,general,101608.0
2163,1608.0,options,general,101608.0
2190,1628.0,great,visual,101628.0
2190,1628.0,selection,visual,101628.0
2190,1628.0,of,visual,101628.0
2190,1628.0,movies,visual,101628.0
2827,2253.0,tv,visual,102253.0
2827,2253.0,screens,visual,102253.0
2829,2254.0,tv,visual,102254.0
2829,2254.0,screen,visual,102254.0
2829,2254.0,did,visual,102254.0
2829,2254.0,not,visual,102254.0
2829,2254.0,work,visual,102254.0
2831,2256.0,good,visual,102256.0
2831,2256.0,collection,visual,102256.0
2831,2256.0,of,visual,102256.0
2831,2256.0,movies,visual,102256.0
2831,2256.0,to,visual,102256.0
2831,2256.0,watch,visual,102256.0
2836,2259.0,ancient,visual,102259.0
2836,2259.0,entertainment,visual,102259.0
2836,2259.0,screen,visual,102259.0
2842,2262.0,not,general,102262.0
2842,2262.0,working,general,102262.0
2842,2262.0,intertainments,general,102262.0
2856,2269.0,movie,visual,102269.0
2856,2269.0,choices,visual,102269.0
2856,2269.0,were,visual,102269.0
2856,2269.0,lacking,visual,102269.0
2862,2273.0,very,general,102273.0
2862,2273.0,high,general,102273.0
2862,2273.0,standard,general,102273.0
2862,2273.0,entertainment,general,102273.0
2863,2273.0,extensive,visual,102273.0
2863,2273.0,selection,visual,102273.0
2863,2273.0,of,visual,102273.0
2863,2273.0,movies,visual,102273.0
2903,2293.0,choice,general,102293.0
2903,2293.0,of,general,102293.0
2903,2293.0,entertainment,general,102293.0
2918,2303.0,very,visual,102303.0
2918,2303.0,small,visual,102303.0
2918,2303.0,tv,visual,102303.0
2918,2303.0,screens,visual,102303.0
2935,2312.0,awesome,general,102312.0
2935,2312.0,entertainment,general,102312.0
2935,2312.0,screens,general,102312.0
2935,2312.0,and,general,102312.0
2935,2312.0,sound,general,102312.0
2935,2312.0,quality,general,102312.0
2955,2322.0,no,visual,102322.0
2955,2322.0,tv,visual,102322.0
2956,2322.0,no,visual,102322.0
2956,2322.0,tv,visual,102322.0
2956,2322.0,on,visual,102322.0
2956,2322.0,board,visual,102322.0
2974,2334.0,movies,visual,102334.0
2992,2345.0,on,general,102345.0
2992,2345.0,board,general,102345.0
2992,2345.0,entertainment,general,102345.0
2992,2345.0,good,general,102345.0
3000,2349.0,entertainment,general,102349.0
3000,2349.0,selection,general,102349.0
3000,2349.0,was,general,102349.0
3000,2349.0,ok,general,102349.0
3630,2974.0,entertainment,audio,102974.0
3630,2974.0,system,audio,102974.0
3630,2974.0,audio,audio,102974.0
3630,2974.0,was,audio,102974.0
3630,2974.0,not,audio,102974.0
3630,2974.0,working,audio,102974.0
4342,718.0,no,general,200718.0
4342,718.0,seat,general,200718.0
4342,718.0,back,general,200718.0
4342,718.0,entertainment,general,200718.0
4358,726.0,no,general,200726.0
4358,726.0,real,general,200726.0
4358,726.0,access,general,200726.0
4358,726.0,to,general,200726.0
4358,726.0,internet,general,200726.0
4361,729.0,movies,visual,200729.0
4363,730.0,not,general,200730.0
4363,730.0,any,general,200730.0
4363,730.0,wifi,general,200730.0
4363,730.0,available,general,200730.0
4364,730.0,no,general,200730.0
4364,730.0,inflight,general,200730.0
4364,730.0,entertainment,general,200730.0
4374,738.0,individual,visual,200738.0
4374,738.0,tv,visual,200738.0
4374,738.0,screens,visual,200738.0
4384,743.0,movie,visual,200743.0
4414,764.0,inflight,general,200764.0
4414,764.0,entertainment,general,200764.0
4414,764.0,app,general,200764.0
5136,1459.0,entertainment,general,201459.0
5136,1459.0,available,general,201459.0
5137,1459.0,many,visual,201459.0
5137,1459.0,movies,visual,201459.0
5137,1459.0,to,visual,201459.0
5137,1459.0,choose,visual,201459.0
5187,1483.0,huge,visual,201483.0
5187,1483.0,variation,visual,201483.0
5187,1483.0,of,visual,201483.0
5187,1483.0,films,visual,201483.0
5191,1485.0,choices,general,201485.0
5191,1485.0,were,general,201485.0
5191,1485.0,limited,general,201485.0
5195,1487.0,good,visual,201487.0
5195,1487.0,choice,visual,201487.0
5195,1487.0,of,visual,201487.0
5195,1487.0,films,visual,201487.0
5206,1494.0,seatback,visual,201494.0
5206,1494.0,screen,visual,201494.0
5206,1494.0,entertainment,visual,201494.0
5231,1510.0,good,visual,201510.0
5231,1510.0,choice,visual,201510.0
5231,1510.0,of,visual,201510.0
5231,1510.0,music,visual,201510.0
5231,1510.0,films,visual,201510.0
5232,1510.0,inflight,general,201510.0
5232,1510.0,entertainment,general,201510.0
5234,1512.0,entertainment,general,201512.0
5234,1512.0,systems,general,201512.0
5234,1512.0,were,general,201512.0
5234,1512.0,fantastic,general,201512.0
5235,1512.0,wide,general,201512.0
5235,1512.0,selection,general,201512.0
5235,1512.0,of,general,201512.0
5235,1512.0,recent,general,201512.0
5235,1512.0,and,general,201512.0
5235,1512.0,classic,general,201512.0
6660,2884.0,inflight,general,202884.0
6660,2884.0,entertainment,general,202884.0
6660,2884.0,was,general,202884.0
6660,2884.0,quite,general,202884.0
6660,2884.0,good,general,202884.0
6772,2956.0,better,visual,202956.0
6772,2956.0,screens,visual,202956.0
6777,2960.0,decent,general,202960.0
6777,2960.0,entertainment,general,202960.0
6779,2961.0,good,general,202961.0
6779,2961.0,ife,general,202961.0
6779,2961.0,function,general,202961.0
7422,10.0,same,audio,200010.0
7422,10.0,music,audio,200010.0
7422,10.0,at,audio,200010.0
7422,10.0,the,audio,200010.0
7422,10.0,time,audio,200010.0
7422,10.0,of,audio,200010.0
7422,10.0,landing,audio,200010.0
7422,10.0,and,audio,200010.0
7422,10.0,takeoff,audio,200010.0
7426,12.0,no,visual,200012.0
7426,12.0,entertainment,visual,200012.0
7426,12.0,screen,visual,200012.0
7443,20.0,entertainment,general,200020.0
7443,20.0,was,general,200020.0
7443,20.0,just,general,200020.0
7443,20.0,awesome,general,200020.0
7444,20.0,latest,visual,200020.0
7444,20.0,movies,visual,200020.0
7445,21.0,good,audio,200021.0
7445,21.0,music,audio,200021.0
7447,23.0,entertainment,general,200023.0
7447,23.0,option,general,200023.0
7447,23.0,with,general,200023.0
7447,23.0,wifi,general,200023.0
7454,27.0,there,visual,200027.0
7454,27.0,was,visual,200027.0
7454,27.0,no,visual,200027.0
7454,27.0,in,visual,200027.0
7454,27.0,flight,visual,200027.0
7454,27.0,seat,visual,200027.0
7454,27.0,tvs,visual,200027.0
7455,27.0,download,general,200027.0
7455,27.0,their,general,200027.0
7455,27.0,app,general,200027.0
7475,38.0,onboard,general,200038.0
7475,38.0,wifi,general,200038.0
7476,38.0,great,general,200038.0
7476,38.0,innovative,general,200038.0
7476,38.0,idea,general,200038.0
7482,42.0,no,general,200042.0
7482,42.0,inflight,general,200042.0
7482,42.0,entertainment,general,200042.0
7488,46.0,wifi,general,200046.0
7488,46.0,connection,general,200046.0
7512,62.0,wifi,general,200062.0
7512,62.0,was,general,200062.0
7512,62.0,not,general,200062.0
7512,62.0,working,general,200062.0
