,id,Food,Aspect,id_updated
4,3.0,meals,Service,100003.0
7,4.0,terrible,Taste,100004.0
20,8.0,water,Service,100008.0
21,8.0,no,Service,100008.0
21,8.0,offer,Service,100008.0
26,10.0,salad,Taste,100010.0
26,10.0,was,Taste,100010.0
26,10.0,rotting,Taste,100010.0
27,10.0,entrée,Temperature,100010.0
27,10.0,was,Temperature,100010.0
27,10.0,still,Temperature,100010.0
27,10.0,frozen,Temperature,100010.0
68,23.0,ran,Service,100023.0
68,23.0,out,Service,100023.0
68,23.0,of,Service,100023.0
68,23.0,lunch,Service,100023.0
68,23.0,options,Service,100023.0
69,23.0,tea,Service,100023.0
69,23.0,or,Service,100023.0
69,23.0,coffee,Service,100023.0
80,24.0,meal,Taste,100024.0
80,24.0,overcooked,Taste,100024.0
81,24.0,food,Taste,100024.0
81,24.0,was,Taste,100024.0
81,24.0,average,Taste,100024.0
97,27.0,vegetarian,Service,100027.0
97,27.0,meals,Service,100027.0
98,27.0,food,Taste,100027.0
98,27.0,was,Taste,100027.0
98,27.0,disgusting,Taste,100027.0
99,27.0,watery,Taste,100027.0
99,27.0,puréed,Taste,100027.0
99,27.0,green,Taste,100027.0
99,27.0,stuff,Taste,100027.0
100,27.0,cold,Temperature,100027.0
100,27.0,dry,Temperature,100027.0
100,27.0,rice,Temperature,100027.0
101,27.0,couldn,Taste,100027.0
101,27.0,’,Taste,100027.0
101,27.0,t,Taste,100027.0
101,27.0,eat,Taste,100027.0
101,27.0,anything,Taste,100027.0
102,28.0,food,Temperature,100028.0
102,28.0,temperature,Temperature,100028.0
115,31.0,lack,service,100031.0
115,31.0,of,service,100031.0
115,31.0,drinks,service,100031.0
116,31.0,removed,service,100031.0
116,31.0,the,service,100031.0
116,31.0,bar,service,100031.0
116,31.0,service,service,100031.0
117,31.0,limited,service,100031.0
117,31.0,drinks,service,100031.0
118,31.0,poor,service,100031.0
118,31.0,service,service,100031.0
119,31.0,inconsiderate,service,100031.0
119,31.0,service,service,100031.0
120,31.0,very,temperature,100031.0
120,31.0,poor,temperature,100031.0
120,31.0,hot,temperature,100031.0
120,31.0,meal,temperature,100031.0
121,31.0,most,Taste,100031.0
121,31.0,awful,Taste,100031.0
121,31.0,two,Taste,100031.0
121,31.0,finger,Taste,100031.0
121,31.0,sandwich,Taste,100031.0
127,34.0,bar/lounge,service,100034.0
127,34.0,area,service,100034.0
131,35.0,special,Service,100035.0
131,35.0,cake,Service,100035.0
137,37.0,non-veg,Service,100037.0
137,37.0,food,Service,100037.0
138,37.0,very,service,100037.0
138,37.0,cheap,service,100037.0
138,37.0,food,service,100037.0
139,37.0,no,taste,100037.0
139,37.0,taste,taste,100037.0
139,37.0,at,taste,100037.0
139,37.0,all,taste,100037.0
140,38.0,not,service,100038.0
140,38.0,serve,service,100038.0
140,38.0,water,service,100038.0
145,39.0,very,taste,100039.0
145,39.0,good,taste,100039.0
145,39.0,food,taste,100039.0
146,39.0,fresh,taste,100039.0
146,39.0,and,taste,100039.0
146,39.0,tasty,taste,100039.0
150,40.0,food,taste,100040.0
150,40.0,was,taste,100040.0
150,40.0,not,taste,100040.0
150,40.0,edible,taste,100040.0
160,44.0,beer,service,100044.0
161,44.0,not,service,100044.0
161,44.0,available,service,100044.0
162,44.0,never,service,100044.0
162,44.0,turned,service,100044.0
162,44.0,up,service,100044.0
163,44.0,food,taste,100044.0
163,44.0,was,taste,100044.0
163,44.0,low,taste,100044.0
163,44.0,grade,taste,100044.0
164,45.0,fresh,service,100045.0
164,45.0,fruit,service,100045.0
165,45.0,standard,service,100045.0
165,45.0,menu,service,100045.0
166,45.0,could,taste,100045.0
166,45.0,not,taste,100045.0
166,45.0,eat,taste,100045.0
167,45.0,there,service,100045.0
167,45.0,was,service,100045.0
167,45.0,none,service,100045.0
168,46.0,meals,taste,100046.0
168,46.0,were,taste,100046.0
168,46.0,very,taste,100046.0
168,46.0,tasty,taste,100046.0
173,48.0,meal,service,100048.0
173,48.0,courses,service,100048.0
173,48.0,were,service,100048.0
173,48.0,roughly,service,100048.0
173,48.0,put,service,100048.0
173,48.0,down,service,100048.0
178,49.0,lovely,taste,100049.0
178,49.0,food,taste,100049.0
179,49.0,unlimited,service,100049.0
179,49.0,booze,service,100049.0
191,52.0,unavailability,service,100052.0
191,52.0,of,service,100052.0
191,52.0,the,service,100052.0
191,52.0,alternate,service,100052.0
191,52.0,meal,service,100052.0
193,53.0,wonderful,taste,100053.0
193,53.0,food,taste,100053.0
204,57.0,free,service,100057.0
204,57.0,bar,service,100057.0
204,57.0,service,service,100057.0
210,59.0,snacks,service,100059.0
211,59.0,fine,service,100059.0
211,59.0,pinot,service,100059.0
211,59.0,noir,service,100059.0
212,59.0,chunky,service,100059.0
212,59.0,chicken,service,100059.0
212,59.0,sandwich,service,100059.0
213,59.0,quite,service,100059.0
213,59.0,amazing,service,100059.0
213,59.0,food,service,100059.0
213,59.0,and,service,100059.0
213,59.0,beverage,service,100059.0
213,59.0,selection,service,100059.0
214,59.0,main,service,100059.0
214,59.0,selection,service,100059.0
214,59.0,of,service,100059.0
214,59.0,the,service,100059.0
214,59.0,meal,service,100059.0
214,59.0,course,service,100059.0
214,59.0,is,service,100059.0
214,59.0,reduced,service,100059.0
215,59.0,not,taste,100059.0
215,59.0,as,taste,100059.0
215,59.0,tasty,taste,100059.0
216,60.0,mash,service,100060.0
216,60.0,potato,service,100060.0
217,60.0,meat,service,100060.0
218,60.0,chicken,service,100060.0
219,60.0,rice,service,100060.0
220,60.0,food,taste,100060.0
220,60.0,was,taste,100060.0
220,60.0,below,taste,100060.0
220,60.0,standard,taste,100060.0
233,64.0,snacks,service,100064.0
234,64.0,drinks,service,100064.0
235,64.0,food,taste,100064.0
235,64.0,was,taste,100064.0
235,64.0,tasty,taste,100064.0
236,64.0,wine,taste,100064.0
236,64.0,is,taste,100064.0
236,64.0,superb,taste,100064.0
241,66.0,meal,taste,100066.0
241,66.0,was,taste,100066.0
241,66.0,quite,taste,100066.0
241,66.0,tasty,taste,100066.0
242,66.0,musky,taste,100066.0
242,66.0,white,taste,100066.0
242,66.0,wine,taste,100066.0
242,66.0,i,taste,100066.0
242,66.0,could,taste,100066.0
242,66.0,n't,taste,100066.0
242,66.0,drink,taste,100066.0
251,67.0,food,service,100067.0
252,67.0,beef,service,100067.0
253,67.0,lasagna,service,100067.0
256,67.0,meals,service,100067.0
256,67.0,run,service,100067.0
256,67.0,out,service,100067.0
257,67.0,run,service,100067.0
257,67.0,out,service,100067.0
257,67.0,of,service,100067.0
257,67.0,the,service,100067.0
257,67.0,chicken,service,100067.0
257,67.0,option,service,100067.0
258,67.0,tasteless,taste,100067.0
258,67.0,cheese,taste,100067.0
260,68.0,food,service,100068.0
260,68.0,service,service,100068.0
260,68.0,was,service,100068.0
260,68.0,slow,service,100068.0
266,69.0,worse,taste,100069.0
266,69.0,food,taste,100069.0
289,75.0,beverages,service,100075.0
291,76.0,great,service,100076.0
291,76.0,in-flight,service,100076.0
291,76.0,food,service,100076.0
299,78.0,food,taste,100078.0
299,78.0,was,taste,100078.0
299,78.0,ok,taste,100078.0
326,82.0,only,service,100082.0
326,82.0,one,service,100082.0
326,82.0,meal,service,100082.0
326,82.0,choice,service,100082.0
349,85.0,food,service,100085.0
349,85.0,poisoning,service,100085.0
350,85.0,food,service,100085.0
350,85.0,poisoning,service,100085.0
350,85.0,symptoms,service,100085.0
353,86.0,post-flight,service,100086.0
353,86.0,drink,service,100086.0
354,86.0,good,service,100086.0
354,86.0,choice,service,100086.0
355,86.0,delay,service,100086.0
355,86.0,in,service,100086.0
356,86.0,glass,service,100086.0
356,86.0,of,service,100086.0
356,86.0,wine,service,100086.0
357,86.0,food,taste,100086.0
357,86.0,was,taste,100086.0
357,86.0,delicious,taste,100086.0
363,88.0,meals,service,100088.0
365,89.0,bar,service,100089.0
368,90.0,onboard,service,100090.0
368,90.0,food,service,100090.0
368,90.0,offering,service,100090.0
369,90.0,very,taste,100090.0
369,90.0,average,taste,100090.0
393,95.0,menu,service,100095.0
393,95.0,dishes,service,100095.0
395,95.0,cheese,service,100095.0
395,95.0,plate,service,100095.0
396,95.0,ice,service,100095.0
396,95.0,creams,service,100095.0
399,95.0,not,taste,100095.0
399,95.0,edible,taste,100095.0
405,97.0,main,service,100097.0
405,97.0,course,service,100097.0
406,97.0,wine,service,100097.0
407,97.0,dessert,service,100097.0
408,97.0,catering,service,100097.0
408,97.0,below,service,100097.0
408,97.0,average,service,100097.0
409,97.0,cold,temperature,100097.0
410,97.0,inedible,taste,100097.0
420,101.0,food,taste,100101.0
420,101.0,ok,taste,100101.0
452,115.0,food,service,100115.0
452,115.0,need,service,100115.0
452,115.0,to,service,100115.0
452,115.0,be,service,100115.0
452,115.0,paid,service,100115.0
452,115.0,extra,service,100115.0
469,123.0,food,service,100123.0
469,123.0,need,service,100123.0
469,123.0,to,service,100123.0
469,123.0,be,service,100123.0
469,123.0,paid,service,100123.0
469,123.0,extra,service,100123.0
470,124.0,good,taste,100124.0
470,124.0,food,taste,100124.0
478,127.0,meals,service,100127.0
478,127.0,offer,service,100127.0
478,127.0,is,service,100127.0
478,127.0,good,service,100127.0
480,128.0,food,service,100128.0
480,128.0,is,service,100128.0
480,128.0,not,service,100128.0
480,128.0,expensive,service,100128.0
485,131.0,not,service,100131.0
485,131.0,provide,service,100131.0
485,131.0,drinking,service,100131.0
485,131.0,water,service,100131.0
485,131.0,free,service,100131.0
497,138.0,delicious,taste,100138.0
497,138.0,food,taste,100138.0
498,138.0,good,service,100138.0
498,138.0,selection,service,100138.0
505,143.0,pay,service,100143.0
505,143.0,for,service,100143.0
505,143.0,food,service,100143.0
533,156.0,need,service,100156.0
533,156.0,to,service,100156.0
533,156.0,order,service,100156.0
533,156.0,food,service,100156.0
534,156.0,extra,service,100156.0
534,156.0,payments,service,100156.0
535,156.0,pre,service,100156.0
535,156.0,ordered,service,100156.0
535,156.0,food,service,100156.0
536,156.0,truly,taste,100156.0
536,156.0,awful,taste,100156.0
541,160.0,food,service,100160.0
541,160.0,and,service,100160.0
541,160.0,beverage,service,100160.0
541,160.0,were,service,100160.0
541,160.0,not,service,100160.0
541,160.0,served,service,100160.0
542,160.0,had,service,100160.0
542,160.0,to,service,100160.0
542,160.0,pay,service,100160.0
543,161.0,tasty,taste,100161.0
543,161.0,food,taste,100161.0
549,165.0,no,service,100165.0
549,165.0,food,service,100165.0
584,184.0,changing,service,100184.0
584,184.0,the,service,100184.0
584,184.0,food,service,100184.0
584,184.0,was,service,100184.0
584,184.0,not,service,100184.0
584,184.0,possible,service,100184.0
588,187.0,few,service,100187.0
588,187.0,snacks,service,100187.0
590,188.0,hot,service,100188.0
590,188.0,meals,service,100188.0
591,188.0,tasted,taste,100188.0
591,188.0,wonderful,taste,100188.0
592,189.0,food,service,100189.0
592,189.0,came,service,100189.0
592,189.0,without,service,100189.0
592,189.0,water,service,100189.0
598,192.0,served,service,100192.0
598,192.0,foods,service,100192.0
598,192.0,were,service,100192.0
598,192.0,very,service,100192.0
598,192.0,nice,service,100192.0
599,192.0,suit,taste,100192.0
599,192.0,my,taste,100192.0
599,192.0,taste,taste,100192.0
601,194.0,amazing,service,100194.0
601,194.0,alcohol,service,100194.0
601,194.0,free,service,100194.0
601,194.0,service,service,100194.0
603,195.0,food,taste,100195.0
603,195.0,was,taste,100195.0
603,195.0,acceptable,taste,100195.0
605,196.0,optional,service,100196.0
605,196.0,upgrade,service,100196.0
605,196.0,for,service,100196.0
605,196.0,the,service,100196.0
605,196.0,meal,service,100196.0
1272,839.0,food,taste,100839.0
1272,839.0,served,taste,100839.0
1272,839.0,was,taste,100839.0
1272,839.0,pretty,taste,100839.0
1272,839.0,decent,taste,100839.0
1274,841.0,meal,service,100841.0
1274,841.0,options,service,100841.0
1275,841.0,vegetarian,service,100841.0
1276,841.0,nonvegetarian,service,100841.0
1290,848.0,food,service,100848.0
1290,848.0,drinks,service,100848.0
1290,848.0,snacks,service,100848.0
1291,848.0,pay,service,100848.0
1292,848.0,water,service,100848.0
1293,849.0,ould,service,100849.0
1293,849.0,not,service,100849.0
1293,849.0,choose,service,100849.0
1293,849.0,the,service,100849.0
1293,849.0,meal,service,100849.0
1294,849.0,option,service,100849.0
1294,849.0,was,service,100849.0
1294,849.0,vegetarian,service,100849.0
1295,849.0,receive,service,100849.0
1295,849.0,the,service,100849.0
1295,849.0,meal,service,100849.0
1295,849.0,of,service,100849.0
1295,849.0,the,service,100849.0
1295,849.0,day,service,100849.0
1296,850.0,buy,service,100850.0
1296,850.0,your,service,100850.0
1296,850.0,own,service,100850.0
1296,850.0,food,service,100850.0
1300,852.0,food,service,100852.0
1300,852.0,selection,service,100852.0
1300,852.0,was,service,100852.0
1300,852.0,good,service,100852.0
1302,853.0,paying,service,100853.0
1302,853.0,for,service,100853.0
1302,853.0,in,service,100853.0
1302,853.0,flight,service,100853.0
1302,853.0,food,service,100853.0
1321,865.0,preorder,service,100865.0
1321,865.0,food,service,100865.0
1322,865.0,buy,service,100865.0
1323,866.0,drink,service,100866.0
1323,866.0,or,service,100866.0
1323,866.0,food,service,100866.0
1323,866.0,you,service,100866.0
1323,866.0,pay,service,100866.0
1342,876.0,awful,taste,100876.0
1342,876.0,food,taste,100876.0
1346,879.0,better,service,100879.0
1346,879.0,variety,service,100879.0
1346,879.0,of,service,100879.0
1346,879.0,food,service,100879.0
1347,879.0,drinks,service,100879.0
1347,879.0,for,service,100879.0
1347,879.0,sale,service,100879.0
1351,881.0,taste,taste,100881.0
1351,881.0,delicious,taste,100881.0
1384,894.0,ok,service,100894.0
1384,894.0,considering,service,100894.0
1384,894.0,the,service,100894.0
1384,894.0,price,service,100894.0
1387,897.0,food,taste,100897.0
1387,897.0,is,taste,100897.0
1387,897.0,good,taste,100897.0
1388,897.0,more,service,100897.0
1388,897.0,affordable,service,100897.0
1391,900.0,meal,taste,100900.0
1391,900.0,was,taste,100900.0
1391,900.0,extremely,taste,100900.0
1391,900.0,disappointing,taste,100900.0
1394,903.0,food,taste,100903.0
1394,903.0,was,taste,100903.0
1394,903.0,really,taste,100903.0
1394,903.0,good,taste,100903.0
1395,904.0,just,service,100904.0
1395,904.0,in,service,100904.0
1395,904.0,time,service,100904.0
1396,904.0,distribute,service,100904.0
1396,904.0,our,service,100904.0
1396,904.0,meal,service,100904.0
1408,914.0,new,taste,100914.0
1408,914.0,food,taste,100914.0
1408,914.0,is,taste,100914.0
1408,914.0,good,taste,100914.0
1409,914.0,not,service,100914.0
1409,914.0,expensive,service,100914.0
1410,915.0,did,service,100915.0
1410,915.0,not,service,100915.0
1410,915.0,include,service,100915.0
1410,915.0,food,service,100915.0
1410,915.0,drinks,service,100915.0
2042,1538.0,needed,service,101538.0
2042,1538.0,some,service,101538.0
2042,1538.0,water,service,101538.0
2049,1541.0,food,taste,101541.0
2049,1541.0,was,taste,101541.0
2049,1541.0,enjoyable,taste,101541.0
2062,1552.0,don’t,service,101552.0
2062,1552.0,serve,service,101552.0
2062,1552.0,anything,service,101552.0
2062,1552.0,except,service,101552.0
2062,1552.0,beverages,service,101552.0
2063,1552.0,buy,service,101552.0
2063,1552.0,food,service,101552.0
2070,1557.0,used,service,101557.0
2070,1557.0,to,service,101557.0
2070,1557.0,have,service,101557.0
2070,1557.0,crackers,service,101557.0
2070,1557.0,and,service,101557.0
2070,1557.0,snacks,service,101557.0
2071,1557.0,nothing,service,101557.0
2071,1557.0,now,service,101557.0
2071,1557.0,except,service,101557.0
2071,1557.0,drinks,service,101557.0
2073,1558.0,amazingly,taste,101558.0
2073,1558.0,good,taste,101558.0
2089,1566.0,food,taste,101566.0
2089,1566.0,was,taste,101566.0
2089,1566.0,fine,taste,101566.0
2096,1571.0,food,service,101571.0
2096,1571.0,for,service,101571.0
2096,1571.0,sale,service,101571.0
2111,1579.0,food,taste,101579.0
2111,1579.0,beverages,taste,101579.0
2111,1579.0,that,taste,101579.0
2111,1579.0,tasted,taste,101579.0
2111,1579.0,good,taste,101579.0
2113,1580.0,price,service,101580.0
2113,1580.0,of,service,101580.0
2113,1580.0,the,service,101580.0
2113,1580.0,food,service,101580.0
2113,1580.0,on,service,101580.0
2113,1580.0,the,service,101580.0
2113,1580.0,plane,service,101580.0
2113,1580.0,is,service,101580.0
2113,1580.0,not,service,101580.0
2113,1580.0,cheap,service,101580.0
2114,1580.0,tastes,taste,101580.0
2114,1580.0,mediocre,taste,101580.0
2129,1590.0,food,taste,101590.0
2129,1590.0,drinks,taste,101590.0
2129,1590.0,etc,taste,101590.0
2129,1590.0,bummer,taste,101590.0
2131,1591.0,good,taste,101591.0
2131,1591.0,meals,taste,101591.0
2138,1594.0,food,taste,101594.0
2138,1594.0,served,taste,101594.0
2138,1594.0,was,taste,101594.0
2138,1594.0,not,taste,101594.0
2138,1594.0,great,taste,101594.0
2151,1604.0,food,service,101604.0
2151,1604.0,there,service,101604.0
2151,1604.0,was,service,101604.0
2151,1604.0,little,service,101604.0
2151,1604.0,choice,service,101604.0
2171,1613.0,do,service,101613.0
2171,1613.0,not,service,101613.0
2171,1613.0,serve,service,101613.0
2171,1613.0,anything,service,101613.0
2177,1619.0,serve,service,101619.0
2177,1619.0,tap,service,101619.0
2177,1619.0,water,service,101619.0
2178,1619.0,not,service,101619.0
2178,1619.0,even,service,101619.0
2178,1619.0,a,service,101619.0
2178,1619.0,bag,service,101619.0
2178,1619.0,of,service,101619.0
2178,1619.0,pretzels,service,101619.0
2179,1620.0,no,service,101620.0
2179,1620.0,snacks,service,101620.0
2179,1620.0,at,service,101620.0
2179,1620.0,all,service,101620.0
2180,1620.0,not,service,101620.0
2180,1620.0,even,service,101620.0
2180,1620.0,pretzels,service,101620.0
2181,1621.0,do,service,101621.0
2181,1621.0,not,service,101621.0
2181,1621.0,eat,service,101621.0
2181,1621.0,meat,service,101621.0
2182,1621.0,forgot,service,101621.0
2182,1621.0,to,service,101621.0
2182,1621.0,pack,service,101621.0
2182,1621.0,my,service,101621.0
2182,1621.0,meal,service,101621.0
2183,1621.0,no,service,101621.0
2183,1621.0,meal,service,101621.0
2190,1628.0,food,taste,101628.0
2190,1628.0,was,taste,101628.0
2190,1628.0,decent,taste,101628.0
2191,1628.0,always,service,101628.0
2191,1628.0,offers,service,101628.0
2191,1628.0,of,service,101628.0
2191,1628.0,water,service,101628.0
2191,1628.0,juice,service,101628.0
2191,1628.0,etc,service,101628.0
2192,1628.0,ordered,service,101628.0
2192,1628.0,fruit,service,101628.0
2192,1628.0,platter,service,101628.0
2193,1628.0,meals,taste,101628.0
2193,1628.0,fresh,taste,101628.0
2194,1628.0,served,service,101628.0
2194,1628.0,along,service,101628.0
2194,1628.0,with,service,101628.0
2194,1628.0,yogurt,service,101628.0
2195,1628.0,enjoyed,taste,101628.0
2195,1628.0,his,taste,101628.0
2195,1628.0,meal,taste,101628.0
2195,1628.0,choices,taste,101628.0
2830,2255.0,food,taste,102255.0
2830,2255.0,was,taste,102255.0
2830,2255.0,actually,taste,102255.0
2830,2255.0,tasty,taste,102255.0
2831,2256.0,meal,taste,102256.0
2831,2256.0,good,taste,102256.0
2838,2260.0,plenty,service,102260.0
2838,2260.0,of,service,102260.0
2838,2260.0,choice,service,102260.0
2838,2260.0,of,service,102260.0
2838,2260.0,food,service,102260.0
2838,2260.0,drink,service,102260.0
2839,2260.0,food,taste,102260.0
2839,2260.0,was,taste,102260.0
2839,2260.0,of,taste,102260.0
2839,2260.0,high,taste,102260.0
2839,2260.0,quality,taste,102260.0
2849,2265.0,drinks,service,102265.0
2849,2265.0,quantity,service,102265.0
2851,2266.0,food,taste,102266.0
2851,2266.0,could,taste,102266.0
2851,2266.0,be,taste,102266.0
2851,2266.0,better,taste,102266.0
2853,2267.0,good,taste,102267.0
2853,2267.0,food,taste,102267.0
2856,2269.0,snack,service,102269.0
2857,2269.0,uninteresting,taste,102269.0
2857,2269.0,and,taste,102269.0
2857,2269.0,tasteless,taste,102269.0
2858,2269.0,french,service,102269.0
2858,2269.0,food,service,102269.0
2861,2272.0,food,taste,102272.0
2861,2272.0,was,taste,102272.0
2861,2272.0,not,taste,102272.0
2861,2272.0,good,taste,102272.0
2861,2272.0,at,taste,102272.0
2861,2272.0,all,taste,102272.0
2867,2276.0,meals,taste,102276.0
2867,2276.0,delicious,taste,102276.0
2870,2278.0,vegetarian,service,102278.0
2870,2278.0,food,service,102278.0
2870,2278.0,was,service,102278.0
2870,2278.0,there,service,102278.0
2895,2288.0,very,service,102288.0
2895,2288.0,welcome,service,102288.0
2895,2288.0,snack,service,102288.0
2895,2288.0,and,service,102288.0
2895,2288.0,drinks,service,102288.0
2895,2288.0,all,service,102288.0
2895,2288.0,free,service,102288.0
2909,2297.0,food,taste,102297.0
2909,2297.0,was,taste,102297.0
2909,2297.0,delicious,taste,102297.0
2910,2298.0,above,taste,102298.0
2910,2298.0,average,taste,102298.0
2910,2298.0,food,taste,102298.0
2912,2299.0,beveragescould,service,102299.0
2912,2299.0,not,service,102299.0
2912,2299.0,fault,service,102299.0
2918,2303.0,worst,taste,102303.0
2918,2303.0,food,taste,102303.0
2920,2304.0,food,taste,102304.0
2920,2304.0,was,taste,102304.0
2920,2304.0,top,taste,102304.0
2920,2304.0,quality,taste,102304.0
2927,2307.0,food,taste,102307.0
2927,2307.0,was,taste,102307.0
2927,2307.0,excellent,taste,102307.0
2928,2308.0,good,taste,102308.0
2928,2308.0,wine,taste,102308.0
2929,2308.0,still,service,102308.0
2929,2308.0,get,service,102308.0
2929,2308.0,a,service,102308.0
2929,2308.0,snack,service,102308.0
2935,2312.0,delicious,taste,102312.0
2935,2312.0,food,taste,102312.0
2937,2313.0,food,taste,102313.0
2937,2313.0,good,taste,102313.0
2938,2313.0,refreshments,service,102313.0
2938,2313.0,whenever,service,102313.0
2938,2313.0,you,service,102313.0
2938,2313.0,liked,service,102313.0
2942,2315.0,food,taste,102315.0
2942,2315.0,is,taste,102315.0
2942,2315.0,getting,taste,102315.0
2942,2315.0,worse,taste,102315.0
2943,2316.0,good,taste,102316.0
2943,2316.0,meals,taste,102316.0
2944,2316.0,selection,service,102316.0
2944,2316.0,of,service,102316.0
2944,2316.0,drinks,service,102316.0
2945,2317.0,food,taste,102317.0
2945,2317.0,was,taste,102317.0
2945,2317.0,excellent,taste,102317.0
2952,2320.0,food,taste,102320.0
2952,2320.0,was,taste,102320.0
2952,2320.0,surprisingly,taste,102320.0
2952,2320.0,good,taste,102320.0
2955,2322.0,sandwich,taste,102322.0
2955,2322.0,served,taste,102322.0
2955,2322.0,is,taste,102322.0
2955,2322.0,delicious,taste,102322.0
2959,2324.0,just,service,102324.0
2959,2324.0,crackers,service,102324.0
2959,2324.0,or,service,102324.0
2959,2324.0,peanuts,service,102324.0
2960,2325.0,food,taste,102325.0
2960,2325.0,was,taste,102325.0
2960,2325.0,interesting,taste,102325.0
2961,2326.0,didn’t,service,102326.0
2961,2326.0,have,service,102326.0
2961,2326.0,a,service,102326.0
2961,2326.0,meal,service,102326.0
2962,2326.0,just,service,102326.0
2962,2326.0,a,service,102326.0
2962,2326.0,sandwich,service,102326.0
2962,2326.0,snack,service,102326.0
2963,2326.0,wasn’t,taste,102326.0
2963,2326.0,too,taste,102326.0
2963,2326.0,bad,taste,102326.0
2964,2327.0,good,taste,102327.0
2964,2327.0,food,taste,102327.0
2966,2328.0,still,service,102328.0
2966,2328.0,got,service,102328.0
2966,2328.0,food,service,102328.0
2973,2333.0,little,service,102333.0
2973,2333.0,ice,service,102333.0
2973,2333.0,cream,service,102333.0
2974,2334.0,food,taste,102334.0
2974,2334.0,snack,taste,102334.0
2974,2334.0,was,taste,102334.0
2974,2334.0,great,taste,102334.0
2975,2335.0,pack,service,102335.0
2975,2335.0,of,service,102335.0
2975,2335.0,small,service,102335.0
2975,2335.0,snack,service,102335.0
2980,2338.0,meals,taste,102338.0
2980,2338.0,tasty,taste,102338.0
2981,2338.0,very,service,102338.0
2981,2338.0,well,service,102338.0
2981,2338.0,presented,service,102338.0
2982,2339.0,food,taste,102339.0
2982,2339.0,was,taste,102339.0
2982,2339.0,delicious,taste,102339.0
2996,2347.0,no,service,102347.0
2996,2347.0,options,service,102347.0
2996,2347.0,at,service,102347.0
2996,2347.0,all,service,102347.0
2997,2347.0,very,service,102347.0
2997,2347.0,difficult,service,102347.0
2997,2347.0,to,service,102347.0
2997,2347.0,get,service,102347.0
2997,2347.0,even,service,102347.0
2997,2347.0,beer,service,102347.0
2998,2347.0,nothing,service,102347.0
2998,2347.0,was,service,102347.0
2998,2347.0,offer,service,102347.0
3000,2349.0,food,taste,102349.0
3000,2349.0,was,taste,102349.0
3000,2349.0,good,taste,102349.0
3001,2349.0,plenty,service,102349.0
3001,2349.0,of,service,102349.0
3001,2349.0,snacks,service,102349.0
3001,2349.0,and,service,102349.0
3001,2349.0,drinks,service,102349.0
3622,2969.0,ordered,service,102969.0
3622,2969.0,vegan,service,102969.0
3622,2969.0,meals,service,102969.0
3623,2969.0,not,service,102969.0
3623,2969.0,recorded,service,102969.0
3630,2974.0,served,service,102974.0
3630,2974.0,meal,service,102974.0
3630,2974.0,quickly,service,102974.0
3633,2976.0,food,taste,102976.0
3633,2976.0,was,taste,102976.0
3633,2976.0,tasty,taste,102976.0
3634,2976.0,served,service,102976.0
3634,2976.0,twice,service,102976.0
3635,2977.0,free,service,102977.0
3635,2977.0,meals,service,102977.0
3635,2977.0,included,service,102977.0
3641,2983.0,food,taste,102983.0
3641,2983.0,good,taste,102983.0
3642,2984.0,quality,temperature,102984.0
3642,2984.0,of,temperature,102984.0
3642,2984.0,the,temperature,102984.0
3642,2984.0,hot,temperature,102984.0
3642,2984.0,meals,temperature,102984.0
3643,2985.0,food,taste,102985.0
3643,2985.0,is,taste,102985.0
3643,2985.0,pretty,taste,102985.0
3643,2985.0,good,taste,102985.0
4358,726.0,high,service,200726.0
4358,726.0,market,service,200726.0
4358,726.0,profit,service,200726.0
4358,726.0,for,service,200726.0
4358,726.0,sodas,service,200726.0
4361,729.0,food,taste,200729.0
4361,729.0,was,taste,200729.0
4361,729.0,good,taste,200729.0
4363,730.0,meal,taste,200730.0
4363,730.0,was,taste,200730.0
4363,730.0,a,taste,200730.0
4363,730.0,real,taste,200730.0
4363,730.0,disappointment,taste,200730.0
4369,735.0,great,taste,200735.0
4369,735.0,food,taste,200735.0
4374,738.0,hot,service,200738.0
4374,738.0,meals,service,200738.0
4375,738.0,delicious,taste,200738.0
4376,738.0,choice,service,200738.0
4376,738.0,of,service,200738.0
4376,738.0,alcohol,service,200738.0
4377,738.0,drinks,service,200738.0
4384,743.0,food,taste,200743.0
4384,743.0,was,taste,200743.0
4384,743.0,very,taste,200743.0
4384,743.0,nice,taste,200743.0
4389,746.0,drink,service,200746.0
4389,746.0,and,service,200746.0
4389,746.0,snack,service,200746.0
4389,746.0,service,service,200746.0
4398,754.0,better,taste,200754.0
4398,754.0,food,taste,200754.0
4410,761.0,only,service,200761.0
4410,761.0,vegetarian,service,200761.0
4410,761.0,meals,service,200761.0
4410,761.0,left,service,200761.0
4411,761.0,offered,service,200761.0
4411,761.0,a,service,200761.0
4411,761.0,drink,service,200761.0
4414,764.0,no,service,200764.0
4414,764.0,inflight,service,200764.0
4414,764.0,meal,service,200764.0
4415,765.0,meal,service,200765.0
4415,765.0,service,service,200765.0
4417,767.0,small,service,200767.0
4417,767.0,snack,service,200767.0
4421,769.0,tasty,taste,200769.0
4422,769.0,pre,service,200769.0
4422,769.0,flight,service,200769.0
4422,769.0,drinks,service,200769.0
4423,770.0,tasteless,taste,200770.0
4428,774.0,food,taste,200774.0
4428,774.0,served,taste,200774.0
4428,774.0,is,taste,200774.0
4428,774.0,top,taste,200774.0
4428,774.0,notch,taste,200774.0
4429,775.0,way,service,200775.0
4429,775.0,behind,service,200775.0
4429,775.0,by,service,200775.0
4429,775.0,the,service,200775.0
4429,775.0,time,service,200775.0
4430,775.0,choice,service,200775.0
4430,775.0,of,service,200775.0
4430,775.0,meal,service,200775.0
4435,779.0,food,taste,200779.0
4435,779.0,was,taste,200779.0
4435,779.0,nice,taste,200779.0
4437,780.0,nice,taste,200780.0
4437,780.0,coffee,taste,200780.0
4438,780.0,chocolates,service,200780.0
4440,782.0,crappy,taste,200782.0
4440,782.0,meals,taste,200782.0
4444,784.0,coffee,service,200784.0
4446,785.0,snack,service,200785.0
4446,785.0,offered,service,200785.0
4451,789.0,enjoyed,taste,200789.0
4451,789.0,our,taste,200789.0
4451,789.0,meal,taste,200789.0
4453,791.0,snack,taste,200791.0
4453,791.0,was,taste,200791.0
4453,791.0,awful,taste,200791.0
4454,791.0,hard,taste,200791.0
4454,791.0,crisps,taste,200791.0
4457,794.0,food,taste,200794.0
4457,794.0,was,taste,200794.0
4457,794.0,normal,taste,200794.0
4458,794.0,only,service,200794.0
4458,794.0,one,service,200794.0
4458,794.0,alcohol,service,200794.0
4458,794.0,drink,service,200794.0
4459,795.0,food,taste,200795.0
4459,795.0,is,taste,200795.0
4459,795.0,always,taste,200795.0
4459,795.0,good,taste,200795.0
4463,798.0,received,service,200798.0
4463,798.0,food,service,200798.0
4464,798.0,drinks,service,200798.0
4464,798.0,service,service,200798.0
4465,798.0,complimentary,taste,200798.0
4465,798.0,food,taste,200798.0
4465,798.0,was,taste,200798.0
4465,798.0,very,taste,200798.0
4465,798.0,good,taste,200798.0
4466,798.0,love,taste,200798.0
4466,798.0,the,taste,200798.0
4466,798.0,complimentary,taste,200798.0
4466,798.0,wine,taste,200798.0
5141,1463.0,served,service,201463.0
5141,1463.0,drinks,service,201463.0
5142,1463.0,drinks,service,201463.0
5143,1463.0,drink,service,201463.0
5143,1463.0,at,service,201463.0
5143,1463.0,the,service,201463.0
5143,1463.0,bar,service,201463.0
5145,1463.0,pepper,service,201463.0
5145,1463.0,shaker,service,201463.0
5146,1463.0,three,service,201463.0
5146,1463.0,course,service,201463.0
5146,1463.0,dinner,service,201463.0
5155,1469.0,gourmet,service,201469.0
5155,1469.0,meal,service,201469.0
5156,1469.0,complimentary,service,201469.0
5156,1469.0,wine,service,201469.0
5162,1471.0,delicious,taste,201471.0
5162,1471.0,food,taste,201471.0
5172,1477.0,offered,service,201477.0
5172,1477.0,accommodation,service,201477.0
5172,1477.0,meals,service,201477.0
5177,1479.0,free,service,201479.0
5177,1479.0,refreshments,service,201479.0
5179,1480.0,best,service,201480.0
5179,1480.0,personnel,service,201480.0
5179,1480.0,bar,service,201480.0
5183,1481.0,food,service,201481.0
5183,1481.0,drink,service,201481.0
5183,1481.0,service,service,201481.0
5187,1483.0,meals,service,201483.0
5187,1483.0,and,service,201483.0
5187,1483.0,drinks,service,201483.0
5187,1483.0,selection,service,201483.0
5191,1485.0,food,taste,201485.0
5191,1485.0,was,taste,201485.0
5191,1485.0,good,taste,201485.0
5194,1486.0,food,taste,201486.0
5194,1486.0,was,taste,201486.0
5194,1486.0,very,taste,201486.0
5194,1486.0,good,taste,201486.0
5197,1488.0,food,taste,201488.0
5197,1488.0,is,taste,201488.0
5197,1488.0,better,taste,201488.0
5200,1490.0,food,taste,201490.0
5200,1490.0,it’s,taste,201490.0
5200,1490.0,awful,taste,201490.0
5201,1491.0,nice,service,201491.0
5201,1491.0,breakfast,service,201491.0
5203,1493.0,chicken,service,201493.0
5204,1493.0,jolloph,service,201493.0
5204,1493.0,rice,service,201493.0
5205,1493.0,missing,service,201493.0
5205,1493.0,we’re,service,201493.0
5205,1493.0,local,service,201493.0
5205,1493.0,drinks,service,201493.0
5206,1494.0,survive,service,201494.0
5206,1494.0,meals,service,201494.0
5207,1495.0,food,taste,201495.0
5207,1495.0,was,taste,201495.0
5207,1495.0,alright,taste,201495.0
5208,1496.0,preorder,service,201496.0
5208,1496.0,my,service,201496.0
5208,1496.0,onboard,service,201496.0
5208,1496.0,menu,service,201496.0
5208,1496.0,choices,service,201496.0
5209,1497.0,food,taste,201497.0
5209,1497.0,was,taste,201497.0
5209,1497.0,good,taste,201497.0
5212,1499.0,enjoyed,taste,201499.0
5212,1499.0,the,taste,201499.0
5212,1499.0,food,taste,201499.0
5213,1500.0,food,taste,201500.0
5213,1500.0,not,taste,201500.0
5213,1500.0,so,taste,201500.0
5213,1500.0,good,taste,201500.0
5225,1507.0,food,taste,201507.0
5225,1507.0,and,taste,201507.0
5225,1507.0,drink,taste,201507.0
5225,1507.0,were,taste,201507.0
5225,1507.0,very,taste,201507.0
5225,1507.0,good,taste,201507.0
5230,1509.0,food,taste,201509.0
5230,1509.0,is,taste,201509.0
5230,1509.0,not,taste,201509.0
5230,1509.0,too,taste,201509.0
5230,1509.0,good,taste,201509.0
5231,1510.0,food,taste,201510.0
5231,1510.0,was,taste,201510.0
5231,1510.0,good,taste,201510.0
5234,1512.0,meals,taste,201512.0
5234,1512.0,very,taste,201512.0
5234,1512.0,good,taste,201512.0
5240,1515.0,menu,service,201515.0
5240,1515.0,was,service,201515.0
5240,1515.0,different,service,201515.0
5925,2177.0,awesome,taste,202177.0
5925,2177.0,foods,taste,202177.0
6634,2870.0,tasted,taste,202870.0
6634,2870.0,horrible,taste,202870.0
6635,2871.0,no,service,202871.0
6635,2871.0,food,service,202871.0
6636,2871.0,average,service,202871.0
6636,2871.0,branded,service,202871.0
6636,2871.0,drinks,service,202871.0
6637,2871.0,surprisingly,taste,202871.0
6637,2871.0,good,taste,202871.0
6637,2871.0,and,taste,202871.0
6637,2871.0,better,taste,202871.0
6662,2885.0,magnum,service,202885.0
6662,2885.0,ice,service,202885.0
6662,2885.0,cream,service,202885.0
6675,2890.0,not,service,202890.0
6675,2890.0,even,service,202890.0
6675,2890.0,a,service,202890.0
6675,2890.0,beverage,service,202890.0
6684,2896.0,meal,service,202896.0
6684,2896.0,service,service,202896.0
6684,2896.0,took,service,202896.0
6684,2896.0,hours,service,202896.0
6684,2896.0,to,service,202896.0
6684,2896.0,complete,service,202896.0
6692,2900.0,pre,service,202900.0
6692,2900.0,order,service,202900.0
6692,2900.0,our,service,202900.0
6692,2900.0,meals,service,202900.0
6697,2905.0,choice,service,202905.0
6697,2905.0,of,service,202905.0
6697,2905.0,snack,service,202905.0
6706,2912.0,nice,service,202912.0
6706,2912.0,varied,service,202912.0
6706,2912.0,menu,service,202912.0
6707,2912.0,good,service,202912.0
6707,2912.0,prices,service,202912.0
6747,2939.0,great,service,202939.0
6747,2939.0,in,service,202939.0
6747,2939.0,flight,service,202939.0
6747,2939.0,food,service,202939.0
6754,2943.0,food,taste,202943.0
6754,2943.0,okay,taste,202943.0
6776,2959.0,foodbasic,taste,202959.0
6779,2961.0,light,service,202961.0
6779,2961.0,refreshments,service,202961.0
6785,2965.0,pasta,service,202965.0
6786,2965.0,on,service,202965.0
6786,2965.0,board,service,202965.0
6786,2965.0,food,service,202965.0
6792,2970.0,warm,service,202970.0
6792,2970.0,drink,service,202970.0
6793,2970.0,food,taste,202970.0
6793,2970.0,was,taste,202970.0
6793,2970.0,disgusting,taste,202970.0
6795,2972.0,reduced,service,202972.0
6795,2972.0,food,service,202972.0
6795,2972.0,service,service,202972.0
6796,2973.0,dinner,taste,202973.0
6796,2973.0,was,taste,202973.0
6796,2973.0,good,taste,202973.0
6797,2973.0,breakfast,taste,202973.0
6797,2973.0,was,taste,202973.0
6797,2973.0,pathetic,taste,202973.0
6799,2975.0,meals,service,202975.0
6799,2975.0,new,service,202975.0
6799,2975.0,menu,service,202975.0
7406,2.0,on,service,200002.0
7406,2.0,time,service,200002.0
7406,2.0,the,service,200002.0
7406,2.0,snacks,service,200002.0
7407,2.0,decent,taste,200002.0
7407,2.0,in,taste,200002.0
7407,2.0,quality,taste,200002.0
7408,2.0,pleasant,taste,200002.0
7408,2.0,food,taste,200002.0
7409,2.0,average,service,200002.0
7409,2.0,in,service,200002.0
7409,2.0,terms,service,200002.0
7409,2.0,of,service,200002.0
7409,2.0,variety,service,200002.0
7410,2.0,served,service,200002.0
7410,2.0,on,service,200002.0
7410,2.0,good,service,200002.0
7410,2.0,time,service,200002.0
7411,3.0,excellent,taste,200003.0
7411,3.0,food,taste,200003.0
7411,3.0,and,taste,200003.0
7411,3.0,beverages,taste,200003.0
7412,3.0,food,taste,200003.0
7412,3.0,was,taste,200003.0
7412,3.0,very,taste,200003.0
7412,3.0,good,taste,200003.0
7414,4.0,gluten,service,200004.0
7414,4.0,free,service,200004.0
7414,4.0,meal,service,200004.0
7418,6.0,snack,service,200006.0
7422,10.0,please,service,200010.0
7422,10.0,serve,service,200010.0
7422,10.0,starbucks,service,200010.0
7425,11.0,delicious,taste,200011.0
7425,11.0,snack,taste,200011.0
7432,15.0,food,taste,200015.0
7432,15.0,too,taste,200015.0
7432,15.0,was,taste,200015.0
7432,15.0,sumptous,taste,200015.0
7435,16.0,non,service,200016.0
7435,16.0,veg,service,200016.0
7435,16.0,dish,service,200016.0
7435,16.0,finished,service,200016.0
7436,16.0,serving,service,200016.0
7436,16.0,lunch,service,200016.0
7436,16.0,was,service,200016.0
7436,16.0,very,service,200016.0
7436,16.0,slow,service,200016.0
7437,16.0,water,service,200016.0
7437,16.0,was,service,200016.0
7437,16.0,not,service,200016.0
7437,16.0,served,service,200016.0
7440,18.0,free,service,200018.0
7440,18.0,food,service,200018.0
7443,20.0,always,service,200020.0
7443,20.0,around,service,200020.0
7443,20.0,with,service,200020.0
7443,20.0,the,service,200020.0
7443,20.0,food,service,200020.0
7443,20.0,trolly,service,200020.0
7445,21.0,good,taste,200021.0
7445,21.0,food,taste,200021.0
7446,22.0,served,service,200022.0
7446,22.0,breakfast,service,200022.0
7447,23.0,fresh,taste,200023.0
7448,23.0,prices,service,200023.0
7448,23.0,are,service,200023.0
7448,23.0,much,service,200023.0
7448,23.0,higher,service,200023.0
7450,25.0,no,service,200025.0
7450,25.0,new,service,200025.0
7450,25.0,menus,service,200025.0
7454,27.0,food,taste,200027.0
7454,27.0,was,taste,200027.0
7454,27.0,ok,taste,200027.0
7456,28.0,unlimilted,service,200028.0
7456,28.0,teacoffee,service,200028.0
7457,28.0,enjoyable,taste,200028.0
7458,28.0,expensive,service,200028.0
7463,33.0,food,taste,200033.0
7463,33.0,is,taste,200033.0
7463,33.0,decent,taste,200033.0
7464,33.0,vegetarian,service,200033.0
7464,33.0,not,service,200033.0
7464,33.0,much,service,200033.0
7464,33.0,variety,service,200033.0
7469,35.0,change,service,200035.0
7469,35.0,of,service,200035.0
7469,35.0,menu,service,200035.0
7473,37.0,moregood,service,200037.0
7473,37.0,food,service,200037.0
7475,38.0,food,taste,200038.0
7475,38.0,was,taste,200038.0
7475,38.0,ok,taste,200038.0
7477,39.0,tasty,taste,200039.0
7477,39.0,cuisine,taste,200039.0
7483,43.0,food,service,200043.0
7483,43.0,beverage,service,200043.0
7491,49.0,offerred,service,200049.0
7491,49.0,us,service,200049.0
7491,49.0,tea,service,200049.0
7491,49.0,and,service,200049.0
7491,49.0,coffee,service,200049.0
7491,49.0,free,service,200049.0
7491,49.0,of,service,200049.0
7491,49.0,cost,service,200049.0
7492,50.0,offered,service,200050.0
7492,50.0,us,service,200050.0
7492,50.0,food,service,200050.0
7492,50.0,and,service,200050.0
7492,50.0,drinks,service,200050.0
7492,50.0,for,service,200050.0
7492,50.0,free,service,200050.0
7494,52.0,excellent,taste,200052.0
7494,52.0,food,taste,200052.0
7508,59.0,super,taste,200059.0
7508,59.0,food,taste,200059.0
7512,62.0,tissue,service,200062.0
7512,62.0,was,service,200062.0
7512,62.0,not,service,200062.0
7512,62.0,offered,service,200062.0
7520,67.0,fresh,service,200067.0
7520,67.0,food,service,200067.0
7520,67.0,a,service,200067.0
7520,67.0,very,service,200067.0
7520,67.0,poor,service,200067.0
7520,67.0,choice,service,200067.0
7521,68.0,hot,temperature,200068.0
7521,68.0,snacks,temperature,200068.0
7523,69.0,hot,temperature,200069.0
7523,69.0,snacks,temperature,200069.0
7525,70.0,hot,temperature,200070.0
7525,70.0,snacks,temperature,200070.0
