,id,In-flight service,Aspect,id_updated
6,4.0,service,operations,100004.0
7,4.0,safely,operations,100004.0
8,5.0,excellent,operations,100005.0
8,5.0,service,operations,100005.0
14,6.0,service,operations,100006.0
15,6.0,incredible,operations,100006.0
27,10.0,lie,facility,100010.0
27,10.0,flatbed,facility,100010.0
28,10.0,service,operations,100010.0
29,10.0,not,operations,100010.0
29,10.0,receive,operations,100010.0
29,10.0,the,operations,100010.0
29,10.0,benefits,operations,100010.0
30,10.0,service,operations,100010.0
33,10.0,so,operations,100010.0
33,10.0,dissatisfied,operations,100010.0
33,10.0,with,operations,100010.0
33,10.0,the,operations,100010.0
33,10.0,service,operations,100010.0
33,10.0,and,operations,100010.0
33,10.0,quality,operations,100010.0
34,10.0,disappointed,operations,100010.0
35,10.0,service,operations,100010.0
35,10.0,was,operations,100010.0
35,10.0,appalling,operations,100010.0
45,14.0,fantastic,operations,100014.0
45,14.0,service,operations,100014.0
49,16.0,treats,operations,100016.0
49,16.0,flowers,operations,100016.0
50,16.0,amazing,operations,100016.0
50,16.0,service,operations,100016.0
53,17.0,decline,operations,100017.0
53,17.0,in,operations,100017.0
53,17.0,cabin,operations,100017.0
53,17.0,standards,operations,100017.0
59,20.0,service,operations,100020.0
59,20.0,was,operations,100020.0
59,20.0,a,operations,100020.0
59,20.0,farce,operations,100020.0
63,21.0,resent,operations,100021.0
63,21.0,being,operations,100021.0
63,21.0,woken,operations,100021.0
63,21.0,up,operations,100021.0
68,23.0,service,operations,100023.0
68,23.0,has,operations,100023.0
68,23.0,gone,operations,100023.0
68,23.0,downhill,operations,100023.0
81,24.0,drinks,facility,100024.0
81,24.0,service,facility,100024.0
81,24.0,was,facility,100024.0
81,24.0,good,facility,100024.0
83,25.0,customer,operations,100025.0
83,25.0,service,operations,100025.0
83,25.0,is,operations,100025.0
83,25.0,simply,operations,100025.0
83,25.0,non-existent,operations,100025.0
90,26.0,ir,facility,100026.0
90,26.0,conditioning,facility,100026.0
90,26.0,did,facility,100026.0
90,26.0,not,facility,100026.0
90,26.0,work,facility,100026.0
91,26.0,very,facility,100026.0
91,26.0,hot,facility,100026.0
92,26.0,blood,operations,100026.0
92,26.0,pressure,operations,100026.0
92,26.0,went,operations,100026.0
92,26.0,up,operations,100026.0
102,28.0,lighting,facility,100028.0
115,31.0,wifi,facility,100031.0
115,31.0,was,facility,100031.0
115,31.0,non,facility,100031.0
115,31.0,existent,facility,100031.0
126,33.0,upgraded,operations,100033.0
126,33.0,to,operations,100033.0
126,33.0,first,operations,100033.0
126,33.0,class,operations,100033.0
127,34.0,service,operations,100034.0
128,34.0,outstanding,operations,100034.0
129,34.0,wifi,facility,100034.0
129,34.0,barely,facility,100034.0
129,34.0,worked,facility,100034.0
140,38.0,without,operations,100038.0
140,38.0,much,operations,100038.0
140,38.0,organisation,operations,100038.0
141,38.0,kept,operations,100038.0
141,38.0,getting,operations,100038.0
141,38.0,worse,operations,100038.0
142,38.0,very,operations,100038.0
142,38.0,very,operations,100038.0
142,38.0,bad,operations,100038.0
144,38.0,treat,operations,100038.0
144,38.0,you,operations,100038.0
144,38.0,as,operations,100038.0
144,38.0,cattle,operations,100038.0
150,40.0,did,facility,100040.0
150,40.0,not,facility,100040.0
150,40.0,get,facility,100040.0
150,40.0,a,facility,100040.0
150,40.0,card,facility,100040.0
151,40.0,arrival,facility,100040.0
151,40.0,cards,facility,100040.0
152,40.0,embarkation,facility,100040.0
152,40.0,cards,facility,100040.0
153,40.0,ran,facility,100040.0
153,40.0,short,facility,100040.0
153,40.0,of,facility,100040.0
153,40.0,cards,facility,100040.0
155,42.0,no,operations,100042.0
155,42.0,customer,operations,100042.0
155,42.0,service,operations,100042.0
155,42.0,at,operations,100042.0
155,42.0,all,operations,100042.0
156,42.0,very,operations,100042.0
156,42.0,poor,operations,100042.0
156,42.0,customer,operations,100042.0
156,42.0,service,operations,100042.0
160,44.0,unorganized,operations,100044.0
178,49.0,great,operations,100049.0
178,49.0,service,operations,100049.0
189,51.0,service,operations,100051.0
189,51.0,is,operations,100051.0
189,51.0,way,operations,100051.0
189,51.0,below,operations,100051.0
191,52.0,extremely,operations,100052.0
191,52.0,poor,operations,100052.0
191,52.0,inflight,operations,100052.0
191,52.0,service,operations,100052.0
192,52.0,service,operations,100052.0
193,53.0,great,operations,100053.0
193,53.0,service,operations,100053.0
207,58.0,economy,operations,100058.0
207,58.0,passengers,operations,100058.0
207,58.0,are,operations,100058.0
207,58.0,treated,operations,100058.0
207,58.0,differently,operations,100058.0
208,58.0,checking,operations,100058.0
209,58.0,deboarding,operations,100058.0
210,59.0,business,operations,100059.0
210,59.0,class,operations,100059.0
210,59.0,layout,operations,100059.0
225,62.0,professional,operations,100062.0
225,62.0,approach,operations,100062.0
225,62.0,is,operations,100062.0
225,62.0,lacking,operations,100062.0
226,62.0,customer,operations,100062.0
226,62.0,service,operations,100062.0
241,66.0,in,operations,100066.0
241,66.0,business,operations,100066.0
241,66.0,no,operations,100066.0
241,66.0,service,operations,100066.0
275,71.0,service,operations,100071.0
278,72.0,dirty,facility,100072.0
278,72.0,bathrooms,facility,100072.0
288,75.0,cabin,operations,100075.0
288,75.0,service,operations,100075.0
288,75.0,was,operations,100075.0
288,75.0,rubbish,operations,100075.0
289,75.0,cabin,operations,100075.0
289,75.0,service,operations,100075.0
289,75.0,was,operations,100075.0
289,75.0,generally,operations,100075.0
289,75.0,lousy,operations,100075.0
290,75.0,tables,facility,100075.0
290,75.0,were,facility,100075.0
290,75.0,not,facility,100075.0
290,75.0,cleaned,facility,100075.0
290,75.0,properly,facility,100075.0
291,76.0,wifi,facility,100076.0
291,76.0,was,facility,100076.0
291,76.0,revolutionary,facility,100076.0
292,76.0,great,operations,100076.0
295,77.0,service,operations,100077.0
295,77.0,was,operations,100077.0
295,77.0,super,operations,100077.0
295,77.0,slow,operations,100077.0
331,84.0,worst,operations,100084.0
331,84.0,cabin,operations,100084.0
331,84.0,service,operations,100084.0
352,86.0,wi-fi,facility,100086.0
352,86.0,connection,facility,100086.0
353,86.0,surprisingly,facility,100086.0
353,86.0,stable,facility,100086.0
354,86.0,fast,facility,100086.0
363,88.0,top,operations,100088.0
363,88.0,service,operations,100088.0
365,89.0,service,operations,100089.0
366,89.0,great,operations,100089.0
368,90.0,erratic,operations,100090.0
370,91.0,service,operations,100091.0
371,91.0,worst,operations,100091.0
402,96.0,customer,operations,100096.0
402,96.0,service,operations,100096.0
402,96.0,is,operations,100096.0
402,96.0,amazing,operations,100096.0
405,97.0,service,operations,100097.0
405,97.0,was,operations,100097.0
405,97.0,poor,operations,100097.0
406,97.0,service,operations,100097.0
406,97.0,disjointed,operations,100097.0
420,101.0,lack,operations,100101.0
420,101.0,of,operations,100101.0
420,101.0,service,operations,100101.0
470,124.0,good,operations,100124.0
471,124.0,service,operations,100124.0
493,136.0,no,facility,100136.0
493,136.0,chance,facility,100136.0
493,136.0,to,facility,100136.0
493,136.0,use,facility,100136.0
493,136.0,toilet,facility,100136.0
494,136.0,problem,operations,100136.0
495,136.0,services,operations,100136.0
497,138.0,service,operations,100138.0
497,138.0,at,operations,100138.0
497,138.0,a,operations,100138.0
497,138.0,high,operations,100138.0
497,138.0,level,operations,100138.0
538,158.0,services,operations,100158.0
538,158.0,satisfactory,operations,100158.0
543,161.0,good,operations,100161.0
543,161.0,service,operations,100161.0
549,165.0,no,facility,100165.0
549,165.0,internet,facility,100165.0
550,166.0,no,facility,100166.0
550,166.0,internet,facility,100166.0
551,167.0,great,operations,100167.0
551,167.0,service,operations,100167.0
559,172.0,worst,operations,100172.0
559,172.0,customer,operations,100172.0
559,172.0,service,operations,100172.0
575,178.0,no,facility,100178.0
575,178.0,extras,facility,100178.0
582,182.0,earbuds,facility,100182.0
585,185.0,service,operations,100185.0
585,185.0,is,operations,100185.0
585,185.0,efficient,operations,100185.0
585,185.0,and,operations,100185.0
585,185.0,competent,operations,100185.0
590,188.0,service,operations,100188.0
590,188.0,is,operations,100188.0
590,188.0,excellent,operations,100188.0
603,195.0,service,operations,100195.0
603,195.0,was,operations,100195.0
603,195.0,great,operations,100195.0
604,195.0,staff,operations,100195.0
604,195.0,was,operations,100195.0
604,195.0,helpful,operations,100195.0
1252,831.0,blanket,facility,100831.0
1252,831.0,at,facility,100831.0
1252,831.0,a,facility,100831.0
1252,831.0,cost,facility,100831.0
1253,831.0,no,facility,100831.0
1253,831.0,pillows,facility,100831.0
1254,832.0,effective,operations,100832.0
1254,832.0,service,operations,100832.0
1256,834.0,substandard,operations,100834.0
1256,834.0,management,operations,100834.0
1266,837.0,servive,operations,100837.0
1266,837.0,was,operations,100837.0
1266,837.0,very,operations,100837.0
1266,837.0,professional,operations,100837.0
1296,850.0,no,facility,100850.0
1296,850.0,flight,facility,100850.0
1296,850.0,entertainment,facility,100850.0
1323,866.0,no,facility,100866.0
1323,866.0,freebies,facility,100866.0
1333,871.0,service,operations,100871.0
1333,871.0,is,operations,100871.0
1333,871.0,not,operations,100871.0
1333,871.0,great,operations,100871.0
1342,876.0,better,facility,100876.0
1342,876.0,amenities,facility,100876.0
1364,887.0,pay,facility,100887.0
1364,887.0,for,facility,100887.0
1364,887.0,the,facility,100887.0
1364,887.0,basics,facility,100887.0
1381,893.0,wifi,facility,100893.0
1382,893.0,did,operations,100893.0
1382,893.0,not,operations,100893.0
1382,893.0,work,operations,100893.0
1404,910.0,average,operations,100910.0
1404,910.0,service,operations,100910.0
1407,913.0,waiting,operations,100913.0
1407,913.0,to,operations,100913.0
1407,913.0,be,operations,100913.0
1407,913.0,served,operations,100913.0
1413,916.0,service,operations,100916.0
1413,916.0,is,operations,100916.0
1413,916.0,good,operations,100916.0
1414,916.0,staff,operations,100916.0
1414,916.0,is,operations,100916.0
1414,916.0,great,operations,100916.0
2049,1541.0,excellent,operations,101541.0
2049,1541.0,service,operations,101541.0
2057,1547.0,provide,facility,101547.0
2057,1547.0,everything,facility,101547.0
2057,1547.0,for,facility,101547.0
2057,1547.0,free,facility,101547.0
2058,1548.0,bad,operations,101548.0
2058,1548.0,service,operations,101548.0
2062,1552.0,service,operations,101552.0
2062,1552.0,was,operations,101552.0
2062,1552.0,excellent,operations,101552.0
2066,1554.0,in,operations,101554.0
2066,1554.0,flight,operations,101554.0
2066,1554.0,service,operations,101554.0
2070,1557.0,minimal,operations,101557.0
2070,1557.0,service,operations,101557.0
2070,1557.0,on,operations,101557.0
2070,1557.0,board,operations,101557.0
2072,1558.0,ery,operations,101558.0
2072,1558.0,good,operations,101558.0
2072,1558.0,service,operations,101558.0
2077,1561.0,no,facility,101561.0
2077,1561.0,air,facility,101561.0
2077,1561.0,conditioning,facility,101561.0
2078,1561.0,beastly,facility,101561.0
2078,1561.0,hot,facility,101561.0
2089,1566.0,service,operations,101566.0
2089,1566.0,was,operations,101566.0
2089,1566.0,very,operations,101566.0
2089,1566.0,good,operations,101566.0
2090,1567.0,service,facility,101567.0
2090,1567.0,on,facility,101567.0
2090,1567.0,ac,facility,101567.0
2090,1567.0,were,facility,101567.0
2090,1567.0,good,facility,101567.0
2096,1571.0,efficient,operations,101571.0
2103,1575.0,earphones,facility,101575.0
2103,1575.0,should,facility,101575.0
2103,1575.0,be,facility,101575.0
2103,1575.0,available,facility,101575.0
2122,1585.0,service,operations,101585.0
2122,1585.0,is,operations,101585.0
2122,1585.0,more,operations,101585.0
2122,1585.0,abrupt,operations,101585.0
2129,1590.0,had,operations,101590.0
2129,1590.0,to,operations,101590.0
2129,1590.0,purchase,operations,101590.0
2129,1590.0,everything,operations,101590.0
2131,1591.0,concierge,operations,101591.0
2132,1591.0,service,operations,101591.0
2133,1591.0,wonderful,operations,101591.0
2134,1591.0,timely,operations,101591.0
2134,1591.0,service,operations,101591.0
2138,1594.0,bed,facility,101594.0
2138,1594.0,rolls,facility,101594.0
2138,1594.0,are,facility,101594.0
2138,1594.0,so,facility,101594.0
2138,1594.0,cold,facility,101594.0
2138,1594.0,and,facility,101594.0
2138,1594.0,hard,facility,101594.0
2139,1594.0,toilets,facility,101594.0
2139,1594.0,clean,facility,101594.0
2140,1595.0,good,operations,101595.0
2140,1595.0,cabin,operations,101595.0
2140,1595.0,service,operations,101595.0
2141,1595.0,inflight,operations,101595.0
2141,1595.0,pleasant,operations,101595.0
2149,1602.0,good,operations,101602.0
2149,1602.0,service,operations,101602.0
2149,1602.0,on,operations,101602.0
2149,1602.0,board,operations,101602.0
2151,1604.0,nice,operations,101604.0
2151,1604.0,as,operations,101604.0
2151,1604.0,usual,operations,101604.0
2152,1604.0,service,operations,101604.0
2167,1610.0,ac,facility,101610.0
2167,1610.0,operations,facility,101610.0
2167,1610.0,seemed,facility,101610.0
2167,1610.0,to,facility,101610.0
2167,1610.0,be,facility,101610.0
2167,1610.0,chaos,facility,101610.0
2170,1612.0,inflight,operations,101612.0
2170,1612.0,experience,operations,101612.0
2170,1612.0,is,operations,101612.0
2170,1612.0,alright,operations,101612.0
2171,1613.0,nice,operations,101613.0
2171,1613.0,view,operations,101613.0
2188,1626.0,paid,facility,101626.0
2188,1626.0,for,facility,101626.0
2188,1626.0,wifi,facility,101626.0
2196,1629.0,good,operations,101629.0
2196,1629.0,service,operations,101629.0
2197,1629.0,efficient,operations,101629.0
2832,2257.0,service,operations,102257.0
2832,2257.0,was,operations,102257.0
2832,2257.0,ok,operations,102257.0
2833,2257.0,could,facility,102257.0
2833,2257.0,not,facility,102257.0
2833,2257.0,get,facility,102257.0
2833,2257.0,extra,facility,102257.0
2833,2257.0,blanket,facility,102257.0
2834,2258.0,provided,operations,102258.0
2834,2258.0,excellent,operations,102258.0
2834,2258.0,service,operations,102258.0
2838,2260.0,service,operations,102260.0
2838,2260.0,very,operations,102260.0
2838,2260.0,good,operations,102260.0
2849,2265.0,needs,operations,102265.0
2849,2265.0,to,operations,102265.0
2849,2265.0,reconsider,operations,102265.0
2849,2265.0,their,operations,102265.0
2849,2265.0,level,operations,102265.0
2849,2265.0,of,operations,102265.0
2849,2265.0,services,operations,102265.0
2851,2266.0,good,operations,102266.0
2851,2266.0,service,operations,102266.0
2851,2266.0,on,operations,102266.0
2851,2266.0,board,operations,102266.0
2853,2267.0,felt,operations,102267.0
2853,2267.0,pampered,operations,102267.0
2854,2267.0,great,operations,102267.0
2854,2267.0,service,operations,102267.0
2899,2290.0,customer,operations,102290.0
2899,2290.0,service,operations,102290.0
2899,2290.0,was,operations,102290.0
2899,2290.0,also,operations,102290.0
2899,2290.0,good,operations,102290.0
2901,2291.0,quality,operations,102291.0
2901,2291.0,has,operations,102291.0
2901,2291.0,been,operations,102291.0
2901,2291.0,dropping,operations,102291.0
2905,2294.0,very,operations,102294.0
2905,2294.0,good,operations,102294.0
2905,2294.0,service,operations,102294.0
2910,2298.0,great,operations,102298.0
2910,2298.0,service,operations,102298.0
2915,2301.0,good,operations,102301.0
2915,2301.0,service,operations,102301.0
2915,2301.0,on,operations,102301.0
2915,2301.0,board,operations,102301.0
2918,2303.0,extremely,facility,102303.0
2918,2303.0,hot,facility,102303.0
2919,2303.0,poor,operations,102303.0
2919,2303.0,service,operations,102303.0
2920,2304.0,service,operations,102304.0
2920,2304.0,really,operations,102304.0
2920,2304.0,good,operations,102304.0
2924,2305.0,service,operations,102305.0
2924,2305.0,was,operations,102305.0
2924,2305.0,excellent,operations,102305.0
2927,2307.0,service,operations,102307.0
2927,2307.0,exceptional,operations,102307.0
2928,2308.0,great,operations,102308.0
2928,2308.0,service,operations,102308.0
2930,2309.0,service,operations,102309.0
2930,2309.0,on,operations,102309.0
2930,2309.0,the,operations,102309.0
2930,2309.0,plane,operations,102309.0
2930,2309.0,was,operations,102309.0
2930,2309.0,good,operations,102309.0
2931,2310.0,great,operations,102310.0
2931,2310.0,service,operations,102310.0
2932,2311.0,service,operations,102311.0
2933,2311.0,was,operations,102311.0
2933,2311.0,ok,operations,102311.0
2934,2311.0,all,operations,102311.0
2934,2311.0,worked,operations,102311.0
2934,2311.0,well,operations,102311.0
2935,2312.0,blankets,facility,102312.0
2937,2313.0,flight,operations,102313.0
2937,2313.0,was,operations,102313.0
2937,2313.0,unexpectedly,operations,102313.0
2937,2313.0,excellent,operations,102313.0
2942,2315.0,all,operations,102315.0
2942,2315.0,went,operations,102315.0
2942,2315.0,well,operations,102315.0
2943,2316.0,really,operations,102316.0
2943,2316.0,pleasant,operations,102316.0
2943,2316.0,inflight,operations,102316.0
2943,2316.0,experience,operations,102316.0
2945,2317.0,service,operations,102317.0
2945,2317.0,was,operations,102317.0
2945,2317.0,exceptional,operations,102317.0
2946,2318.0,very,operations,102318.0
2946,2318.0,comfortable,operations,102318.0
2946,2318.0,inflight,operations,102318.0
2946,2318.0,experience,operations,102318.0
2961,2326.0,service,operations,102326.0
2961,2326.0,was,operations,102326.0
2961,2326.0,quite,operations,102326.0
2961,2326.0,good,operations,102326.0
2964,2327.0,nice,operations,102327.0
2964,2327.0,service,operations,102327.0
2964,2327.0,in,operations,102327.0
2964,2327.0,the,operations,102327.0
2964,2327.0,business,operations,102327.0
2964,2327.0,class,operations,102327.0
2966,2328.0,service,operations,102328.0
2966,2328.0,was,operations,102328.0
2966,2328.0,amazing,operations,102328.0
2967,2329.0,service,operations,102329.0
2967,2329.0,onboard,operations,102329.0
2967,2329.0,was,operations,102329.0
2967,2329.0,great,operations,102329.0
2973,2333.0,exceptional,operations,102333.0
2973,2333.0,customer,operations,102333.0
2973,2333.0,service,operations,102333.0
2974,2334.0,on,facility,102334.0
2974,2334.0,flight,facility,102334.0
2974,2334.0,wifi,facility,102334.0
2986,2342.0,great,operations,102342.0
2986,2342.0,service,operations,102342.0
2999,2348.0,flight,operations,102348.0
2999,2348.0,itself,operations,102348.0
2999,2348.0,was,operations,102348.0
2999,2348.0,great,operations,102348.0
3620,2967.0,poor,operations,102967.0
3620,2967.0,service,operations,102967.0
3622,2969.0,unhappy,operations,102969.0
3622,2969.0,service,operations,102969.0
3636,2978.0,amazingly,operations,102978.0
3636,2978.0,exceptional,operations,102978.0
3636,2978.0,service,operations,102978.0
3641,2983.0,service,operations,102983.0
3641,2983.0,good,operations,102983.0
3643,2985.0,provide,facility,102985.0
3643,2985.0,extra,facility,102985.0
3643,2985.0,pillows,facility,102985.0
3643,2985.0,and,facility,102985.0
3643,2985.0,blankets,facility,102985.0
4366,732.0,no,facility,200732.0
4366,732.0,amenity,facility,200732.0
4366,732.0,kits,facility,200732.0
4366,732.0,duvets,facility,200732.0
4366,732.0,pillows,facility,200732.0
4374,738.0,no,facility,200738.0
4374,738.0,blankets,facility,200738.0
4401,757.0,prompt,operations,200757.0
4413,763.0,service,operations,200763.0
4413,763.0,was,operations,200763.0
4413,763.0,exellent,operations,200763.0
4421,769.0,service,operations,200769.0
4421,769.0,is,operations,200769.0
4421,769.0,great,operations,200769.0
4423,770.0,service,operations,200770.0
4423,770.0,onboard,operations,200770.0
4423,770.0,was,operations,200770.0
4423,770.0,adequate,operations,200770.0
4425,772.0,excellent,operations,200772.0
4425,772.0,service,operations,200772.0
4426,773.0,on,operations,200773.0
4426,773.0,time,operations,200773.0
4426,773.0,service,operations,200773.0
4433,778.0,beyond,operations,200778.0
4433,778.0,expectations,operations,200778.0
4434,778.0,special,operations,200778.0
4434,778.0,the,operations,200778.0
4434,778.0,service,operations,200778.0
4434,778.0,level,operations,200778.0
4435,779.0,service,operations,200779.0
4435,779.0,was,operations,200779.0
4435,779.0,great,operations,200779.0
4442,783.0,service,operations,200783.0
4442,783.0,was,operations,200783.0
4442,783.0,reasonable,operations,200783.0
4444,784.0,great,operations,200784.0
4444,784.0,service,operations,200784.0
4445,784.0,on,operations,200784.0
4445,784.0,time,operations,200784.0
4450,788.0,priority,facility,200788.0
4450,788.0,boarding,facility,200788.0
4457,794.0,service,operations,200794.0
4457,794.0,was,operations,200794.0
4457,794.0,good,operations,200794.0
4459,795.0,service,operations,200795.0
4459,795.0,is,operations,200795.0
4459,795.0,always,operations,200795.0
4459,795.0,good,operations,200795.0
4462,797.0,sat,facility,200797.0
4462,797.0,beside,facility,200797.0
4462,797.0,strangers,facility,200797.0
4469,800.0,great,operations,200800.0
4469,800.0,service,operations,200800.0
5109,1438.0,good,operations,201438.0
5109,1438.0,service,operations,201438.0
5113,1440.0,service,operations,201440.0
5113,1440.0,is,operations,201440.0
5113,1440.0,the,operations,201440.0
5113,1440.0,beast,operations,201440.0
5122,1448.0,not,operations,201448.0
5122,1448.0,provided,operations,201448.0
5122,1448.0,the,operations,201448.0
5122,1448.0,service,operations,201448.0
5134,1457.0,service,operations,201457.0
5134,1457.0,was,operations,201457.0
5134,1457.0,five,operations,201457.0
5134,1457.0,five,operations,201457.0
5134,1457.0,star,operations,201457.0
5165,1473.0,service,operations,201473.0
5165,1473.0,as,operations,201473.0
5165,1473.0,always,operations,201473.0
5165,1473.0,friendly,operations,201473.0
5167,1474.0,paid,facility,201474.0
5167,1474.0,extra,facility,201474.0
5173,1478.0,excellent,operations,201478.0
5173,1478.0,service,operations,201478.0
5191,1485.0,goodie,facility,201485.0
5191,1485.0,bags,facility,201485.0
5191,1485.0,were,facility,201485.0
5191,1485.0,great,facility,201485.0
5192,1485.0,the,facility,201485.0
5192,1485.0,pillows,facility,201485.0
5192,1485.0,and,facility,201485.0
5192,1485.0,blankets,facility,201485.0
5192,1485.0,were,facility,201485.0
5192,1485.0,nice,facility,201485.0
5194,1486.0,service,operations,201486.0
5194,1486.0,fine,operations,201486.0
5194,1486.0,on,operations,201486.0
5194,1486.0,time,operations,201486.0
5198,1489.0,friendly,operations,201489.0
5198,1489.0,service,operations,201489.0
5199,1489.0,warm,operations,201489.0
5209,1497.0,not,operations,201497.0
5209,1497.0,overcrowded,operations,201497.0
5217,1503.0,service,operations,201503.0
5217,1503.0,was,operations,201503.0
5217,1503.0,great,operations,201503.0
5219,1504.0,jet,facility,201504.0
5219,1504.0,stream,facility,201504.0
5219,1504.0,was,facility,201504.0
5219,1504.0,functioning,facility,201504.0
5219,1504.0,nicely,facility,201504.0
5225,1507.0,service,operations,201507.0
5225,1507.0,was,operations,201507.0
5225,1507.0,amazing,operations,201507.0
5231,1510.0,very,operations,201510.0
5231,1510.0,pleased,operations,201510.0
5231,1510.0,with,operations,201510.0
5231,1510.0,service,operations,201510.0
5231,1510.0,offered,operations,201510.0
5890,2157.0,bathroom,facility,202157.0
5890,2157.0,was,facility,202157.0
5890,2157.0,nonworking,facility,202157.0
5891,2157.0,uncomfortable,facility,202157.0
5914,2171.0,travel,operations,202171.0
5914,2171.0,precautions,operations,202171.0
5926,2178.0,smooth,operations,202178.0
5926,2178.0,quite,operations,202178.0
5926,2178.0,hitch,operations,202178.0
5926,2178.0,free,operations,202178.0
5927,2178.0,inflight,operations,202178.0
5927,2178.0,service,operations,202178.0
5927,2178.0,was,operations,202178.0
5927,2178.0,good,operations,202178.0
5928,2178.0,last,operations,202178.0
5928,2178.0,minute,operations,202178.0
5928,2178.0,offer,operations,202178.0
5928,2178.0,of,operations,202178.0
5928,2178.0,benefits,operations,202178.0
5943,2189.0,not,facility,202189.0
5943,2189.0,include,facility,202189.0
5943,2189.0,a,facility,202189.0
5943,2189.0,carry,facility,202189.0
5943,2189.0,on,facility,202189.0
5943,2189.0,bag,facility,202189.0
6648,2878.0,highly,operations,202878.0
6648,2878.0,impressed,operations,202878.0
6648,2878.0,with,operations,202878.0
6648,2878.0,the,operations,202878.0
6648,2878.0,service,operations,202878.0
6721,2923.0,service,operations,202923.0
6721,2923.0,and,operations,202923.0
6721,2923.0,efficiency,operations,202923.0
6721,2923.0,were,operations,202923.0
6721,2923.0,excellent,operations,202923.0
6776,2959.0,servicevery,operations,202959.0
6776,2959.0,basic,operations,202959.0
6799,2975.0,great,operations,202975.0
6799,2975.0,service,operations,202975.0
7422,10.0,comfort,operations,200010.0
7435,16.0,flight,operations,200016.0
7435,16.0,was,operations,200016.0
7435,16.0,in,operations,200016.0
7435,16.0,time,operations,200016.0
7445,21.0,good,operations,200021.0
7445,21.0,service,operations,200021.0
7446,22.0,excellent,operations,200022.0
7446,22.0,service,operations,200022.0
7447,23.0,very,operations,200023.0
7447,23.0,low,operations,200023.0
7447,23.0,speed,operations,200023.0
7449,24.0,food,operations,200024.0
7449,24.0,and,operations,200024.0
7449,24.0,service,operations,200024.0
7449,24.0,was,operations,200024.0
7449,24.0,good,operations,200024.0
7450,25.0,delivery,operations,200025.0
7450,25.0,of,operations,200025.0
7450,25.0,the,operations,200025.0
7450,25.0,services,operations,200025.0
7450,25.0,can,operations,200025.0
7450,25.0,be,operations,200025.0
7450,25.0,more,operations,200025.0
7450,25.0,efficient,operations,200025.0
7470,36.0,good,operations,200036.0
7470,36.0,service,operations,200036.0
7482,42.0,took,operations,200042.0
7482,42.0,a,operations,200042.0
7482,42.0,very,operations,200042.0
7482,42.0,good,operations,200042.0
7482,42.0,care,operations,200042.0
7483,43.0,top,operations,200043.0
7483,43.0,notch,operations,200043.0
7483,43.0,service,operations,200043.0
7488,46.0,good,operations,200046.0
7488,46.0,inflight,operations,200046.0
7488,46.0,entertainment,operations,200046.0
7505,57.0,good,operations,200057.0
7505,57.0,inflight,operations,200057.0
7505,57.0,service,operations,200057.0
7508,59.0,great,operations,200059.0
7508,59.0,service,operations,200059.0
