,id,Possession,Aspect,id_updated
1,2.0,luggage,general,100002.0
2,2.0,weighed,handling,100002.0
3,3.0,pay,general,100003.0
4,3.0,have,general,100003.0
4,3.0,to,general,100003.0
4,3.0,pay,general,100003.0
5,3.0,pay,general,100003.0
6,4.0,paid,general,100004.0
24,8.0,suitcase,general,100008.0
25,9.0,compensation,general,100009.0
26,10.0,damaged,handling,100010.0
26,10.0,bag,handling,100010.0
27,10.0,baggage,general,100010.0
27,10.0,collection,general,100010.0
27,10.0,conveyor,general,100010.0
28,10.0,damaged,handling,100010.0
28,10.0,my,handling,100010.0
28,10.0,suitcase,handling,100010.0
41,12.0,duty-free,general,100012.0
41,12.0,items,general,100012.0
51,16.0,carry-on,general,100016.0
52,16.0,duty,general,100016.0
52,16.0,free,general,100016.0
52,16.0,items,general,100016.0
53,17.0,weighed,handling,100017.0
54,17.0,tried,general,100017.0
54,17.0,to,general,100017.0
54,17.0,charge,general,100017.0
54,17.0,for,general,100017.0
55,17.0,made,general,100017.0
55,17.0,me,general,100017.0
55,17.0,to,general,100017.0
55,17.0,carry,general,100017.0
56,18.0,try,general,100018.0
56,18.0,to,general,100018.0
56,18.0,charge,general,100018.0
77,23.0,no,general,100023.0
77,23.0,carry,general,100023.0
77,23.0,bag,general,100023.0
77,23.0,facility,general,100023.0
110,30.0,cabin,general,100030.0
110,30.0,luggage,general,100030.0
186,50.0,pay,general,100050.0
186,50.0,a,general,100050.0
186,50.0,premium,general,100050.0
187,50.0,purchase,general,100050.0
187,50.0,extra,general,100050.0
187,50.0,luggage,general,100050.0
192,52.0,baggage,general,100052.0
205,57.0,baggage,general,100057.0
206,57.0,baggage,general,100057.0
207,58.0,damaged,handling,100058.0
215,59.0,lost,handling,100059.0
215,59.0,luggage,handling,100059.0
216,60.0,broken,handling,100060.0
216,60.0,baggage,handling,100060.0
242,66.0,terms,general,100066.0
242,66.0,of,general,100066.0
242,66.0,luggage,general,100066.0
242,66.0,policy,general,100066.0
243,66.0,allowing,general,100066.0
243,66.0,just,general,100066.0
243,66.0,one,general,100066.0
243,66.0,piece,general,100066.0
313,79.0,check-in,general,100079.0
313,79.0,baggage,general,100079.0
322,81.0,hand,general,100081.0
322,81.0,bag,general,100081.0
323,81.0,never,general,100081.0
323,81.0,scaled,general,100081.0
324,81.0,throw,general,100081.0
324,81.0,way,general,100081.0
325,81.0,could,general,100081.0
325,81.0,n't,general,100081.0
325,81.0,return,general,100081.0
325,81.0,it,general,100081.0
326,82.0,did,general,100082.0
326,82.0,n't,general,100082.0
326,82.0,have,general,100082.0
326,82.0,a,general,100082.0
326,82.0,choice,general,100082.0
327,82.0,bags,general,100082.0
328,82.0,delivered,general,100082.0
328,82.0,really,general,100082.0
328,82.0,quickly,general,100082.0
329,83.0,handled,handling,100083.0
329,83.0,well,handling,100083.0
369,90.0,carry,general,100090.0
369,90.0,on,general,100090.0
369,90.0,bags,general,100090.0
370,91.0,weigh,handling,100091.0
372,91.0,throw,general,100091.0
372,91.0,away,general,100091.0
373,91.0,tough,general,100091.0
373,91.0,situation,general,100091.0
430,105.0,cabin,general,100105.0
430,105.0,size,general,100105.0
430,105.0,bag,general,100105.0
532,155.0,luggage,general,100155.0
532,155.0,allowance,general,100155.0
532,155.0,is,general,100155.0
532,155.0,generous,general,100155.0
620,207.0,weighing,general,100207.0
620,207.0,scale,general,100207.0
621,208.0,weigh,general,100208.0
621,208.0,all,general,100208.0
621,208.0,our,general,100208.0
621,208.0,hand,general,100208.0
621,208.0,luggage,general,100208.0
622,209.0,luggage,general,100209.0
624,211.0,broke,handling,100211.0
624,211.0,my,handling,100211.0
624,211.0,suitcase,handling,100211.0
627,214.0,luggage,handling,100214.0
627,214.0,lost,handling,100214.0
673,260.0,damaged,handling,100260.0
673,260.0,your,handling,100260.0
673,260.0,luggage,handling,100260.0
1318,864.0,luggage,general,100864.0
1339,874.0,baggage,general,100874.0
1339,874.0,dropoff,general,100874.0
1340,874.0,get,general,100874.0
1340,874.0,own,general,100874.0
1340,874.0,baggage,general,100874.0
1340,874.0,tag,general,100874.0
1341,875.0,pretty,general,100875.0
1341,875.0,much,general,100875.0
1341,875.0,easy,general,100875.0
1341,875.0,straight,general,100875.0
1341,875.0,forward,general,100875.0
1357,883.0,checked,handling,100883.0
1357,883.0,baggage,handling,100883.0
1357,883.0,was,handling,100883.0
1357,883.0,not,handling,100883.0
1357,883.0,on,handling,100883.0
1357,883.0,the,handling,100883.0
1357,883.0,flight,handling,100883.0
1358,884.0,completed,general,100884.0
1358,884.0,a,general,100884.0
1358,884.0,report,general,100884.0
1372,890.0,aid,general,100890.0
1372,890.0,the,general,100890.0
1372,890.0,extra,general,100890.0
1372,890.0,for,general,100890.0
1372,890.0,additional,general,100890.0
1372,890.0,baggage,general,100890.0
1372,890.0,allowance,general,100890.0
1376,891.0,checkin,general,100891.0
1376,891.0,luggage,general,100891.0
1392,901.0,luggage,general,100901.0
1392,901.0,has,general,100901.0
1392,901.0,to,general,100901.0
1392,901.0,be,general,100901.0
1392,901.0,purchased,general,100901.0
1392,901.0,separately,general,100901.0
1393,902.0,no,general,100902.0
1393,902.0,strict,general,100902.0
1393,902.0,checking,general,100902.0
1393,902.0,of,general,100902.0
1393,902.0,cabin,general,100902.0
1393,902.0,baggage,general,100902.0
1396,904.0,paying,general,100904.0
1396,904.0,for,general,100904.0
1396,904.0,luggage,general,100904.0
1398,906.0,drop,general,100906.0
1398,906.0,my,general,100906.0
1398,906.0,baggage,general,100906.0
1443,944.0,drop,general,100944.0
1443,944.0,our,general,100944.0
1443,944.0,luggage,general,100944.0
1443,944.0,on,general,100944.0
1443,944.0,our,general,100944.0
1443,944.0,own,general,100944.0
1445,946.0,need,general,100946.0
1445,946.0,to,general,100946.0
1445,946.0,queue,general,100946.0
1446,947.0,drop,general,100947.0
1446,947.0,in,general,100947.0
1446,947.0,your,general,100947.0
1446,947.0,check,general,100947.0
1446,947.0,in,general,100947.0
1446,947.0,luggage,general,100947.0
1447,948.0,not,general,100948.0
1447,948.0,tolerate,general,100948.0
1447,948.0,on,general,100948.0
1447,948.0,excess,general,100948.0
1447,948.0,baggage,general,100948.0
1458,959.0,buy,general,100959.0
1458,959.0,checkin,general,100959.0
1458,959.0,luggage,general,100959.0
1458,959.0,is,general,100959.0
1458,959.0,cheaper,general,100959.0
1464,965.0,additional,general,100965.0
1464,965.0,charges,general,100965.0
1464,965.0,for,general,100965.0
1464,965.0,checkin,general,100965.0
1464,965.0,luggage,general,100965.0
1476,977.0,check,general,100977.0
1476,977.0,in,general,100977.0
1476,977.0,my,general,100977.0
1476,977.0,luggage,general,100977.0
1491,992.0,paid,general,100992.0
1491,992.0,a,general,100992.0
1491,992.0,little,general,100992.0
1491,992.0,extra,general,100992.0
1492,993.0,extra,general,100993.0
1492,993.0,luggage,general,100993.0
1498,999.0,took,general,100999.0
1498,999.0,forever,general,100999.0
1498,999.0,to,general,100999.0
1498,999.0,come,general,100999.0
1499,1000.0,wait,general,101000.0
1499,1000.0,at,general,101000.0
1499,1000.0,the,general,101000.0
1499,1000.0,belt,general,101000.0
1499,1000.0,was,general,101000.0
1499,1000.0,endless,general,101000.0
1505,1006.0,selfscan,general,101006.0
1505,1006.0,the,general,101006.0
1505,1006.0,luggage,general,101006.0
1506,1007.0,bit,general,101007.0
1506,1007.0,lost,general,101007.0
1507,1008.0,free,general,101008.0
1507,1008.0,tag,general,101008.0
1507,1008.0,holders,general,101008.0
1507,1008.0,provided,general,101008.0
1508,1009.0,attach,general,101009.0
1508,1009.0,the,general,101009.0
1508,1009.0,tags,general,101009.0
1509,1010.0,checkin,general,101010.0
1509,1010.0,luggage,general,101010.0
1522,1023.0,luggage,general,101023.0
1523,1024.0,tags,general,101024.0
1526,1027.0,probably,general,101027.0
1526,1027.0,wait,general,101027.0
1526,1027.0,for,general,101027.0
1527,1028.0,baggage,general,101028.0
1528,1029.0,bags,general,101029.0
1528,1029.0,came,general,101029.0
1528,1029.0,out,general,101029.0
1529,1030.0,baggage,general,101030.0
1529,1030.0,system,general,101030.0
1530,1031.0,does,general,101031.0
1530,1031.0,not,general,101031.0
1530,1031.0,work,general,101031.0
1531,1032.0,bags,handling,101032.0
1531,1032.0,handling,handling,101032.0
1531,1032.0,make,handling,101032.0
1531,1032.0,life,handling,101032.0
1531,1032.0,easy,handling,101032.0
2190,1628.0,very,general,101628.0
2190,1628.0,strict,general,101628.0
2190,1628.0,with,general,101628.0
2190,1628.0,the,general,101628.0
2190,1628.0,size,general,101628.0
2190,1628.0,of,general,101628.0
2190,1628.0,carry,general,101628.0
2190,1628.0,ons,general,101628.0
2191,1628.0,acceptable,general,101628.0
2191,1628.0,size,general,101628.0
2234,1663.0,baggage,general,101663.0
2234,1663.0,check,general,101663.0
2234,1663.0,charge,general,101663.0
2246,1675.0,baggage,general,101675.0
2246,1675.0,that,general,101675.0
2246,1675.0,showed,general,101675.0
2246,1675.0,up,general,101675.0
2246,1675.0,quickly,general,101675.0
2317,1746.0,included,general,101746.0
2317,1746.0,a,general,101746.0
2317,1746.0,checked,general,101746.0
2317,1746.0,in,general,101746.0
2317,1746.0,bag,general,101746.0
2319,1748.0,lost,handling,101748.0
2319,1748.0,baggage,handling,101748.0
2333,1762.0,checked,general,101762.0
2333,1762.0,my,general,101762.0
2333,1762.0,bag,general,101762.0
2333,1762.0,on,general,101762.0
2333,1762.0,my,general,101762.0
2333,1762.0,own,general,101762.0
2337,1766.0,loading,general,101766.0
2337,1766.0,luggage,general,101766.0
2985,2341.0,damaged,handling,102341.0
2985,2341.0,duty,handling,102341.0
2985,2341.0,free,handling,102341.0
3037,2384.0,obligation,general,102384.0
3037,2384.0,to,general,102384.0
3037,2384.0,check,general,102384.0
3037,2384.0,the,general,102384.0
3037,2384.0,luggage,general,102384.0
3051,2398.0,bags,general,102398.0
3051,2398.0,checked,general,102398.0
3051,2398.0,and,general,102398.0
3051,2398.0,delivered,general,102398.0
3051,2398.0,on,general,102398.0
3051,2398.0,time,general,102398.0
3058,2405.0,charging,general,102405.0
3058,2405.0,for,general,102405.0
3058,2405.0,all,general,102405.0
3058,2405.0,checked,general,102405.0
3058,2405.0,hold,general,102405.0
3058,2405.0,baggage,general,102405.0
3059,2406.0,one,general,102406.0
3059,2406.0,case,general,102406.0
3059,2406.0,included,general,102406.0
3060,2407.0,charge,general,102407.0
3060,2407.0,extra,general,102407.0
3060,2407.0,for,general,102407.0
3060,2407.0,suitcases,general,102407.0
3065,2412.0,lot,general,102412.0
3065,2412.0,of,general,102412.0
3065,2412.0,handlugage,general,102412.0
3066,2413.0,to,general,102413.0
3066,2413.0,much,general,102413.0
3066,2413.0,lugage,general,102413.0
3073,2420.0,two,handling,102420.0
3073,2420.0,lost,handling,102420.0
3073,2420.0,luggage,handling,102420.0
3084,2431.0,handle,general,102431.0
3084,2431.0,the,general,102431.0
3084,2431.0,load,general,102431.0
3139,2486.0,wasted,general,102486.0
3139,2486.0,time,general,102486.0
3139,2486.0,weighing,general,102486.0
3139,2486.0,my,general,102486.0
3139,2486.0,hand,general,102486.0
3139,2486.0,luggage,general,102486.0
3140,2487.0,forced,general,102487.0
3140,2487.0,me,general,102487.0
3140,2487.0,to,general,102487.0
3140,2487.0,check,general,102487.0
3140,2487.0,in,general,102487.0
3140,2487.0,the,general,102487.0
3140,2487.0,luggage,general,102487.0
3141,2488.0,told,general,102488.0
3141,2488.0,to,general,102488.0
3141,2488.0,unpack,general,102488.0
3141,2488.0,and,general,102488.0
3141,2488.0,take,general,102488.0
3141,2488.0,out,general,102488.0
3792,3133.0,luggage,general,103133.0
3792,3133.0,allowance,general,103133.0
3805,3146.0,luggage,general,103146.0
3805,3146.0,scanner,general,103146.0
5109,1438.0,broken,handling,201438.0
5109,1438.0,lock,handling,201438.0
5135,1458.0,baggage,general,201458.0
5135,1458.0,claim,general,201458.0
5135,1458.0,were,general,201458.0
5135,1458.0,seamless,general,201458.0
5208,1496.0,priority,general,201496.0
5208,1496.0,baggage,general,201496.0
5208,1496.0,handling,general,201496.0
5231,1510.0,did,general,201510.0
5231,1510.0,not,general,201510.0
5231,1510.0,have,general,201510.0
5231,1510.0,to,general,201510.0
5231,1510.0,pay,general,201510.0
5231,1510.0,extra,general,201510.0
5231,1510.0,for,general,201510.0
5231,1510.0,baggage,general,201510.0
5882,2152.0,separately,general,202152.0
5882,2152.0,check,general,202152.0
5882,2152.0,a,general,202152.0
5882,2152.0,bag,general,202152.0
5883,2152.0,pay,general,202152.0
5883,2152.0,insanely,general,202152.0
5883,2152.0,high,general,202152.0
5883,2152.0,baggage,general,202152.0
5883,2152.0,fees,general,202152.0
6722,2924.0,they,handling,202924.0
6722,2924.0,lost,handling,202924.0
6722,2924.0,our,handling,202924.0
6722,2924.0,luggage,handling,202924.0
6754,2943.0,bag,general,202943.0
6754,2943.0,drop,general,202943.0
6754,2943.0,was,general,202943.0
6754,2943.0,fine,general,202943.0
6772,2956.0,baggage,handling,202956.0
6772,2956.0,handling,handling,202956.0
6772,2956.0,no,handling,202956.0
6772,2956.0,difficulties,handling,202956.0
