,id,Seat,Aspect,id_updated
3,3.0,could,comfort,100003.0
3,3.0,n't,comfort,100003.0
3,3.0,sleep,comfort,100003.0
4,3.0,was,comfort,100003.0
4,3.0,n't,comfort,100003.0
4,3.0,very,comfort,100003.0
4,3.0,comfortable,comfort,100003.0
47,15.0,downside,comfort,100015.0
90,26.0,seats,space,100026.0
90,26.0,are,space,100026.0
90,26.0,so,space,100026.0
90,26.0,tight,space,100026.0
91,26.0,like,space,100026.0
91,26.0,animals,space,100026.0
91,26.0,in,space,100026.0
91,26.0,transport,space,100026.0
91,26.0,you,space,100026.0
91,26.0,sit,space,100026.0
95,26.0,small,comfort,100026.0
95,26.0,seat,comfort,100026.0
95,26.0,you,comfort,100026.0
95,26.0,could,comfort,100026.0
95,26.0,not,comfort,100026.0
95,26.0,sleep,comfort,100026.0
95,26.0,!,comfort,100026.0
95,26.0,very,comfort,100026.0
95,26.0,uncomfortable,comfort,100026.0
95,26.0,!,comfort,100026.0
95,26.0,it,comfort,100026.0
95,26.0,was,comfort,100026.0
95,26.0,a,comfort,100026.0
95,26.0,very,comfort,100026.0
95,26.0,old,comfort,100026.0
96,26.0,seat,space,100026.0
96,26.0,!,space,100026.0
96,26.0,i,space,100026.0
96,26.0,still,space,100026.0
96,26.0,have,space,100026.0
96,26.0,pain,space,100026.0
102,28.0,seats,comfort,100028.0
102,28.0,were,comfort,100028.0
102,28.0,pretty,comfort,100028.0
102,28.0,comfortable,comfort,100028.0
102,28.0,and,comfort,100028.0
102,28.0,with,comfort,100028.0
102,28.0,enough,comfort,100028.0
102,28.0,space,comfort,100028.0
104,29.0,paid,operations,100029.0
104,29.0,for,operations,100029.0
104,29.0,extra,operations,100029.0
104,29.0,legroom,operations,100029.0
104,29.0,for,operations,100029.0
104,29.0,two,operations,100029.0
104,29.0,seats,operations,100029.0
105,29.0,ess,space,100029.0
105,29.0,legroom,space,100029.0
105,29.0,than,space,100029.0
105,29.0,a,space,100029.0
105,29.0,standard,space,100029.0
105,29.0,se,space,100029.0
115,31.0,chair,comfort,100031.0
116,31.0,broken,comfort,100031.0
116,31.0,mechanism,comfort,100031.0
117,31.0,kept,comfort,100031.0
117,31.0,lurching,comfort,100031.0
117,31.0,backwards,comfort,100031.0
118,31.0,uncomfortable,comfort,100031.0
128,34.0,trouble,operations,100034.0
128,34.0,adjusting,operations,100034.0
128,34.0,my,operations,100034.0
128,34.0,seat,operations,100034.0
145,39.0,leg,space,100039.0
145,39.0,room,space,100039.0
145,39.0,good,space,100039.0
146,39.0,specific,operations,100039.0
146,39.0,seating,operations,100039.0
146,39.0,selection,operations,100039.0
146,39.0,and,operations,100039.0
146,39.0,did,operations,100039.0
146,39.0,not,operations,100039.0
146,39.0,get,operations,100039.0
146,39.0,any,operations,100039.0
147,39.0,unfortunately,operations,100039.0
147,39.0,we,operations,100039.0
147,39.0,paid,operations,100039.0
149,39.0,ca,space,100039.0
149,39.0,n't,space,100039.0
149,39.0,accommodate,space,100039.0
168,46.0,comfort,comfort,100046.0
168,46.0,of,comfort,100046.0
168,46.0,the,comfort,100046.0
168,46.0,seat,comfort,100046.0
178,49.0,comfortable,comfort,100049.0
178,49.0,seats,comfort,100049.0
180,50.0,broken,comfort,100050.0
180,50.0,seats,comfort,100050.0
188,51.0,seat,comfort,100051.0
188,51.0,is,comfort,100051.0
188,51.0,old,comfort,100051.0
191,52.0,seat,space,100052.0
191,52.0,space,space,100052.0
191,52.0,is,space,100052.0
191,52.0,excellent,space,100052.0
196,54.0,broken,comfort,100054.0
197,54.0,recliner,comfort,100054.0
197,54.0,button,comfort,100054.0
197,54.0,missing,comfort,100054.0
210,59.0,supreme,comfort,100059.0
210,59.0,comfort,comfort,100059.0
210,59.0,of,comfort,100059.0
210,59.0,the,comfort,100059.0
210,59.0,seating,comfort,100059.0
216,60.0,economy,space,100060.0
216,60.0,seats,space,100060.0
216,60.0,were,space,100060.0
216,60.0,very,space,100060.0
216,60.0,narrow,space,100060.0
217,60.0,barely,space,100060.0
217,60.0,much,space,100060.0
217,60.0,leg,space,100060.0
217,60.0,room,space,100060.0
222,61.0,seat,comfort,100061.0
222,61.0,is,comfort,100061.0
222,61.0,damage,comfort,100061.0
223,61.0,very,comfort,100061.0
223,61.0,very,comfort,100061.0
223,61.0,not,comfort,100061.0
223,61.0,comfortable,comfort,100061.0
224,61.0,seat,comfort,100061.0
224,61.0,was,comfort,100061.0
224,61.0,damaged,comfort,100061.0
233,64.0,seats,space,100064.0
233,64.0,they,space,100064.0
233,64.0,were,space,100064.0
233,64.0,way,space,100064.0
233,64.0,too,space,100064.0
233,64.0,narrow,space,100064.0
241,66.0,seats,comfort,100066.0
241,66.0,were,comfort,100066.0
241,66.0,otherwise,comfort,100066.0
241,66.0,comfortable,comfort,100066.0
242,66.0,tray-table,space,100066.0
242,66.0,traps,space,100066.0
242,66.0,you,space,100066.0
264,69.0,narrow,space,100069.0
264,69.0,and,space,100069.0
264,69.0,uncomfortable,space,100069.0
264,69.0,seats,space,100069.0
278,72.0,comfort,space,100072.0
278,72.0,of,space,100072.0
278,72.0,the,space,100072.0
278,72.0,seat,space,100072.0
278,72.0,legroom,space,100072.0
289,75.0,very,comfort,100075.0
289,75.0,soft,comfort,100075.0
289,75.0,and,comfort,100075.0
289,75.0,comfortable,comfort,100075.0
291,76.0,comfort,space,100076.0
291,76.0,of,space,100076.0
291,76.0,the,space,100076.0
291,76.0,seat,space,100076.0
291,76.0,legroom,space,100076.0
295,77.0,purchased,operations,100077.0
295,77.0,premium,operations,100077.0
295,77.0,seat,operations,100077.0
296,77.0,people,operations,100077.0
296,77.0,congregated,operations,100077.0
296,77.0,near,operations,100077.0
298,77.0,did,comfort,100077.0
298,77.0,not,comfort,100077.0
298,77.0,get,comfort,100077.0
298,77.0,sleep,comfort,100077.0
299,78.0,seat,comfort,100078.0
299,78.0,was,comfort,100078.0
299,78.0,so,comfort,100078.0
299,78.0,uncomfortable,comfort,100078.0
300,78.0,did,comfort,100078.0
300,78.0,n't,comfort,100078.0
300,78.0,get,comfort,100078.0
300,78.0,any,comfort,100078.0
300,78.0,sleep,comfort,100078.0
352,86.0,seat,comfort,100086.0
352,86.0,was,comfort,100086.0
352,86.0,comfortable,comfort,100086.0
353,86.0,managed,comfort,100086.0
353,86.0,to,comfort,100086.0
353,86.0,sleep,comfort,100086.0
363,88.0,comfortable,comfort,100088.0
363,88.0,seats,comfort,100088.0
364,88.0,much,space,100088.0
364,88.0,legroom,space,100088.0
376,92.0,comfortable,comfort,100092.0
376,92.0,enough,comfort,100092.0
377,92.0,table,comfort,100092.0
377,92.0,top,comfort,100092.0
377,92.0,was,comfort,100092.0
377,92.0,broken,comfort,100092.0
418,100.0,comfort,comfort,100100.0
420,101.0,seats,comfort,100101.0
420,101.0,comfy,comfort,100101.0
446,111.0,not,comfort,100111.0
446,111.0,get,comfort,100111.0
446,111.0,any,comfort,100111.0
446,111.0,sleep,comfort,100111.0
446,111.0,or,comfort,100111.0
446,111.0,rest,comfort,100111.0
452,115.0,eats,comfort,100115.0
452,115.0,are,comfort,100115.0
452,115.0,not,comfort,100115.0
452,115.0,much,comfort,100115.0
452,115.0,comfortable,comfort,100115.0
460,119.0,not,comfort,100119.0
460,119.0,get,comfort,100119.0
460,119.0,any,comfort,100119.0
460,119.0,sleep,comfort,100119.0
460,119.0,or,comfort,100119.0
460,119.0,rest,comfort,100119.0
469,123.0,seats,comfort,100123.0
469,123.0,are,comfort,100123.0
469,123.0,not,comfort,100123.0
469,123.0,much,comfort,100123.0
469,123.0,comfortable,comfort,100123.0
477,126.0,prebook,operations,100126.0
479,127.0,comfortable,comfort,100127.0
480,128.0,seating,space,100128.0
480,128.0,is,space,100128.0
480,128.0,spacious,space,100128.0
487,132.0,legroom,comfort,100132.0
487,132.0,and,comfort,100132.0
487,132.0,seat,comfort,100132.0
487,132.0,comfort,comfort,100132.0
487,132.0,the,comfort,100132.0
487,132.0,best,comfort,100132.0
488,133.0,comfortable,comfort,100133.0
488,133.0,seats,comfort,100133.0
489,133.0,enough,space,100133.0
489,133.0,leg,space,100133.0
489,133.0,room,space,100133.0
490,134.0,comfortable,comfort,100134.0
491,134.0,spacious,space,100134.0
491,134.0,seats,space,100134.0
492,135.0,great,space,100135.0
492,135.0,legroom,space,100135.0
500,140.0,comfortable,comfort,100140.0
500,140.0,seats,comfort,100140.0
501,140.0,recline,comfort,100140.0
502,141.0,ridiculously,space,100141.0
502,141.0,small,space,100141.0
502,141.0,leg,space,100141.0
502,141.0,room,space,100141.0
538,158.0,better,space,100158.0
538,158.0,leg,space,100158.0
538,158.0,space,space,100158.0
567,175.0,seat,comfort,100175.0
567,175.0,was,comfort,100175.0
567,175.0,so,comfort,100175.0
567,175.0,comfortable,comfort,100175.0
568,175.0,leg,space,100175.0
568,175.0,space,space,100175.0
568,175.0,was,space,100175.0
568,175.0,long,space,100175.0
579,180.0,comfortable,comfort,100180.0
582,182.0,good,space,100182.0
582,182.0,legroom,space,100182.0
582,182.0,in,space,100182.0
582,182.0,seats,space,100182.0
588,187.0,comfortable,comfort,100187.0
591,188.0,seat,comfort,100188.0
591,188.0,pitch,comfort,100188.0
591,188.0,its,comfort,100188.0
591,188.0,much,comfort,100188.0
591,188.0,more,comfort,100188.0
596,190.0,bit,space,100190.0
596,190.0,cramped,space,100190.0
598,192.0,seats,space,100192.0
598,192.0,were,space,100192.0
598,192.0,spacious,space,100192.0
601,194.0,leg,space,100194.0
601,194.0,room,space,100194.0
605,196.0,seat,operations,100196.0
605,196.0,selection,operations,100196.0
608,198.0,generous,space,100198.0
608,198.0,legroom,space,100198.0
609,198.0,seats,comfort,100198.0
609,198.0,reclined,comfort,100198.0
609,198.0,to,comfort,100198.0
609,198.0,a,comfort,100198.0
609,198.0,good,comfort,100198.0
609,198.0,degree,comfort,100198.0
610,198.0,adjustable,comfort,100198.0
610,198.0,headrests,comfort,100198.0
1249,828.0,comfortable,comfort,100828.0
1250,829.0,seats,space,100829.0
1250,829.0,were,space,100829.0
1250,829.0,not,space,100829.0
1250,829.0,next,space,100829.0
1250,829.0,to,space,100829.0
1250,829.0,each,space,100829.0
1250,829.0,other,space,100829.0
1263,836.0,leg,space,100836.0
1263,836.0,room,space,100836.0
1263,836.0,is,space,100836.0
1263,836.0,very,space,100836.0
1263,836.0,limited,space,100836.0
1264,836.0,knees,space,100836.0
1264,836.0,were,space,100836.0
1264,836.0,touching,space,100836.0
1264,836.0,the,space,100836.0
1264,836.0,seat,space,100836.0
1267,838.0,not,comfort,100838.0
1267,838.0,comfortable,comfort,100838.0
1268,838.0,leg,space,100838.0
1268,838.0,room,space,100838.0
1268,838.0,is,space,100838.0
1268,838.0,a,space,100838.0
1268,838.0,major,space,100838.0
1268,838.0,issue,space,100838.0
1269,838.0,back,comfort,100838.0
1269,838.0,hurts,comfort,100838.0
1270,838.0,upright,comfort,100838.0
1270,838.0,seat,comfort,100838.0
1271,838.0,zero,comfort,100838.0
1271,838.0,pillow,comfort,100838.0
1271,838.0,for,comfort,100838.0
1271,838.0,back,comfort,100838.0
1271,838.0,support,comfort,100838.0
1274,841.0,standard,operations,100841.0
1274,841.0,seat,operations,100841.0
1274,841.0,selection,operations,100841.0
1275,841.0,did,operations,100841.0
1275,841.0,not,operations,100841.0
1275,841.0,choose,operations,100841.0
1275,841.0,my,operations,100841.0
1275,841.0,seat,operations,100841.0
1276,841.0,cannot,operations,100841.0
1276,841.0,select,operations,100841.0
1276,841.0,your,operations,100841.0
1276,841.0,seat,operations,100841.0
1276,841.0,for,operations,100841.0
1276,841.0,free,operations,100841.0
1279,843.0,seat,operations,100843.0
1279,843.0,selection,operations,100843.0
1280,844.0,space,space,100844.0
1280,844.0,for,space,100844.0
1280,844.0,the,space,100844.0
1280,844.0,legs,space,100844.0
1280,844.0,is,space,100844.0
1280,844.0,very,space,100844.0
1280,844.0,narrow,space,100844.0
1282,845.0,scramble,comfort,100845.0
1282,845.0,seatings,comfort,100845.0
1287,847.0,pay,operations,100847.0
1287,847.0,extra,operations,100847.0
1287,847.0,for,operations,100847.0
1287,847.0,a,operations,100847.0
1287,847.0,hot,operations,100847.0
1287,847.0,seat,operations,100847.0
1296,850.0,pay,operations,100850.0
1296,850.0,for,operations,100850.0
1296,850.0,seat,operations,100850.0
1296,850.0,changes,operations,100850.0
1302,853.0,paying,operations,100853.0
1302,853.0,to,operations,100853.0
1302,853.0,sit,operations,100853.0
1302,853.0,together,operations,100853.0
1310,859.0,booked,operations,100859.0
1310,859.0,our,operations,100859.0
1310,859.0,seats,operations,100859.0
1310,859.0,separately,operations,100859.0
1331,870.0,pitch,space,100870.0
1331,870.0,of,space,100870.0
1331,870.0,the,space,100870.0
1331,870.0,seat,space,100870.0
1331,870.0,was,space,100870.0
1331,870.0,so,space,100870.0
1331,870.0,small,space,100870.0
1332,870.0,knees,space,100870.0
1332,870.0,almost,space,100870.0
1332,870.0,touched,space,100870.0
1333,871.0,get,comfort,100871.0
1333,871.0,a,comfort,100871.0
1333,871.0,good,comfort,100871.0
1333,871.0,nights,comfort,100871.0
1333,871.0,sleep,comfort,100871.0
1335,871.0,lies,comfort,100871.0
1335,871.0,almost,comfort,100871.0
1335,871.0,flat,comfort,100871.0
1342,876.0,egs,space,100876.0
1342,876.0,space,space,100876.0
1342,876.0,too,space,100876.0
1342,876.0,cramp,space,100876.0
1345,878.0,seats,comfort,100878.0
1345,878.0,were,comfort,100878.0
1345,878.0,reasonably,comfort,100878.0
1345,878.0,comfortable,comfort,100878.0
1355,883.0,seats,space,100883.0
1355,883.0,were,space,100883.0
1355,883.0,cramped,space,100883.0
1356,883.0,leg,space,100883.0
1356,883.0,room,space,100883.0
1356,883.0,was,space,100883.0
1356,883.0,good,space,100883.0
1357,883.0,cushion,comfort,100883.0
1357,883.0,was,comfort,100883.0
1357,883.0,provided,comfort,100883.0
1372,890.0,seat,comfort,100890.0
1372,890.0,scattered,comfort,100890.0
1372,890.0,with,comfort,100890.0
1372,890.0,newspapers,comfort,100890.0
1378,892.0,seats,comfort,100892.0
1378,892.0,were,comfort,100892.0
1378,892.0,not,comfort,100892.0
1378,892.0,so,comfort,100892.0
1378,892.0,great,comfort,100892.0
1379,892.0,pushback,comfort,100892.0
1379,892.0,seats,comfort,100892.0
1379,892.0,should,comfort,100892.0
1379,892.0,be,comfort,100892.0
1379,892.0,mandatory,comfort,100892.0
1380,892.0,no,comfort,100892.0
1380,892.0,pushback,comfort,100892.0
1385,895.0,too,space,100895.0
1385,895.0,tight,space,100895.0
1385,895.0,for,space,100895.0
1385,895.0,comfort,space,100895.0
1387,897.0,bit,space,100897.0
1387,897.0,cramped,space,100897.0
1388,897.0,still,comfort,100897.0
1388,897.0,comfortable,comfort,100897.0
1389,898.0,paid,operations,100898.0
1389,898.0,for,operations,100898.0
1389,898.0,the,operations,100898.0
1389,898.0,first,operations,100898.0
1389,898.0,row,operations,100898.0
1389,898.0,of,operations,100898.0
1389,898.0,seats,operations,100898.0
1405,911.0,comfortable,comfort,100911.0
1408,914.0,comfort,comfort,100914.0
1413,916.0,comfortable,comfort,100916.0
2057,1547.0,pillows,comfort,101547.0
2058,1548.0,horrible,space,101548.0
2058,1548.0,legroom,space,101548.0
2064,1553.0,seats,space,101553.0
2064,1553.0,were,space,101553.0
2064,1553.0,so,space,101553.0
2064,1553.0,close,space,101553.0
2064,1553.0,together,space,101553.0
2065,1553.0,nowhere,space,101553.0
2065,1553.0,to,space,101553.0
2065,1553.0,stretch,space,101553.0
2065,1553.0,or,space,101553.0
2065,1553.0,move,space,101553.0
2079,1562.0,paid,operations,101562.0
2079,1562.0,for,operations,101562.0
2079,1562.0,upgraded,operations,101562.0
2079,1562.0,seats,operations,101562.0
2089,1566.0,bulk,space,101566.0
2089,1566.0,head,space,101566.0
2089,1566.0,seats,space,101566.0
2089,1566.0,with,space,101566.0
2089,1566.0,great,space,101566.0
2089,1566.0,legroom,space,101566.0
2090,1567.0,seats,comfort,101567.0
2090,1567.0,do,comfort,101567.0
2090,1567.0,not,comfort,101567.0
2090,1567.0,recline,comfort,101567.0
2096,1571.0,comfortable,comfort,101571.0
2097,1571.0,purchased,operations,101571.0
2097,1571.0,extra,operations,101571.0
2097,1571.0,leg,operations,101571.0
2097,1571.0,room,operations,101571.0
2098,1572.0,confirmed,operations,101572.0
2098,1572.0,seat,operations,101572.0
2105,1576.0,abysmal,space,101576.0
2105,1576.0,legroom,space,101576.0
2111,1579.0,comfortable,comfort,101579.0
2111,1579.0,seats,comfort,101579.0
2113,1580.0,uncomfortable,comfort,101580.0
2114,1580.0,without,comfort,101580.0
2114,1580.0,thinking,comfort,101580.0
2114,1580.0,of,comfort,101580.0
2114,1580.0,comfort,comfort,101580.0
2115,1580.0,no,space,101580.0
2115,1580.0,leg,space,101580.0
2115,1580.0,room,space,101580.0
2124,1586.0,armrests,comfort,101586.0
2124,1586.0,cannot,comfort,101586.0
2124,1586.0,be,comfort,101586.0
2124,1586.0,raised,comfort,101586.0
2128,1589.0,tired,comfort,101589.0
2147,1600.0,seats,space,101600.0
2147,1600.0,are,space,101600.0
2147,1600.0,roomy,space,101600.0
2151,1604.0,space,space,101604.0
2151,1604.0,is,space,101604.0
2151,1604.0,too,space,101604.0
2151,1604.0,tight,space,101604.0
2163,1608.0,pick,operations,101608.0
2163,1608.0,your,operations,101608.0
2163,1608.0,seats,operations,101608.0
2163,1608.0,accordingly,operations,101608.0
2165,1609.0,pre,operations,101609.0
2165,1609.0,book,operations,101609.0
2165,1609.0,our,operations,101609.0
2165,1609.0,seats,operations,101609.0
2166,1609.0,seated,operations,101609.0
2166,1609.0,just,operations,101609.0
2166,1609.0,where,operations,101609.0
2166,1609.0,we,operations,101609.0
2166,1609.0,wanted,operations,101609.0
2171,1613.0,sit,operations,101613.0
2171,1613.0,together,operations,101613.0
2173,1615.0,smallest,space,101615.0
2173,1615.0,leg,space,101615.0
2173,1615.0,space,space,101615.0
2190,1628.0,comfortable,comfort,101628.0
2832,2257.0,choose,operations,102257.0
2832,2257.0,a,operations,102257.0
2832,2257.0,different,operations,102257.0
2832,2257.0,seat,operations,102257.0
2836,2259.0,narrow,space,102259.0
2836,2259.0,seats,space,102259.0
2837,2259.0,less,space,102259.0
2837,2259.0,leg,space,102259.0
2837,2259.0,space,space,102259.0
2838,2260.0,really,comfort,102260.0
2838,2260.0,comfortable,comfort,102260.0
2839,2260.0,seats,comfort,102260.0
2839,2260.0,very,comfort,102260.0
2839,2260.0,comfortable,comfort,102260.0
2844,2263.0,absolutely,comfort,102263.0
2844,2263.0,no,comfort,102263.0
2844,2263.0,padding,comfort,102263.0
2844,2263.0,on,comfort,102263.0
2844,2263.0,the,comfort,102263.0
2844,2263.0,back,comfort,102263.0
2845,2263.0,seat,comfort,102263.0
2845,2263.0,also,comfort,102263.0
2845,2263.0,does,comfort,102263.0
2845,2263.0,not,comfort,102263.0
2845,2263.0,recline,comfort,102263.0
2855,2268.0,comfortable,comfort,102268.0
2861,2272.0,seats,comfort,102272.0
2861,2272.0,were,comfort,102272.0
2861,2272.0,so,comfort,102272.0
2861,2272.0,uncomfortable,comfort,102272.0
2862,2273.0,small,comfort,102273.0
2862,2273.0,seats,comfort,102273.0
2870,2278.0,seat,comfort,102278.0
2870,2278.0,was,comfort,102278.0
2870,2278.0,good,comfort,102278.0
2871,2278.0,leg,space,102278.0
2871,2278.0,space,space,102278.0
2871,2278.0,was,space,102278.0
2871,2278.0,just,space,102278.0
2871,2278.0,ok,space,102278.0
2873,2280.0,seats,comfort,102280.0
2873,2280.0,are,comfort,102280.0
2873,2280.0,rubbish,comfort,102280.0
2887,2285.0,seating,space,102285.0
2887,2285.0,was,space,102285.0
2887,2285.0,tighter,space,102285.0
2900,2290.0,great,space,102290.0
2903,2293.0,cabin,comfort,102293.0
2903,2293.0,seats,comfort,102293.0
2903,2293.0,full,comfort,102293.0
2903,2293.0,reclining,comfort,102293.0
2905,2294.0,seat,comfort,102294.0
2905,2294.0,was,comfort,102294.0
2905,2294.0,very,comfort,102294.0
2905,2294.0,comfortable,comfort,102294.0
2909,2297.0,comfortable,comfort,102297.0
2910,2298.0,comfortable,comfort,102298.0
2910,2298.0,and,comfort,102298.0
2910,2298.0,relaxing,comfort,102298.0
2911,2298.0,comfort,comfort,102298.0
2913,2300.0,paid,operations,102300.0
2913,2300.0,for,operations,102300.0
2913,2300.0,a,operations,102300.0
2913,2300.0,business,operations,102300.0
2913,2300.0,seat,operations,102300.0
2914,2300.0,same,operations,102300.0
2914,2300.0,seat,operations,102300.0
2914,2300.0,was,operations,102300.0
2914,2300.0,assigned,operations,102300.0
2916,2302.0,comfortably,comfort,102302.0
2916,2302.0,arranged,comfort,102302.0
2920,2304.0,seats,comfort,102304.0
2920,2304.0,were,comfort,102304.0
2920,2304.0,comfortable,comfort,102304.0
2924,2305.0,seat,comfort,102305.0
2924,2305.0,was,comfort,102305.0
2924,2305.0,not,comfort,102305.0
2924,2305.0,was,comfort,102305.0
2924,2305.0,not,comfort,102305.0
2924,2305.0,comfortable,comfort,102305.0
2925,2305.0,not,comfort,102305.0
2925,2305.0,cushioned,comfort,102305.0
2925,2305.0,enough,comfort,102305.0
2927,2307.0,did,comfort,102307.0
2927,2307.0,not,comfort,102307.0
2927,2307.0,share,comfort,102307.0
2927,2307.0,the,comfort,102307.0
2927,2307.0,seat,comfort,102307.0
2930,2309.0,seats,comfort,102309.0
2930,2309.0,were,comfort,102309.0
2930,2309.0,comfortable,comfort,102309.0
2930,2309.0,enough,comfort,102309.0
2935,2312.0,great,space,102312.0
2935,2312.0,legroom,space,102312.0
2936,2312.0,clean,comfort,102312.0
2936,2312.0,seats,comfort,102312.0
2954,2321.0,uncomfortable,comfort,102321.0
2954,2321.0,seats,comfort,102321.0
2955,2322.0,very,comfort,102322.0
2955,2322.0,comfortable,comfort,102322.0
2956,2322.0,seats,space,102322.0
2956,2322.0,are,space,102322.0
2956,2322.0,not,space,102322.0
2956,2322.0,tight,space,102322.0
2957,2322.0,good,space,102322.0
2957,2322.0,leg,space,102322.0
2957,2322.0,room,space,102322.0
2964,2327.0,chairs,comfort,102327.0
2964,2327.0,could,comfort,102327.0
2964,2327.0,be,comfort,102327.0
2964,2327.0,e,comfort,102327.0
2964,2327.0,little,comfort,102327.0
2964,2327.0,more,comfort,102327.0
2964,2327.0,comfortable,comfort,102327.0
2969,2331.0,size,space,102331.0
2969,2331.0,of,space,102331.0
2969,2331.0,eco,space,102331.0
2969,2331.0,chairs,space,102331.0
2969,2331.0,they,space,102331.0
2969,2331.0,were,space,102331.0
2969,2331.0,bigger,space,102331.0
2970,2331.0,paid,operations,102331.0
2970,2331.0,a,operations,102331.0
2970,2331.0,little,operations,102331.0
2970,2331.0,more,operations,102331.0
2970,2331.0,for,operations,102331.0
2970,2331.0,our,operations,102331.0
2970,2331.0,leg,operations,102331.0
2970,2331.0,rooms,operations,102331.0
2989,2344.0,seated,space,102344.0
2989,2344.0,next,space,102344.0
2989,2344.0,to,space,102344.0
2989,2344.0,each,space,102344.0
2989,2344.0,other,space,102344.0
2990,2344.0,pay,operations,102344.0
2990,2344.0,extra,operations,102344.0
2990,2344.0,to,operations,102344.0
2990,2344.0,move,operations,102344.0
2991,2344.0,seats,operations,102344.0
2991,2344.0,were,operations,102344.0
2991,2344.0,changed,operations,102344.0
2992,2345.0,comforts,comfort,102345.0
2993,2346.0,flights,comfort,102346.0
2993,2346.0,are,comfort,102346.0
2993,2346.0,comfortable,comfort,102346.0
3000,2349.0,window,operations,102349.0
3000,2349.0,seat,operations,102349.0
3001,2349.0,seat,comfort,102349.0
3001,2349.0,was,comfort,102349.0
3001,2349.0,comfortable,comfort,102349.0
3002,2349.0,seat,operations,102349.0
3002,2349.0,beside,operations,102349.0
3628,2972.0,seat,comfort,102972.0
3628,2972.0,is,comfort,102972.0
3628,2972.0,stained,comfort,102972.0
3638,2980.0,seated,operations,102980.0
3638,2980.0,on,operations,102980.0
3638,2980.0,time,operations,102980.0
3640,2982.0,differently,operations,102982.0
3640,2982.0,abled,operations,102982.0
3640,2982.0,person,operations,102982.0
3640,2982.0,sitting,operations,102982.0
3640,2982.0,in,operations,102982.0
3640,2982.0,the,operations,102982.0
3640,2982.0,aisle,operations,102982.0
3640,2982.0,seat,operations,102982.0
3643,2985.0,very,comfort,102985.0
3643,2985.0,comfortable,comfort,102985.0
3644,2985.0,able,space,102985.0
3644,2985.0,to,space,102985.0
3644,2985.0,lean,space,102985.0
3644,2985.0,back,space,102985.0
3644,2985.0,completely,space,102985.0
3644,2985.0,to,space,102985.0
3644,2985.0,a,space,102985.0
3644,2985.0,full,space,102985.0
3644,2985.0,bed,space,102985.0
4371,736.0,seats,comfort,200736.0
4371,736.0,are,comfort,200736.0
4371,736.0,uncomfortable,comfort,200736.0
4384,743.0,comfortable,comfort,200743.0
4398,754.0,comfy,comfort,200754.0
4398,754.0,seats,comfort,200754.0
4400,756.0,comfortable,comfort,200756.0
4444,784.0,seats,comfort,200784.0
4444,784.0,confortable,comfort,200784.0
4446,785.0,comfortable,comfort,200785.0
4457,794.0,comfortable,comfort,200794.0
4467,799.0,comfortable,comfort,200799.0
4469,800.0,confortable,comfort,200800.0
4469,800.0,seats,comfort,200800.0
5116,1443.0,relaxing,comfort,201443.0
5116,1443.0,comfortable,comfort,201443.0
5149,1465.0,seats,comfort,201465.0
5149,1465.0,very,comfort,201465.0
5149,1465.0,comfortable,comfort,201465.0
5154,1468.0,comfortable,comfort,201468.0
5154,1468.0,seats,comfort,201468.0
5162,1471.0,comfortable,comfort,201471.0
5162,1471.0,seat,comfort,201471.0
5162,1471.0,and,comfort,201471.0
5162,1471.0,bed,comfort,201471.0
5165,1473.0,very,comfort,201473.0
5165,1473.0,comfortable,comfort,201473.0
5187,1483.0,comfortable,comfort,201483.0
5194,1486.0,comfortable,comfort,201486.0
5198,1489.0,comfortable,comfort,201489.0
5202,1492.0,comfortable,comfort,201492.0
5206,1494.0,tighter,space,201494.0
5208,1496.0,comfortable,comfort,201496.0
5210,1498.0,relaxing,comfort,201498.0
5213,1500.0,good,comfort,201500.0
5213,1500.0,seats,comfort,201500.0
5217,1503.0,seat,comfort,201503.0
5217,1503.0,was,comfort,201503.0
5217,1503.0,comfortable,comfort,201503.0
5219,1504.0,uncomfortable,comfort,201504.0
5220,1504.0,more,space,201504.0
5220,1504.0,cramped,space,201504.0
5228,1508.0,comfortable,comfort,201508.0
5925,2177.0,comfortable,comfort,202177.0
5925,2177.0,seats,comfort,202177.0
5933,2183.0,changed,operations,202183.0
5933,2183.0,my,operations,202183.0
5933,2183.0,seats,operations,202183.0
5955,2197.0,comfortable,comfort,202197.0
6684,2896.0,seats,comfort,202896.0
6684,2896.0,reasonably,comfort,202896.0
6684,2896.0,comfortable,comfort,202896.0
6685,2896.0,relaxed,comfort,202896.0
6695,2903.0,comfortable,comfort,202903.0
6695,2903.0,seats,comfort,202903.0
6706,2912.0,seats,comfort,202912.0
6706,2912.0,on,comfort,202912.0
6706,2912.0,plane,comfort,202912.0
6706,2912.0,are,comfort,202912.0
6706,2912.0,comfy,comfort,202912.0
6729,2928.0,seat,operations,202928.0
6729,2928.0,selection,operations,202928.0
6729,2928.0,was,operations,202928.0
6729,2928.0,not,operations,202928.0
6729,2928.0,honored,operations,202928.0
6743,2936.0,not,comfort,202936.0
6743,2936.0,too,comfort,202936.0
6743,2936.0,comfy,comfort,202936.0
6765,2950.0,seatsthey,operations,202950.0
6765,2950.0,were,operations,202950.0
6765,2950.0,just,operations,202950.0
6765,2950.0,the,operations,202950.0
6765,2950.0,same,operations,202950.0
6772,2956.0,comfortable,comfort,202956.0
6773,2956.0,more,comfort,202956.0
6773,2956.0,comfortable,comfort,202956.0
6773,2956.0,seats,comfort,202956.0
6779,2961.0,comfortable,comfort,202961.0
6779,2961.0,seating,comfort,202961.0
6785,2965.0,good,operations,202965.0
6785,2965.0,seating,operations,202965.0
6785,2965.0,chosen,operations,202965.0
6796,2973.0,seating,operations,202973.0
6796,2973.0,arrangement,operations,202973.0
6796,2973.0,is,operations,202973.0
6796,2973.0,poor,operations,202973.0
7418,6.0,quite,comfort,200006.0
7418,6.0,comfortable,comfort,200006.0
7420,8.0,comfortable,comfort,200008.0
7420,8.0,seats,comfort,200008.0
7438,17.0,seats,space,200017.0
7438,17.0,are,space,200017.0
7438,17.0,extremely,space,200017.0
7438,17.0,cramped,space,200017.0
7439,17.0,seating,space,200017.0
7439,17.0,is,space,200017.0
7439,17.0,extremely,space,200017.0
7439,17.0,claustrophobic,space,200017.0
7443,20.0,extremely,comfort,200020.0
7443,20.0,comfortable,comfort,200020.0
7445,21.0,comfortable,comfort,200021.0
7445,21.0,seating,comfort,200021.0
7447,23.0,comfort,comfort,200023.0
7447,23.0,seat,comfort,200023.0
7456,28.0,amazingly,comfort,200028.0
7456,28.0,comfirtable,comfort,200028.0
7460,30.0,seats,comfort,200030.0
7460,30.0,very,comfort,200030.0
7460,30.0,comfortable,comfort,200030.0
7463,33.0,bit,space,200033.0
7463,33.0,tight,space,200033.0
7477,39.0,comfortable,comfort,200039.0
7477,39.0,seats,comfort,200039.0
7492,50.0,seats,comfort,200050.0
7492,50.0,were,comfort,200050.0
7492,50.0,comfortable,comfort,200050.0
7494,52.0,comfortable,comfort,200052.0
7494,52.0,seats,comfort,200052.0
7506,58.0,comfortable,comfort,200058.0
7506,58.0,seating,comfort,200058.0
7507,58.0,ample,space,200058.0
7507,58.0,legroom,space,200058.0
7509,60.0,seats,comfort,200060.0
7509,60.0,is,comfort,200060.0
7509,60.0,good,comfort,200060.0
