,id,Staff,Aspect,id_updated
2,2.0,so,behaviour,100002.0
2,2.0,rude,behaviour,100002.0
8,5.0,boarding,general,100005.0
8,5.0,staff,general,100005.0
9,5.0,no,behaviour,100005.0
9,5.0,assistance,behaviour,100005.0
10,5.0,unwelcoming,behaviour,100005.0
10,5.0,rude,behaviour,100005.0
10,5.0,and,behaviour,100005.0
10,5.0,arrogant,behaviour,100005.0
11,5.0,miserable,behaviour,100005.0
11,5.0,staff,behaviour,100005.0
11,5.0,member,behaviour,100005.0
12,6.0,crew,general,100006.0
13,6.0,air,general,100006.0
13,6.0,hostess,general,100006.0
14,6.0,look,behaviour,100006.0
14,6.0,after,behaviour,100006.0
14,6.0,you,behaviour,100006.0
15,6.0,go,general,100006.0
15,6.0,above,general,100006.0
15,6.0,and,general,100006.0
15,6.0,beyond,general,100006.0
16,6.0,so,behaviour,100006.0
16,6.0,attentive,behaviour,100006.0
17,6.0,professional,behaviour,100006.0
18,6.0,special,general,100006.0
18,6.0,thanks,general,100006.0
26,10.0,crew,general,100010.0
27,10.0,quite,behaviour,100010.0
27,10.0,rude,behaviour,100010.0
36,11.0,flight,general,100011.0
36,11.0,staff,general,100011.0
37,12.0,cabin,general,100012.0
37,12.0,crew,general,100012.0
38,12.0,extremely,behaviour,100012.0
38,12.0,professional,behaviour,100012.0
39,12.0,polite,behaviour,100012.0
40,12.0,very,behaviour,100012.0
40,12.0,welcoming,behaviour,100012.0
41,12.0,very,behaviour,100012.0
41,12.0,impressed,behaviour,100012.0
42,12.0,kindness,behaviour,100012.0
43,12.0,thank,general,100012.0
43,12.0,the,general,100012.0
43,12.0,pilot,general,100012.0
43,12.0,co,general,100012.0
43,12.0,pilot,general,100012.0
45,14.0,special,general,100014.0
45,14.0,mention,general,100014.0
45,14.0,of,general,100014.0
45,14.0,cabin,general,100014.0
45,14.0,crew,general,100014.0
46,14.0,cabin,behaviour,100014.0
46,14.0,crew,behaviour,100014.0
46,14.0,are,behaviour,100014.0
46,14.0,generally,behaviour,100014.0
46,14.0,very,behaviour,100014.0
46,14.0,good,behaviour,100014.0
48,16.0,crew,general,100016.0
49,16.0,bartender,general,100016.0
50,16.0,great,behaviour,100016.0
50,16.0,personality,behaviour,100016.0
51,16.0,very,behaviour,100016.0
51,16.0,professional,behaviour,100016.0
52,16.0,crew,general,100016.0
52,16.0,of,general,100016.0
52,16.0,business,general,100016.0
52,16.0,class,general,100016.0
53,17.0,cabin,general,100017.0
53,17.0,crew,general,100017.0
58,19.0,you,behaviour,100019.0
58,19.0,can,behaviour,100019.0
58,19.0,’,behaviour,100019.0
58,19.0,t,behaviour,100019.0
58,19.0,speak,behaviour,100019.0
59,20.0,cabin,general,100020.0
59,20.0,staff,general,100020.0
61,20.0,appeared,behaviour,100020.0
61,20.0,poorly,behaviour,100020.0
61,20.0,trained,behaviour,100020.0
62,20.0,badly,behaviour,100020.0
62,20.0,managed,behaviour,100020.0
63,21.0,cabin,general,100021.0
63,21.0,crew,general,100021.0
64,21.0,cabin,behaviour,100021.0
64,21.0,staff,behaviour,100021.0
64,21.0,kept,behaviour,100021.0
64,21.0,pushing,behaviour,100021.0
65,21.0,cabin,behaviour,100021.0
65,21.0,crews,behaviour,100021.0
65,21.0,fault,behaviour,100021.0
66,22.0,ground,behaviour,100022.0
66,22.0,staff,behaviour,100022.0
66,22.0,is,behaviour,100022.0
66,22.0,discourteous,behaviour,100022.0
67,22.0,staff,behaviour,100022.0
67,22.0,is,behaviour,100022.0
67,22.0,rude,behaviour,100022.0
68,23.0,cabin,general,100023.0
68,23.0,crew,general,100023.0
69,23.0,behaviour,behaviour,100023.0
70,23.0,cabin,general,100023.0
70,23.0,crew,general,100023.0
71,23.0,cabin,general,100023.0
71,23.0,crew,general,100023.0
72,23.0,did,behaviour,100023.0
72,23.0,n't,behaviour,100023.0
72,23.0,seem,behaviour,100023.0
72,23.0,interested,behaviour,100023.0
73,23.0,no,behaviour,100023.0
73,23.0,sign,behaviour,100023.0
73,23.0,of,behaviour,100023.0
73,23.0,any,behaviour,100023.0
73,23.0,courtesy,behaviour,100023.0
74,23.0,she,behaviour,100023.0
74,23.0,had,behaviour,100023.0
74,23.0,no,behaviour,100023.0
74,23.0,answer,behaviour,100023.0
75,23.0,inhospitable,behaviour,100023.0
76,23.0,without,behaviour,100023.0
76,23.0,asking,behaviour,100023.0
77,23.0,didn,behaviour,100023.0
77,23.0,’,behaviour,100023.0
77,23.0,t,behaviour,100023.0
77,23.0,seem,behaviour,100023.0
77,23.0,to,behaviour,100023.0
77,23.0,bother,behaviour,100023.0
78,23.0,need,behaviour,100023.0
78,23.0,to,behaviour,100023.0
78,23.0,re-train,behaviour,100023.0
78,23.0,cabin,behaviour,100023.0
78,23.0,crew,behaviour,100023.0
79,23.0,crew,behaviour,100023.0
79,23.0,look,behaviour,100023.0
79,23.0,grumpy,behaviour,100023.0
79,23.0,unhappy,behaviour,100023.0
80,24.0,crew,behaviour,100024.0
80,24.0,were,behaviour,100024.0
80,24.0,so,behaviour,100024.0
80,24.0,busy,behaviour,100024.0
81,24.0,crew,behaviour,100024.0
81,24.0,apologised,behaviour,100024.0
83,25.0,ground,behaviour,100025.0
83,25.0,staff,behaviour,100025.0
83,25.0,were,behaviour,100025.0
83,25.0,threatening,behaviour,100025.0
84,25.0,rude,behaviour,100025.0
84,25.0,and,behaviour,100025.0
84,25.0,hostile,behaviour,100025.0
84,25.0,ground,behaviour,100025.0
84,25.0,staff,behaviour,100025.0
85,25.0,threats,behaviour,100025.0
86,25.0,rushed,behaviour,100025.0
86,25.0,me,behaviour,100025.0
87,25.0,hostile,behaviour,100025.0
87,25.0,words,behaviour,100025.0
87,25.0,were,behaviour,100025.0
87,25.0,uncalled,behaviour,100025.0
87,25.0,for,behaviour,100025.0
88,25.0,they,behaviour,100025.0
88,25.0,were,behaviour,100025.0
88,25.0,so,behaviour,100025.0
88,25.0,hard-up,behaviour,100025.0
89,25.0,argue,behaviour,100025.0
97,27.0,crew,general,100027.0
98,27.0,crew,behaviour,100027.0
98,27.0,were,behaviour,100027.0
98,27.0,rude,behaviour,100027.0
99,27.0,refused,behaviour,100027.0
102,28.0,cabin,general,100028.0
102,28.0,crew,general,100028.0
104,29.0,steward,general,100029.0
104,29.0,'s,general,100029.0
104,29.0,manager,general,100029.0
105,29.0,escalated,behaviour,100029.0
105,29.0,the,behaviour,100029.0
105,29.0,complaint,behaviour,100029.0
105,29.0,to,behaviour,100029.0
105,29.0,his,behaviour,100029.0
105,29.0,manager,behaviour,100029.0
106,29.0,denied,behaviour,100029.0
107,30.0,flying,general,100030.0
107,30.0,staff,general,100030.0
108,30.0,staff,general,100030.0
109,30.0,mad,behaviour,100030.0
109,30.0,complaining,behaviour,100030.0
110,30.0,staff,behaviour,100030.0
110,30.0,who,behaviour,100030.0
110,30.0,had,behaviour,100030.0
110,30.0,no,behaviour,100030.0
110,30.0,explanation,behaviour,100030.0
111,30.0,complaining,behaviour,100030.0
111,30.0,and,behaviour,100030.0
111,30.0,shouting,behaviour,100030.0
112,30.0,no,behaviour,100030.0
112,30.0,answers,behaviour,100030.0
113,30.0,staff,behaviour,100030.0
113,30.0,was,behaviour,100030.0
113,30.0,totally,behaviour,100030.0
113,30.0,incapable,behaviour,100030.0
114,30.0,disrespectful,behaviour,100030.0
114,30.0,manner,behaviour,100030.0
123,32.0,excellent,general,100032.0
123,32.0,staff,general,100032.0
124,32.0,good,general,100032.0
124,32.0,staff,general,100032.0
125,32.0,helped,behaviour,100032.0
126,33.0,very,behaviour,100033.0
126,33.0,well,behaviour,100033.0
126,33.0,looked,behaviour,100033.0
126,33.0,after,behaviour,100033.0
131,35.0,staff,general,100035.0
132,35.0,staff,general,100035.0
132,35.0,member,general,100035.0
133,35.0,fabulous,behaviour,100035.0
133,35.0,hospitality,behaviour,100035.0
134,35.0,special,behaviour,100035.0
134,35.0,treatment,behaviour,100035.0
135,35.0,smile,behaviour,100035.0
135,35.0,and,behaviour,100035.0
135,35.0,amazing,behaviour,100035.0
135,35.0,hospitality,behaviour,100035.0
137,37.0,air,general,100037.0
137,37.0,hostesses,general,100037.0
138,37.0,kind,behaviour,100037.0
138,37.0,of,behaviour,100037.0
138,37.0,argumentative,behaviour,100037.0
140,38.0,staff,general,100038.0
141,38.0,bullies,behaviour,100038.0
142,38.0,not,behaviour,100038.0
142,38.0,respectfully,behaviour,100038.0
143,38.0,not,behaviour,100038.0
143,38.0,shown,behaviour,100038.0
143,38.0,any,behaviour,100038.0
143,38.0,help,behaviour,100038.0
143,38.0,or,behaviour,100038.0
143,38.0,sympathy,behaviour,100038.0
150,40.0,flight,behaviour,100040.0
150,40.0,attendants,behaviour,100040.0
150,40.0,rude,behaviour,100040.0
151,40.0,flight,general,100040.0
151,40.0,attendant,general,100040.0
152,40.0,plain,behaviour,100040.0
152,40.0,rude,behaviour,100040.0
153,40.0,did,behaviour,100040.0
153,40.0,not,behaviour,100040.0
153,40.0,care,behaviour,100040.0
155,42.0,crew,general,100042.0
155,42.0,were,general,100042.0
155,42.0,horrible,general,100042.0
156,42.0,crew,behaviour,100042.0
156,42.0,member,behaviour,100042.0
156,42.0,spilled,behaviour,100042.0
156,42.0,water,behaviour,100042.0
157,42.0,just,behaviour,100042.0
157,42.0,said,behaviour,100042.0
157,42.0,sorry,behaviour,100042.0
158,42.0,didnt,behaviour,100042.0
158,42.0,even,behaviour,100042.0
158,42.0,care,behaviour,100042.0
160,44.0,staff,behaviour,100044.0
160,44.0,behaved,behaviour,100044.0
160,44.0,like,behaviour,100044.0
160,44.0,trainees,behaviour,100044.0
161,44.0,staff,general,100044.0
162,44.0,rudely,behaviour,100044.0
173,48.0,cabin,general,100048.0
173,48.0,staff,general,100048.0
174,48.0,incredibly,behaviour,100048.0
174,48.0,surly,behaviour,100048.0
175,48.0,just,behaviour,100048.0
175,48.0,plain,behaviour,100048.0
175,48.0,rude,behaviour,100048.0
176,48.0,went,behaviour,100048.0
176,48.0,through,behaviour,100048.0
176,48.0,the,behaviour,100048.0
176,48.0,motions,behaviour,100048.0
176,48.0,of,behaviour,100048.0
176,48.0,begrudgingly,behaviour,100048.0
177,48.0,bad,behaviour,100048.0
177,48.0,mood,behaviour,100048.0
180,50.0,ground,general,100050.0
180,50.0,staff,general,100050.0
181,50.0,arrogance,behaviour,100050.0
182,50.0,no,behaviour,100050.0
182,50.0,response,behaviour,100050.0
183,50.0,no,behaviour,100050.0
183,50.0,response,behaviour,100050.0
184,50.0,no,behaviour,100050.0
184,50.0,response,behaviour,100050.0
185,50.0,no,behaviour,100050.0
185,50.0,response,behaviour,100050.0
186,50.0,no,behaviour,100050.0
186,50.0,response,behaviour,100050.0
187,50.0,no,behaviour,100050.0
187,50.0,response,behaviour,100050.0
188,51.0,flight,general,100051.0
188,51.0,attendants,general,100051.0
189,51.0,worst,behaviour,100051.0
190,51.0,so,behaviour,100051.0
190,51.0,unhappy,behaviour,100051.0
191,52.0,lied,behaviour,100052.0
191,52.0,about,behaviour,100052.0
193,53.0,cabin,general,100053.0
193,53.0,crew,general,100053.0
194,53.0,fantastic,general,100053.0
195,54.0,customer,general,100054.0
195,54.0,support,general,100054.0
196,54.0,put,behaviour,100054.0
196,54.0,their,behaviour,100054.0
196,54.0,hands,behaviour,100054.0
196,54.0,up,behaviour,100054.0
198,55.0,misguiding,behaviour,100055.0
198,55.0,from,behaviour,100055.0
198,55.0,airport,behaviour,100055.0
198,55.0,staff,behaviour,100055.0
199,55.0,she,behaviour,100055.0
199,55.0,was,behaviour,100055.0
199,55.0,wrong,behaviour,100055.0
200,55.0,they,behaviour,100055.0
200,55.0,refused,behaviour,100055.0
200,55.0,to,behaviour,100055.0
200,55.0,help,behaviour,100055.0
200,55.0,me,behaviour,100055.0
204,57.0,crew,general,100057.0
205,57.0,crews,general,100057.0
206,57.0,they,behaviour,100057.0
206,57.0,are,behaviour,100057.0
206,57.0,not,behaviour,100057.0
206,57.0,really,behaviour,100057.0
206,57.0,interested,behaviour,100057.0
225,62.0,hardly,behaviour,100062.0
225,62.0,a,behaviour,100062.0
225,62.0,professional,behaviour,100062.0
226,62.0,captain,general,100062.0
226,62.0,could,general,100062.0
226,62.0,n't,general,100062.0
226,62.0,issue,general,100062.0
227,62.0,pleasant,behaviour,100062.0
227,62.0,female,behaviour,100062.0
227,62.0,attendant,behaviour,100062.0
228,62.0,bizarre,behaviour,100062.0
228,62.0,male,behaviour,100062.0
228,62.0,attendant,behaviour,100062.0
229,62.0,gesticulated,behaviour,100062.0
229,62.0,a,behaviour,100062.0
229,62.0,lot,behaviour,100062.0
230,63.0,staff,behaviour,100063.0
230,63.0,is,behaviour,100063.0
230,63.0,with,behaviour,100063.0
230,63.0,attitude,behaviour,100063.0
231,63.0,customer,behaviour,100063.0
231,63.0,care,behaviour,100063.0
231,63.0,representatives,behaviour,100063.0
231,63.0,cant,behaviour,100063.0
231,63.0,even,behaviour,100063.0
231,63.0,help,behaviour,100063.0
232,63.0,lady,behaviour,100063.0
232,63.0,did,behaviour,100063.0
232,63.0,mistake,behaviour,100063.0
233,64.0,crew,behaviour,100064.0
233,64.0,was,behaviour,100064.0
233,64.0,very,behaviour,100064.0
233,64.0,amicable,behaviour,100064.0
233,64.0,open,behaviour,100064.0
233,64.0,and,behaviour,100064.0
233,64.0,easy,behaviour,100064.0
233,64.0,to,behaviour,100064.0
233,64.0,reach,behaviour,100064.0
237,65.0,staff,general,100065.0
238,65.0,callous,behaviour,100065.0
238,65.0,attitude,behaviour,100065.0
239,65.0,not,behaviour,100065.0
239,65.0,bothered,behaviour,100065.0
240,65.0,just,behaviour,100065.0
240,65.0,refuses,behaviour,100065.0
241,66.0,attendant,general,100066.0
242,66.0,crew,general,100066.0
243,66.0,attendands,general,100066.0
244,66.0,members,general,100066.0
245,66.0,check,behaviour,100066.0
245,66.0,in,behaviour,100066.0
245,66.0,team,behaviour,100066.0
245,66.0,were,behaviour,100066.0
245,66.0,nice,behaviour,100066.0
245,66.0,and,behaviour,100066.0
245,66.0,efficient,behaviour,100066.0
246,66.0,abruptly,behaviour,100066.0
246,66.0,told,behaviour,100066.0
247,66.0,were,behaviour,100066.0
247,66.0,n't,behaviour,100066.0
247,66.0,personable,behaviour,100066.0
248,66.0,seemed,behaviour,100066.0
248,66.0,distant,behaviour,100066.0
252,67.0,crew,general,100067.0
253,67.0,crew,general,100067.0
253,67.0,member,general,100067.0
254,67.0,crew,general,100067.0
254,67.0,member,general,100067.0
255,67.0,cabin,general,100067.0
255,67.0,crew,general,100067.0
256,67.0,crown,general,100067.0
256,67.0,jewel,general,100067.0
257,67.0,displeasing,behaviour,100067.0
257,67.0,attitude,behaviour,100067.0
258,67.0,without,behaviour,100067.0
258,67.0,asking,behaviour,100067.0
259,67.0,refused,behaviour,100067.0
260,68.0,cabin,behaviour,100068.0
260,68.0,stewardess,behaviour,100068.0
260,68.0,attitude,behaviour,100068.0
260,68.0,was,behaviour,100068.0
260,68.0,very,behaviour,100068.0
260,68.0,lukewarm,behaviour,100068.0
261,68.0,forgotten,behaviour,100068.0
262,68.0,declined,behaviour,100068.0
263,68.0,ignored,behaviour,100068.0
264,69.0,crew,general,100069.0
265,69.0,attentive,behaviour,100069.0
265,69.0,and,behaviour,100069.0
265,69.0,kind,behaviour,100069.0
265,69.0,and,behaviour,100069.0
265,69.0,maintained,behaviour,100069.0
265,69.0,a,behaviour,100069.0
265,69.0,smile,behaviour,100069.0
266,69.0,did,general,100069.0
266,69.0,not,general,100069.0
266,69.0,go,general,100069.0
266,69.0,the,general,100069.0
266,69.0,extra,general,100069.0
266,69.0,mile,general,100069.0
267,69.0,no,behaviour,100069.0
267,69.0,one,behaviour,100069.0
267,69.0,willing,behaviour,100069.0
267,69.0,to,behaviour,100069.0
267,69.0,help,behaviour,100069.0
268,69.0,rude,behaviour,100069.0
268,69.0,crew,behaviour,100069.0
269,70.0,flight,general,100070.0
269,70.0,attendant,general,100070.0
270,70.0,light,behaviour,100070.0
270,70.0,crew,behaviour,100070.0
270,70.0,was,behaviour,100070.0
270,70.0,so,behaviour,100070.0
270,70.0,overly,behaviour,100070.0
270,70.0,strict,behaviour,100070.0
271,70.0,truly,behaviour,100070.0
271,70.0,unhelpful,behaviour,100070.0
272,70.0,unpleasant,behaviour,100070.0
273,70.0,upset,behaviour,100070.0
274,70.0,could,behaviour,100070.0
274,70.0,n't,behaviour,100070.0
274,70.0,pick,behaviour,100070.0
274,70.0,up,behaviour,100070.0
275,71.0,worst,behaviour,100071.0
275,71.0,crew,behaviour,100071.0
275,71.0,members,behaviour,100071.0
276,71.0,disinterested,behaviour,100071.0
277,71.0,forgotten,behaviour,100071.0
278,72.0,bizarre,general,100072.0
278,72.0,male,general,100072.0
278,72.0,attendant,general,100072.0
279,72.0,head,general,100072.0
279,72.0,of,general,100072.0
279,72.0,the,general,100072.0
279,72.0,crew,general,100072.0
280,72.0,the,general,100072.0
280,72.0,steward,general,100072.0
281,72.0,without,behaviour,100072.0
281,72.0,greeting,behaviour,100072.0
281,72.0,or,behaviour,100072.0
281,72.0,smile,behaviour,100072.0
282,72.0,red,behaviour,100072.0
282,72.0,face,behaviour,100072.0
283,72.0,apologized,behaviour,100072.0
284,72.0,angry,behaviour,100072.0
284,72.0,looks,behaviour,100072.0
285,73.0,cabin,behaviour,100073.0
285,73.0,crew,behaviour,100073.0
285,73.0,refused,behaviour,100073.0
286,73.0,cabin,behaviour,100073.0
286,73.0,crew,behaviour,100073.0
286,73.0,disappeared,behaviour,100073.0
288,75.0,no,general,100075.0
288,75.0,cabin,general,100075.0
288,75.0,members,general,100075.0
289,75.0,vanished,behaviour,100075.0
290,75.0,half,behaviour,100075.0
290,75.0,bothered,behaviour,100075.0
290,75.0,rude,behaviour,100075.0
290,75.0,response,behaviour,100075.0
291,76.0,flight,behaviour,100076.0
291,76.0,attendants,behaviour,100076.0
291,76.0,were,behaviour,100076.0
291,76.0,generous,behaviour,100076.0
292,76.0,really,behaviour,100076.0
292,76.0,helped,behaviour,100076.0
293,76.0,staff,behaviour,100076.0
293,76.0,did,behaviour,100076.0
293,76.0,a,behaviour,100076.0
293,76.0,stellar,behaviour,100076.0
293,76.0,job,behaviour,100076.0
293,76.0,looking,behaviour,100076.0
293,76.0,after,behaviour,100076.0
299,78.0,flight,behaviour,100078.0
299,78.0,attendant,behaviour,100078.0
299,78.0,was,behaviour,100078.0
299,78.0,ok,behaviour,100078.0
300,78.0,lacking,behaviour,100078.0
300,78.0,warmth,behaviour,100078.0
301,78.0,replied,behaviour,100078.0
301,78.0,rather,behaviour,100078.0
301,78.0,coldly,behaviour,100078.0
302,78.0,not,behaviour,100078.0
302,78.0,that,behaviour,100078.0
302,78.0,friendly,behaviour,100078.0
303,78.0,outrageous,behaviour,100078.0
304,79.0,cabin,general,100079.0
304,79.0,crew,general,100079.0
305,79.0,very,behaviour,100079.0
305,79.0,attentive,behaviour,100079.0
306,79.0,no,general,100079.0
306,79.0,cabin,general,100079.0
306,79.0,crew,general,100079.0
307,79.0,all,general,100079.0
307,79.0,disappear,general,100079.0
308,79.0,attendant,behaviour,100079.0
308,79.0,was,behaviour,100079.0
308,79.0,good,behaviour,100079.0
309,79.0,assisted,behaviour,100079.0
310,79.0,very,behaviour,100079.0
310,79.0,helpful,behaviour,100079.0
310,79.0,staff,behaviour,100079.0
311,79.0,rude,behaviour,100079.0
312,79.0,unfriendly,behaviour,100079.0
313,79.0,not,behaviour,100079.0
313,79.0,so,behaviour,100079.0
313,79.0,friendly,behaviour,100079.0
314,79.0,could,behaviour,100079.0
314,79.0,n't,behaviour,100079.0
314,79.0,be,behaviour,100079.0
314,79.0,bordered,behaviour,100079.0
315,80.0,staff,general,100080.0
316,80.0,great,behaviour,100080.0
317,81.0,crew,general,100081.0
318,81.0,uniforms,general,100081.0
319,81.0,staff,general,100081.0
320,81.0,most,behaviour,100081.0
320,81.0,unpassionate,behaviour,100081.0
320,81.0,and,behaviour,100081.0
320,81.0,unpolite,behaviour,100081.0
321,81.0,worn,behaviour,100081.0
321,81.0,without,behaviour,100081.0
321,81.0,proud,behaviour,100081.0
322,81.0,untidy,general,100081.0
323,81.0,just,behaviour,100081.0
323,81.0,angry,behaviour,100081.0
324,81.0,unhappy,behaviour,100081.0
325,81.0,unfriendly,behaviour,100081.0
329,83.0,customer,general,100083.0
329,83.0,service,general,100083.0
329,83.0,personnel,general,100083.0
330,83.0,forced,behaviour,100083.0
331,84.0,cabin,general,100084.0
331,84.0,attendant,general,100084.0
332,84.0,head,general,100084.0
333,84.0,cabin,general,100084.0
333,84.0,crew,general,100084.0
334,84.0,attendant,general,100084.0
335,84.0,crew,general,100084.0
336,84.0,no,behaviour,100084.0
336,84.0,usual,behaviour,100084.0
336,84.0,warm,behaviour,100084.0
336,84.0,welcome,behaviour,100084.0
337,84.0,very,behaviour,100084.0
337,84.0,grumpy,behaviour,100084.0
338,84.0,hostile,behaviour,100084.0
342,84.0,so,behaviour,100084.0
342,84.0,grumpy,behaviour,100084.0
343,84.0,rude,behaviour,100084.0
344,84.0,unhelpful,behaviour,100084.0
345,84.0,tired,behaviour,100084.0
346,84.0,disgruntled,behaviour,100084.0
347,84.0,did,behaviour,100084.0
347,84.0,not,behaviour,100084.0
347,84.0,walk,behaviour,100084.0
347,84.0,through,behaviour,100084.0
348,84.0,did,behaviour,100084.0
348,84.0,not,behaviour,100084.0
348,84.0,help,behaviour,100084.0
352,86.0,driver,general,100086.0
353,86.0,cabin,general,100086.0
353,86.0,crew,general,100086.0
354,86.0,friendly,behaviour,100086.0
355,86.0,helpful,behaviour,100086.0
356,86.0,forgetting,behaviour,100086.0
357,86.0,chatty,behaviour,100086.0
358,86.0,friendly,behaviour,100086.0
359,86.0,always,behaviour,100086.0
359,86.0,keen,behaviour,100086.0
359,86.0,to,behaviour,100086.0
359,86.0,help,behaviour,100086.0
361,86.0,espond,behaviour,100086.0
361,86.0,to,behaviour,100086.0
361,86.0,requests,behaviour,100086.0
363,88.0,flight,general,100088.0
363,88.0,attendant,general,100088.0
364,88.0,very,behaviour,100088.0
364,88.0,friendly,behaviour,100088.0
365,89.0,staff,general,100089.0
366,89.0,very,behaviour,100089.0
366,89.0,friendly,behaviour,100089.0
367,89.0,happy,general,100089.0
370,91.0,cabin,general,100091.0
370,91.0,crews,general,100091.0
371,91.0,ground,behaviour,100091.0
371,91.0,crews,behaviour,100091.0
371,91.0,were,behaviour,100091.0
371,91.0,downright,behaviour,100091.0
371,91.0,rude,behaviour,100091.0
372,91.0,very,behaviour,100091.0
372,91.0,rude,behaviour,100091.0
373,91.0,equally,behaviour,100091.0
373,91.0,as,behaviour,100091.0
373,91.0,rude,behaviour,100091.0
374,91.0,dismissive,behaviour,100091.0
375,92.0,employees,general,100092.0
376,92.0,staff,general,100092.0
377,92.0,flight,general,100092.0
377,92.0,attendant,general,100092.0
378,92.0,shouting,behaviour,100092.0
379,92.0,contradictory,behaviour,100092.0
380,92.0,without,behaviour,100092.0
380,92.0,even,behaviour,100092.0
380,92.0,an,behaviour,100092.0
380,92.0,apology,behaviour,100092.0
381,92.0,lack,behaviour,100092.0
381,92.0,of,behaviour,100092.0
381,92.0,professionalism,behaviour,100092.0
382,93.0,staff,general,100093.0
383,93.0,crew,general,100093.0
384,93.0,welcoming,behaviour,100093.0
385,93.0,left,behaviour,100093.0
385,93.0,before,behaviour,100093.0
385,93.0,us,behaviour,100093.0
386,94.0,staff,general,100094.0
387,94.0,staff,general,100094.0
388,94.0,attendants,general,100094.0
389,94.0,generally,behaviour,100094.0
389,94.0,rude,behaviour,100094.0
390,94.0,did,behaviour,100094.0
390,94.0,not,behaviour,100094.0
390,94.0,allow,behaviour,100094.0
391,94.0,dismissively,behaviour,100094.0
402,96.0,patient,behaviour,100096.0
404,96.0,amazing,behaviour,100096.0
411,98.0,staff,general,100098.0
412,98.0,worse,behaviour,100098.0
413,98.0,laughing,behaviour,100098.0
413,98.0,loudly,behaviour,100098.0
415,99.0,nor,behaviour,100099.0
415,99.0,staff,behaviour,100099.0
415,99.0,bothered,behaviour,100099.0
417,100.0,cabin,general,100100.0
417,100.0,crew,general,100100.0
418,100.0,warm,behaviour,100100.0
418,100.0,polite,behaviour,100100.0
418,100.0,and,behaviour,100100.0
418,100.0,efficient,behaviour,100100.0
419,100.0,good,behaviour,100100.0
419,100.0,improvement,behaviour,100100.0
420,101.0,crew,general,100101.0
421,101.0,staff,general,100101.0
422,101.0,took,behaviour,100101.0
422,101.0,so,behaviour,100101.0
422,101.0,long,behaviour,100101.0
423,101.0,not,behaviour,100101.0
423,101.0,very,behaviour,100101.0
423,101.0,friendly,behaviour,100101.0
423,101.0,or,behaviour,100101.0
423,101.0,welcoming,behaviour,100101.0
445,111.0,flight,behaviour,100111.0
445,111.0,attendants,behaviour,100111.0
445,111.0,are,behaviour,100111.0
445,111.0,so,behaviour,100111.0
445,111.0,racist,behaviour,100111.0
446,111.0,rude,behaviour,100111.0
460,119.0,light,behaviour,100119.0
460,119.0,attendants,behaviour,100119.0
460,119.0,are,behaviour,100119.0
460,119.0,so,behaviour,100119.0
460,119.0,racist,behaviour,100119.0
478,127.0,staff,general,100127.0
479,127.0,good,behaviour,100127.0
479,127.0,and,behaviour,100127.0
479,127.0,friendly,behaviour,100127.0
485,131.0,staff,general,100131.0
486,131.0,very,behaviour,100131.0
486,131.0,gud,behaviour,100131.0
487,132.0,captain,behaviour,100132.0
487,132.0,was,behaviour,100132.0
487,132.0,very,behaviour,100132.0
487,132.0,alert,behaviour,100132.0
490,134.0,staff,behaviour,100134.0
490,134.0,was,behaviour,100134.0
490,134.0,very,behaviour,100134.0
490,134.0,warm,behaviour,100134.0
491,134.0,friendly,behaviour,100134.0
492,135.0,ground,behaviour,100135.0
492,135.0,staff,behaviour,100135.0
492,135.0,very,behaviour,100135.0
492,135.0,friendly,behaviour,100135.0
497,138.0,very,behaviour,100138.0
497,138.0,polite,behaviour,100138.0
497,138.0,crew,behaviour,100138.0
497,138.0,staff,behaviour,100138.0
500,140.0,nice,behaviour,100140.0
500,140.0,staff,behaviour,100140.0
502,141.0,very,behaviour,100141.0
502,141.0,little,behaviour,100141.0
502,141.0,customer,behaviour,100141.0
502,141.0,interaction,behaviour,100141.0
505,143.0,crew,behaviour,100143.0
505,143.0,member,behaviour,100143.0
505,143.0,was,behaviour,100143.0
505,143.0,not,behaviour,100143.0
505,143.0,helpful,behaviour,100143.0
506,143.0,did,behaviour,100143.0
506,143.0,not,behaviour,100143.0
506,143.0,provide,behaviour,100143.0
524,151.0,no,behaviour,100151.0
524,151.0,apology,behaviour,100151.0
525,151.0,haven’t,behaviour,100151.0
525,151.0,seen,behaviour,100151.0
525,151.0,such,behaviour,100151.0
525,151.0,a,behaviour,100151.0
525,151.0,behavior,behaviour,100151.0
533,156.0,staff,behaviour,100156.0
533,156.0,are,behaviour,100156.0
533,156.0,courteous,behaviour,100156.0
534,156.0,pleasant,behaviour,100156.0
539,159.0,not,general,100159.0
539,159.0,able,general,100159.0
539,159.0,to,general,100159.0
539,159.0,redeem,general,100159.0
545,162.0,they,behaviour,100162.0
545,162.0,were,behaviour,100162.0
545,162.0,totally,behaviour,100162.0
545,162.0,unorganized,behaviour,100162.0
546,162.0,unprofessional,behaviour,100162.0
550,166.0,very,general,100166.0
550,166.0,rude,general,100166.0
550,166.0,ground,general,100166.0
550,166.0,staffs,general,100166.0
551,167.0,staffs,behaviour,100167.0
551,167.0,are,behaviour,100167.0
551,167.0,very,behaviour,100167.0
551,167.0,professional,behaviour,100167.0
553,168.0,not,general,100168.0
553,168.0,responding,general,100168.0
557,171.0,crew,behaviour,100171.0
557,171.0,couldn’t,behaviour,100171.0
557,171.0,do,behaviour,100171.0
557,171.0,enough,behaviour,100171.0
557,171.0,to,behaviour,100171.0
557,171.0,help,behaviour,100171.0
558,171.0,smiled,behaviour,100171.0
559,172.0,do,behaviour,100172.0
559,172.0,not,behaviour,100172.0
559,172.0,know,behaviour,100172.0
559,172.0,how,behaviour,100172.0
559,172.0,to,behaviour,100172.0
559,172.0,talk,behaviour,100172.0
560,172.0,do,behaviour,100172.0
560,172.0,not,behaviour,100172.0
560,172.0,know,behaviour,100172.0
560,172.0,how,behaviour,100172.0
560,172.0,to,behaviour,100172.0
560,172.0,organise,behaviour,100172.0
561,173.0,response,behaviour,100173.0
561,173.0,is,behaviour,100173.0
561,173.0,really,behaviour,100173.0
561,173.0,bad,behaviour,100173.0
562,173.0,rude,behaviour,100173.0
563,173.0,not,behaviour,100173.0
563,173.0,have,behaviour,100173.0
563,173.0,answer,behaviour,100173.0
564,173.0,just,behaviour,100173.0
564,173.0,waiting,behaviour,100173.0
564,173.0,sitting,behaviour,100173.0
565,173.0,without,behaviour,100173.0
565,173.0,giving,behaviour,100173.0
567,175.0,greeted,behaviour,100175.0
567,175.0,so,behaviour,100175.0
567,175.0,nicely,behaviour,100175.0
571,177.0,great,general,100177.0
571,177.0,flight,general,100177.0
571,177.0,attendant,general,100177.0
573,177.0,rude,behaviour,100177.0
574,177.0,rude,behaviour,100177.0
574,177.0,and,behaviour,100177.0
574,177.0,sounded,behaviour,100177.0
575,178.0,employees,behaviour,100178.0
575,178.0,very,behaviour,100178.0
575,178.0,busy,behaviour,100178.0
576,179.0,illmannered,behaviour,100179.0
579,180.0,cabin,behaviour,100180.0
579,180.0,crew,behaviour,100180.0
579,180.0,were,behaviour,100180.0
579,180.0,attentive,behaviour,100180.0
579,180.0,courteous,behaviour,100180.0
579,180.0,and,behaviour,100180.0
579,180.0,helpful,behaviour,100180.0
580,181.0,staffs,behaviour,100181.0
580,181.0,were,behaviour,100181.0
580,181.0,less,behaviour,100181.0
580,181.0,polite,behaviour,100181.0
588,187.0,crew,behaviour,100187.0
588,187.0,are,behaviour,100187.0
588,187.0,always,behaviour,100187.0
588,187.0,helpful,behaviour,100187.0
592,189.0,crew,behaviour,100189.0
592,189.0,didnt,behaviour,100189.0
592,189.0,serve,behaviour,100189.0
592,189.0,water,behaviour,100189.0
597,191.0,do,behaviour,100191.0
597,191.0,not,behaviour,100191.0
597,191.0,do,behaviour,100191.0
597,191.0,not,behaviour,100191.0
597,191.0,take,behaviour,100191.0
597,191.0,any,behaviour,100191.0
597,191.0,responsibility,behaviour,100191.0
598,192.0,attendants,behaviour,100192.0
598,192.0,were,behaviour,100192.0
598,192.0,very,behaviour,100192.0
598,192.0,kind,behaviour,100192.0
599,192.0,friendly,behaviour,100192.0
601,194.0,friendly,behaviour,100194.0
601,194.0,efficient,behaviour,100194.0
601,194.0,cabin,behaviour,100194.0
601,194.0,crew,behaviour,100194.0
1239,823.0,lazy,behaviour,100823.0
1239,823.0,person,behaviour,100823.0
1240,824.0,friendly,behaviour,100824.0
1240,824.0,cabin,behaviour,100824.0
1240,824.0,crew,behaviour,100824.0
1248,827.0,crew,behaviour,100827.0
1248,827.0,were,behaviour,100827.0
1248,827.0,really,behaviour,100827.0
1248,827.0,nice,behaviour,100827.0
1248,827.0,and,behaviour,100827.0
1248,827.0,friendly,behaviour,100827.0
1255,833.0,good,behaviour,100833.0
1255,833.0,english,behaviour,100833.0
1255,833.0,speaking,behaviour,100833.0
1255,833.0,staff,behaviour,100833.0
1257,834.0,very,behaviour,100834.0
1257,834.0,inappropriate,behaviour,100834.0
1257,834.0,words,behaviour,100834.0
1258,834.0,no,behaviour,100834.0
1258,834.0,patience,behaviour,100834.0
1259,834.0,very,behaviour,100834.0
1259,834.0,inexperienced,behaviour,100834.0
1259,834.0,in,behaviour,100834.0
1259,834.0,handling,behaviour,100834.0
1259,834.0,customers,behaviour,100834.0
1259,834.0,issues,behaviour,100834.0
1260,834.0,poorly,behaviour,100834.0
1260,834.0,trained,behaviour,100834.0
1261,834.0,lousy,behaviour,100834.0
1261,834.0,manner,behaviour,100834.0
1262,835.0,calling,behaviour,100835.0
1262,835.0,out,behaviour,100835.0
1262,835.0,the,behaviour,100835.0
1262,835.0,wrong,behaviour,100835.0
1262,835.0,name,behaviour,100835.0
1266,837.0,staff,behaviour,100837.0
1266,837.0,all,behaviour,100837.0
1266,837.0,worked,behaviour,100837.0
1266,837.0,very,behaviour,100837.0
1266,837.0,efficiently,behaviour,100837.0
1273,840.0,cabin,behaviour,100840.0
1273,840.0,crew,behaviour,100840.0
1273,840.0,are,behaviour,100840.0
1273,840.0,less,behaviour,100840.0
1273,840.0,friendly,behaviour,100840.0
1273,840.0,and,behaviour,100840.0
1273,840.0,engaging,behaviour,100840.0
1277,842.0,cabin,behaviour,100842.0
1277,842.0,crew,behaviour,100842.0
1277,842.0,were,behaviour,100842.0
1277,842.0,excellent,behaviour,100842.0
1277,842.0,friendly,behaviour,100842.0
1277,842.0,clean,behaviour,100842.0
1277,842.0,and,behaviour,100842.0
1277,842.0,attentive,behaviour,100842.0
1299,851.0,do,behaviour,100851.0
1299,851.0,have,behaviour,100851.0
1299,851.0,staff,behaviour,100851.0
1299,851.0,to,behaviour,100851.0
1299,851.0,help,behaviour,100851.0
1307,857.0,staff,general,100857.0
1307,857.0,are,general,100857.0
1307,857.0,terrific,general,100857.0
1308,857.0,all,behaviour,100857.0
1308,857.0,very,behaviour,100857.0
1308,857.0,helpful,behaviour,100857.0
1312,860.0,staff,behaviour,100860.0
1312,860.0,pleasant,behaviour,100860.0
1313,860.0,greeted,behaviour,100860.0
1313,860.0,us,behaviour,100860.0
1313,860.0,with,behaviour,100860.0
1313,860.0,a,behaviour,100860.0
1313,860.0,smile,behaviour,100860.0
1314,860.0,happy,behaviour,100860.0
1316,862.0,friendly,behaviour,100862.0
1316,862.0,cabin,behaviour,100862.0
1316,862.0,crew,behaviour,100862.0
1318,864.0,extremely,behaviour,100864.0
1318,864.0,positive,behaviour,100864.0
1321,865.0,they,behaviour,100865.0
1321,865.0,are,behaviour,100865.0
1321,865.0,strict,behaviour,100865.0
1330,869.0,nothing,behaviour,100869.0
1330,869.0,but,behaviour,100869.0
1330,869.0,professional,behaviour,100869.0
1338,873.0,crew,behaviour,100873.0
1338,873.0,didnt,behaviour,100873.0
1338,873.0,provide,behaviour,100873.0
1338,873.0,me,behaviour,100873.0
1346,879.0,very,behaviour,100879.0
1346,879.0,pleasant,behaviour,100879.0
1346,879.0,crew,behaviour,100879.0
1347,879.0,cheerful,behaviour,100879.0
1348,879.0,chatty,behaviour,100879.0
1349,879.0,pilot,behaviour,100879.0
1349,879.0,put,behaviour,100879.0
1349,879.0,us,behaviour,100879.0
1349,879.0,all,behaviour,100879.0
1349,879.0,at,behaviour,100879.0
1349,879.0,ease,behaviour,100879.0
1350,880.0,staff,behaviour,100880.0
1350,880.0,is,behaviour,100880.0
1350,880.0,friendly,behaviour,100880.0
1353,882.0,friendly,behaviour,100882.0
1353,882.0,cabin,behaviour,100882.0
1353,882.0,crew,behaviour,100882.0
1359,885.0,friendly,behaviour,100885.0
1359,885.0,cabin,behaviour,100885.0
1359,885.0,crews,behaviour,100885.0
1360,886.0,crew,behaviour,100886.0
1360,886.0,was,behaviour,100886.0
1360,886.0,helpful,behaviour,100886.0
1360,886.0,and,behaviour,100886.0
1360,886.0,courteous,behaviour,100886.0
1365,888.0,rude,behaviour,100888.0
1365,888.0,steward,behaviour,100888.0
1366,888.0,stewardess,general,100888.0
1368,888.0,steward,general,100888.0
1369,888.0,served,behaviour,100888.0
1369,888.0,the,behaviour,100888.0
1369,888.0,food,behaviour,100888.0
1370,888.0,lightly,behaviour,100888.0
1370,888.0,throw,behaviour,100888.0
1370,888.0,the,behaviour,100888.0
1370,888.0,food,behaviour,100888.0
1374,891.0,stewardesses,behaviour,100891.0
1374,891.0,were,behaviour,100891.0
1374,891.0,so,behaviour,100891.0
1374,891.0,attractive,behaviour,100891.0
1375,891.0,such,general,100891.0
1375,891.0,beautiful,general,100891.0
1375,891.0,clothes,general,100891.0
1376,891.0,beauty,general,100891.0
1377,891.0,stewards,general,100891.0
1377,891.0,looked,general,100891.0
1381,893.0,friendly,behaviour,100893.0
1381,893.0,staff,behaviour,100893.0
1382,893.0,staff,behaviour,100893.0
1382,893.0,were,behaviour,100893.0
1382,893.0,efficient,behaviour,100893.0
1382,893.0,and,behaviour,100893.0
1382,893.0,helpful,behaviour,100893.0
1387,897.0,cabin,behaviour,100897.0
1387,897.0,crew,behaviour,100897.0
1387,897.0,are,behaviour,100897.0
1387,897.0,courteous,behaviour,100897.0
1388,897.0,entertaining,behaviour,100897.0
1389,898.0,crew,behaviour,100898.0
1389,898.0,were,behaviour,100898.0
1389,898.0,reasonably,behaviour,100898.0
1389,898.0,pleasant,behaviour,100898.0
1394,903.0,staff,behaviour,100903.0
1394,903.0,are,behaviour,100903.0
1394,903.0,friendly,behaviour,100903.0
1395,904.0,cabin,general,100904.0
1395,904.0,crew,general,100904.0
1396,904.0,responsible,behaviour,100904.0
1398,906.0,staff,general,100906.0
1398,906.0,were,general,100906.0
1398,906.0,great,general,100906.0
1401,908.0,they,behaviour,100908.0
1401,908.0,denied,behaviour,100908.0
1401,908.0,me,behaviour,100908.0
1407,913.0,staff,behaviour,100913.0
1407,913.0,look,behaviour,100913.0
1407,913.0,perplexed,behaviour,100913.0
1408,914.0,crew,behaviour,100914.0
1408,914.0,so,behaviour,100914.0
1408,914.0,nice,behaviour,100914.0
1409,914.0,helpful,behaviour,100914.0
1415,917.0,stewards,behaviour,100917.0
1415,917.0,were,behaviour,100917.0
1415,917.0,experienced,behaviour,100917.0
1416,917.0,knows,behaviour,100917.0
1416,917.0,their,behaviour,100917.0
1416,917.0,drill,behaviour,100917.0
1416,917.0,well,behaviour,100917.0
2036,1536.0,made,behaviour,101536.0
2036,1536.0,us,behaviour,101536.0
2036,1536.0,feel,behaviour,101536.0
2036,1536.0,welcomed,behaviour,101536.0
2037,1536.0,caring,general,101536.0
2037,1536.0,personality,general,101536.0
2038,1536.0,appreciated,behaviour,101536.0
2043,1538.0,talk,behaviour,101538.0
2043,1538.0,to,behaviour,101538.0
2043,1538.0,me,behaviour,101538.0
2044,1538.0,flight,general,101538.0
2044,1538.0,attendant,general,101538.0
2049,1541.0,attentive,behaviour,101541.0
2049,1541.0,and,behaviour,101541.0
2049,1541.0,professional,behaviour,101541.0
2057,1547.0,fantastic,behaviour,101547.0
2058,1548.0,cranky,behaviour,101548.0
2058,1548.0,staff,behaviour,101548.0
2060,1550.0,who,behaviour,101550.0
2060,1550.0,cares,behaviour,101550.0
2064,1553.0,flight,general,101553.0
2064,1553.0,attendants,general,101553.0
2066,1554.0,professional,behaviour,101554.0
2066,1554.0,and,behaviour,101554.0
2066,1554.0,attentive,behaviour,101554.0
2066,1554.0,cabin,behaviour,101554.0
2066,1554.0,crew,behaviour,101554.0
2067,1554.0,very,behaviour,101554.0
2067,1554.0,good,behaviour,101554.0
2067,1554.0,impression,behaviour,101554.0
2068,1555.0,attendants,general,101555.0
2068,1555.0,were,general,101555.0
2068,1555.0,very,general,101555.0
2068,1555.0,good,general,101555.0
2072,1558.0,flight,general,101558.0
2072,1558.0,crew,general,101558.0
2075,1560.0,not,behaviour,101560.0
2075,1560.0,give,behaviour,101560.0
2075,1560.0,me,behaviour,101560.0
2075,1560.0,a,behaviour,101560.0
2075,1560.0,explanation,behaviour,101560.0
2076,1560.0,manager,general,101560.0
2079,1562.0,cabin,general,101562.0
2079,1562.0,crew,general,101562.0
2082,1564.0,cabin,general,101564.0
2082,1564.0,crew,general,101564.0
2083,1564.0,always,behaviour,101564.0
2083,1564.0,in,behaviour,101564.0
2083,1564.0,a,behaviour,101564.0
2083,1564.0,hurry,behaviour,101564.0
2084,1564.0,generally,behaviour,101564.0
2084,1564.0,inattentive,behaviour,101564.0
2085,1564.0,cold,behaviour,101564.0
2085,1564.0,conversation,behaviour,101564.0
2086,1564.0,what,behaviour,101564.0
2086,1564.0,ever,behaviour,101564.0
2086,1564.0,happened,behaviour,101564.0
2086,1564.0,to,behaviour,101564.0
2086,1564.0,friendly,behaviour,101564.0
2087,1565.0,flight,general,101565.0
2087,1565.0,staff,general,101565.0
2087,1565.0,and,general,101565.0
2087,1565.0,the,general,101565.0
2087,1565.0,pilot,general,101565.0
2087,1565.0,were,general,101565.0
2087,1565.0,super,general,101565.0
2087,1565.0,informative,general,101565.0
2088,1565.0,made,behaviour,101565.0
2088,1565.0,it,behaviour,101565.0
2088,1565.0,all,behaviour,101565.0
2088,1565.0,as,behaviour,101565.0
2088,1565.0,comfortable,behaviour,101565.0
2088,1565.0,as,behaviour,101565.0
2088,1565.0,possible,behaviour,101565.0
2091,1568.0,staff,behaviour,101568.0
2091,1568.0,helping,behaviour,101568.0
2091,1568.0,with,behaviour,101568.0
2091,1568.0,your,behaviour,101568.0
2091,1568.0,luggage,behaviour,101568.0
2092,1568.0,extremely,behaviour,101568.0
2092,1568.0,friendly,behaviour,101568.0
2093,1568.0,crew,behaviour,101568.0
2093,1568.0,upbeat,behaviour,101568.0
2093,1568.0,attentive,behaviour,101568.0
2096,1571.0,helped,behaviour,101571.0
2097,1571.0,young,behaviour,101571.0
2097,1571.0,staff,behaviour,101571.0
2097,1571.0,were,behaviour,101571.0
2097,1571.0,trying,behaviour,101571.0
2097,1571.0,hard,behaviour,101571.0
2099,1573.0,senior,behaviour,101573.0
2099,1573.0,cabin,behaviour,101573.0
2099,1573.0,crew,behaviour,101573.0
2099,1573.0,not,behaviour,101573.0
2099,1573.0,caring,behaviour,101573.0
2100,1573.0,senior,general,101573.0
2100,1573.0,crew,general,101573.0
2100,1573.0,should,general,101573.0
2100,1573.0,not,general,101573.0
2100,1573.0,be,general,101573.0
2100,1573.0,in,general,101573.0
2100,1573.0,passenger,general,101573.0
2100,1573.0,facing,general,101573.0
2100,1573.0,job,general,101573.0
2100,1573.0,positions,general,101573.0
2101,1574.0,short,general,101574.0
2101,1574.0,staffed,general,101574.0
2101,1574.0,yet,general,101574.0
2101,1574.0,again,general,101574.0
2103,1575.0,helpfulness,behaviour,101575.0
2103,1575.0,could,behaviour,101575.0
2103,1575.0,definitely,behaviour,101575.0
2103,1575.0,improve,behaviour,101575.0
2104,1575.0,no,behaviour,101575.0
2104,1575.0,apology,behaviour,101575.0
2105,1576.0,kept,behaviour,101576.0
2105,1576.0,telling,behaviour,101576.0
2105,1576.0,me,behaviour,101576.0
2106,1576.0,flight,behaviour,101576.0
2106,1576.0,attendants,behaviour,101576.0
2106,1576.0,never,behaviour,101576.0
2106,1576.0,listen,behaviour,101576.0
2107,1577.0,flight,behaviour,101577.0
2107,1577.0,personnel,behaviour,101577.0
2107,1577.0,spoke,behaviour,101577.0
2107,1577.0,spanish,behaviour,101577.0
2108,1577.0,made,behaviour,101577.0
2108,1577.0,helpful,behaviour,101577.0
2108,1577.0,suggestions,behaviour,101577.0
2109,1577.0,on,behaviour,101577.0
2109,1577.0,request,behaviour,101577.0
2110,1578.0,inhumane,behaviour,101578.0
2119,1583.0,crew,behaviour,101583.0
2119,1583.0,was,behaviour,101583.0
2119,1583.0,pleasant,behaviour,101583.0
2119,1583.0,and,behaviour,101583.0
2119,1583.0,extremely,behaviour,101583.0
2119,1583.0,professional,behaviour,101583.0
2122,1585.0,less,behaviour,101585.0
2122,1585.0,courtesy,behaviour,101585.0
2123,1585.0,less,behaviour,101585.0
2123,1585.0,pleasant,behaviour,101585.0
2123,1585.0,interaction,behaviour,101585.0
2123,1585.0,between,behaviour,101585.0
2123,1585.0,crew,behaviour,101585.0
2123,1585.0,and,behaviour,101585.0
2123,1585.0,passenger,behaviour,101585.0
2129,1590.0,flight,behaviour,101590.0
2129,1590.0,attendants,behaviour,101590.0
2129,1590.0,were,behaviour,101590.0
2129,1590.0,alright,behaviour,101590.0
2130,1590.0,certainly,behaviour,101590.0
2130,1590.0,not,behaviour,101590.0
2130,1590.0,as,behaviour,101590.0
2130,1590.0,friendly,behaviour,101590.0
2131,1591.0,they,behaviour,101591.0
2131,1591.0,were,behaviour,101591.0
2131,1591.0,so,behaviour,101591.0
2131,1591.0,friendly,behaviour,101591.0
2132,1591.0,caring,behaviour,101591.0
2138,1594.0,staff,behaviour,101594.0
2138,1594.0,are,behaviour,101594.0
2138,1594.0,not,behaviour,101594.0
2138,1594.0,friendly,behaviour,101594.0
2145,1598.0,the,behaviour,101598.0
2145,1598.0,crew,behaviour,101598.0
2145,1598.0,was,behaviour,101598.0
2145,1598.0,great,behaviour,101598.0
2146,1599.0,disappointing,behaviour,101599.0
2146,1599.0,and,behaviour,101599.0
2146,1599.0,rude,behaviour,101599.0
2151,1604.0,friendly,behaviour,101604.0
2165,1609.0,staff,behaviour,101609.0
2165,1609.0,were,behaviour,101609.0
2165,1609.0,extremely,behaviour,101609.0
2165,1609.0,welcoming,behaviour,101609.0
2165,1609.0,and,behaviour,101609.0
2165,1609.0,friendly,behaviour,101609.0
2166,1609.0,with,behaviour,101609.0
2166,1609.0,a,behaviour,101609.0
2166,1609.0,smile,behaviour,101609.0
2185,1623.0,nobody,general,101623.0
2185,1623.0,from,general,101623.0
2185,1623.0,the,general,101623.0
2185,1623.0,airline,general,101623.0
2185,1623.0,was,general,101623.0
2185,1623.0,present,general,101623.0
2187,1625.0,lack,general,101625.0
2187,1625.0,of,general,101625.0
2187,1625.0,staff,general,101625.0
2188,1626.0,did,behaviour,101626.0
2188,1626.0,not,behaviour,101626.0
2188,1626.0,respond,behaviour,101626.0
2190,1628.0,staff,behaviour,101628.0
2190,1628.0,accommodating,behaviour,101628.0
2196,1629.0,pleasant,behaviour,101629.0
2196,1629.0,staff,behaviour,101629.0
2198,1630.0,no,behaviour,101630.0
2198,1630.0,one,behaviour,101630.0
2198,1630.0,to,behaviour,101630.0
2198,1630.0,assist,behaviour,101630.0
2202,1632.0,not,behaviour,101632.0
2202,1632.0,allowing,behaviour,101632.0
2202,1632.0,me,behaviour,101632.0
2827,2253.0,flight,general,102253.0
2827,2253.0,attendant,general,102253.0
2830,2255.0,service,behaviour,102255.0
2830,2255.0,staff,behaviour,102255.0
2830,2255.0,was,behaviour,102255.0
2830,2255.0,friendly,behaviour,102255.0
2831,2256.0,ground,general,102256.0
2831,2256.0,and,general,102256.0
2831,2256.0,air,general,102256.0
2831,2256.0,crew,general,102256.0
2831,2256.0,superb,general,102256.0
2832,2257.0,could,behaviour,102257.0
2832,2257.0,not,behaviour,102257.0
2832,2257.0,get,behaviour,102257.0
2832,2257.0,anyone,behaviour,102257.0
2832,2257.0,to,behaviour,102257.0
2832,2257.0,assist,behaviour,102257.0
2834,2258.0,folks,general,102258.0
2834,2258.0,at,general,102258.0
2834,2258.0,the,general,102258.0
2834,2258.0,airport,general,102258.0
2835,2258.0,helpful,behaviour,102258.0
2835,2258.0,and,behaviour,102258.0
2835,2258.0,efficient,behaviour,102258.0
2838,2260.0,bit,behaviour,102260.0
2838,2260.0,confused,behaviour,102260.0
2842,2262.0,very,behaviour,102262.0
2842,2262.0,little,behaviour,102262.0
2842,2262.0,interest,behaviour,102262.0
2843,2262.0,cabin,general,102262.0
2843,2262.0,crew,general,102262.0
2846,2264.0,kind,behaviour,102264.0
2846,2264.0,friendly,behaviour,102264.0
2846,2264.0,staff,behaviour,102264.0
2847,2264.0,very,behaviour,102264.0
2847,2264.0,helpful,behaviour,102264.0
2848,2264.0,captain,general,102264.0
2848,2264.0,very,general,102264.0
2848,2264.0,informative,general,102264.0
2853,2267.0,so,behaviour,102267.0
2853,2267.0,helpful,behaviour,102267.0
2864,2274.0,kindly,behaviour,102274.0
2867,2276.0,attention,behaviour,102276.0
2867,2276.0,was,behaviour,102276.0
2867,2276.0,very,behaviour,102276.0
2867,2276.0,good,behaviour,102276.0
2876,2281.0,friendly,behaviour,102281.0
2876,2281.0,and,behaviour,102281.0
2876,2281.0,efficient,behaviour,102281.0
2876,2281.0,staff,behaviour,102281.0
2877,2282.0,charming,general,102282.0
2877,2282.0,flight,general,102282.0
2877,2282.0,attendant,general,102282.0
2878,2282.0,kind,behaviour,102282.0
2878,2282.0,and,behaviour,102282.0
2878,2282.0,attentive,behaviour,102282.0
2879,2282.0,remembered,behaviour,102282.0
2879,2282.0,our,behaviour,102282.0
2879,2282.0,names,behaviour,102282.0
2880,2282.0,he,behaviour,102282.0
2880,2282.0,was,behaviour,102282.0
2880,2282.0,delighted,behaviour,102282.0
2883,2284.0,cabin,behaviour,102284.0
2883,2284.0,crew,behaviour,102284.0
2883,2284.0,were,behaviour,102284.0
2883,2284.0,the,behaviour,102284.0
2883,2284.0,most,behaviour,102284.0
2883,2284.0,pleasant,behaviour,102284.0
2883,2284.0,and,behaviour,102284.0
2883,2284.0,accessible,behaviour,102284.0
2884,2284.0,they,behaviour,102284.0
2884,2284.0,smiled,behaviour,102284.0
2884,2284.0,and,behaviour,102284.0
2884,2284.0,kept,behaviour,102284.0
2884,2284.0,eyecontact,behaviour,102284.0
2885,2284.0,seemed,behaviour,102284.0
2885,2284.0,like,behaviour,102284.0
2885,2284.0,they,behaviour,102284.0
2885,2284.0,genuinely,behaviour,102284.0
2885,2284.0,were,behaviour,102284.0
2885,2284.0,fond,behaviour,102284.0
2886,2284.0,proud,behaviour,102284.0
2886,2284.0,of,behaviour,102284.0
2886,2284.0,their,behaviour,102284.0
2886,2284.0,work,behaviour,102284.0
2887,2285.0,ground,behaviour,102285.0
2887,2285.0,staff,behaviour,102285.0
2887,2285.0,very,behaviour,102285.0
2887,2285.0,helpful,behaviour,102285.0
2887,2285.0,and,behaviour,102285.0
2887,2285.0,accommodating,behaviour,102285.0
2888,2285.0,attendant,general,102285.0
2889,2285.0,lacking,behaviour,102285.0
2889,2285.0,in,behaviour,102285.0
2889,2285.0,attendance,behaviour,102285.0
2889,2285.0,and,behaviour,102285.0
2889,2285.0,enthusiasm,behaviour,102285.0
2890,2286.0,staff,behaviour,102286.0
2890,2286.0,was,behaviour,102286.0
2890,2286.0,really,behaviour,102286.0
2890,2286.0,excited,behaviour,102286.0
2891,2286.0,they,behaviour,102286.0
2891,2286.0,brought,behaviour,102286.0
2891,2286.0,us,behaviour,102286.0
2891,2286.0,some,behaviour,102286.0
2891,2286.0,champagne,behaviour,102286.0
2891,2286.0,and,behaviour,102286.0
2891,2286.0,a,behaviour,102286.0
2891,2286.0,certificat,behaviour,102286.0
2891,2286.0,and,behaviour,102286.0
2891,2286.0,little,behaviour,102286.0
2891,2286.0,gift,behaviour,102286.0
2895,2288.0,friendly,behaviour,102288.0
2895,2288.0,chatty,behaviour,102288.0
2895,2288.0,cheeky,behaviour,102288.0
2895,2288.0,crew,behaviour,102288.0
2896,2288.0,lot,behaviour,102288.0
2896,2288.0,of,behaviour,102288.0
2896,2288.0,energy,behaviour,102288.0
2897,2289.0,flight,behaviour,102289.0
2897,2289.0,attendance,behaviour,102289.0
2897,2289.0,are,behaviour,102289.0
2897,2289.0,friendly,behaviour,102289.0
2897,2289.0,people,behaviour,102289.0
2898,2289.0,ready,behaviour,102289.0
2898,2289.0,to,behaviour,102289.0
2898,2289.0,help,behaviour,102289.0
2898,2289.0,if,behaviour,102289.0
2898,2289.0,you,behaviour,102289.0
2898,2289.0,need,behaviour,102289.0
2903,2293.0,staff,behaviour,102293.0
2903,2293.0,very,behaviour,102293.0
2903,2293.0,professional,behaviour,102293.0
2903,2293.0,and,behaviour,102293.0
2903,2293.0,efficient,behaviour,102293.0
2904,2293.0,really,behaviour,102293.0
2904,2293.0,appearing,behaviour,102293.0
2904,2293.0,to,behaviour,102293.0
2904,2293.0,be,behaviour,102293.0
2904,2293.0,interested,behaviour,102293.0
2905,2294.0,pilot,behaviour,102294.0
2905,2294.0,and,behaviour,102294.0
2905,2294.0,cabin,behaviour,102294.0
2905,2294.0,crew,behaviour,102294.0
2905,2294.0,were,behaviour,102294.0
2905,2294.0,very,behaviour,102294.0
2905,2294.0,friendly,behaviour,102294.0
2906,2295.0,no,behaviour,102295.0
2906,2295.0,one,behaviour,102295.0
2906,2295.0,to,behaviour,102295.0
2906,2295.0,help,behaviour,102295.0
2907,2296.0,cabin,behaviour,102296.0
2907,2296.0,staff,behaviour,102296.0
2907,2296.0,is,behaviour,102296.0
2907,2296.0,allways,behaviour,102296.0
2907,2296.0,strugling,behaviour,102296.0
2908,2296.0,staff,general,102296.0
2908,2296.0,did,general,102296.0
2908,2296.0,a,general,102296.0
2908,2296.0,super,general,102296.0
2908,2296.0,job,general,102296.0
2910,2298.0,attendants,behaviour,102298.0
2910,2298.0,caring,behaviour,102298.0
2912,2299.0,cabin,general,102299.0
2912,2299.0,crew,general,102299.0
2912,2299.0,were,general,102299.0
2912,2299.0,excellent,general,102299.0
2916,2302.0,attendants,general,102302.0
2917,2302.0,very,behaviour,102302.0
2917,2302.0,professional,behaviour,102302.0
2917,2302.0,and,behaviour,102302.0
2917,2302.0,friendly,behaviour,102302.0
2920,2304.0,very,behaviour,102304.0
2920,2304.0,well,behaviour,102304.0
2920,2304.0,looked,behaviour,102304.0
2920,2304.0,after,behaviour,102304.0
2921,2304.0,friendly,behaviour,102304.0
2922,2304.0,security,general,102304.0
2922,2304.0,officials,general,102304.0
2923,2304.0,exceptionally,behaviour,102304.0
2923,2304.0,rude,behaviour,102304.0
2923,2304.0,and,behaviour,102304.0
2923,2304.0,bullied,behaviour,102304.0
2928,2308.0,friendly,behaviour,102308.0
2928,2308.0,staff,behaviour,102308.0
2935,2312.0,friendly,behaviour,102312.0
2935,2312.0,hosts,behaviour,102312.0
2937,2313.0,cabin,behaviour,102313.0
2937,2313.0,staff,behaviour,102313.0
2937,2313.0,were,behaviour,102313.0
2937,2313.0,very,behaviour,102313.0
2937,2313.0,good,behaviour,102313.0
2939,2314.0,crew,behaviour,102314.0
2939,2314.0,where,behaviour,102314.0
2939,2314.0,friendly,behaviour,102314.0
2940,2314.0,helpful,behaviour,102314.0
2942,2315.0,crew,behaviour,102315.0
2942,2315.0,were,behaviour,102315.0
2942,2315.0,very,behaviour,102315.0
2942,2315.0,pleasant,behaviour,102315.0
2943,2316.0,level,behaviour,102316.0
2943,2316.0,of,behaviour,102316.0
2943,2316.0,professionalism,behaviour,102316.0
2943,2316.0,of,behaviour,102316.0
2943,2316.0,the,behaviour,102316.0
2943,2316.0,staff,behaviour,102316.0
2945,2317.0,staff,behaviour,102317.0
2945,2317.0,were,behaviour,102317.0
2945,2317.0,very,behaviour,102317.0
2945,2317.0,polite,behaviour,102317.0
2945,2317.0,generous,behaviour,102317.0
2945,2317.0,and,behaviour,102317.0
2945,2317.0,patient,behaviour,102317.0
2946,2318.0,flight,behaviour,102318.0
2946,2318.0,attendants,behaviour,102318.0
2946,2318.0,were,behaviour,102318.0
2946,2318.0,pleasant,behaviour,102318.0
2947,2318.0,seemed,behaviour,102318.0
2947,2318.0,to,behaviour,102318.0
2947,2318.0,enjoy,behaviour,102318.0
2947,2318.0,their,behaviour,102318.0
2947,2318.0,job,behaviour,102318.0
2948,2318.0,very,behaviour,102318.0
2948,2318.0,attentive,behaviour,102318.0
2949,2318.0,much,general,102318.0
2949,2318.0,appreciated,general,102318.0
2950,2319.0,friendly,behaviour,102319.0
2951,2319.0,flight,behaviour,102319.0
2951,2319.0,attendants,behaviour,102319.0
2951,2319.0,were,behaviour,102319.0
2951,2319.0,courteous,behaviour,102319.0
2951,2319.0,and,behaviour,102319.0
2951,2319.0,efficient,behaviour,102319.0
2952,2320.0,flight,behaviour,102320.0
2952,2320.0,crew,behaviour,102320.0
2952,2320.0,was,behaviour,102320.0
2952,2320.0,exceptionally,behaviour,102320.0
2952,2320.0,nice,behaviour,102320.0
2954,2321.0,one,behaviour,102321.0
2954,2321.0,of,behaviour,102321.0
2954,2321.0,the,behaviour,102321.0
2954,2321.0,worst,behaviour,102321.0
2954,2321.0,crew,behaviour,102321.0
2955,2322.0,very,behaviour,102322.0
2955,2322.0,efficient,behaviour,102322.0
2955,2322.0,and,behaviour,102322.0
2955,2322.0,curious,behaviour,102322.0
2955,2322.0,crew,behaviour,102322.0
2959,2324.0,helpful,behaviour,102324.0
2959,2324.0,crew,behaviour,102324.0
2960,2325.0,the,behaviour,102325.0
2960,2325.0,attendants,behaviour,102325.0
2960,2325.0,were,behaviour,102325.0
2960,2325.0,gracious,behaviour,102325.0
2960,2325.0,and,behaviour,102325.0
2960,2325.0,helpful,behaviour,102325.0
2961,2326.0,staff,behaviour,102326.0
2961,2326.0,were,behaviour,102326.0
2961,2326.0,ok,behaviour,102326.0
2964,2327.0,nice,behaviour,102327.0
2964,2327.0,staff,behaviour,102327.0
2965,2327.0,a,behaviour,102327.0
2965,2327.0,little,behaviour,102327.0
2965,2327.0,more,behaviour,102327.0
2965,2327.0,generous,behaviour,102327.0
2969,2331.0,announcer,behaviour,102331.0
2969,2331.0,spoke,behaviour,102331.0
2969,2331.0,only,behaviour,102331.0
2969,2331.0,in,behaviour,102331.0
2969,2331.0,french,behaviour,102331.0
2971,2332.0,well,behaviour,102332.0
2971,2332.0,attended,behaviour,102332.0
2974,2334.0,staff,behaviour,102334.0
2974,2334.0,was,behaviour,102334.0
2974,2334.0,very,behaviour,102334.0
2974,2334.0,helpful,behaviour,102334.0
2975,2335.0,crews,behaviour,102335.0
2975,2335.0,are,behaviour,102335.0
2975,2335.0,friendly,behaviour,102335.0
2976,2335.0,cute,behaviour,102335.0
2976,2335.0,crew,behaviour,102335.0
2976,2335.0,called,behaviour,102335.0
2976,2335.0,me,behaviour,102335.0
2980,2338.0,flight,behaviour,102338.0
2980,2338.0,attendants,behaviour,102338.0
2980,2338.0,helpful,behaviour,102338.0
2980,2338.0,and,behaviour,102338.0
2980,2338.0,friendly,behaviour,102338.0
2984,2341.0,didn’t,behaviour,102341.0
2984,2341.0,show,behaviour,102341.0
2984,2341.0,up,behaviour,102341.0
2985,2341.0,staff,behaviour,102341.0
2985,2341.0,could,behaviour,102341.0
2985,2341.0,not,behaviour,102341.0
2985,2341.0,print,behaviour,102341.0
2987,2343.0,air,behaviour,102343.0
2987,2343.0,hostsesses,behaviour,102343.0
2987,2343.0,were,behaviour,102343.0
2987,2343.0,professional,behaviour,102343.0
2988,2343.0,seemed,behaviour,102343.0
2988,2343.0,happy,behaviour,102343.0
2988,2343.0,to,behaviour,102343.0
2988,2343.0,do,behaviour,102343.0
2988,2343.0,their,behaviour,102343.0
2988,2343.0,job,behaviour,102343.0
2992,2345.0,good,behaviour,102345.0
2992,2345.0,attention,behaviour,102345.0
2992,2345.0,to,behaviour,102345.0
2992,2345.0,passenger,behaviour,102345.0
2993,2346.0,staff,behaviour,102346.0
2993,2346.0,are,behaviour,102346.0
2993,2346.0,great,behaviour,102346.0
2993,2346.0,very,behaviour,102346.0
2993,2346.0,friendly,behaviour,102346.0
2994,2346.0,they,behaviour,102346.0
2994,2346.0,speak,behaviour,102346.0
2994,2346.0,english,behaviour,102346.0
2995,2346.0,pilots,behaviour,102346.0
2995,2346.0,they’re,behaviour,102346.0
2995,2346.0,great,behaviour,102346.0
2996,2347.0,staff,general,102347.0
2999,2348.0,staff,behaviour,102348.0
2999,2348.0,were,behaviour,102348.0
2999,2348.0,terrific,behaviour,102348.0
3621,2968.0,agents,behaviour,102968.0
3621,2968.0,give,behaviour,102968.0
3621,2968.0,vague,behaviour,102968.0
3621,2968.0,and,behaviour,102968.0
3621,2968.0,unclear,behaviour,102968.0
3621,2968.0,responses,behaviour,102968.0
3622,2969.0,said,behaviour,102969.0
3622,2969.0,there,behaviour,102969.0
3622,2969.0,was,behaviour,102969.0
3622,2969.0,no,behaviour,102969.0
3622,2969.0,record,behaviour,102969.0
3624,2970.0,staff,behaviour,102970.0
3624,2970.0,is,behaviour,102970.0
3624,2970.0,unbelievably,behaviour,102970.0
3624,2970.0,rude,behaviour,102970.0
3624,2970.0,indifferent,behaviour,102970.0
3624,2970.0,and,behaviour,102970.0
3624,2970.0,incompetent,behaviour,102970.0
3636,2978.0,people,behaviour,102978.0
3636,2978.0,were,behaviour,102978.0
3636,2978.0,welcoming,behaviour,102978.0
3636,2978.0,and,behaviour,102978.0
3636,2978.0,very,behaviour,102978.0
3636,2978.0,accommodating,behaviour,102978.0
3642,2984.0,entire,behaviour,102984.0
3642,2984.0,crew,behaviour,102984.0
3642,2984.0,were,behaviour,102984.0
3642,2984.0,well,behaviour,102984.0
3642,2984.0,behaved,behaviour,102984.0
4342,718.0,friendly,behaviour,200718.0
4342,718.0,chat,behaviour,200718.0
4343,718.0,engaging,behaviour,200718.0
4343,718.0,crew,behaviour,200718.0
4343,718.0,team,behaviour,200718.0
4347,721.0,friendly,behaviour,200721.0
4348,721.0,attentive,behaviour,200721.0
4349,721.0,professional,behaviour,200721.0
4350,721.0,exceptional,behaviour,200721.0
4350,721.0,service,behaviour,200721.0
4363,730.0,not,behaviour,200730.0
4363,730.0,mush,behaviour,200730.0
4363,730.0,cabin,behaviour,200730.0
4363,730.0,service,behaviour,200730.0
4367,733.0,disgraceful,behaviour,200733.0
4368,734.0,upo,behaviour,200734.0
4368,734.0,to,behaviour,200734.0
4368,734.0,date,behaviour,200734.0
4369,735.0,efficient,behaviour,200735.0
4372,737.0,staff,behaviour,200737.0
4372,737.0,very,behaviour,200737.0
4372,737.0,courteous,behaviour,200737.0
4373,737.0,professional,behaviour,200737.0
4378,739.0,attentive,behaviour,200739.0
4379,739.0,helpful,behaviour,200739.0
4386,744.0,professional,behaviour,200744.0
4400,756.0,helpful,behaviour,200756.0
4401,757.0,friendly,behaviour,200757.0
4402,758.0,best,behaviour,200758.0
4402,758.0,staff,behaviour,200758.0
4403,758.0,friendly,behaviour,200758.0
4404,758.0,professional,behaviour,200758.0
4405,758.0,helpful,behaviour,200758.0
4407,760.0,respectful,behaviour,200760.0
4408,760.0,efficient,behaviour,200760.0
4409,760.0,not,behaviour,200760.0
4409,760.0,arrogant,behaviour,200760.0
4414,764.0,staff,behaviour,200764.0
4414,764.0,friendly,behaviour,200764.0
4415,765.0,great,behaviour,200765.0
4415,765.0,staff,behaviour,200765.0
4417,767.0,nice,behaviour,200767.0
4417,767.0,staff,behaviour,200767.0
4419,768.0,friendly,behaviour,200768.0
4420,768.0,helpful,behaviour,200768.0
4426,773.0,excellent,behaviour,200773.0
4431,776.0,generously,behaviour,200776.0
4431,776.0,kind,behaviour,200776.0
4432,777.0,helped,behaviour,200777.0
4433,778.0,professional,behaviour,200778.0
4434,778.0,attentive,behaviour,200778.0
4434,778.0,staff,behaviour,200778.0
4440,782.0,arrogant,behaviour,200782.0
4441,782.0,selective,behaviour,200782.0
4441,782.0,in,behaviour,200782.0
4441,782.0,greeting,behaviour,200782.0
4446,785.0,welcoming,behaviour,200785.0
4447,786.0,accommodating,behaviour,200786.0
4448,786.0,friendly,behaviour,200786.0
4450,788.0,friendly,behaviour,200788.0
4451,789.0,courteous,behaviour,200789.0
4456,793.0,fabulous,behaviour,200793.0
4459,795.0,helpful,behaviour,200795.0
4460,796.0,busy,behaviour,200796.0
4460,796.0,talking,behaviour,200796.0
4463,798.0,professional,behaviour,200798.0
4467,799.0,attentive,behaviour,200799.0
4468,799.0,friendly,behaviour,200799.0
4469,800.0,cabin,behaviour,200800.0
4469,800.0,crew,behaviour,200800.0
4469,800.0,pleasant,behaviour,200800.0
4470,800.0,well,general,200800.0
4470,800.0,presented,general,200800.0
5109,1438.0,nice,behaviour,201438.0
5109,1438.0,staff,behaviour,201438.0
5110,1438.0,helpful,behaviour,201438.0
5141,1463.0,greeted,behaviour,201463.0
5147,1464.0,warmly,behaviour,201464.0
5147,1464.0,greeted,behaviour,201464.0
5148,1464.0,very,behaviour,201464.0
5148,1464.0,helpful,behaviour,201464.0
5149,1465.0,staff,behaviour,201465.0
5149,1465.0,really,behaviour,201465.0
5149,1465.0,personable,behaviour,201465.0
5149,1465.0,approachable,behaviour,201465.0
5150,1465.0,very,behaviour,201465.0
5150,1465.0,polite,behaviour,201465.0
5151,1465.0,keen,behaviour,201465.0
5151,1465.0,to,behaviour,201465.0
5151,1465.0,help,behaviour,201465.0
5154,1468.0,pampered,behaviour,201468.0
5154,1468.0,us,behaviour,201468.0
5155,1469.0,so,behaviour,201469.0
5155,1469.0,kind,behaviour,201469.0
5156,1469.0,warmly,behaviour,201469.0
5156,1469.0,greeted,behaviour,201469.0
5159,1470.0,better,behaviour,201470.0
5159,1470.0,crew,behaviour,201470.0
5159,1470.0,attention,behaviour,201470.0
5160,1470.0,interaction,behaviour,201470.0
5161,1470.0,working,behaviour,201470.0
5161,1470.0,well,behaviour,201470.0
5162,1471.0,fabulous,behaviour,201471.0
5162,1471.0,crew,behaviour,201471.0
5173,1478.0,very,behaviour,201478.0
5173,1478.0,helpful,behaviour,201478.0
5174,1478.0,friendly,behaviour,201478.0
5174,1478.0,smile,behaviour,201478.0
5175,1478.0,care,behaviour,201478.0
5176,1478.0,attention,behaviour,201478.0
5177,1479.0,excellent,behaviour,201479.0
5179,1480.0,special,behaviour,201480.0
5179,1480.0,demeanor,behaviour,201480.0
5180,1480.0,attentive,behaviour,201480.0
5181,1480.0,without,behaviour,201480.0
5181,1480.0,being,behaviour,201480.0
5181,1480.0,obsequious,behaviour,201480.0
5182,1480.0,great,behaviour,201480.0
5182,1480.0,sense,behaviour,201480.0
5182,1480.0,of,behaviour,201480.0
5182,1480.0,humor,behaviour,201480.0
5183,1481.0,staff,behaviour,201481.0
5183,1481.0,pleasant,behaviour,201481.0
5184,1481.0,friendly,behaviour,201481.0
5187,1483.0,staff,behaviour,201483.0
5187,1483.0,was,behaviour,201483.0
5187,1483.0,friendly,behaviour,201483.0
5188,1483.0,really,behaviour,201483.0
5188,1483.0,helpful,behaviour,201483.0
5191,1485.0,cabin,behaviour,201485.0
5191,1485.0,crew,behaviour,201485.0
5191,1485.0,was,behaviour,201485.0
5191,1485.0,friendly,behaviour,201485.0
5192,1485.0,on,behaviour,201485.0
5192,1485.0,their,behaviour,201485.0
5192,1485.0,toes,behaviour,201485.0
5193,1485.0,excellent,behaviour,201485.0
5193,1485.0,job,behaviour,201485.0
5195,1487.0,attentive,behaviour,201487.0
5201,1491.0,friendly,behaviour,201491.0
5201,1491.0,staff,behaviour,201491.0
5207,1495.0,attendant,behaviour,201495.0
5207,1495.0,service,behaviour,201495.0
5207,1495.0,was,behaviour,201495.0
5207,1495.0,quick,behaviour,201495.0
5212,1499.0,well,behaviour,201499.0
5212,1499.0,looked,behaviour,201499.0
5212,1499.0,after,behaviour,201499.0
5221,1505.0,happy,behaviour,201505.0
5221,1505.0,to,behaviour,201505.0
5221,1505.0,help,behaviour,201505.0
5222,1505.0,treated,behaviour,201505.0
5223,1506.0,very,behaviour,201506.0
5223,1506.0,condescending,behaviour,201506.0
5225,1507.0,extremely,behaviour,201507.0
5225,1507.0,professional,behaviour,201507.0
5226,1507.0,friendly,behaviour,201507.0
5227,1507.0,helpful,behaviour,201507.0
5228,1508.0,extremely,behaviour,201508.0
5228,1508.0,friendly,behaviour,201508.0
5229,1508.0,helpful,behaviour,201508.0
5230,1509.0,friendly,behaviour,201509.0
5231,1510.0,efficient,behaviour,201510.0
5234,1512.0,efficient,behaviour,201512.0
5236,1513.0,attentive,behaviour,201513.0
5237,1513.0,courteous,behaviour,201513.0
5238,1513.0,helpful,behaviour,201513.0
5240,1515.0,staff,behaviour,201515.0
5240,1515.0,great,behaviour,201515.0
5241,1515.0,helpful,behaviour,201515.0
5243,1516.0,extremely,behaviour,201516.0
5243,1516.0,generous,behaviour,201516.0
5244,1516.0,considerate,behaviour,201516.0
5892,2158.0,helpful,behaviour,202158.0
5893,2158.0,very,behaviour,202158.0
5893,2158.0,professional,behaviour,202158.0
5894,2158.0,kind,behaviour,202158.0
5902,2163.0,insuring,behaviour,202163.0
5902,2163.0,people,behaviour,202163.0
5902,2163.0,were,behaviour,202163.0
5902,2163.0,wearing,behaviour,202163.0
5902,2163.0,masks,behaviour,202163.0
5903,2163.0,trying,behaviour,202163.0
5903,2163.0,to,behaviour,202163.0
5903,2163.0,social,behaviour,202163.0
5903,2163.0,distance,behaviour,202163.0
5904,2163.0,amazing,behaviour,202163.0
5906,2165.0,own,behaviour,202165.0
5906,2165.0,staff,behaviour,202165.0
5906,2165.0,was,behaviour,202165.0
5906,2165.0,not,behaviour,202165.0
5906,2165.0,wearing,behaviour,202165.0
5906,2165.0,a,behaviour,202165.0
5906,2165.0,mask,behaviour,202165.0
5925,2177.0,fantastic,behaviour,202177.0
5925,2177.0,crews,behaviour,202177.0
5936,2186.0,bad,behaviour,202186.0
5936,2186.0,service,behaviour,202186.0
5938,2187.0,thankful,behaviour,202187.0
5938,2187.0,to,behaviour,202187.0
5938,2187.0,the,behaviour,202187.0
5938,2187.0,flight,behaviour,202187.0
5938,2187.0,crew,behaviour,202187.0
5939,2187.0,professionalism,behaviour,202187.0
5940,2187.0,outstanding,behaviour,202187.0
5940,2187.0,customer,behaviour,202187.0
5940,2187.0,service,behaviour,202187.0
5947,2192.0,good,behaviour,202192.0
5947,2192.0,care,behaviour,202192.0
5947,2192.0,of,behaviour,202192.0
5947,2192.0,their,behaviour,202192.0
5947,2192.0,members,behaviour,202192.0
5958,2199.0,not,behaviour,202199.0
5958,2199.0,helping,behaviour,202199.0
6631,2868.0,lack,behaviour,202868.0
6631,2868.0,of,behaviour,202868.0
6631,2868.0,respect,behaviour,202868.0
6635,2871.0,poor,behaviour,202871.0
6635,2871.0,staff,behaviour,202871.0
6636,2871.0,zero,behaviour,202871.0
6636,2871.0,personality,behaviour,202871.0
6636,2871.0,from,behaviour,202871.0
6636,2871.0,staff,behaviour,202871.0
6639,2873.0,staff,behaviour,202873.0
6639,2873.0,should,behaviour,202873.0
6639,2873.0,have,behaviour,202873.0
6639,2873.0,stepped,behaviour,202873.0
6639,2873.0,in,behaviour,202873.0
6646,2877.0,polite,behaviour,202877.0
6647,2877.0,professional,behaviour,202877.0
6652,2880.0,do,behaviour,202880.0
6652,2880.0,not,behaviour,202880.0
6652,2880.0,speak,behaviour,202880.0
6660,2884.0,staff,behaviour,202884.0
6660,2884.0,are,behaviour,202884.0
6660,2884.0,efficient,behaviour,202884.0
6661,2884.0,get,behaviour,202884.0
6661,2884.0,the,behaviour,202884.0
6661,2884.0,job,behaviour,202884.0
6661,2884.0,done,behaviour,202884.0
6662,2885.0,staff,behaviour,202885.0
6662,2885.0,was,behaviour,202885.0
6662,2885.0,amazing,behaviour,202885.0
6663,2885.0,friendliness,behaviour,202885.0
6664,2885.0,nice,behaviour,202885.0
6665,2886.0,helped,behaviour,202886.0
6665,2886.0,me,behaviour,202886.0
6665,2886.0,well,behaviour,202886.0
6667,2887.0,knows,behaviour,202887.0
6667,2887.0,nothing,behaviour,202887.0
6678,2892.0,cabin,behaviour,202892.0
6678,2892.0,crew,behaviour,202892.0
6678,2892.0,was,behaviour,202892.0
6678,2892.0,friendly,behaviour,202892.0
6679,2892.0,professional,behaviour,202892.0
6684,2896.0,friendly,behaviour,202896.0
6693,2901.0,cheerful,behaviour,202901.0
6704,2911.0,attention,behaviour,202911.0
6704,2911.0,from,behaviour,202911.0
6704,2911.0,crew,behaviour,202911.0
6706,2912.0,very,behaviour,202912.0
6706,2912.0,friendly,behaviour,202912.0
6707,2912.0,helpful,behaviour,202912.0
6711,2916.0,pleasent,behaviour,202916.0
6716,2919.0,very,behaviour,202919.0
6716,2919.0,polite,behaviour,202919.0
6718,2921.0,helpful,behaviour,202921.0
6722,2924.0,poor,behaviour,202924.0
6722,2924.0,staff,behaviour,202924.0
6722,2924.0,on,behaviour,202924.0
6722,2924.0,board,behaviour,202924.0
6747,2939.0,cabin,behaviour,202939.0
6747,2939.0,crew,behaviour,202939.0
6747,2939.0,were,behaviour,202939.0
6747,2939.0,friendly,behaviour,202939.0
6748,2939.0,helpful,behaviour,202939.0
6755,2944.0,professionalism,behaviour,202944.0
6774,2957.0,staff,behaviour,202957.0
6774,2957.0,were,behaviour,202957.0
6774,2957.0,aware,behaviour,202957.0
6777,2960.0,nice,behaviour,202960.0
6777,2960.0,personal,behaviour,202960.0
6777,2960.0,onboard,behaviour,202960.0
6779,2961.0,staff,behaviour,202961.0
6779,2961.0,were,behaviour,202961.0
6779,2961.0,excellent,behaviour,202961.0
6780,2961.0,helpful,behaviour,202961.0
6782,2963.0,efficiently,behaviour,202963.0
6784,2964.0,commend,behaviour,202964.0
6784,2964.0,the,behaviour,202964.0
6784,2964.0,ba,behaviour,202964.0
6784,2964.0,cabin,behaviour,202964.0
6784,2964.0,crew,behaviour,202964.0
6789,2968.0,happy,behaviour,202968.0
6790,2969.0,staff,behaviour,202969.0
6790,2969.0,were,behaviour,202969.0
6790,2969.0,excellent,behaviour,202969.0
6791,2969.0,staff,behaviour,202969.0
6791,2969.0,were,behaviour,202969.0
6791,2969.0,reassuring,behaviour,202969.0
6794,2971.0,did,behaviour,202971.0
6794,2971.0,not,behaviour,202971.0
6794,2971.0,seem,behaviour,202971.0
6794,2971.0,to,behaviour,202971.0
6794,2971.0,care,behaviour,202971.0
6799,2975.0,friendly,behaviour,202975.0
7406,2.0,staff,behaviour,200002.0
7406,2.0,is,behaviour,200002.0
7406,2.0,mature,behaviour,200002.0
7407,2.0,well,behaviour,200002.0
7407,2.0,trained,behaviour,200002.0
7415,4.0,were,behaviour,200004.0
7415,4.0,not,behaviour,200004.0
7415,4.0,aware,behaviour,200004.0
7416,5.0,affable,behaviour,200005.0
7416,5.0,staff,behaviour,200005.0
7417,5.0,hospitality,behaviour,200005.0
7419,7.0,hospitality,behaviour,200007.0
7420,8.0,crew,behaviour,200008.0
7420,8.0,was,behaviour,200008.0
7420,8.0,courteous,behaviour,200008.0
7425,11.0,helpful,behaviour,200011.0
7426,12.0,cabin,behaviour,200012.0
7426,12.0,crew,behaviour,200012.0
7426,12.0,were,behaviour,200012.0
7426,12.0,very,behaviour,200012.0
7426,12.0,helpful,behaviour,200012.0
7427,12.0,welcoming,behaviour,200012.0
7429,13.0,staff,behaviour,200013.0
7429,13.0,was,behaviour,200013.0
7429,13.0,pathetic,behaviour,200013.0
7430,14.0,crew,behaviour,200014.0
7430,14.0,is,behaviour,200014.0
7430,14.0,awesome,behaviour,200014.0
7431,14.0,warmth,behaviour,200014.0
7432,15.0,exceptional,behaviour,200015.0
7432,15.0,crew,behaviour,200015.0
7433,15.0,amazing,behaviour,200015.0
7433,15.0,attitude,behaviour,200015.0
7434,15.0,wonderful,behaviour,200015.0
7435,16.0,air,behaviour,200016.0
7435,16.0,hostess,behaviour,200016.0
7435,16.0,were,behaviour,200016.0
7435,16.0,pleasant,behaviour,200016.0
7440,18.0,clasiness,behaviour,200018.0
7440,18.0,of,behaviour,200018.0
7440,18.0,the,behaviour,200018.0
7440,18.0,staff,behaviour,200018.0
7443,20.0,hospitality,behaviour,200020.0
7445,21.0,sensitive,behaviour,200021.0
7445,21.0,flight,behaviour,200021.0
7445,21.0,attendants,behaviour,200021.0
7446,22.0,friendly,behaviour,200022.0
7450,25.0,announcements,behaviour,200025.0
7450,25.0,could,behaviour,200025.0
7450,25.0,be,behaviour,200025.0
7450,25.0,more,behaviour,200025.0
7450,25.0,articulate,behaviour,200025.0
7452,26.0,extremely,behaviour,200026.0
7452,26.0,helpful,behaviour,200026.0
7460,30.0,crew,behaviour,200030.0
7460,30.0,very,behaviour,200030.0
7460,30.0,concerned,behaviour,200030.0
7463,33.0,flight,behaviour,200033.0
7463,33.0,attendants,behaviour,200033.0
7463,33.0,are,behaviour,200033.0
7463,33.0,good,behaviour,200033.0
7465,34.0,good,behaviour,200034.0
7465,34.0,flight,behaviour,200034.0
7465,34.0,crew,behaviour,200034.0
7466,34.0,polite,behaviour,200034.0
7467,34.0,clear,behaviour,200034.0
7467,34.0,in,behaviour,200034.0
7467,34.0,their,behaviour,200034.0
7467,34.0,communication,behaviour,200034.0
7468,34.0,trained,behaviour,200034.0
7468,34.0,well,behaviour,200034.0
7469,35.0,did,behaviour,200035.0
7469,35.0,not,behaviour,200035.0
7469,35.0,respond,behaviour,200035.0
7473,37.0,friendly,behaviour,200037.0
7473,37.0,staff,behaviour,200037.0
7474,37.0,very,behaviour,200037.0
7474,37.0,helpful,behaviour,200037.0
7482,42.0,crew,behaviour,200042.0
7482,42.0,as,behaviour,200042.0
7482,42.0,very,behaviour,200042.0
7482,42.0,helpfu,behaviour,200042.0
7483,43.0,best,behaviour,200043.0
7483,43.0,staff,behaviour,200043.0
7484,43.0,super,behaviour,200043.0
7484,43.0,courteous,behaviour,200043.0
7485,43.0,very,behaviour,200043.0
7485,43.0,well,behaviour,200043.0
7485,43.0,trained,behaviour,200043.0
7486,44.0,impeccable,behaviour,200044.0
7490,48.0,lack,behaviour,200048.0
7490,48.0,of,behaviour,200048.0
7490,48.0,empathy,behaviour,200048.0
7491,49.0,cabin,behaviour,200049.0
7491,49.0,crew,behaviour,200049.0
7491,49.0,was,behaviour,200049.0
7491,49.0,kind,behaviour,200049.0
7493,51.0,friendly,behaviour,200051.0
7493,51.0,and,behaviour,200051.0
7493,51.0,courteous,behaviour,200051.0
7494,52.0,exceptional,behaviour,200052.0
7494,52.0,friendly,behaviour,200052.0
7497,54.0,helped,behaviour,200054.0
7498,54.0,smiling,behaviour,200054.0
7498,54.0,staff,behaviour,200054.0
7499,54.0,welcome,behaviour,200054.0
7499,54.0,attitude,behaviour,200054.0
7500,55.0,nice,behaviour,200055.0
7501,55.0,very,behaviour,200055.0
7501,55.0,energetic,behaviour,200055.0
7502,55.0,smile,behaviour,200055.0
7503,56.0,helpful,behaviour,200056.0
7504,56.0,attentive,behaviour,200056.0
7505,57.0,courteous,behaviour,200057.0
7506,58.0,friendly,behaviour,200058.0
7506,58.0,cabin,behaviour,200058.0
7506,58.0,crew,behaviour,200058.0
7509,60.0,polite,behaviour,200060.0
7510,60.0,helpful,behaviour,200060.0
7512,62.0,did,behaviour,200062.0
7512,62.0,not,behaviour,200062.0
7512,62.0,help,behaviour,200062.0
7513,62.0,rudeness,behaviour,200062.0
7514,62.0,rudely,behaviour,200062.0
7516,64.0,well,behaviour,200064.0
7516,64.0,behaved,behaviour,200064.0
7517,64.0,responsive,behaviour,200064.0
7521,68.0,efficient,behaviour,200068.0
7522,68.0,friendly,behaviour,200068.0
7523,69.0,efficient,behaviour,200069.0
7524,69.0,friendly,behaviour,200069.0
7525,70.0,efficient,behaviour,200070.0
7526,70.0,friendly,behaviour,200070.0
