[{"id": 3854, "sentence": ["dragonair"], "Details": [], "Labels": [{"Off-flight service": ["dragonair"]}]}, {"id": 3855, "sentence": ["flight itself was very smooth and take off and landing were", "good air hostesses were horrible", "very rude inconsiderate unprofessional and incomprehensible value for money is horrible because the inflight meal seems like they have they have slapped some leftovers together a passenger next to me who had ordered the vegetarian meal was given a single puri indian bread without any condiments or vegetable side  a pathetic excuse for a meal", "the non veg meal was hardly tolerable as well on a flight with mostly elderly citizens the hospitality was certainly not good"], "Details": [[1, ["veg", "FW"], ["tolerable", "JJ", 0.0], "acl:relcl", "f"], [0, ["excuse", "NN", 0.08], ["a", "DT"], "det", "f"], [0, ["slapped", "VBN", 0.0], ["leftovers", "NNS"], "obj", "f"], [1, ["excuse", "NN"], ["pathetic", "JJ", -0.57], "amod", "f"], [1, ["horrible", "JJ"], ["hostesses", "NNS", 0.0], "nsubj", "st"], [0, ["tolerable", "JJ", 0.0], ["meal", "NN"], "nsubj", "f"], [1, ["meal", "NN"], ["a", "DT", 0.0], "det", "f"], [0, ["horrible", "JJ", -0.54], ["hostesses", "NNS"], "nsubj", "st"], [1, ["ordered", "VBN"], ["leftovers", "NNS", 0.0], "nsubj", "f"], [1, ["rude", "JJ"], ["unprofessional", "JJ", -0.51], "dep", "st"], [1, ["flight", "NN"], ["a", "DT", 0.0], "det", "f"], [1, ["rude", "JJ"], ["very", "RB", 0.0], "advmod", "st"], [1, ["meal", "NN"], ["for", "IN", 0.0], "case", "f"], [1, ["meal", "NN"], ["inflight", "NN", 0.0], "compound", "f"], [0, ["value", "NN", 0.34], ["incomprehensible", "NN"], "amod", "st"], [1, ["tolerable", "JJ"], ["meal", "NN", 0.0], "nsubj", "f"], [1, ["hostesses", "NNS"], ["air", "NN", 0.0], "compound", "st"], [1, ["flight", "NN"], ["smooth", "JJ", 0.0], "acl:relcl", "o"], [0, ["money", "NN", 0.0], ["for", "IN"], "case", "f"], [1, ["tolerable", "JJ"], ["hardly", "RB", 0.0], "advmod", "f"], [0, ["rude", "JJ", -0.46], ["incomprehensible", "NN"], "conj:and", "st"], [1, ["brands", "NNS"], ["excellent", "JJ", 0.57], "amod", "s"], [1, ["rude", "JJ"], ["inconsiderate", "JJ", -0.44], "dep", "st"], [1, ["hostesses", "NNS"], ["good", "JJ", 0.44], "amod", "st"], [1, ["good", "JJ"], ["not", "RB", 0.0], "advmod", "st"], [0, ["excuse", "NN", 0.08], ["pathetic", "JJ"], "amod", "f"], [0, ["meal", "NN", 0.0], ["a", "DT"], "det", "f"], [0, ["meal", "NN", 0.0], ["for", "IN"], "case", "f"], [1, ["smooth", "JJ"], ["very", "RB", 0.0], "advmod", "st"], [1, ["good", "JJ"], ["hospitality", "NN", 0.0], "nsubj", "st"], [1, ["leftovers", "NNS"], ["some", "DT", 0.0], "det", "f"], [0, ["value", "NN", 0.34], ["rude", "JJ"], "amod", "st"], [1, ["value", "NN"], ["incomprehensible", "NN", 0.0], "amod", "st"], [0, ["excuse", "NN", 0.08], ["meal", "NN"], "nmod:for", "f"], [1, ["excuse", "NN"], ["meal", "NN", 0.0], "nmod:for", "f"]], "Labels": [{"Food": ["inflight meal", "slapped some leftovers", "pathetic excuse for a meal", "hardly tolerable"]}, {"Off-flight service": ["very smooth"]}, {"Negative Opinion": ["value for money is horrible"]}, {"Staff": ["air hostesses", "horrible", "very rude inconsiderate", "unprofessional", "incomprehensible", "hospitality", "not good"]}]}, {"id": 3856, "sentence": ["\"kota kinabalu to hong kong", "it was a pleasant experience flying on the second day of chinese new year flight ka060 was delayed until one thousand, five hundred one thousand five hundred from the original schedule departure one thousand, two hundred point one thousand two hundred point due to unforeseen circumstances", "i was not able to make my flight connection to beijing i was delighted that a notify sms was sent to my mobile informing of such delay", "another notification was sent from bki based ground staff to further confirm such i arrived the airport earlier with the hope that i will be able to get a replacement flight to beijing seemingly that it was indeed risky for me to get a connecting flight from hkg to pek on", "one thousand, eight hundred and thirty point one", "thousand eight hundred and thirty point they offered me the option of next day departure which i agreed upon travelling was made easier as a confirmed seat and boarding pass for cx390 was also issued at the same time", "similarly hotel was also arranged for me upon boarding flight ka060", "i was assisted by the cabin crew to my seat", "a apology was also made prior to departure informing the reason behind such delay i am impressed with the professionalism of the flight attendants in flight meal was promptly served after airborne i had been flying cathay dragon since two thousand and fourteen point two thousand and fourteen point", "nonetheless i am slightly disappointed with the inflight meal the portion has now been resized to smaller portion since two thousand and sixteen point two thousand and sixteen point in the last twelve twelve months", "i had also flown with other airline in this region asiana airlines still serve dessert and metal cutlery which cathay dragon now longer provide\""], "Details": [[1, ["resized", "VBN"], ["portion", "NN", 0.0], "obl:to", "f"], [1, ["sent", "VBN"], ["was", "VBD", 0.0], "aux:pass", "f"], [1, ["served", "VBN"], ["promptly", "RB", 0.0], "advmod", "f"], [1, ["assisted", "VBN"], ["crew", "NN", 0.0], "obl:agent", "st"], [1, ["disappointed", "JJ"], ["meal", "NN", 0.0], "obl:with", "f"], [1, ["ka060", "NN"], ["boarding", "NN", 0.0], "compound", "o"], [1, ["informing", "VBG"], ["delay", "NN", -0.32], "obl:of", "o"], [1, ["delayed", "VBN"], ["was", "VBD", 0.0], "aux:pass", "f"], [1, ["served", "VBN"], ["was", "VBD", 0.0], "aux:pass", "f"], [1, ["issued", "VBN"], ["seat", "NN", 0.0], "nsubj:pass", "s"], [1, ["assisted", "VBN"], ["seat", "NN", 0.0], "obl:to", "s"], [1, ["hostesses", "NNS"], ["air", "NN", 0.0], "compound", "st"], [1, ["issued", "VBN"], ["was", "VBD", 0.0], "aux:pass", "f"], [1, ["pass", "NN"], ["boarding", "NN", 0.0], "compound", "o"], [1, ["flight", "NN"], ["served", "VBN", 0.0], "acl:relcl", "f"], [1, ["issued", "VBN"], ["pass", "NN", 0.0], "nsubj:pass", "o"], [1, ["assisted", "VBN"], ["was", "VBD", 0.0], "aux:pass", "f"], [1, ["reason", "NN"], ["delay", "NN", -0.32], "nmod:behind", "o"], [1, ["risky", "JJ"], ["was", "VBD", 0.0], "cop", "f"], [1, ["portion", "NN"], ["smaller", "JJR", 0.0], "amod", "f"], [1, ["arranged", "VBN"], ["was", "VBD", 0.0], "aux:pass", "f"], [0, ["seat", "NN", 0.0], ["pass", "NN"], "conj:and", "o"], [0, ["served", "VBN", 0.0], ["was", "VBD"], "aux:pass", "f"], [1, ["attendants", "NNS"], ["meal", "NN", 0.0], "nmod:in", "f"], [0, ["delighted", "JJ", 0.51], ["was", "VBD"], "cop", "f"]], "Labels": [{"Food": ["meal was promptly served", "meal", "smaller portion"]}, {"Off-flight service": ["boarding pass", "delay"]}, {"Positive Opinion": ["delighted"]}, {"Seat": ["onfirmed seat"]}, {"Staff": ["apology", "crew"]}]}, {"id": 3857, "sentence": ["i commute quite frequently from hong kong to beijing either on the five five cathay pacific or the six six cathay dragon", "and it is dragon that offers better service in general from my experience", "the meal is better though again cabin staff no longer bother to greet members what is better is the meal choice from hong kong restaurant dishes", "but what is downgrading is the offer of a piece of cheap hong kong street cafe cookie promoted by a local actor unknown to international passengers", "wonder if this is advertising the cookie is not tasteful and its distribution is below the dignity of business class and i note that on this flight they even have first class", "but my dislike of the cookie does not deter me from flying this flight again"], "Details": [[1, ["beijing", "VBG"], ["to", "IN", 0.0], "mark", "st"], [1, ["bother", "VB"], ["greet", "VB", 0.32], "xcomp", "st"], [1, ["greet", "VB"], ["to", "TO", 0.0], "mark", "st"], [1, ["dignity", "NN"], ["is", "VBZ", 0.0], "cop", "f"], [0, ["choice", "NN", 0.0], ["meal", "NN"], "compound", "f"], [1, ["members", "NNS"], ["better", "JJR", 0.44], "acl:relcl", "f"], [1, ["tasteful", "JJ"], ["not", "RB", 0.0], "advmod", "f"], [1, ["piece", "NN"], ["cookie", "NN", 0.0], "nmod:of", "f"], [1, ["offer", "NN"], ["is", "VBZ", 0.0], "cop", "f"], [1, ["dragon", "NN"], ["is", "VBZ", 0.0], "cop", "f"], [1, ["disappointed", "JJ"], ["meal", "NN", 0.0], "obl:with", "f"], [1, ["cookie", "NN"], ["street", "NN", 0.0], "compound", "f"], [1, ["passengers", "NNS"], ["to", "IN", 0.0], "case", "st"], [0, ["choice", "NN", 0.0], ["staff", "NN"], "nsubj", "st"], [1, ["better", "JJR"], ["is", "VBZ", 0.0], "cop", "f"], [1, ["choice", "NN"], ["meal", "NN", 0.0], "compound", "f"], [0, ["choice", "NN", 0.0], ["is", "VBZ"], "cop", "f"], [0, ["better", "JJR", 0.44], ["meal", "NN"], "nsubj", "f"], [0, ["better", "JJR", 0.44], ["is", "VBZ"], "cop", "f"], [1, ["advertising", "VBG"], ["cookie", "NN", 0.0], "obj", "f"], [1, ["longer", "RBR"], ["no", "RB", -0.3], "advmod", "st"], [0, ["bother", "VB", -0.34], ["greet", "VB"], "xcomp", "st"], [1, ["service", "NN"], ["better", "JJR", 0.44], "amod", "f"], [1, ["bother", "VB"], ["longer", "RBR", 0.0], "advmod", "st"], [0, ["staff", "NN", 0.0], ["bother", "VB"], "dep", "st"], [1, ["choice", "NN"], ["staff", "NN", 0.0], "nsubj", "st"], [1, ["staff", "NN"], ["bother", "VB", -0.34], "dep", "st"], [1, ["cookie", "NN"], ["cafe", "NN", 0.0], "compound", "f"], [0, ["downgrading", "VBG", 0.0], ["is", "VBZ"], "aux", "f"], [1, ["dislike", "NN"], ["cookie", "NN", 0.0], "nmod:of", "f"], [1, ["better", "JJR"], ["choice", "NN", 0.0], "advcl:though", "f"], [1, ["choice", "NN"], ["is", "VBZ", 0.0], "cop", "f"], [1, ["deter", "VB"], ["not", "RB", 0.0], "advmod", "f"]], "Labels": [{"Food": ["meal is better", "meal choice", "downgrading", "street cafe cookie", "not tastefu"]}, {"Staff": ["staff", "no longer bother to greet"]}]}, {"id": 3858, "sentence": ["hong kong to da nang first day as cathay dragon but unfortunately really disappointing no inflight entertainment no drinks run of any kind chose the chicken with noodles but the chicken must have been on holiday staff were ok and cabin clean", "but it all looked rather tired", "have had much better experiences on nofrills airlines for less money"], "Details": [[0, ["disappointing", "JJ", -0.49], ["ok", "JJ"], "ccomp", "st"], [1, ["tired", "JJ"], ["rather", "RB", 0.0], "advmod", "c"], [1, ["chose", "VBD"], ["staff", "NN", 0.0], "conj:but", "st"], [0, ["entertainment", "NN", 0.42], ["no", "DT"], "det", "f"], [1, ["dragon", "NN"], ["clean", "JJ", 0.4], "conj:but", "c"], [1, ["disappointing", "JJ"], ["ok", "JJ", 0.3], "ccomp", "st"], [1, ["run", "NN"], ["drinks", "NNS", 0.0], "compound", "f"], [1, ["clean", "JJ"], ["cabin", "NN", 0.0], "dep", "c"], [0, ["entertainment", "NN", 0.42], ["no", "DT"], "det", "e"], [0, ["ok", "JJ", 0.3], ["entertainment", "NN"], "nsubj", "e"], [1, ["run", "NN"], ["no", "DT", -0.3], "det", "f"], [1, ["looked", "VBD"], ["tired", "JJ", -0.44], "xcomp", "c"], [1, ["entertainment", "NN"], ["inflight", "JJ", 0.0], "amod", "e"], [1, ["better", "JJR"], ["choice", "NN", 0.0], "advcl:though", "f"], [0, ["entertainment", "NN", 0.42], ["staff", "NN"], "acl:relcl", "st"]], "Labels": [{"Entertainment": ["no inflight entertainment"]}, {"Cabin": ["cabin clean", "l looked rather tired"]}, {"Food": ["no drinks"]}, {"Negative Opinion": ["disappointing"]}, {"Staff": ["staff", "ok"]}]}, {"id": 3859, "sentence": ["dragonair is part of cathay pacific from hong kong to guangzhou is less than one hundred one hundred miles", "but they provide an excellent service  ", "when on board cabin crew deliver a bottle of water and a cookie", "the cabin crew are very nice"], "Details": [[0, ["bottle", "NN", 0.0], ["a", "DT"], "det", "f"], [1, ["provide", "VBP"], ["service", "NN", 0.0], "obj", "i"], [1, ["cathay", "NN"], ["of", "IN", 0.0], "case", "f"], [1, ["nice", "JJ"], ["are", "VBP", 0.0], "cop", "st"], [1, ["bottle", "NN"], ["water", "NN", 0.0], "nmod:of", "f"], [1, ["deliver", "VBP"], ["crew", "NN", 0.0], "nsubj", "st"], [1, ["service", "NN"], ["excellent", "JJ", 0.57], "amod", "i"], [1, ["looked", "VBD"], ["tired", "JJ", -0.44], "xcomp", "c"], [1, ["cookie", "NN"], ["a", "DT", 0.0], "det", "f"], [1, ["nice", "JJ"], ["crew", "NN", 0.0], "nsubj", "st"], [0, ["deliver", "VBP", 0.0], ["bottle", "NN"], "obj", "f"], [0, ["deliver", "VBP", 0.0], ["crew", "NN"], "nsubj", "st"], [1, ["water", "NN"], ["of", "IN", 0.0], "case", "f"], [1, ["deliver", "VBP"], ["bottle", "NN", 0.0], "obj", "f"]], "Labels": [{"Food": ["deliver a bottle of water"]}, {"In-flight service": ["excellent service"]}, {"Staff": ["crew are very nice"]}]}, {"id": 3860, "sentence": ["kolkata to hong kong", "the look of the cabin is like a budget airline cabin with no entertainment charging plug or coat hook", "however they do provide blanket and pillow seats are comfortable with enough leg room the food was served in a box and contained a sandwich a small bowl of fruit packet of two cookies and small bar of chocolate though the flight starts at one point one", "five one point", "one five am but the quantity of the food served is very less and is not as per cathay standard toilets were clean and fresh beverage cart service is not available in the flight", "but if you ask for any beverages they will give you what you want subject to availability similarly while returning from hong kong", "they served me whiskey on demand crew was very courteous the flight would have been cathay standard flight if they had added entertainment in their flight like other cathay  dragonair flights and improved the food after all we are paying more compared to the budget airlines for the services"], "Details": [[1, ["served", "VBD"], ["courteous", "JJ", 0.51], "dep", "st"], [1, ["comfortable", "JJ"], ["seats", "NNS", 0.0], "nsubj", "i"], [1, ["plug", "NN"], ["no", "DT", -0.3], "det", "e"], [1, ["less", "JJR"], ["very", "RB", 0.0], "advmod", "st"], [1, ["beverage", "NN"], ["fresh", "JJ", 0.32], "amod", "f"], [1, ["available", "JJ"], ["is", "VBZ", 0.0], "cop", "f"], [0, ["available", "JJ", 0.0], ["service", "NN"], "nsubj", "f"], [1, ["courteous", "JJ"], ["very", "RB", 0.0], "advmod", "st"], [1, ["hook", "NN"], ["coat", "NN", 0.0], "compound", "i"], [1, ["clean", "JJ"], ["were", "VBD", 0.0], "cop", "i"], [1, ["five", "CD"], ["served", "VBD", 0.0], "dep", "f"], [1, ["room", "NN"], ["enough", "JJ", 0.0], "amod", "s"], [1, ["cabin", "NN"], ["a", "DT", 0.0], "det", "f"], [1, ["improved", "VBD"], ["and", "CC", 0.0], "cc", "i"], [0, ["clean", "JJ", 0.4], ["available", "JJ"], "conj:and", "f"], [0, ["plug", "NN", 0.0], ["hook", "NN"], "conj:or", "i"], [0, ["served", "VBN", 0.0], ["box", "NN"], "obl:in", "f"], [1, ["service", "NN"], ["cart", "NN", 0.0], "compound", "f"], [1, ["plug", "NN"], ["hook", "NN", 0.0], "conj:or", "i"], [1, ["seats", "NNS"], ["pillow", "NN", 0.0], "compound", "i"], [0, ["available", "JJ", 0.0], ["is", "VBZ"], "cop", "f"], [0, ["pillow", "NN", 0.0], ["and", "CC"], "cc", "i"], [1, ["cabin", "NN"], ["plug", "NN", 0.0], "obl:with", "i"], [1, ["available", "JJ"], ["service", "NN", 0.0], "nsubj", "f"], [0, ["plug", "NN", 0.0], ["no", "DT"], "det", "e"], [1, ["added", "VBN"], ["entertainment", "NN", 0.42], "obj", "e"], [0, ["served", "VBN", 0.0], ["food", "NN"], "nsubj:pass", "f"], [0, ["clean", "JJ", 0.4], ["were", "VBD"], "cop", "i"], [1, ["clean", "JJ"], ["available", "JJ", 0.0], "conj:and", "f"], [1, ["cookie", "NN"], ["a", "DT", 0.0], "det", "f"], [0, ["served", "VBD", 0.0], ["is", "VBZ"], "conj:and", "f"], [1, ["provide", "VB"], ["comfortable", "JJ", 0.51], "ccomp", "s"], [0, ["box", "NN", 0.0], ["a", "DT"], "det", "f"], [1, ["served", "VBN"], ["was", "VBD", 0.0], "aux:pass", "f"], [1, ["bowl", "NN"], ["a", "DT", 0.0], "det", "f"], [1, ["whiskey", "NN"], ["crew", "NN", 0.0], "nmod:on", "st"], [1, ["bar", "NN"], ["and", "CC", 0.0], "cc", "i"], [1, ["hook", "NN"], ["or", "CC", 0.0], "cc", "i"], [1, ["clean", "JJ"], ["toilets", "NNS", 0.0], "nsubj", "i"], [0, ["comfortable", "JJ", 0.51], ["room", "NN"], "obl:with", "s"], [1, ["comfortable", "JJ"], ["room", "NN", 0.0], "obl:with", "s"], [1, ["paying", "VBG"], ["served", "VBD", 0.0], "parataxis", "f"], [1, ["available", "JJ"], ["not", "RB", 0.0], "advmod", "f"], [0, ["available", "JJ", 0.0], ["not", "RB"], "advmod", "f"], [1, ["plug", "NN"], ["with", "IN", 0.0], "case", "s"], [1, ["room", "NN"], ["with", "IN", 0.0], "case", "s"], [0, ["blanket", "NN", 0.0], ["pillow", "NN"], "conj:and", "i"], [1, ["service", "NN"], ["beverage", "NN", 0.0], "compound", "f"], [1, ["improved", "VBD"], ["food", "NN", 0.0], "obj", "f"], [1, ["seats", "NNS"], ["blanket", "NN", 0.0], "compound", "i"], [1, ["charging", "VBG"], ["entertainment", "NN", 0.42], "dep", "e"], [1, ["comfortable", "JJ"], ["served", "VBN", 0.0], "parataxis", "f"], [1, ["flight", "NN"], ["in", "IN", 0.0], "case", "f"], [1, ["cabin", "NN"], ["is", "VBZ", 0.0], "cop", "f"], [1, ["served", "VBN"], ["box", "NN", 0.0], "obl:in", "f"], [1, ["box", "NN"], ["in", "IN", 0.0], "case", "f"], [0, ["provide", "VB", 0.0], ["comfortable", "JJ"], "ccomp", "s"], [1, ["room", "NN"], ["leg", "NN", 0.0], "compound", "s"], [1, ["courteous", "JJ"], ["was", "VBD", 0.0], "cop", "f"], [1, ["available", "JJ"], ["and", "CC", 0.0], "cc", "i"], [0, ["seats", "NNS", 0.0], ["blanket", "NN"], "compound", "i"], [0, ["comfortable", "JJ", 0.51], ["served", "VBN"], "parataxis", "f"], [0, ["served", "VBD", 0.0], ["courteous", "JJ"], "dep", "st"], [1, ["served", "VBD"], ["was", "VBD", 0.0], "aux:pass", "f"], [1, ["contained", "VBD"], ["food", "NN", 0.0], "nsubj:pass", "f"], [1, ["quantity", "NN"], ["food", "NN", 0.0], "nmod:of", "f"], [0, ["available", "JJ", 0.0], ["and", "CC"], "cc", "i"]], "Labels": [{"Entertainment": ["no entertainment"]}, {"Food": ["food was served in a box", "fresh beverage cart service is not available"]}, {"In-flight service": ["harging plug or coat hook", "do provide blanket and pillow seats", "toilets were clean"]}, {"Seat": ["comfortable with enough leg room"]}, {"Staff": ["crew", "very courteous"]}]}, {"id": 3861, "sentence": ["flew dragonair from hong kong to busan before landing in busan cabin crews started their checks making sure if all the window blinds were open and all seats were in an upright position at that time i asked one of the male cabin crew to help me clear the meal box away", "he shouted at me and instructed me to put the meal box into the seat pocket", "many passenger were looking at me which was embarrassing i saw other flight attendants helping passengers clear their rubbish and the meal box"], "Details": [[1, ["position", "NN"], ["an", "DT", 0.0], "det", "s"], [1, ["box", "NN"], ["the", "DT", 0.0], "det", "s"], [1, ["crew", "NN"], ["cabin", "NN", 0.0], "compound", "st"], [1, ["position", "NN"], ["were", "VBD", 0.0], "cop", "s"], [1, ["pocket", "NN"], ["seat", "NN", 0.0], "compound", "s"], [1, ["asked", "VBD"], ["help", "VB", 0.4], "xcomp", "st"], [0, ["position", "NN", 0.0], ["in", "IN"], "case", "s"], [0, ["crew", "NN", 0.0], ["the", "DT"], "det", "s"], [1, ["put", "VB"], ["pocket", "NN", 0.0], "obl:into", "s"], [1, ["position", "NN"], ["in", "IN", 0.0], "case", "s"], [0, ["pocket", "NN", 0.0], ["the", "DT"], "det", "s"], [1, ["position", "NN"], ["seats", "NNS", 0.0], "nsubj", "s"], [1, ["box", "NN"], ["meal", "NN", 0.0], "compound", "s"], [1, ["looking", "VBG"], ["were", "VBD", 0.0], "aux", "s"], [0, ["pocket", "NN", 0.0], ["into", "IN"], "case", "s"], [1, ["pocket", "NN"], ["the", "DT", 0.0], "det", "s"], [0, ["position", "NN", 0.0], ["seats", "NNS"], "nsubj", "s"], [1, ["position", "NN"], ["upright", "JJ", 0.0], "amod", "s"], [1, ["box", "NN"], ["in", "IN", 0.0], "case", "f"], [1, ["pocket", "NN"], ["into", "IN", 0.0], "case", "s"], [1, ["rubbish", "NN"], ["box", "NN", 0.0], "conj:and", "s"], [0, ["box", "NN", 0.0], ["the", "DT"], "det", "s"], [1, ["started", "VBD"], ["position", "NN", 0.0], "conj:and", "s"], [0, ["crew", "NN", 0.0], ["cabin", "NN"], "compound", "st"], [0, ["position", "NN", 0.0], ["were", "VBD"], "cop", "s"], [1, ["put", "VB"], ["box", "NN", 0.0], "obj", "s"], [1, ["flew", "VBD"], ["box", "NN", 0.0], "nsubj", "s"]], "Labels": [{"Seat": ["seats were in an upright position", "meal box into the seat pocket"]}, {"Staff": ["cabin crew", "help", "shouted"]}]}, {"id": 3862, "sentence": ["hong kong to chiang mai with dragonair", "best flight imaginable service was", "friendly and efficient special meals were honored and my lowlactose meal even had a piece of wellprepared fish amazing", "the seats were fine too if every airline offered the service provided by dragonair on this flight there would be a lot fewer air travel complaints we loved this flight"], "Details": [[1, ["honored", "VBN"], ["meals", "NNS", 0.0], "nsubj:pass", "f"], [1, ["meal", "NN"], ["lowlactose", "NN", 0.0], "compound", "f"], [1, ["fish", "NN"], ["wellprepared", "JJ", 0.0], "amod", "f"], [1, ["meals", "NNS"], ["special", "JJ", 0.4], "amod", "f"], [0, ["crew", "NN", 0.0], ["cabin", "NN"], "compound", "st"], [1, ["lot", "NN"], ["were", "VBD", 0.0], "parataxis", "s"], [1, ["piece", "NN"], ["fish", "NN", 0.0], "nmod:of", "f"], [1, ["honored", "VBN"], ["were", "VBD", 0.0], "aux:pass", "s"], [1, ["imaginable", "JJ"], ["was", "VBD", 0.0], "ccomp", "st"], [1, ["offered", "VBD"], ["service", "NN", 0.0], "obj", "st"], [1, ["meals", "NNS"], ["friendly", "JJ", 0.49], "amod", "st"]], "Labels": [{"Food": ["fficient special meals", "lowlactose me", "wellprepared fish"]}, {"Positive Opinion": ["best flight"]}, {"Seat": ["seats were fine too"]}, {"Staff": ["service was friendly"]}]}, {"id": 3863, "sentence": ["flew hong kong to beijing good flight while the two previous flights were cancelled due to the notorious traffic control in beijing my flight departed on time and had a rare on the spot arrival service was good and the meal is good dragonair is part of cathay pacific but remain a separate operating entity and in my opinion they are better than cathay", "and i always prefer them on this route business seat", "is of older configuration but does not matter for a short haul flight"], "Details": [[1, ["cancelled", "VBN"], ["were", "VBD", 0.0], "aux:pass", "o"], [1, ["cancelled", "VBN"], ["flights", "NNS", 0.0], "nsubj:pass", "o"], [1, ["configuration", "NN"], ["is", "VBZ", 0.0], "cop", "f"], [1, ["beijing", "VBG"], ["cancelled", "VBN", -0.25], "advcl:while", "o"], [1, ["dragonair", "NN"], ["meal", "NN", 0.0], "nsubj", "f"], [1, ["part", "NN"], ["is", "VBZ", 0.0], "cop", "f"], [1, ["meals", "NNS"], ["friendly", "JJ", 0.49], "amod", "st"], [1, ["dragonair", "NN"], ["good", "JJ", 0.44], "amod", "f"]], "Labels": [{"Food": ["meal is good"]}, {"Off-flight service": ["flights were cancelled"]}]}, {"id": 3864, "sentence": ["kolkata to hong kong with dragonair", "the flight was almost like a nofrills airline did not expect this from cathay pacific", "no personal screens on seats", "no drinks options just a snack box", "the seats were ok though lot of turbulence especially just before landing at hong kong a big bump", "no seat chargers cathay pacific needs to improve its dragonair flight services on international routes"], "Details": [[1, ["box", "NN"], ["snack", "NN", 0.0], "compound", "f"], [0, ["drinks", "NNS", 0.0], ["box", "NN"], "dep", "f"], [1, ["screens", "NNS"], ["no", "DT", -0.3], "det", "s"], [1, ["chargers", "NNS"], ["no", "DT", -0.3], "det", "s"], [1, ["drinks", "NNS"], ["options", "NNS", 0.0], "dep", "f"], [1, ["chargers", "NNS"], ["seat", "NN", 0.0], "compound", "s"], [0, ["drinks", "NNS", 0.0], ["options", "NNS"], "dep", "f"], [1, ["drinks", "NNS"], ["no", "DT", -0.3], "det", "s"], [1, ["configuration", "NN"], ["is", "VBZ", 0.0], "cop", "f"]], "Labels": [{"Entertainment": ["no personal screens"]}, {"Food": ["no drinks options", "snack box"]}, {"Seat": ["no seat chargers"]}]}, {"id": 3865, "sentence": ["beijng to hong kong with dragonair very smooth flight  ", "on time which is not easily expected for a flight from beijing where there is always problems with traffic restrictions or weather there is nothing to write home about for any economy flight as such but it is good that bottled water is provided at each seat", "not provided by parent company cathay pacific and hot items available at breakfast service is adequately good", "it seems that dragonair flights are preferred to cathay", "and i hope now that the airline is renamed cathay dragon the service standards will not change as i feel dragonair is better  particularly for meals"], "Details": [[1, ["available", "JJ"], ["service", "NN", 0.0], "obl:at", "f"], [1, ["good", "JJ"], ["items", "NNS", 0.0], "nsubj", "f"], [1, ["chargers", "NNS"], ["no", "DT", -0.3], "det", "s"], [1, ["service", "NN"], ["breakfast", "NN", 0.0], "compound", "f"], [1, ["good", "JJ"], ["provided", "VBN", 0.0], "ccomp", "f"], [1, ["good", "JJ"], ["provided", "VBN", 0.0], "parataxis", "f"], [1, ["standards", "NNS"], ["service", "NN", 0.0], "compound", "f"], [1, ["better", "JJR"], ["is", "VBZ", 0.0], "cop", "f"], [1, ["provided", "VBN"], ["water", "NN", 0.0], "nsubj:pass", "f"], [0, ["provided", "VBN", 0.0], ["is", "VBZ"], "aux:pass", "f"], [1, ["water", "NN"], ["bottled", "JJ", 0.0], "amod", "f"], [1, ["items", "NNS"], ["hot", "JJ", 0.0], "amod", "f"], [1, ["provided", "VBN"], ["is", "VBZ", 0.0], "aux:pass", "f"], [0, ["provided", "VBN", 0.0], ["water", "NN"], "nsubj:pass", "f"]], "Labels": [{"Food": ["bottled water is provided", "hot items", "breakfast service"]}]}, {"id": 3866, "sentence": ["wonderful flight and fantastic cabin crew", "we had just flown cathay pacific from adelaide to hong kong and", "then on going to beijing with dragonair brilliant service greeted with smiles from cabin crew very fast and caring about passenger safety comfort and top quality service very good food such as beef or fish or duck and all food presented piping hot and tasty great value in a clean fresh and well looked after aircraft well done dragonair we will fly again with you soon"], "Details": [[1, ["crew", "NN"], ["and", "CC", 0.0], "cc", "c"], [0, ["greeted", "VBN", 0.27], ["fast", "RB"], "advmod", "st"], [1, ["smiles", "NNS"], ["crew", "NN", 0.0], "nmod:from", "st"], [1, ["crew", "NN"], ["cabin", "NN", 0.0], "compound", "st"], [0, ["smiles", "NNS", 0.48], ["with", "IN"], "case", "st"], [1, ["greeted", "VBN"], ["smiles", "NNS", 0.48], "obl:with", "st"], [0, ["looked", "VBN", 0.0], ["and", "CC"], "cc", "c"], [0, ["smiles", "NNS", 0.48], ["crew", "NN"], "nmod:from", "st"], [1, ["water", "NN"], ["bottled", "JJ", 0.0], "amod", "f"], [1, ["value", "NN"], ["tasty", "JJ", 0.0], "amod", "f"], [1, ["comfort", "NN"], ["food", "NN", 0.0], "conj:and", "f"], [1, ["kong", "NN"], ["and", "CC", 0.0], "cc", "c"], [0, ["food", "NN", 0.0], ["presented", "VBN"], "acl", "f"], [0, ["looked", "VBN", 0.0], ["well", "RB"], "advmod", "c"], [0, ["hot", "JJ", 0.0], ["tasty", "JJ"], "conj:and", "f"], [0, ["comfort", "NN", 0.36], ["food", "NN"], "conj:and", "f"], [1, ["looked", "VBN"], ["and", "CC", 0.0], "cc", "c"], [0, ["food", "NN", 0.0], ["service", "NN"], "compound", "i"], [0, ["tasty", "JJ", 0.0], ["and", "CC"], "cc", "c"], [1, ["flight", "NN"], ["crew", "NN", 0.0], "conj:and", "st"], [1, ["service", "NN"], ["brilliant", "JJ", 0.59], "amod", "o"], [1, ["value", "NN"], ["fresh", "JJ", 0.32], "obl:in", "c"], [1, ["food", "NN"], ["good", "JJ", 0.44], "amod", "f"], [0, ["piping", "NN", 0.0], ["looked", "VBN"], "dep", "c"], [0, ["food", "NN", 0.0], ["service", "NN"], "compound", "o"], [0, ["greeted", "VBN", 0.27], ["smiles", "NNS"], "obl:with", "st"], [0, ["food", "NN", 0.0], ["and", "CC"], "cc", "c"], [1, ["crew", "NN"], ["fantastic", "JJ", 0.56], "amod", "st"], [1, ["value", "NN"], ["hot", "JJ", 0.0], "amod", "f"], [1, ["presented", "VBN"], ["piping", "NN", 0.0], "obj", "f"], [1, ["fresh", "JJ"], ["clean", "JJ", 0.4], "advmod", "c"], [1, ["food", "NN"], ["service", "NN", 0.0], "compound", "o"], [1, ["greeted", "VBN"], ["fast", "RB", 0.0], "advmod", "st"], [1, ["quality", "NN"], ["top", "JJ", 0.2], "amod", "i"], [1, ["food", "NN"], ["quality", "NN", 0.0], "compound", "i"], [0, ["service", "NN", 0.0], ["with", "IN"], "case", "st"], [1, ["good", "JJ"], ["very", "RB", 0.0], "advmod", "st"], [0, ["presented", "VBN", 0.0], ["piping", "NN"], "obj", "f"], [1, ["food", "NN"], ["and", "CC", 0.0], "cc", "c"], [0, ["good", "JJ", 0.44], ["very", "RB"], "advmod", "st"], [0, ["caring", "VBG", 0.49], ["and", "CC"], "cc", "c"], [1, ["smiles", "NNS"], ["with", "IN", 0.0], "case", "st"], [0, ["food", "NN", 0.0], ["quality", "NN"], "compound", "i"], [1, ["caring", "VBG"], ["comfort", "NN", 0.36], "obj", "s"], [0, ["fast", "RB", 0.0], ["very", "RB"], "advmod", "st"], [0, ["caring", "VBG", 0.49], ["food", "NN"], "obj", "f"], [1, ["service", "NN"], ["greeted", "VBN", 0.27], "acl", "st"], [1, ["done", "VBN"], ["well", "RB", 0.27], "advmod", "c"]], "Labels": [{"Cabin": ["clean fresh and well looked"]}, {"Food": ["good food", "food presented piping hot", "tasty"]}, {"In-flight service": ["top quality service"]}, {"Off-flight service": ["brilliant service"]}, {"Seat": ["comfort"]}, {"Staff": ["fantastic", "cabin crew", "greeted with smiles", "crew", "very fast", "caring"]}]}, {"id": 3867, "sentence": ["a good flight with dragonair from hong kong to tokyo on time and the arrival at haneda is a good thing free from long queue and custom hussle usually experienced at narita", "will remember to choose haneda flight", "if available good breakfast hot items include rice dishes service is ok but no greeting to members they skipped this god gesture new flatbed seat but not very useful for shorthaul", "even it was an early morning flight", "a satisfactory flight but nothing special"], "Details": [[1, ["gesture", "NN"], ["seat", "NN", 0.0], "dep", "s"], [1, ["seat", "NN"], ["flatbed", "JJ", 0.0], "amod", "s"], [0, ["breakfast", "NN", 0.0], ["greeting", "NN"], "acl:relcl", "st"], [1, ["greeting", "NN"], ["no", "DT", -0.3], "det", "st"], [1, ["include", "VBP"], ["greeting", "NN", 0.38], "conj:but", "st"], [1, ["skipped", "VBD"], ["breakfast", "NN", 0.0], "dep", "f"], [1, ["caring", "VBG"], ["comfort", "NN", 0.36], "obj", "s"], [1, ["items", "NNS"], ["hot", "JJ", 0.0], "amod", "f"], [1, ["thing", "NN"], ["good", "JJ", 0.44], "amod", "f"], [1, ["include", "VBP"], ["items", "NNS", 0.0], "nsubj", "f"], [1, ["breakfast", "NN"], ["good", "JJ", 0.44], "amod", "f"]], "Labels": [{"Food": ["good breakfast", "hot items"]}, {"Neutral Opinion": ["nothing special"]}, {"Seat": ["flatbed seat"]}, {"Staff": ["no greeting"]}]}, {"id": 3868, "sentence": ["flew hong kong to kota kinabalu dragonair used to have good service good food and beverages and good service from crew members i used to look forward to travelling with dragonair but not anymore", "wine was not served during meal times and the welcome juice service has now been strangely abolished upon cruising altitude meals were served immediately considering that the flight was not full and it is a two point five two point five hour flight welcome juice service could have been factored in crew members were young and highly inexperienced impersonal and not friendly they were there to perform a perfunctory duty and were rather robotic at times"], "Details": [[1, ["served", "VBN"], ["immediately", "RB", 0.0], "advmod", "f"], [1, ["food", "NN"], ["service", "NN", 0.0], "conj:and", "f"], [1, ["cruising", "VBG"], ["served", "VBN", 0.0], "ccomp", "f"], [1, ["anymore", "RB"], ["not", "RB", 0.0], "cc", "f"], [1, ["service", "NN"], ["welcome", "NN", 0.46], "compound", "f"], [1, ["served", "VBN"], ["wine", "NN", 0.0], "nsubj:pass", "f"], [1, ["served", "VBN"], ["meals", "NNS", 0.0], "nsubj:pass", "f"], [0, ["served", "VBN", 0.0], ["not", "RB"], "advmod", "f"], [1, ["factored", "VBN"], ["service", "NN", 0.0], "nsubj:pass", "f"], [1, ["robotic", "JJ"], ["were", "VBD", 0.0], "cop", "f"], [0, ["service", "NN", 0.0], ["juice", "NN"], "compound", "f"], [1, ["service", "NN"], ["juice", "NN", 0.0], "compound", "f"], [1, ["friendly", "JJ"], ["not", "RB", 0.0], "advmod", "f"], [0, ["served", "VBN", 0.0], ["were", "VBD"], "aux:pass", "f"], [1, ["skipped", "VBD"], ["breakfast", "NN", 0.0], "dep", "f"]], "Labels": [{"Food": ["wine", "not served", "welcome juice service", "meals were served immediately"]}]}, {"id": 3869, "sentence": ["\"hong kong to shanghai flight was initially delayed from one thousand, two hundred one thousand two hundred to one thousand, three hundred and forty one thousand three hundred and forty", "but then we boarded around one thousand, three hundred and twenty-five one thousand three hundred and twentyfive and sat on the aircraft not getting airborne until one thousand, six hundred point", "one thousand six hundred point this was due to bad weather in shanghai although probably more likely the usual chinese air force airspace delays along this route which i am given to understand are almost constant", "i accept this is no fault of the airline", "however it might have been better to let us sit in the terminal rather than on the aircraft for so long", "they gave us our meals on the ground", "these were good", "the flight was good friendly staff dealing with loud and frustrated passengers well and spoke good english", "the seat was comfortable check in and ground staff were friendly and the aircraft was clean return flight to hong kong was cancelled this again due to bad weatherchinese airspace problems with every airline so not dragonair fault however two queues to ticket desk both massive when we arrived were for different things", "no one told us which queue to stand in", "so we split up and stood one in each eventually got a standby number", "came back two two hours later and was put on a new flight this flight left very soon so were given priority security and baggage tags missed our connection in hkg but staff helped us get accommodation and a new flight in hkg staff at shanghai", "were slow did not did not tell us which queue to be in or what was going on however check in clerk", "was helpful again not dragonair fault but could have could have been handled much better four four hours of queuing", "and then a sprint to security not fun flight itself was on a330 clean and had ife meals were good so", "were crew seats slightly dated but fine and aircraft clean would recommend dragonair", "they are a good airline and delays not their fault", "just staff in shanghai need more training at how to deal with this especially as it happens frequently", "they are excellent though when it comes to reorganising in hong kong and", "as sister airline to cathay pacific make connections to them as seamless and worry free as possible as you can make it all international flight and domestic flight connecting under one booking", "they will sort hotels and new flights if you miss connection", "so would recommend dragonair especially if you are doing international flight followed by domestic flights within china\""], "Details": [[1, ["due", "JJ"], ["was", "VBD", 0.0], "cop", "s"], [1, ["friendly", "JJ"], ["staff", "NN", 0.0], "nsubj", "st"], [1, ["airline", "NN"], ["good", "JJ", 0.44], "amod", "st"], [1, ["delayed", "VBN"], ["was", "VBD", 0.0], "aux:pass", "s"], [1, ["cancelled", "VBN"], ["was", "VBD", 0.0], "aux:pass", "s"], [0, ["served", "VBN", 0.0], ["not", "RB"], "advmod", "f"], [1, ["clean", "JJ"], ["was", "VBD", 0.0], "cop", "s"], [1, ["airline", "NN"], ["delays", "NNS", 0.0], "conj:and", "o"], [1, ["spoke", "VBD"], ["english", "NNP", 0.0], "obj", "st"], [1, ["seats", "NNS"], ["crew", "NN", 0.0], "compound", "st"], [1, ["helpful", "JJ"], ["was", "VBD", 0.0], "cop", "s"], [1, ["need", "VBP"], ["staff", "NN", 0.0], "nsubj", "st"], [0, ["staff", "NN", 0.0], ["good", "JJ"], "amod", "st"], [1, ["flight", "NN"], ["staff", "NN", 0.0], "nmod:in", "st"], [1, ["going", "VBG"], ["was", "VBD", 0.0], "aux", "s"], [1, ["comfortable", "JJ"], ["seat", "NN", 0.0], "nsubj", "s"], [1, ["english", "NNP"], ["good", "JJ", 0.44], "amod", "st"], [0, ["comfortable", "JJ", 0.51], ["was", "VBD"], "cop", "s"], [0, ["english", "NNP", 0.0], ["good", "JJ"], "amod", "st"], [1, ["staff", "NN"], ["friendly", "JJ", 0.49], "amod", "st"], [1, ["staff", "NN"], ["spoke", "VBD", 0.0], "conj:and", "st"], [1, ["constant", "JJ"], ["delays", "NNS", 0.0], "nsubj", "o"], [1, ["put", "VBN"], ["was", "VBD", 0.0], "aux:pass", "s"], [1, ["staff", "NN"], ["was", "VBD", 0.0], "cop", "s"], [0, ["spoke", "VBD", 0.0], ["english", "NNP"], "obj", "st"], [1, ["comfortable", "JJ"], ["friendly", "JJ", 0.49], "conj:and", "st"]], "Labels": [{"Off-flight service": ["delays", "delays"]}, {"Seat": ["seat was comfortable"]}, {"Staff": ["good friendly staff", "spoke good english", "good", "crew"]}]}, {"id": 3870, "sentence": ["hong kong to beijing with dragonair", "this was a redemption flight", "and it was good in", "that it is right on time for flights to beijing and shanghai", "you can almost expect delays the first time i board a plane that is painted with the new logo cathay dragon", "the service was not bad for the three three hour flight in fact i found dragonair better than cathay on this route which i fly much and the purser did come to greet me as a sapphire member they rarely do so this days especially with cathay"], "Details": [[1, ["bad", "JJ"], ["was", "VBD", 0.0], "cop", "o"], [1, ["expect", "VB"], ["delays", "NNS", 0.0], "obj", "o"], [1, ["flight", "NN"], ["was", "VBD", 0.0], "cop", "o"], [0, ["flight", "NN", 0.0], ["was", "VBD"], "cop", "o"], [0, ["bad", "JJ", -0.54], ["not", "RB"], "advmod", "o"], [1, ["good", "JJ"], ["was", "VBD", 0.0], "cop", "o"], [1, ["staff", "NN"], ["was", "VBD", 0.0], "cop", "s"], [1, ["bad", "JJ"], ["service", "NN", 0.0], "nsubj", "o"]], "Labels": [{"Off-flight service": ["delays", "service was not bad"]}, {"Neutral Opinion": ["redemption flight"]}]}, {"id": 3871, "sentence": ["dragonair flight ka eight hundred and fifty-four", "eight hundred and fiftyfour from hong kong to wuhan was slightly delayed a refurbished a320200 registration bhsp aircraft with new smart bin and seat an apology was made by the captain once on board", "it was a full flight the crew were very attentive and helpful inflight meals were served and", "we were given a choice of chicken or fish as for beverages", "only coffee tea and mineral water were available", "i would suggest that a variety of juices are served too a big thank you to the crew for their professionalism"], "Details": [[1, ["big", "JJ"], ["a", "DT", 0.0], "det", "f"], [1, ["served", "VBN"], ["meals", "NNS", 0.0], "nsubj:pass", "f"], [1, ["aircraft", "NN"], ["bin", "NN", 0.0], "nmod:with", "i"], [1, ["juices", "NNS"], ["of", "IN", 0.0], "case", "f"], [1, ["thank", "VBP"], ["crew", "NN", 0.0], "obl:to", "st"], [0, ["served", "VBN", 0.0], ["meals", "NNS"], "nsubj:pass", "f"], [0, ["variety", "NN", 0.0], ["juices", "NNS"], "nmod:of", "f"], [1, ["attentive", "JJ"], ["helpful", "JJ", 0.42], "conj:and", "st"], [1, ["variety", "NN"], ["juices", "NNS", 0.0], "nmod:of", "f"], [1, ["meals", "NNS"], ["inflight", "JJ", 0.0], "amod", "f"], [0, ["helpful", "JJ", 0.42], ["crew", "NN"], "nsubj", "st"], [0, ["choice", "NN", 0.0], ["a", "DT"], "det", "f"], [1, ["flight", "NN"], ["a", "DT", 0.0], "det", "f"], [0, ["served", "VBN", 0.0], ["variety", "NN"], "nsubj:pass", "f"], [0, ["crew", "NN", 0.0], ["professionalism", "NN"], "nmod:for", "st"], [1, ["available", "JJ"], ["tea", "NN", 0.0], "nsubj", "f"], [1, ["aircraft", "NN"], ["a", "DT", 0.0], "det", "f"], [1, ["attentive", "JJ"], ["very", "RB", 0.0], "advmod", "st"], [0, ["attentive", "JJ", 0.0], ["crew", "NN"], "nsubj", "st"], [0, ["bin", "NN", 0.0], ["seat", "NN"], "conj:and", "s"], [1, ["served", "VBN"], ["variety", "NN", 0.0], "nsubj:pass", "f"], [0, ["attentive", "JJ", 0.0], ["helpful", "JJ"], "conj:and", "st"], [0, ["attentive", "JJ", 0.0], ["were", "VBD"], "cop", "f"], [1, ["served", "VBN"], ["were", "VBD", 0.0], "aux:pass", "f"], [0, ["variety", "NN", 0.0], ["a", "DT"], "det", "f"], [1, ["available", "JJ"], ["were", "VBD", 0.0], "cop", "f"], [0, ["tea", "NN", 0.0], ["water", "NN"], "conj:and", "f"], [1, ["bin", "NN"], ["smart", "JJ", 0.4], "amod", "i"], [1, ["water", "NN"], ["mineral", "NN", 0.0], "compound", "f"], [1, ["choice", "NN"], ["a", "DT", 0.0], "det", "f"], [1, ["available", "JJ"], ["water", "NN", 0.0], "nsubj", "f"], [0, ["served", "VBN", 0.0], ["were", "VBD"], "aux:pass", "f"], [1, ["bin", "NN"], ["seat", "NN", 0.0], "conj:and", "s"], [1, ["suggest", "VB"], ["served", "VBN", 0.0], "ccomp", "f"], [1, ["chicken", "NN"], ["of", "IN", 0.0], "case", "f"], [1, ["helpful", "JJ"], ["crew", "NN", 0.0], "nsubj", "st"], [1, ["served", "VBN"], ["are", "VBP", 0.0], "aux:pass", "f"], [1, ["flight", "NN"], ["was", "VBD", 0.0], "cop", "o"], [1, ["tea", "NN"], ["coffee", "NN", 0.0], "compound", "f"], [1, ["bin", "NN"], ["new", "JJ", 0.0], "amod", "i"], [1, ["flight", "NN"], ["attentive", "JJ", 0.0], "acl:relcl", "st"], [1, ["tea", "NN"], ["only", "RB", 0.0], "advmod", "f"], [1, ["aircraft", "NN"], ["refurbished", "VBN", 0.0], "amod", "c"]], "Labels": [{"Cabin": ["refurbished"]}, {"Food": ["inflight meals were served", "given a choice", "beverages only coffee tea", "mineral water", "variety of juices are served"]}, {"In-flight service": ["new smart bin"]}, {"Seat": ["seat"]}, {"Staff": ["apology", "crew", "very attentive", "helpful", "crew", "professionalism"]}]}]