[{"id": 103, "sentence": ["no refund policy very poor customer service", "i do not do not recommend this airline at all to be used only as a last option"], "Details": [], "Labels": [{"Negative Opinion": ["do not recommend"]}]}, {"id": 104, "sentence": ["\"airarabia steal our money our flights and correspondent booking sixty-four million, two hundred and six thousand, one hundred and forty-two sixtyfour million two hundred and six thousand one hundred and fortytwo were cancelled by airarabia they unilaterally impose their voucher restricted by passenger name and time and refuse to refund our money this is illegal and", "it\u2019s called theft\""], "Details": [], "Labels": []}, {"id": 105, "sentence": ["i had terrible service  ", "no refund although we could not could not get on the flight as the moroccan authority closed their airspace so we could not could not get on our internal flight with air arabia", "they offered a voucher which is not acceptable", "i have emailed the customer service in  france"], "Details": [[1, ["service", "NN"], ["customer", "NN", 0.0], "compound", "i"]], "Labels": [{"Bookings": ["no refund", "not acceptable", "emailed", "offered a voucher"]}]}, {"id": 106, "sentence": ["they are basically not refunding our money we had a few holidays booked around the world", "all airlines have issued us with a full refund  the hotels as well except for air arabia they have retained our money  offered a credit note which is not acceptable air arabia no"], "Details": [], "Labels": [{"Bookings": ["not refunding", "offered a credit note", "not acceptable", "retained our money"]}]}, {"id": 107, "sentence": ["flight cancelled no refund given tried three times to dispute this with their customer service team  ", "told that they are not going to refund at all avoid these people at all costs i am going to challenge this through courts"], "Details": [[1, ["service", "NN"], ["customer", "NN", 0.0], "compound", "i"]], "Labels": [{"Bookings": ["cancelled", "no refund", "not going to refund"]}, {"Negative Opinion": ["avoid", "challenge this through courts"]}]}, {"id": 108, "sentence": ["outrageous the after sales services of airarabiacom is untorelable i cannot imagine how they are treating their passengers and the damages they caused in this actual context airarabiacom will loose a lot of customers if they continue with this behaviour", "i had a flight"], "Details": [], "Labels": []}, {"id": 109, "sentence": ["airarabia cancelled my flight ten ten days prior departure and ran away with my money they do not do not give back anything only points", "is it legal any way to get back"], "Details": [], "Labels": [{"Bookings": ["cancelled", "ran away with my money", "do not give back anything", "points"]}]}, {"id": 110, "sentence": ["airline notificate us less than twenty-four twentyfour hours that my flight will be canceled after that you have to call a very expensive service hotline", "but apparently nobody can help so i decided to contact them on facebook by chat", "they responded very slowly and told me that they wont refund"], "Details": [[1, ["service", "NN"], ["customer", "NN", 0.0], "compound", "i"]], "Labels": [{"Bookings": ["canceled", "wont refund"]}]}, {"id": 111, "sentence": ["most disgusting air line", "ever we flew from moscow to colombo with transit at sharjah from moscow to sharjah flight attendants", "are so racist and rude", "the alley between two seatlines are too narrow", "so if you are you are on the corner seat", "you will not will not get any sleep or rest as you"], "Details": [], "Labels": [{"Cabin": ["alley", "too narrow"]}, {"Negative Opinion": ["most disgusting"]}, {"Seat": ["corner seat", "not get any sleep or rest"]}, {"Staff": ["flight attendants are so racist", "rude"]}]}, {"id": 112, "sentence": ["please stay away from doing any business with air arabia flight as there is zero zero right for the customers", "no respond to the customers complaints  ", "no refund for unused flight tickets result if this you will end up losing your money"], "Details": [[1, ["service", "NN"], ["customer", "NN", 0.0], "compound", "i"]], "Labels": [{"Bookings": ["no respond", "no refund", "losing your money"]}, {"Negative Opinion": ["stay away"]}]}, {"id": 113, "sentence": ["very short route  value for money hygienic came twenty twenty minutes before time landing and take off good you can see movie during flight they give content access during flight to see movie regards", "deepak ram agrawal cures kidney stone free of cost"], "Details": [], "Labels": [{"Entertainment": ["give content access"]}, {"Bookings": ["value for money"]}]}, {"id": 115, "sentence": ["it is a low cost carrier and it goes to sharjah in united arab emirates though seats are not much comfortable", "but it is a economical ride", "the baggage and the food need to be paid extra and", "if you prebook it you can get economical deals over the same you can prebook the"], "Details": [], "Labels": [{"Bookings": ["low cost", "economical ride"]}, {"Food": ["food need to be paid extra"]}, {"Seat": ["eats are not much comfortable"]}]}, {"id": 116, "sentence": ["outrageous the after sales services of airarabiacom is untorelable i cannot imagine how they are treating their passengers and the damages they caused in this actual context airarabiacom will loose a lot of customers if they continue with this behaviour", "i had a flight"], "Details": [], "Labels": [{"Negative Opinion": ["outrageous", "cannot imagine", "loose"]}]}, {"id": 117, "sentence": ["airarabia cancelled my flight ten ten days prior departure and ran away with my money they do not do not give back anything only points", "is it legal any way to get back"], "Details": [], "Labels": []}, {"id": 118, "sentence": ["airline notificate us less than twenty-four twentyfour hours that my flight will be canceled after that you have to call a very expensive service hotline", "but apparently nobody can help so i decided to contact them on facebook by chat", "they responded very slowly and told me that they wont refund"], "Details": [[1, ["service", "NN"], ["customer", "NN", 0.0], "compound", "i"]], "Labels": [{"Bookings": ["canceled", "wont refund"]}]}, {"id": 119, "sentence": ["most disgusting air line", "ever we flew from moscow to colombo with transit at sharjah from moscow to sharjah flight attendants", "are so racist and rude", "the alley between two seatlines are too narrow", "so if you are you are on the corner seat", "you will not will not get any sleep or rest as you"], "Details": [], "Labels": [{"Cabin": ["alley", "too narrow"]}, {"Negative Opinion": ["disgusting"]}, {"Seat": ["not get any sleep or rest", "corner seat"]}, {"Staff": ["light attendants are so racist"]}]}, {"id": 120, "sentence": ["please stay away from doing any business with air arabia flight as there is zero zero right for the customers", "no respond to the customers complaints  ", "no refund for unused flight tickets result if this you will end up losing your money"], "Details": [[1, ["service", "NN"], ["customer", "NN", 0.0], "compound", "i"]], "Labels": [{"Bookings": ["no respond", "no refund", "unused flight tickets", "ustomers complaints"]}, {"Negative Opinion": ["stay away", "losing"]}]}, {"id": 121, "sentence": ["very short route  value for money hygienic came twenty twenty minutes before time landing and take off good you can see movie during flight they give content access during flight to see movie regards", "deepak ram agrawal cures kidney stone free of cost"], "Details": [], "Labels": [{"Entertainment": ["movie", "good"]}, {"Bookings": ["value for money"]}]}, {"id": 123, "sentence": ["it is a low cost carrier and it goes to sharjah in united arab emirates though seats are not much comfortable", "but it is a economical ride", "the baggage and the food need to be paid extra and", "if you prebook it you can get economical deals over the same you can prebook the"], "Details": [], "Labels": [{"Bookings": ["economical"]}, {"Food": ["food need to be paid extra"]}, {"Seat": ["seats are not much comfortable"]}]}, {"id": 124, "sentence": ["i had a return ticket with air arabia", "i have a good experience so far good food and service", "i liked the chicken taouk with macaroni", "the flight was so smooth on the whole trip very minor to no turbulence felt"], "Details": [[1, ["service", "NN"], ["customer", "NN", 0.0], "compound", "i"]], "Labels": [{"Food": ["good food"]}, {"In-flight service": ["good", "service"]}, {"Positive Opinion": ["smooth", "no turbulence"]}]}, {"id": 125, "sentence": ["our family planned to travel on twelve twelve march for our vacation since the government advised to avoid travels which is not emergency we canceled our tickets but not received any support from the airlines rather we were charged more than aed six hundred six hundred as cancellation penalty expecting"], "Details": [], "Labels": [{"Bookings": ["canceled", "not received any support", "charged more", "cancellation penalty"]}]}, {"id": 126, "sentence": ["air arabia presentl flies from sharjah", "the airport is small but effecient check in was smooth", "the flight was on time the planes are small single isle with three three seats on either side you have to pa extra to prebook the seats", "the luggage allowance is generous based on the ticket"], "Details": [], "Labels": [{"Seat": ["seats", "prebook"]}]}, {"id": 127, "sentence": ["the most important issue safety flight on time", "plus i was lucky to have seat by emergency exit", "comfortable staff check in and on board", "good and friendly meals offer is good price is accebtable minus no entertainment on board"], "Details": [[1, ["service", "NN"], ["customer", "NN", 0.0], "compound", "i"]], "Labels": [{"Entertainment": ["no entertainment"]}, {"Bookings": ["price is accebtable"]}, {"Food": ["meals offer is good"]}, {"Positive Opinion": ["lucky"]}, {"Seat": ["seat", "comfortable"]}, {"Staff": ["staff", "good and friendly"]}]}, {"id": 128, "sentence": ["on time is the first thing that comes to my mind when thinking about air arabia its not great when it comes to customer service", "but it meets all the criterias of a budget flight", "also the seating is spacious and food is not expensive"], "Details": [], "Labels": [{"Bookings": ["meets all the criterias", "budget flight"]}, {"Food": ["food is not expensive"]}, {"Seat": ["seating is spacious"]}]}, {"id": 129, "sentence": ["our original flight was cancelled due to storm dennis from agadir so had to travel to marrakech for new flight booking online was easy arrived at the airport in good time but air arabia desk hidden away around a corner check in smooth though they did check the size of my"], "Details": [], "Labels": [{"Bookings": ["cancelled", "booking online was easy"]}]}, {"id": 130, "sentence": ["the airlines understand all the requirements of a passenger who is taking a long hours flight good airlines their inflight announcements and commitments earns all the stars i would give extra stars if they had given meals along with the ticket and flight attendants can be"], "Details": [], "Labels": [{"Positive Opinion": ["understand"]}]}, {"id": 131, "sentence": ["used mainly a320 type aircraftcleaningnss staff are very gud", "most of the budget airlines provide minm necessty water as complmtry air arabia not provide drinking water free"], "Details": [[1, ["service", "NN"], ["customer", "NN", 0.0], "compound", "i"]], "Labels": [{"Food": ["not provide drinking water free"]}, {"Staff": ["staff", "very gud"]}]}, {"id": 132, "sentence": ["best airline legroom and seat comfort", "the best fast check in etc no turbulence experienced as the captain was announcing that we might get", "but there was none", "so captain was very alert every thirty thirty minutes"], "Details": [[1, ["service", "NN"], ["customer", "NN", 0.0], "compound", "i"]], "Labels": [{"Positive Opinion": ["best"]}, {"Seat": ["legroom and seat comfort the best"]}, {"Staff": ["captain was very alert"]}]}, {"id": 133, "sentence": ["i really love to fly with air arabia as it is a low budget airline value for money i am traveling on air arabia for more than ten ten years", "and all of my flights were on time", "it has comfortable seats and enough leg room which other budget airlines do not have"], "Details": [], "Labels": [{"Positive Opinion": ["really love"]}, {"Seat": ["comfortable seats", "enough leg room"]}]}, {"id": 134, "sentence": ["my experience was", "nice aircraft was", "clean and tidy check in process was smooth", "both my outbound and return flights were on time and staff was very warm and friendly spacious seats even for a six six feet tall person like me it was a comfortable trip to zanzibar and back overall"], "Details": [[1, ["service", "NN"], ["customer", "NN", 0.0], "compound", "i"]], "Labels": [{"Seat": ["comfortable", "spacious seats"]}, {"Staff": ["staff was very warm", "friendly"]}]}, {"id": 135, "sentence": ["great legroom ground staff very friendly all flights goes from sharjah", "so you need to leave home three three hours as sharjah has heavy traffic during peak hours rest", "everything is good with the airline"], "Details": [[1, ["service", "NN"], ["customer", "NN", 0.0], "compound", "i"]], "Labels": [{"Positive Opinion": ["good"]}, {"Seat": ["great legroom"]}, {"Staff": ["ground staff very friendly"]}]}, {"id": 136, "sentence": ["never never more i am", "i am not a sheep i have no chance to use toilet for twenty twenty when i can go to toilet  ", "how dare you", "you have problem with your services"], "Details": [[1, ["service", "NN"], ["customer", "NN", 0.0], "compound", "i"]], "Labels": [{"In-flight service": ["no chance to use toilet", "problem", "services"]}, {"Negative Opinion": ["not a sheep"]}]}, {"id": 137, "sentence": ["this is the worst airline in the world my friend and i who are on a one week trip through morocco had to book a flight through this airline to go from marrakech to fez", "so we did", "and we paid for all the extras and the luggage and everything we show up to the airport the"], "Details": [], "Labels": [{"Bookings": ["paid for all the extras"]}, {"Negative Opinion": ["worst"]}]}, {"id": 138, "sentence": ["one of the most enjoyable flights with this company from morocco to belgium very polite crew staff delicious food with a good selection and this despite the fact that it is a budget company service at a high level thanks"], "Details": [[1, ["service", "NN"], ["customer", "NN", 0.0], "compound", "i"]], "Labels": [{"Food": ["delicious food", "good selection"]}, {"In-flight service": ["service at a high level"]}, {"Positive Opinion": ["enjoyable"]}, {"Staff": ["very polite crew staff"]}]}, {"id": 139, "sentence": ["we selected the holiday package for the one one time from air arabia", "it was a five five nights  six six days package deal with a four four hotel stay to baku", "i must say it was a hasstle free process which meant alot to be free mentally what ever info was provided", "while booking the package was true"], "Details": [], "Labels": []}, {"id": 140, "sentence": ["great trip hassle free in every way", "comfortable seats that recline nice staff would definitely recommend and travel with again much better than easyjet"], "Details": [], "Labels": [{"Positive Opinion": ["definitely recommend"]}, {"Seat": ["comfortable seats", "recline"]}, {"Staff": ["nice staff"]}]}, {"id": 141, "sentence": ["i had no choice of airline as this was the only company that flew my route and", "my choice of transportation was very much based on cost", "this is a budget airline  very little customer interaction or service by the ground crew or cabin staff ridiculously small leg room and no"], "Details": [[1, ["service", "NN"], ["customer", "NN", 0.0], "compound", "st"], [1, ["service", "NN"], ["customer", "NN", 0.0], "compound", "i"]], "Labels": [{"Bookings": ["based on cost", "budget"]}, {"Seat": ["ridiculously small leg room"]}, {"Staff": ["very little customer interaction"]}]}, {"id": 142, "sentence": ["i have been trying to reach customer service and no one fk answers the call and", "when someone answers they don\u2019t speak in english wtf my mother\u2019s flight to sharjah was delayed this morning by an hour", "and she has a connecting flight to tbilisi which was like in an hour"], "Details": [], "Labels": []}, {"id": 143, "sentence": ["from chittagong to sharjah it was the worst air line i have ever", "seenthe crew member was not helpful also", "the did not provide us any blanket also we had to pay for foodalso when we asked them about something they just say only oxygen freebut the flight from cairo to sharjah"], "Details": [], "Labels": [{"Food": ["pay for food"]}, {"Negative Opinion": ["worst"]}, {"Staff": ["crew member was not helpful", "did not provide"]}]}, {"id": 144, "sentence": ["nothing to complain about our journey was efficient and everything ran smoothly check in", "was quick although we couldn\u2019t check in online beforehand  ", "we were flying from schiphol", "and so apparently you can\u2019t check in online the flight departed ten ten minutes or so late", "but then"], "Details": [], "Labels": [{"Positive Opinion": ["efficient"]}, {"Neutral Opinion": ["nothing to complain about"]}]}, {"id": 145, "sentence": ["plan is big yes space between the chairs are the rally good but my return flight were sooo bad no aircon dur\u00f3 by all the flight u can even smell everything literally", "i wasn\u2019t able to breath during the whole flight"], "Details": [], "Labels": [{"Cabin": ["big", "space", "good", "smell everything", "wasn\u2019t able to breath"]}]}, {"id": 146, "sentence": ["avoid at all costs f b cancelled flight no accomodation was provided was told wait five five days in airport avoid avoid avoid"], "Details": [[1, ["service", "NN"], ["customer", "NN", 0.0], "compound", "st"]], "Labels": [{"Bookings": ["cancelled", "no accomodation"]}, {"Negative Opinion": ["avoid"]}]}, {"id": 147, "sentence": ["i got a flight cancelled due to bad weather i called straight away to ask for a reschedule and the first flight available was three three days after my original flight i booked anyways and got an email confirming that a ticket had been created after that i called several times saying"], "Details": [], "Labels": [{"Bookings": ["cancelled", "reschedule", "email confirming"]}]}, {"id": 148, "sentence": ["after check in and waiting my departure time my flight is cancelled with no reason and we moved back to get our baggage then when we asked what\u2019s the reason for cancellation", "the answer is there is a few passengers and we are going to attach you to the next flight after two"], "Details": [[1, ["service", "NN"], ["customer", "NN", 0.0], "compound", "st"]], "Labels": [{"Bookings": ["cancelled", "no reason", "cancellation"]}]}, {"id": 149, "sentence": ["everything went smoothly i realize it is a low budget airline", "and i have travel on many including the worst which i unfortunately fly tomorrow ryan air", "this low budget airline was decent we did brink our own lunch and drink onboard", "i hope you have the same experience"], "Details": [], "Labels": [{"Bookings": ["low budget", "decent"]}, {"Positive Opinion": ["smoothly"]}]}, {"id": 150, "sentence": ["i was with my family and group of friends who travelled to armenia on a very short trip despite our busy schedules so imagine our excitement to fly for the first time since we are from dubai with air arabia during our flight from shj to evn", "we met aisha in the checkin"], "Details": [], "Labels": [{"Positive Opinion": ["excitement"]}]}, {"id": 151, "sentence": ["i was on flight", "no g9", "one hundred and eighteen", "one hundred and eighteen going from shj to mct", "the flight was delayed for one hundred and fifteen one hundred and fifteen hr without any prior noticeexplanationcomplementary water basic customer satisfaction one hundred and one one hundred and one  ", "no apology", "im", "a regular flyer on air arabia  ", "i haven\u2019t seen such a behavior as in this case"], "Details": [[1, ["service", "NN"], ["customer", "NN", 0.0], "compound", "st"]], "Labels": [{"Staff": ["no apology", "haven\u2019t seen such a behavior"]}]}, {"id": 152, "sentence": ["i was travelling from riyadh to sialkot via sharja initial flight from riyadh to sharja was ontime", "but the flight from sharja to sialkot was change at the time of issuing boarding pass total deyal at sharja airport", "was thirteen thirteen hours"], "Details": [], "Labels": []}, {"id": 153, "sentence": ["this was one of the worst airline you ever come a cross", "i\u2019ve flown other budget airline before", "but this one is the worst it will be definitely my last flight with them", "i would", "no way on earth", "i would recommend them in fact stay away from them"], "Details": [], "Labels": [{"Negative Opinion": ["worst", "definitely my last", "no way on earth", "stay away"]}]}, {"id": 154, "sentence": ["we booked a flight from vienna to marrakech scheduled for october ten ten at eleven eleven arriving at marrakech at three point", "one five three point", "one five pm", "local time check in was not possible until eleven point one zero eleven point one", "zero am even though boarding was meant to start at eleven eleven at eleven point", "three zero eleven point", "three zero", "we boarded the bus but got told to get off"], "Details": [], "Labels": []}, {"id": 155, "sentence": ["my flight was riyadh to sharjah and sharjah to delhi at one point zero", "zero", "one point", "zero", "zero pm  ", "my waiting time in sharjah airport was fifty fifty minutes but we land at sharjah forty forty minutes late and the remaining time is only ten ten minutes", "how can i manage check in ten ten minutes in whole case when i reach at gate", "they said"], "Details": [], "Labels": []}, {"id": 156, "sentence": ["it technically is a budget airline in which you need to order food with extra payments but the neatness of the cabin looked as good as any other airlines", "the staff are courteous and pleasant the pre ordered food served was truly awful and was an avoidable experience the"], "Details": [], "Labels": [{"Bookings": ["budget airline"]}, {"Cabin": ["neatness of the cabin", "looked as good"]}, {"Food": ["need to order food", "extra payments", "pre ordered food", "truly awful"]}, {"Staff": ["staff are courteous", "pleasant"]}]}, {"id": 157, "sentence": ["after many years of being here in the uae i finally got the chance to take a flight in this airline", "i have always been curious as it\u2019s known for being a so called budget airline", "surprisingly it totally surpassed all my expectations i had experienced one of the most"], "Details": [], "Labels": [{"Bookings": ["budget airline"]}, {"Positive Opinion": ["surpassed all my expectations"]}]}, {"id": 158, "sentence": ["i found this flight having better leg space we had a group for dubai from nagpur and found the services satisfactory"], "Details": [], "Labels": [{"In-flight service": ["services satisfactory"]}, {"Seat": ["better leg space"]}]}, {"id": 159, "sentence": ["the very worst flight company i have ever came across withand", "i dony see how any other company could possibly be worst", "these cunning idiots have a system of how to get more money from you you are getting points for flying with them", "however you are not able to redeem"], "Details": [], "Labels": [{"Bookings": ["points for flying", "get more money"]}, {"Negative Opinion": ["worst", "cunning"]}, {"Staff": ["not able to redeem"]}]}, {"id": 160, "sentence": ["i could not check in online", "so i got anxious when i was on the airport way", "additionally i could not access to the free inflight entertainment system during my seven seven flight and finally food and beverage", "were not served and i had to pay for it"], "Details": [], "Labels": [{"Entertainment": ["could not access", "free inflight entertainment"]}, {"Food": ["food and beverage were not served", "had to pay"]}]}, {"id": 161, "sentence": ["i flew with the family and had to switch in sharjah for further flight with another airline tasty food and good service we could drop off our baggage in sharjah ten ten hours before the flight", "two weeks later we flew back and once again no problems", "not bad lcc"], "Details": [[1, ["service", "NN"], ["customer", "NN", 0.0], "compound", "st"]], "Labels": [{"Food": ["tasty food"]}, {"In-flight service": ["good service"]}, {"Neutral Opinion": ["no problems", "not bad"]}]}, {"id": 162, "sentence": ["i had a very bad experience they were totally unorganized and unprofessional", "they make you wait for a lot time and not getting any best results from them"], "Details": [], "Labels": [{"Negative Opinion": ["very bad"]}, {"Staff": ["they were totally unorganized", "unprofessional"]}]}, {"id": 164, "sentence": ["at sharjha when we are moving to another flight to tbilisi  after the security check when we are searching the gate", "no  suddenly a man jumped in front of us with his weighing scale", "we all got scared  ", "he want weigh all our hand luggage", "i ah have a luggage of nine nine kg and a"], "Details": [], "Labels": []}, {"id": 165, "sentence": ["i was actually traveling from cairo to sharjah on twenty-nine twentynine december two thousand and nineteen two thousand and nineteen and from sharjah to dhaka on thirty thirty december two thousand and nineteen two thousand and nineteen it was delayed more than an hour at sharjah no internet", "no screen in front", "there was food services from cairosharjah but no food from sharjah to dhaka almost"], "Details": [[1, ["service", "NN"], ["customer", "NN", 0.0], "compound", "st"]], "Labels": [{"Entertainment": ["no screen in front"]}, {"Food": ["no food"]}, {"In-flight service": ["no internet"]}]}, {"id": 166, "sentence": ["always delays from cairo to sharjah on twenty-nine twentynine december two thousand and nineteen two thousand and nineteen it was delayed more than an hour", "no internet", "no screen in front", "there was food services from cairosharjah very rude ground staffs in cairo and sharjah the way they broke my suitcase at cairo airport and left it on"], "Details": [[1, ["service", "NN"], ["customer", "NN", 0.0], "compound", "st"]], "Labels": [{"Entertainment": ["no screen"]}, {"In-flight service": ["no internet"]}, {"Staff": ["very rude ground staffs"]}]}, {"id": 167, "sentence": ["we were a family of ten ten doing a short vacation booking air arabia was a very convenient staffs are very professional flights are very reasonable great service and known for being punctual overall a great budget airline probably one of the best economic airline"], "Details": [[1, ["service", "NN"], ["customer", "NN", 0.0], "compound", "st"]], "Labels": [{"Bookings": ["reasonable", "best economic"]}, {"In-flight service": ["great service"]}, {"Staff": ["staffs are very professional"]}]}, {"id": 168, "sentence": ["my luggage lost by airlines but they are not responding on that after many email also  they made my trip worst do not do not take airarabia"], "Details": [], "Labels": [{"Staff": ["not responding"]}]}, {"id": 169, "sentence": ["the recent flight i took was from my hometown karachi to sharjah the city i am living in currently the most highlighted feature of air arabia", "is the level of punctuality they show almost every time it is it is a rare case to face any flight delay or cancellation i recommend"], "Details": [], "Labels": [{"Bookings": ["cancellation"]}, {"Positive Opinion": ["recommend"]}]}, {"id": 170, "sentence": ["i am positive i have taken air arabia form years now always good  easy going and get me to my destination"], "Details": [], "Labels": [{"Positive Opinion": ["positive", "always good"]}]}, {"id": 171, "sentence": ["the best budget airline you will find i will never fly ryan air again  travelled with my wife and two two young children", "the crew couldn\u2019t do enough to help and more than anything they smiled"], "Details": [], "Labels": [{"Bookings": ["best budget airline"]}, {"Staff": ["crew couldn\u2019t do enough to help", "smiled"]}]}, {"id": 172, "sentence": ["worst flights to travel worst customer service do not do not know how to talk to the customers", "do not do not know how to organise the flights"], "Details": [[1, ["service", "NN"], ["customer", "NN", 0.0], "compound", "st"], [1, ["service", "NN"], ["customer", "NN", 0.0], "compound", "i"]], "Labels": [{"In-flight service": ["worst customer service"]}, {"Negative Opinion": ["worst"]}, {"Staff": ["do not know how to talk", "do not know how to organise"]}]}, {"id": 173, "sentence": ["this is my worst experience in fourteen fourteen years of travelling around the countries and their response is really bad the way that talking to the customers is rude and", "some of them does not does not have answer they just waiting sitting on the chair without giving proper responses"], "Details": [], "Labels": [{"Negative Opinion": ["worst"]}, {"Staff": ["response is really bad", "rude", "not have answer", "just waiting sitting", "without giving"]}]}, {"id": 174, "sentence": ["though we live in dubai we chose to fly out of sharjah on air arabia for a short family vacation as the timings were more convenient compared to other available airlines both ways the flights were on time and though air arabia is a nofrills added experience it took us where"], "Details": [], "Labels": []}, {"id": 175, "sentence": ["i enjoyed this flight a lot they greeted so nicely to me", "and when i went to my seat", "two two the leg space was long and the seat was so comfortable and as we took off", "i was given my meal after one one hour which i prebooked on the app after the meal i slept for three three hours", "then we landed i"], "Details": [], "Labels": [{"Seat": ["seat was so comfortable", "leg space was long"]}, {"Staff": ["greeted so nicely"]}]}, {"id": 176, "sentence": ["flight three three on tuesday", "one one october two thousand and nineteen", "point", "two thousand and nineteen point just before midnight air arabia sent us an email telling us our afternoon flight home from agadir morocco for the next day had been cancelled called them the next morning as instructed no help other than you can have your money back or"], "Details": [], "Labels": [{"Bookings": ["cancelled", "money back"]}]}, {"id": 177, "sentence": ["flight smooth and great flight attendant food was fantastic but counter", "staff during checkin was rude understandable when doing group checkin", "but no need to be rude", "this is a basicnofrill flight", "but that does not does not mean counter staff have to be rude and sounded"], "Details": [], "Labels": [{"Positive Opinion": ["smooth"]}, {"Staff": ["great flight attendant", "food was fantastic", "rude", "rude and sounded"]}]}, {"id": 178, "sentence": ["a basic no frills flight no extras did not ask for wheelchair service as lounges packed and employees very busy smooth flight for short distance"], "Details": [[1, ["service", "NN"], ["customer", "NN", 0.0], "compound", "i"]], "Labels": [{"In-flight service": ["no extras"]}, {"Staff": ["employees very busy"]}]}, {"id": 179, "sentence": ["air arabia slogan  the worst way to travel  travel at your own risk  synonym to scam i have been travelling since the age of two point two point in my life", "so far i had never seen an airlines so illmannered and fraud", "a friend was travelling zero", "zero december two thousand and nineteen", "two thousand and nineteen via air"], "Details": [], "Labels": [{"Bookings": ["scam", "risk", "fraud"]}, {"Negative Opinion": ["worst"]}, {"Staff": ["illmannered"]}]}, {"id": 180, "sentence": ["had two great flights with air arabia out of sharjah to almaty to return a week later", "the planes were clean modern and comfortable the staff on the ground and the cabin crew were attentive courteous and helpful throughout while the fourhour flight had no traditional"], "Details": [], "Labels": [{"Cabin": ["planes were clean"]}, {"Seat": ["comfortable"]}, {"Staff": ["cabin crew were attentive courteous and helpful"]}]}, {"id": 181, "sentence": ["great airline for the cost", "but staffs were less polite incompare to other airlines", "hence one one star"], "Details": [], "Labels": [{"Bookings": ["great", "cost"]}, {"Staff": ["staffs were less polite"]}]}, {"id": 182, "sentence": ["overall good experience good legroom in seats", "only thing is no entertainment screens and there are", "few passengers watching entertainment on mobile with speakers which was annoying on night flight could have been better if they are provided with earbuds otherwise staff was"], "Details": [[1, ["service", "NN"], ["customer", "NN", 0.0], "compound", "i"]], "Labels": [{"Entertainment": ["no entertainment screens"]}, {"In-flight service": ["earbuds"]}, {"Positive Opinion": ["good"]}, {"Negative Opinion": ["annoying"]}, {"Seat": ["good legroom in seats"]}]}, {"id": 183, "sentence": ["the flight was ok what it was unacceptable is the lack of online checkin facilities for lights from london", "the result is that the pax has to go to the airport to check it and be charged the top amount for checkin luggage", "it is a con", "i informed the airline by email of"], "Details": [], "Labels": [{"Bookings": ["charged the top amount"]}, {"Negative Opinion": ["unacceptable"]}, {"Neutral Opinion": ["ok"]}]}, {"id": 184, "sentence": ["i didnt want to choose this airline", "but at the moment it was my only choice it didnt have any business class changing the food", "was not possible and you should buy the new one not to changing timing was aswul", "they forced us to wait more than eighteen eighteen minutes to catch some other"], "Details": [], "Labels": [{"Food": ["changing the food was not possible"]}]}, {"id": 185, "sentence": ["a utilitarian nofrills airline focussed on cutting costs without cutting corners the service is efficient and competent"], "Details": [[1, ["service", "NN"], ["customer", "NN", 0.0], "compound", "i"]], "Labels": [{"Bookings": ["cutting costs without cutting corners"]}, {"In-flight service": ["service is efficient and competent"]}]}, {"id": 186, "sentence": ["if you want a no frills flight then i highly recommend air arabia", "I have I have travelled with them a few times now", "and they have become my goto airline for quick getaways and short holidays"], "Details": [], "Labels": [{"Positive Opinion": ["highly recommend", "my goto"]}]}, {"id": 187, "sentence": ["it is a no frills airline", "but it is it is always a comfortable flight you can access their entertainment system with your own tablet or smartphone bring a few snacks with you", "in case you feel peckish and both the ground staff and flight crew are always helpful", "I have I have travelled with"], "Details": [], "Labels": [{"Entertainment": ["entertainment system", "access"]}, {"Food": ["few snacks"]}, {"Seat": ["comfortable"]}, {"Staff": ["crew are always helpful"]}]}, {"id": 188, "sentence": ["travelled from shj to blr last month would like to say the service is excellent loved the hot meals that were servedit was really hot and it tasted wonderful but the best part is the seat pitch its much more than what the other economy class or airlines offer the seats"], "Details": [[1, ["service", "NN"], ["customer", "NN", 0.0], "compound", "i"]], "Labels": [{"Food": ["hot meals", "tasted wonderful"]}, {"In-flight service": ["service is excellent"]}, {"Positive Opinion": ["loved"]}, {"Seat": ["best part", "seat pitch its much more"]}]}, {"id": 189, "sentence": ["the space inside the cabin was really good foe a budget airlines but the crew didnt serve water when asked for even booked food came without water"], "Details": [], "Labels": [{"Bookings": ["budget"]}, {"Cabin": ["space", "cabin", "really good"]}, {"Food": ["food came without water"]}, {"Staff": ["crew didnt serve water"]}]}, {"id": 190, "sentence": ["if you want a no frills flight then i highly recommend air arabia", "the airport terminal is a lot older", "and you might feel a bit cramped if your used to traveling from dubai", "but once you are on the flight you can be sure that you will take off on or before time", "the seats are"], "Details": [], "Labels": [{"Positive Opinion": ["highly recommend"]}, {"Seat": ["seats", "bit cramped"]}]}, {"id": 191, "sentence": ["this airline exclaimed that made a net benefit of eight hundred eight hundred million dollars this year and yet when it damaged your luggage they do not do not take any responsibility i took a flight from nepal to tehran via sharjah  uae and when arrived in ika airport", "i noticed that one of my luggage"], "Details": [], "Labels": [{"Staff": ["do not do not take any responsibility"]}]}, {"id": 192, "sentence": ["we were taking air arabia from kuala lumpur to muscat and stop by at sharjah uae both return way", "the flight was on time and smooth all the way the flight attendants were very kind and friendly served foods were very nice and suit my taste seats were spacious", "even it was an"], "Details": [[1, ["service", "NN"], ["customer", "NN", 0.0], "compound", "i"]], "Labels": [{"Food": ["served foods were very nice", "suit my taste"]}, {"Seat": ["seats were spacious"]}, {"Staff": ["attendants were very kind", "friendly"]}]}, {"id": 193, "sentence": ["it is a three three th class airline they are far away from service they do operational air travel", "not service air travel especially when it comes to booking and charges", "boarding was slow and boring check in was", "terrible  boarding took forever what is really bothered me the pilots"], "Details": [], "Labels": [{"Negative Opinion": ["bothered me"]}]}, {"id": 194, "sentence": ["air arabia have offered an amazing alcohol free service from dublin to agadir they have sadly recently pulled out of ireland and the uk they are by far the best economy airline that i have ever flown with from leg room to food to friendly efficient cabin crew"], "Details": [[1, ["service", "NN"], ["customer", "NN", 0.0], "compound", "i"]], "Labels": [{"Food": ["amazing alcohol free service"]}, {"Negative Opinion": ["sadly"]}, {"Seat": ["leg room", "best"]}, {"Staff": ["friendly efficient cabin crew"]}]}, {"id": 195, "sentence": ["the service was great staff was helpful food was acceptable  rate was very high for an economic flight rates need to be revised", "even though at high seasons timing was ok", "no delay occurred"], "Details": [[1, ["service", "NN"], ["customer", "NN", 0.0], "compound", "i"]], "Labels": [{"Bookings": ["rate was very high"]}, {"Food": ["food was acceptable"]}, {"In-flight service": ["service was great", "staff was helpful"]}]}, {"id": 196, "sentence": ["its a good budget flight with optional upgrade for the meal  seat selection over all its cheap in comparison to full board flight but this time even in offpeak season it left an impact on my pocket"], "Details": [], "Labels": [{"Bookings": ["good budget", "left an impact on my pocket"]}, {"Food": ["optional upgrade for the meal"]}, {"Negative Opinion": ["cheap"]}, {"Seat": ["seat selection"]}]}, {"id": 197, "sentence": ["irport was goodflight was before time and landed before schedulevery happy and satisfiedclean and neat"], "Details": [], "Labels": [{"Cabin": ["clean and neat"]}, {"Positive Opinion": ["happy"]}]}, {"id": 198, "sentence": ["my review of air arabia  an impressive lowcost carrier which started its kl route in july two thousand and nineteen two thousand and nineteen  pleasantly surprised flew to sharjah 40 mins by road to dubai via an airbus a321 neo generous legroom pic seats reclined to a good degree adjustable headrests so your head"], "Details": [], "Labels": [{"Bookings": ["impressive lowcost"]}, {"Seat": ["generous legroom", "seats reclined to a good degree", "adjustable headrests"]}]}, {"id": 199, "sentence": ["at first we wr hesitating to go with air arabia tours after seeing the various reviews", "but we thought let us let us take a try and we booked our trip with air arabia we wr", "two families with kids my review as below flight  ", "\u2b50\u2b50", "\u2b50", "\u2b50\u2b50 hotel  ", "\u2b50\u2b50", "\u2b50\u2b50 pick up from air port  ", "\u2b50\u2b50", "\u2b50\u2b50 tour"], "Details": [], "Labels": [{"Bookings": ["booked"]}, {"Negative Opinion": ["hesitating"]}]}, {"id": 200, "sentence": ["in september i purchased a ticket from nov twenty-one twentyone to nov twenty-three twentythree to go to dakhla from casablanca for a little getaway couple days before the flight i received an email that my ticket was modified when i checked", "they screwed up my return ticket", "it had the same date as the"], "Details": [], "Labels": []}, {"id": 201, "sentence": ["used this airline for the first time and was impressed good value for money was on time a decent budget option"], "Details": [], "Labels": [{"Bookings": ["good value for money", "decent budget option"]}, {"Positive Opinion": ["impressed"]}]}]