[{"id": 819, "sentence": ["because of the covid19 air asia cancelled my flight on eighteen eighteen march two thousand and twenty point two thousand and twenty point money still not refunded to my cc no way to contact them first and last time with air asia"], "Details": [], "Labels": [{"Bookings": ["cancelled", "money still not refunded"]}]}, {"id": 820, "sentence": ["betrayed feel completely betrayed by this airline been waiting for something anything from airasia since they canceled my flight ava", "please what a joke around and around with absolutely no result no return contact nothing big loyalty program member for years nothing more"], "Details": [[1, ["service", "NN"], ["customer", "NN", 0.0], "compound", "i"]], "Labels": [{"Bookings": ["canceled", "no return"]}, {"Negative Opinion": ["betrayed", "feel completely betrayed"]}]}, {"id": 821, "sentence": ["i had a flight booking with air asia from jakarta via kuala lumpur to kota kinabalu when air asia offered the ability to voluntarily cancel the booking for a credit to my account", "i thought that this may be the best option rather than wait for air asia to cancel the flights"], "Details": [], "Labels": [{"Bookings": ["cancel", "cancel"]}]}, {"id": 822, "sentence": ["we left five five minutes ahead of schedule arrived early and our luggage did too all that is needed from an economy flight"], "Details": [], "Labels": []}, {"id": 823, "sentence": ["disgusted that arriving with one hour to check in you are confronted by a lazy person checking documents slowing you down so much that the gate closes", "and you can\u2019t check in one hour before in an airport where it takes literally thirty thirty seconds to get from check in to gate you"], "Details": [], "Labels": [{"Negative Opinion": ["disgusted"]}, {"Staff": ["lazy person"]}]}, {"id": 824, "sentence": ["very clean plane friendly cabin crew departed on time no hassles at all extra leg room seats are well worth the minimal fee great selection of in flight beverages all at a reasonable price"], "Details": [[1, ["service", "NN"], ["customer", "NN", 0.0], "compound", "i"]], "Labels": [{"Bookings": ["worth the minimal fee"]}, {"Cabin": ["very clean"]}, {"Food": ["great selection", "in flight beverages", "reasonable price"]}, {"Staff": ["friendly cabin crew"]}]}, {"id": 825, "sentence": ["cheap cheerful on time choice of food and drink on board very limited quite enjoy a gin and tonic or two when flying but", "only alcohol on board was bintang beer or some other not so well known brand will fly with them again"], "Details": [[1, ["time", "NN"], ["and", "CC", 0.0], "cc", "f"], [1, ["service", "NN"], ["customer", "NN", 0.0], "compound", "i"]], "Labels": [{"Food": ["beer", "only alcohol", "choice of food and drink", "very limited"]}]}, {"id": 826, "sentence": ["very easy and smooth transition check in on line beforehand print your luggage tickets", "etc at airport flight was only forty forty mins from takeoff you can order food but honestly do not do not bother as by the time it arrives", "you are preparing to land"], "Details": [], "Labels": [{"Food": ["order food"]}]}, {"id": 827, "sentence": ["our experience with air asia was just great checking in our bags was really easy boarding went smoothly", "the cabin was clean and cabin crew were really nice and friendly", "our luggage came quickly and our plane arrived even fifteen fifteen minutes earlier than expected our experience with"], "Details": [[1, ["time", "NN"], ["and", "CC", 0.0], "cc", "f"]], "Labels": [{"Cabin": ["cabin was clean"]}, {"Staff": ["crew were really nice and friendly"]}]}, {"id": 828, "sentence": ["i had a package deal with expedia to bangkok from gold coast", "my seat was forty-seven fortyseven on the way to kl eighteen eighteen from kl to dmk only two two seats in row forty-seven fortyseven which was good comfortable flight to kl", "and then two two hours later to dmk a private car collected me at airport and took me to grand sukhumvit"], "Details": [], "Labels": [{"Seat": ["comfortable"]}]}, {"id": 829, "sentence": ["we had no other choice than this lowcost airline for a direct flight from siem reap to kl after receiving our boarding tickets at the airport me and my wife were surprised to see that our seats were not next to each other this happened while we were among the first ones that"], "Details": [[1, ["time", "NN"], ["and", "CC", 0.0], "cc", "f"]], "Labels": [{"Bookings": ["lowcost"]}, {"Seat": ["seats were not next to each other"]}]}, {"id": 830, "sentence": ["checking in at kli2 is an experience for the first time once you have found your way around the automatic electronic checking system", "then i am sure it gets easier going to the plane", "is no problem just wish there was more signage re", "money exchanges restaurants etc once you"], "Details": [], "Labels": [{"Neutral Opinion": ["no problem"]}]}, {"id": 831, "sentence": ["as an overall rating i would give this airline a zero i went in july two thousand and nineteen point two thousand and nineteen point you had to pay for food inflight entertainment  ", "forty forty per person you could hire a blanket at a cost", "no pillows", "the only thing that was free was hot water", "obviously a budget airline", "this was"], "Details": [[1, ["time", "NN"], ["and", "CC", 0.0], "cc", "f"]], "Labels": [{"Bookings": ["budget airline"]}, {"In-flight service": ["blanket at a cost", "no pillows"]}, {"Negative Opinion": ["zero"]}]}, {"id": 832, "sentence": ["the flight was on schedule and took about two two and fifteen fifteen minutes passengers are to do own self checkin baggage dropoff and get own baggage tag", "its pretty much easy straight forward and reduce waiting time kind of efficient and effective service"], "Details": [], "Labels": [{"In-flight service": ["effective service"]}]}, {"id": 833, "sentence": ["airasia needs to get its staffing correct if it is it is flying from tamil nadu with almost ninety-five ninetyfive of its passengers being indian", "it would common sense to have at least one or two tamil speaking staffs in the plane", "what is what is the use of having good english speaking staff when your"], "Details": [], "Labels": [{"Staff": ["good english speaking staff"]}]}, {"id": 834, "sentence": ["use f word during the conversation with customer spoke in very high tone and used very inappropriate words to the customer no patience  very inexperienced in handling customers issues poorly trained with lousy manner substandard management when wanted to lodge a"], "Details": [[1, ["time", "NN"], ["and", "CC", 0.0], "cc", "f"]], "Labels": [{"In-flight service": ["substandard management"]}, {"Staff": ["customer spoke in very high tone", "very inappropriate words", "no patience", "very inexperienced in handling customers issues", "poorly trained", "lousy manner"]}]}, {"id": 835, "sentence": ["the gate was changed and not announced i was waiting at the original gate and missed my flight", "they told me that they came looking for me", "but i later found out they were calling out the wrong name and not mine after i found out that the flight was gone", "i asked to be put on"], "Details": [[1, ["time", "NN"], ["and", "CC", 0.0], "cc", "f"]], "Labels": [{"Staff": ["calling out the wrong name"]}]}, {"id": 836, "sentence": ["overall value for dollar is very good as some of the travelers have mentioned leg room is very limited", "i am a larger person especially in this region my knees", "were touching the seat infront of me but beside that it was as expected for a discount airline", "one thing to note"], "Details": [[1, ["time", "NN"], ["and", "CC", 0.0], "cc", "f"]], "Labels": [{"Bookings": ["value", "very good", "discount"]}, {"Seat": ["leg room is very limited", "knees were touching the seat"]}]}, {"id": 837, "sentence": ["by the time we took off and had a meal we were preparing for landing the servive was very professional and the staff all worked very efficiently a fifty-five fiftyfive min flight", "unfortunately our checked baggage was not on the flight we completed a report", "and they said the luggage would"], "Details": [], "Labels": [{"In-flight service": ["servive was very professional"]}, {"Negative Opinion": ["unfortunately"]}, {"Staff": ["staff all worked very efficiently"]}]}, {"id": 838, "sentence": ["no", "no i am not a xxxl sized person i am one one and ninety-eight ninetyeight", "however my six six hours flight each way was not comfortable at all leg room", "is a major issue for me my back hurts sitting at their upright seat and", "with zero pillow for back support i fly malindo to delhi", "and i got"], "Details": [[1, ["time", "NN"], ["and", "CC", 0.0], "cc", "f"]], "Labels": [{"Seat": ["not comfortable", "leg room is a major issue", "back hurts", "upright seat", "zero pillow for back support"]}]}, {"id": 839, "sentence": ["no sense of timing delayed for more than three three hours leaving kul and delayed thirty thirty leaving bali food served was pretty decent", "you get what u paid for"], "Details": [], "Labels": [{"Bookings": ["get what u paid for"]}, {"Food": ["food served was pretty decent"]}]}, {"id": 840, "sentence": ["cabin crew are less friendly and engaging compared to last time other than that everything is good"], "Details": [[1, ["time", "NN"], ["and", "CC", 0.0], "cc", "f"], [1, ["time", "NN"], ["and", "CC", 0.0], "cc", "st"]], "Labels": [{"Positive Opinion": ["good"]}, {"Staff": ["cabin crew are less friendly and engaging"]}]}, {"id": 841, "sentence": ["i paid for the value pack", "the only meal options you get is vegetarian and nonvegetarian", "the value pack is also supposed to give you standard seat selection", "but i did not did not choose my seat at checkout you cannot cannot select your seat for free after you have confirmed booking", "and they"], "Details": [[1, ["time", "NN"], ["and", "CC", 0.0], "cc", "st"]], "Labels": [{"Bookings": ["value pack", "confirmed booking"]}, {"Food": ["meal options", "vegetarian", "nonvegetarian"]}, {"Seat": ["standard seat selection", "did not choose my seat", "cannot select your seat for free"]}]}, {"id": 842, "sentence": ["this trip was the first time i had flown air asia and was impressed by space comfort and cleanliness of the aircraft", "the check in and boarding was efficient and timely cabin crew were excellent friendly clean and attentive this airline puts easyjet and ryan air to shame"], "Details": [[1, ["time", "NN"], ["and", "CC", 0.0], "cc", "st"]], "Labels": [{"Cabin": ["impressed by space comfort", "cleanliness"]}, {"Staff": ["cabin crew were excellent friendly clean and attentive"]}]}, {"id": 843, "sentence": ["booked this months in advance for a ridiculously cheap price paid the extra for additional baggage allowance meal seat selection and insurance at the same time check in was smooth and fortunately they combine the luggage allowance for all people on the same booking", "so no"], "Details": [], "Labels": [{"Bookings": ["ridiculously cheap price"]}, {"Seat": ["seat selection"]}]}, {"id": 844, "sentence": ["we used airasia to fly from changsha to kuala lumpur it\u2019s", "a low cost airlines so don\u2019t expect too much the space for the legs is very narrow the ac very strong  ", "in my opinion they want people to buy their own cover", "they give me a free seat beside me for my one one year old"], "Details": [[1, ["time", "NN"], ["and", "CC", 0.0], "cc", "st"]], "Labels": [{"Bookings": ["low cost"]}, {"Cabin": ["ac very strong"]}, {"Seat": ["space for the legs is very narrow", "free seat"]}]}, {"id": 845, "sentence": ["yesbecause", "it is cheaper that is why i chose this airline", "i prefer the national airline which is much better firstly because airasia have this tendency of cancelling flight every now", "and then just when they feel right to do", "so it causes their land crew to scramble seatings"], "Details": [], "Labels": [{"Bookings": ["cancelling"]}, {"Seat": ["scramble seatings"]}]}, {"id": 846, "sentence": ["it is it is a budget airline", "they tell you upfront what you get and do not do not get with your ticket purchase", "i do not do not mind paying a little more to get a seat up front nor for my checkin luggage for a short trip", "those are costs that you can save on on the flight the crew were"], "Details": [], "Labels": [{"Bookings": ["budget", "ticket purchase", "paying a little more", "costs that you can save"]}]}, {"id": 847, "sentence": ["for a six six day stay we booked low cost carrier air asia via kiwicom as we return by scoot booking and payment was easycomfortable and the prices were competitive for fifteen fifteen hour flight boarding passes were send in advance", "and we decided not to pay extra for a hot seat", "i was a bit"], "Details": [[1, ["time", "NN"], ["and", "CC", 0.0], "cc", "st"]], "Labels": [{"Bookings": ["low cost", "booking and payment was easy", "prices were competitive"]}, {"Seat": ["pay extra for a hot seat"]}]}, {"id": 848, "sentence": ["the flight is ok but the seats are very small on board you pay for everything food drinks snacks event water you can use the fast self checkin at the airport to avoid to queue"], "Details": [], "Labels": [{"Food": ["food drinks snacks", "pay", "water"]}]}, {"id": 849, "sentence": ["there is nothing to fault left on time and reached on time", "the only thing that i was not happy was the value package that i paid for i could not choose the meal that i wanted", "option was vegetarian or non vegetarian and then receive the meal of the day"], "Details": [[1, ["time", "NN"], ["and", "CC", 0.0], "cc", "o"], [1, ["time", "NN"], ["and", "CC", 0.0], "cc", "st"]], "Labels": [{"Bookings": ["value package"]}, {"Food": ["ould not choose the meal", "option was vegetarian", "receive the meal of the day"]}]}, {"id": 850, "sentence": ["air asia is a budget airline base flight is cheap but everything else is pay as you go no flight entertainment", "buy your own food pay for seat changes etc", "when booking the website did not work properly kept on failing a few pages into booking  ", "i contacted them and they"], "Details": [[1, ["time", "NN"], ["and", "CC", 0.0], "cc", "o"]], "Labels": [{"Bookings": ["budget airline", "cheap", "pay as you go"]}, {"Food": ["buy your own food"]}, {"In-flight service": ["no flight entertainment"]}, {"Seat": ["pay for seat changes"]}]}, {"id": 851, "sentence": ["check in process is fully automatic", "it is bit confusing when you are using it for the first time they do have staff to help luggage has to be purchased separately at competitive price no strict checking of cabin baggage"], "Details": [[1, ["time", "NN"], ["and", "CC", 0.0], "cc", "o"]], "Labels": [{"Bookings": ["competitive price"]}, {"Staff": ["do have staff to help"]}]}, {"id": 852, "sentence": ["the best low cost flight i must say the flight was smooth with loads of friendly smiles from the crews food selection was good", "but i just managed a cup of nescafe since it was a short flight all in all", "i highly recommend airasia stedfast and smooth"], "Details": [[1, ["time", "NN"], ["and", "CC", 0.0], "cc", "o"]], "Labels": [{"Food": ["food selection was good"]}, {"Positive Opinion": ["highly recommend"]}, {"Seat": ["loads of friendly smiles", "crews"]}]}, {"id": 853, "sentence": ["the flight may look cheap", "but when you add on all the extras paying for luggage paying for in flight food paying for in flight entertainment paying to sit together we paid extra for the airaisa lounge in kuala lumpur", "as we had a ten ten hour stop over with two young kids but"], "Details": [[1, ["time", "NN"], ["and", "CC", 0.0], "cc", "o"]], "Labels": [{"Entertainment": ["paying for in flight entertainment"]}, {"Bookings": ["may look cheap but", "paid extra"]}, {"Food": ["paying for in flight food"]}, {"Seat": ["paying to sit together"]}]}, {"id": 854, "sentence": ["do look into the checkin counter services provided as it was not time consuming at all i had a bad experience for my recent trip in bkk which all online checkedin done prior arrived in airport", "but i still need to queue with others just to drop my baggage with more than thirty thirty"], "Details": [], "Labels": []}, {"id": 855, "sentence": ["of late air asia seems to be in the habit of rescheduling flights that have been booked 1 we booked flights to brisbane for a family holiday", "it was difficult to coordinate everyones leave and school", "but after much sacrifice we managed to do that tickets were booked well"], "Details": [], "Labels": [{"Negative Opinion": ["difficult"]}]}, {"id": 856, "sentence": ["recently took a return flight from siem reap  kl jb with original transit time of two two hrs forty forty on this return flight our siem reap", "departure was delayed for about two two hrs", "we got the email notification but a few pointers to note that we were told if flights were delayed we are"], "Details": [], "Labels": []}, {"id": 857, "sentence": ["we fly air asia usually yearly on our holidays find them a great airline never any hassles staff are terrific fly to many different places at a good price easy to book online all very helpful would always recommend them for any air travel"], "Details": [], "Labels": [{"Bookings": ["good price"]}, {"Positive Opinion": ["great", "recommend"]}, {"Staff": ["staff are terrific", "all very helpful"]}]}, {"id": 858, "sentence": ["another perfect flight from kul to penangjust under an hour landing was a bit bumpybut", "overall the whole experience from checking in to arrival was smooth and painless at just over \u00a340 each during malay holiday period", "this was again value"], "Details": [], "Labels": [{"Bookings": ["value"]}, {"Positive Opinion": ["perfect"]}]}, {"id": 859, "sentence": ["decent for an hour longs flight with a curious two two year old toddler in tow", "we booked our seats separately by mistake and at customer service", "we were told with the full flight we could only ask in person onboard for the passenger on the three three seat to swop out of goodwill we were"], "Details": [], "Labels": [{"Positive Opinion": ["goodwill"]}, {"Seat": ["booked our seats separately", "mistake"]}]}, {"id": 860, "sentence": ["flight via kk where we had a six hour wait for connecting flight to sandakan", "so we arranged a tour of kk which was a very good idea as airports are not that interesting flights were short flights and were uneventful staff pleasant", "greeted us with a smile and were happy to"], "Details": [[1, ["time", "NN"], ["and", "CC", 0.0], "cc", "o"]], "Labels": [{"Staff": ["staff pleasant", "greeted us with a smile", "happy"]}]}, {"id": 861, "sentence": ["the flight leaving was delayed by thirty thirty and the return flight delay was one one plus the departure hall was changed four four times", "really this airline is only for those in no hurry and the savings are not really worth the suffering that you will have only take it as a last resort"], "Details": [[1, ["time", "NN"], ["and", "CC", 0.0], "cc", "o"]], "Labels": [{"Bookings": ["not really worth"]}]}, {"id": 862, "sentence": ["self online checkin good weather", "our flight was very smooth and landed safely at klia2 friendly cabin crew"], "Details": [], "Labels": [{"Staff": ["friendly cabin crew"]}]}, {"id": 863, "sentence": ["after my initial positive experience on this airline i didn\u2019t hesitate to reserve my flight from penangmy least favorite of fifty-two fiftytwo visited islandsto bali via klagain same procedure with paying for what you require", "and now i was a veteranas a tall guy", "i absolutely need the extra"], "Details": [], "Labels": [{"Bookings": ["paying for what you require"]}]}, {"id": 864, "sentence": ["this was my first time on this \u201cbudget airline\u201d", "so i really didn\u2019t know what to expectmy experience from the checkin to onboard and beyond all the way through my flight were extremely positivethe way it works", "is you pay a low price for the flight", "then there\u2019s an additional"], "Details": [], "Labels": [{"Bookings": ["budget airline", "low price", "pay"]}, {"Staff": ["extremely positive"]}]}, {"id": 865, "sentence": ["the roundtrip ticket for this flight was super affordable though there were no tvs or included fooddrink", "it was worth it", "you can preorder food andor", "buy when you are on the plane", "however they are strict with the type of currency you use on my particular flight they only"], "Details": [[1, ["time", "NN"], ["and", "CC", 0.0], "cc", "o"]], "Labels": [{"Entertainment": ["no tvs"]}, {"Bookings": ["super affordable", "worth it"]}, {"Food": ["preorder food", "buy"]}, {"Staff": ["they are strict", "type of currency"]}]}, {"id": 866, "sentence": ["I am I am not airasias biggest fan", "but they do provide more flights than their rivals and their timings fitted in with our schedule", "the flight itself was fine despite a delayed take off bear in mind", "there are no freebies on air asia flightsif you want a drink or food you pay"], "Details": [[1, ["time", "NN"], ["and", "CC", 0.0], "cc", "o"]], "Labels": [{"Food": ["drink or food you pay"]}, {"In-flight service": ["no freebies"]}]}, {"id": 867, "sentence": ["flying is always my big concern during travelling but flying with airasia is always great and never disappoint me"], "Details": [], "Labels": [{"Positive Opinion": ["always great", "never disappoint me"]}]}, {"id": 868, "sentence": ["i fly airasia all the time on short hops in southeast asia at least once a month for the past six six years", "i have encountered very few problems over the years and all of them are minor the planes are nothing fancy", "but it is an excellent low cost carrier", "and i will keep on using"], "Details": [], "Labels": [{"Bookings": ["excellent low cost"]}, {"Cabin": ["very few problems", "nothing fancy"]}, {"Positive Opinion": ["will keep on using"]}]}, {"id": 869, "sentence": ["this was my first time flying with airasia", "but we did two two flights during the course of our holiday around malaysia and", "we enjoyed it so much", "the airports are clean cared for and advanced and the same can be said for their planes the small team are nothing but professional"], "Details": [], "Labels": [{"Positive Opinion": ["enjoyed"]}, {"Staff": ["team", "small", "nothing but professional"]}]}, {"id": 870, "sentence": ["my fare from kul to sin was good because i booked three three months in advance unfortunately", "the pitch of the seat was so small that my knees almost touched the seat back in front and i am just one hundred and sixty-six one hundred and sixtysix tall in general", "i only fly airasia when the fare is extraordinarily good or when"], "Details": [[1, ["time", "NN"], ["and", "CC", 0.0], "cc", "o"]], "Labels": [{"Bookings": ["fare is extraordinarily good"]}, {"Positive Opinion": ["good"]}, {"Seat": ["pitch of the seat was so small", "knees almost touched"]}]}, {"id": 871, "sentence": ["air asia has a class called lie flat which is a sort of business class in that you have more space", "the seat really does let you get a good nights sleep", "it lies almost flat at a sort of angle the rest of the service is not great", "but you pay for what you get it does include"], "Details": [[1, ["time", "NN"], ["and", "CC", 0.0], "cc", "o"]], "Labels": [{"Bookings": ["pay for what you get"]}, {"In-flight service": ["service is not great"]}, {"Seat": ["get a good nights sleep", "seat", "lies almost flat"]}]}, {"id": 872, "sentence": ["a return flight to penang from kuala lumpar the return leg was over an hour lateno info was provided at the airportwhich we felt let down by on the plus", "side a return flight was \u00a320 each and", "the quality of the journey for this money is incredible"], "Details": [], "Labels": [{"Positive Opinion": ["incredible"]}, {"Negative Opinion": ["felt let down"]}]}, {"id": 873, "sentence": ["when im treveling back from kbr kul", "i did bought a premeal in flight sadly", "the crew didnt provide me the meal as i wanted waited until landed", "they still didnt give me my meal"], "Details": [[1, ["time", "NN"], ["and", "CC", 0.0], "cc", "o"]], "Labels": [{"Seat": ["meal", "meal"]}, {"Staff": ["didnt give me my", "crew didnt provide me"]}]}, {"id": 874, "sentence": ["as we are travelling as a family booking on air asia would be the cheapest compared to the other airlines on top of the choices of daily flights that they have in a day checkin was done online issue raised when we had to drop our luggage on our own at the bag drop counter"], "Details": [], "Labels": [{"Bookings": ["cheapest", "checkin was done online"]}]}, {"id": 875, "sentence": ["advantage of check in at machine  not complicated  but you still need to queue to drop in your check in luggage boarding done before time", "so i was expecting to arrive at destination", "earlyhowever", "some connecting passengers failed to make it and their bags had to be taken off"], "Details": [], "Labels": []}, {"id": 876, "sentence": ["you can get same price and better amenities with other airline legs space too cramp long que for group as not much counter open not tolerate on excess baggage awful food onboard no entertainment on economy flight compare to other competitors only take airasia if no other"], "Details": [], "Labels": [{"Entertainment": ["o entertainment"]}, {"Food": ["awful food"]}, {"In-flight service": ["better amenities"]}, {"Seat": ["egs space too cramp"]}]}, {"id": 877, "sentence": ["this company extorts money in an unfair way i considered adding extra baggage to my journey but in the online process i changed my mind however there is no cancellation option only back and next usually in the end of online purchase like ebay or amazon", "there is"], "Details": [[1, ["time", "NN"], ["and", "CC", 0.0], "cc", "o"], [1, ["way", "NN"], ["no", "DT", -0.3], "det", "o"]], "Labels": [{"Bookings": ["no cancellation option", "extorts money in an unfair way"]}]}, {"id": 878, "sentence": ["boarding the plane was done by bus from the terminal building then by stairs and although we had a wait of twenty twenty minutes due to congestion for other planes we arrived only ten ten minutes late at perth", "the seats were reasonably comfortable and were clean and tidy in all respects"], "Details": [[1, ["way", "NN"], ["no", "DT", -0.3], "det", "o"]], "Labels": [{"Cabin": ["clean and tidy"]}, {"Seat": ["seats were reasonably comfortable"]}]}, {"id": 879, "sentence": ["surprising one of the better air asia flights i have taken very pleasant crew and cheerful and chatty pilot put us all at ease flying to lombok flight from lombok was even better as that flight had better variety of food and drinks for sale"], "Details": [[1, ["way", "NN"], ["no", "DT", -0.3], "det", "o"]], "Labels": [{"Food": ["better variety of food", "drinks for sale"]}, {"Staff": ["very pleasant crew", "cheerful", "chatty", "pilot put us all at ease"]}]}, {"id": 880, "sentence": ["i really like this airline the flights are super cheap staff is friendly it is mostly on time", "and you get everything you need on a short flight"], "Details": [], "Labels": [{"Bookings": ["super cheap"]}, {"Staff": ["staff is friendly"]}]}, {"id": 881, "sentence": ["the flight took off in time and landed earlier as estimated reliable and safe flights is the most important and the nasi lemak on the flight taste delicious air asia is always my choice"], "Details": [], "Labels": [{"Food": ["taste delicious", "nasi lemak"]}]}, {"id": 882, "sentence": ["it is it is good to be big member able to accumulate points for every flights purchase i travel overseas mostly by air asia lower cost budget airline", "no frills pay what you get buy checkin luggage is cheaper compares with other budget airline friendly cabin crew and fast"], "Details": [], "Labels": [{"Bookings": ["lower cost budget", "pay what you get"]}, {"Staff": ["friendly cabin crew"]}]}, {"id": 883, "sentence": ["i traveled with friends from hyderabad to siem reap via kualalumpur on air asia flight", "the flight was a reasonably new one the seats were cramped to accommodate more passengers i purchased an exit row seat for which the leg room was good", "the cushion was provided for the"], "Details": [], "Labels": [{"Cabin": ["reasonably new"]}, {"Seat": ["seats were cramped", "leg room was good", "cushion was provided"]}]}, {"id": 884, "sentence": ["pleasant flight from penang to singapore", "but during flight back to penang to singapore flight delay for up to two two hours"], "Details": [], "Labels": [{"Positive Opinion": ["pleasant"]}]}, {"id": 885, "sentence": ["both flights were on time friendly cabin crews reasonable air ticket price but do note about the additional charges for checkin luggage"], "Details": [[1, ["way", "NN"], ["no", "DT", -0.3], "det", "o"]], "Labels": [{"Bookings": ["reasonable air ticket price"]}, {"Staff": ["friendly cabin crews"]}]}, {"id": 886, "sentence": ["the immediate impression was that the aircraft is newish and clean the crew was helpful and courteous this airline is similar to most others in the temperature of the cabin which is cold bring warm clothing for a comfortable flight"], "Details": [[1, ["way", "NN"], ["no", "DT", -0.3], "det", "o"]], "Labels": [{"Cabin": ["newish", "clean", "temperature of the cabin", "cold"]}, {"Staff": ["crew was helpful and courteous"]}]}, {"id": 887, "sentence": ["although cheap it is not an airline i would take in the future when you are", "thirty thousand thirty thousand ft above sea level", "the last thing you want to do is to pay for the basics"], "Details": [[1, ["way", "NN"], ["no", "DT", -0.3], "det", "o"]], "Labels": [{"Bookings": ["cheap"]}, {"In-flight service": ["pay for the basics"]}]}, {"id": 888, "sentence": ["this would be a pleasant flight if not for one rude steward we ordered a food which the stewardess told us that it will take some time to prepare once it was ready another steward who served the food lightly throw the food on the tray", "i was watching a video on my phone"], "Details": [[1, ["way", "NN"], ["no", "DT", -0.3], "det", "o"]], "Labels": [{"Staff": ["rude steward", "stewardess", "take some time", "steward", "served the food", "lightly throw the food"]}]}, {"id": 889, "sentence": ["it was one my life worst night mare flying air asia from kuala lumpur to visakhapatnam vtz", "i have check in my luggage and given the boarding pass while entering the airport we had the regular security screening and removed from belt to shoes after that we went through the"], "Details": [], "Labels": []}, {"id": 890, "sentence": ["we were quite disappointed as we boarded the plane the first sight we stepped in the cabin we spotted empty cans lying on the premium seats one seat scattered with newspapers though these were the unethical acts of the passengers but at least tidy up job should be done"], "Details": [[1, ["way", "NN"], ["no", "DT", -0.3], "det", "o"]], "Labels": [{"Cabin": ["empty cans lying"]}, {"Negative Opinion": ["quite disappointed", "unethical acts"]}, {"Seat": ["seat scattered with newspapers"]}]}, {"id": 891, "sentence": ["i was on a flight from kunming to koala lumpur and luckily for me it was with airasia", "the stewardesses were so attractive and in such beautiful clothes i wonder if girls have to win a local beauty contest to get a job in airasia", "it really seems so the stewards looked"], "Details": [], "Labels": [{"Staff": ["stewardesses were so attractive", "such beautiful clothes", "beauty", "stewards looked"]}]}, {"id": 892, "sentence": ["seats were not so great flight was more likely a domestic standard although three three hours flight pushback seats should be mandatory sadly no pushback"], "Details": [[1, ["way", "NN"], ["no", "DT", -0.3], "det", "o"]], "Labels": [{"Negative Opinion": ["sadly"]}, {"Seat": ["seats were not so great", "pushback seats should be mandatory", "no pushback"]}]}, {"id": 893, "sentence": ["we enjoyed our flight from lombok to kl these plans are usually filled with quiet indonesian guest workers friendly staff", "the wifi did not did not work staff were efficient and helpful", "the landing was very smooth"], "Details": [[1, ["way", "NN"], ["no", "DT", -0.3], "det", "o"]], "Labels": [{"Cabin": ["quiet"]}, {"In-flight service": ["wifi", "did not work"]}, {"Staff": ["friendly staff", "staff were efficient and helpful"]}]}, {"id": 894, "sentence": ["pretty standard budget airline experience", "the flight was ok", "but you need to pay sgd20 per return ticket for internet booking which is absurd food in flight was ok considering the price"], "Details": [[1, ["way", "NN"], ["no", "DT", -0.3], "det", "o"]], "Labels": [{"Bookings": ["standard budget airline"]}, {"Food": ["food", "ok considering the price"]}]}, {"id": 895, "sentence": ["if you are a tall person and would want a spacious knee space then this airline going to manila from taiwan and vice versa is not for you", "this is fit for asian size like us", "and still we find it too tight for comfort"], "Details": [], "Labels": [{"Seat": ["too tight for comfort"]}]}, {"id": 896, "sentence": ["fist time flyer with air asia  ", "it was good", "i flew from gold coast australia to auckland new zealand", "i paid a little extra in my ticket", "so i could have extra luggage  a meal", "but there was no in house movies so made sure to upload movies through my netflix to watch on my"], "Details": [[1, ["way", "NN"], ["no", "DT", -0.3], "det", "o"]], "Labels": [{"Entertainment": ["no in house movies"]}]}, {"id": 897, "sentence": ["the cabin crew are courteous some even entertaining the food is good and relatively more affordable", "it was a bit cramped but still comfortable"], "Details": [[1, ["way", "NN"], ["no", "DT", -0.3], "det", "o"]], "Labels": [{"Food": ["food is good", "more affordable"]}, {"Seat": ["bit cramped", "still comfortable"]}, {"Staff": ["cabin crew are courteous", "entertaining"]}]}, {"id": 898, "sentence": ["short flight from sin to kch midday flight on a sunday flight was more than fifty fifty empty so obviously the overall experience was better boarding was on time and efficient and crew were reasonably pleasant for this short flight i had paid for the first row of seats and so"], "Details": [[1, ["way", "NN"], ["no", "DT", -0.3], "det", "o"]], "Labels": [{"Seat": ["paid for the first row of seats"]}, {"Staff": ["crew were reasonably pleasant"]}]}, {"id": 899, "sentence": ["the self check in queue was very long and very tiring", "there should have been more counters the baggage at penang took forever to come the flying time", "was forty forty minutes and bags took almost about half an hour to come the wait at the belt", "was endless"], "Details": [], "Labels": []}, {"id": 900, "sentence": ["it was a typical average lcc flight we had opted for veggie meal at the time of booking however the meal was extremely disappointing self check in was cumbersome"], "Details": [], "Labels": [{"Food": ["meal was extremely disappointing"]}]}, {"id": 901, "sentence": ["i got no issue for delay in this flight and this flight is really on time my flight is quite good still using self check in machine"], "Details": [], "Labels": []}, {"id": 902, "sentence": ["we had checked in online a few days before and printed out our luggage tags so at the airport we just needed to attach the tags to our checkin luggage using free tag holders provided and selfscan the luggage we were a bit lost as it was our first time doing the process by"], "Details": [], "Labels": []}, {"id": 903, "sentence": ["flight was good but with no entertainment for three three hours flight journey food was really good and the staff are friendly"], "Details": [[1, ["way", "NN"], ["no", "DT", -0.3], "det", "o"]], "Labels": [{"Entertainment": ["no entertainment"]}, {"Food": ["food was really good"]}, {"Positive Opinion": ["good"]}, {"Staff": ["staff are friendly"]}]}, {"id": 904, "sentence": ["travel by road takes aproximately fifty-six fiftysix hours to sandakan", "but if takes airplane definitely only takes forty-five fortyfive cabin crew takes on their responsible although it was just a short flight  ", "still distribute our meal and we have our breakfast just in time before landing"], "Details": [[1, ["way", "NN"], ["no", "DT", -0.3], "det", "o"]], "Labels": [{"Food": ["just in time", "distribute our meal"]}, {"Staff": ["cabin crew", "responsible"]}]}, {"id": 905, "sentence": ["i did expect this budget airlines to have less perks than the full flight one but not to this extend  ", "non usage of the skybridge even when it was readily available in penang  mothers and elderly needs to walk up staircase into the airport  instead of providing the stroller"], "Details": [], "Labels": []}, {"id": 906, "sentence": ["check in was extremely slow and we could not could not see any good reason for it to take so long despite the fact it was a low cost airline on an eight eight hour flight", "there was no tv which we were very shocked at the staff", "were great which was probably the only good thing will not be flying"], "Details": [[1, ["way", "NN"], ["no", "DT", -0.3], "det", "o"]], "Labels": [{"Entertainment": ["no tv"]}, {"Negative Opinion": ["will not be flying"]}, {"Staff": ["staff were great"]}]}, {"id": 907, "sentence": ["we fly air asia from melbourne to kl   ", "all the time and have never had an issue i love the price of the flights", "and it means we can go overseas far more frequently that if we used a higher cost airline"], "Details": [[1, ["way", "NN"], ["no", "DT", -0.3], "det", "o"]], "Labels": [{"Bookings": ["price of the flights", "higher cost airline"]}, {"Positive Opinion": ["love"]}]}, {"id": 908, "sentence": ["worst irresponsible commercial airline", "I am", "I am a frequent flyer around the world", "i was supposed to travel with airasia recently", "but the worst thing happened they denied me from checking in claiming it is a visa issue related to a transit that i should not expect to care about"], "Details": [], "Labels": [{"Negative Opinion": ["worst", "irresponsible"]}, {"Staff": ["they denied me"]}]}, {"id": 909, "sentence": ["good and on time when depart connecting flight to chiangmai at least three three hours overall satisfy with klia two point two point"], "Details": [], "Labels": [{"Positive Opinion": ["good"]}]}, {"id": 910, "sentence": ["I have I have flown many times with this airline and am now resigned to getting average service at best check in was automated which i did not did not know before hand it took a few attempts to print out luggage tags as the machines worked beautifully till it got the print part then"], "Details": [], "Labels": [{"In-flight service": ["average service"]}]}, {"id": 911, "sentence": ["air asia is a great value option for travelling throughout south east asia or indeed to australia", "it has a number of major hubs that give an extensive network in the region i use them frequently as not only do they deliver value but are clean comfortable and have great"], "Details": [], "Labels": [{"Bookings": ["deliver value"]}, {"Cabin": ["clean"]}, {"Seat": ["comfortable"]}]}, {"id": 912, "sentence": ["i usually never fly on airasia", "probably be the last", "it is it is a forty-five fortyfive flight we landed at ten ten our bags", "came out at eleven eleven most airlines domestic ones you come out of your flight", "and you probably wait for max ten ten mins for your baggage"], "Details": [], "Labels": []}, {"id": 913, "sentence": ["what else can you say about air asia that has not has not already been said the automated check in does not does not work at t4 in changi the baggage system does not does not work the staff look perplexed as though this is the first time when there are dozens of travellers waiting to be served for the"], "Details": [[1, ["way", "NN"], ["no", "DT", -0.3], "det", "o"]], "Labels": [{"In-flight service": ["waiting to be served"]}, {"Staff": ["staff look perplexed"]}]}, {"id": 914, "sentence": ["very well airlines with beautiful airport and crew so nice and helpful self boarding and bags handling make life easy and avoid to much line waiting plane is", "comfort and new food is good and not expensive"], "Details": [[1, ["way", "NN"], ["no", "DT", -0.3], "det", "o"]], "Labels": [{"Food": ["new food is good", "not expensive"]}, {"Seat": ["comfort"]}, {"Staff": ["crew so nice", "helpful"]}]}, {"id": 915, "sentence": ["we were not advised by expedia that our flights did not include food drinks or entertainment we were traveling with our thirteen thirteen and ten ten year old children which made it really hard for them over such a long flight without these common expectations of an international flight"], "Details": [[1, ["way", "NN"], ["no", "DT", -0.3], "det", "o"]], "Labels": [{"Entertainment": ["entertainment", "not", "really hard"]}, {"Food": ["did not include food drinks"]}]}, {"id": 916, "sentence": ["ver good low cost arline", "the service is good  the staff is great planes are clean and comfortable"], "Details": [], "Labels": [{"Bookings": ["low cost"]}, {"Cabin": ["planes are clean"]}, {"In-flight service": ["service is good", "staff is great"]}, {"Positive Opinion": ["good"]}, {"Seat": ["comfortable"]}]}, {"id": 917, "sentence": ["it was a returned flight and flight was ten ten mins ahead of schedule for departure from singaporethere was no frills and stewards were experienced and knows their drill well will travel again with air asia but will book earlier so that prices are cheaper"], "Details": [], "Labels": [{"Bookings": ["book earlier", "prices are cheaper"]}, {"Positive Opinion": ["will travel again"]}, {"Staff": ["stewards were experienced", "knows their drill well"]}]}]