[{"id": 1535, "sentence": ["we all understand the travel world has been turned on its head  but air canada have been a disaster to try and deal with and only have offered a conditional credit  never again"], "Details": [[1, ["flight", "NN"], ["the", "DT", 0.0], "det", "o"], [1, ["offered", "VBN"], ["credit", "NN", 0.38], "obj", "o"]], "Labels": [{"Bookings": ["conditional credit"]}, {"Negative Opinion": ["disaster", "never again"]}]}, {"id": 1536, "sentence": ["special thank you to sidonie wybourn and george lau", "you both made our long flight so enjoyable it felt like only a few hours your caring personality made us feel welcomed and appreciated thanks for making our thirty-eight thirtyeight th wedding anniversary special"], "Details": [], "Labels": [{"Positive Opinion": ["so enjoyable", "thanks"]}, {"Negative Opinion": ["special thank you"]}, {"Staff": ["made us feel welcomed", "caring personality", "appreciated"]}]}, {"id": 1537, "sentence": ["air canada cancelled our flight and refuses to provide a refund ignoring the us dot rules the agent i spoke with says they do not do not have to follow us dot guidelines since they are a canadian company the flight lands in us and the us laws should apply filed complaint with us"], "Details": [[1, ["offered", "VBN"], ["credit", "NN", 0.38], "obj", "o"]], "Labels": [{"Bookings": ["cancelled our flight", "refuses to provide a refund", "filed complaint"]}]}, {"id": 1538, "sentence": ["so simple and straight i was in the third row of premium economy class and i really needed some water because i choked myself", "i pressed the service button three times in half hour and nobody came to talk to me", "so i walked to talk to flight attendant in the first class zone"], "Details": [[1, ["offered", "VBN"], ["credit", "NN", 0.38], "obj", "o"]], "Labels": [{"Cabin": ["simple and straight"]}, {"Food": ["needed some water"]}, {"Staff": ["nobody came", "talk to me", "flight attendant"]}]}, {"id": 1539, "sentence": ["air canada is worst airline air canada cancelled my flight and now they don\u2019t want to refund my money back", "they are robbers"], "Details": [[1, ["offered", "VBN"], ["credit", "NN", 0.38], "obj", "o"]], "Labels": [{"Bookings": ["cancelled my flight", "don\u2019t want to refund", "money back"]}, {"Negative Opinion": ["worst", "robbers"]}]}, {"id": 1540, "sentence": ["our business class flight from sydney to vancouver was on time and", "\u00bd full due to the covid19 virus we had kept up to date with the air canada app which was extremely useful as flights due to the virus", "continued to change it", "was one of the last flights out of australia for a"], "Details": [], "Labels": []}, {"id": 1541, "sentence": ["our business class flight from vancouver to melbourne was ontime with excellent service catherine", "was attentive and professional to everyone in our cabin", "our food was enjoyable and the movies were great"], "Details": [[1, ["offered", "VBN"], ["credit", "NN", 0.38], "obj", "o"]], "Labels": [{"Entertainment": ["movies were great"]}, {"Food": ["food was enjoyable"]}, {"In-flight service": ["excellent service"]}, {"Staff": ["attentive and professional"]}]}, {"id": 1542, "sentence": ["\"in spite of the very vapid first world postings that i have read we were very well treated on ac five thousand, two hundred and twenty-three five thousand two hundred and twentythree march akl yvr we were stuck in new zealand as emirates refused our boarding in chc as australia closed its borders to foreign in transit passengers the options became very\""], "Details": [], "Labels": []}, {"id": 1543, "sentence": ["i bought a ticket to syndey australia on air canada having to fly to vancouver from san diego added about five five hours travel time but the price was good", "so i bought it", "two days later they sent an email saying it was a mistake", "and they cancelled my ticket and that i would"], "Details": [], "Labels": [{"Bookings": ["price was good", "cancelled my ticket"]}]}, {"id": 1544, "sentence": ["customer service purposely disconnecting the call we were unable to fly to toronto from berlin due to corona crisis", "we were flexible and wanted a credit to allow us to fly at a later date", "didnt ask for a refund i was talking to the customer service agent in frankfurt"], "Details": [[0, ["credit", "NN", 0.38], ["a", "DT"], "det", "o"], [1, ["offered", "VBN"], ["credit", "NN", 0.38], "obj", "o"], [1, ["credit", "NN"], ["a", "DT", 0.0], "det", "o"]], "Labels": [{"Bookings": ["wanted a credit", "didnt ask for a refund"]}, {"Staff": ["talking to the customer service agent"]}]}, {"id": 1545, "sentence": ["we travelled to costa rica for a week\u2019s vacation and travelled with air canada rouge", "the flight was well managed no delays and smooth flight both ways i would recommend to fly air canada to my family and friends"], "Details": [], "Labels": [{"Positive Opinion": ["recommend to fly"]}]}, {"id": 1546, "sentence": ["i am a us citizen purchased a flight from montreal to portland or the flight has been changed by air canada", "at least twice these changes were initiated by air canada", "each change has resulted in a two two hour phone hold for me now the border is closed and air canada will not will not let"], "Details": [], "Labels": []}, {"id": 1547, "sentence": ["we started our return flight to canada from dunedin to auckland via air new zealand and from auckland to vancouver via air new zealand and air canada from vancouver to toronto our flights on air new zealand were fantastic they provide everything for free pillows"], "Details": [], "Labels": [{"In-flight service": ["provide everything for free"]}, {"Seat": ["pillows"]}, {"Staff": ["fantastic"]}]}, {"id": 1548, "sentence": ["worst airline in the world without question bad service horrible legroom cranky staff and above all expensive"], "Details": [], "Labels": [{"Bookings": ["expensive"]}, {"In-flight service": ["bad service"]}, {"Negative Opinion": ["worst"]}, {"Seat": ["horrible legroom"]}, {"Staff": ["cranky staff"]}]}, {"id": 1549, "sentence": ["the flights went just fine no major delays and i did not see anyone being bumped due to overbooking only issue i had", "was prior to flight", "received messages about changes to itinerary and could not discuss with air canada they were redoing their reservation system and"], "Details": [], "Labels": [{"Bookings": ["overbooking"]}]}, {"id": 1550, "sentence": ["why is someone with an emotional support dog more important than someone needing to breathe really i\u2019ve had an asthma attack thanks to them", "why did they not say", "oh we have a dog who cares i can\u2019t breathe my allergies", "turn to asthma", "i now have to go on steroids thanks to them"], "Details": [], "Labels": [{"Cabin": ["can\u2019t breathe"]}, {"Staff": ["who cares"]}]}, {"id": 1551, "sentence": ["great flight on time", "the only downside is they get very strict with the size of carry ons", "I have I have traveled with the same bag for years with them", "sometines", "it is acceptable other times i have to persuade them", "it is it is acceptable size", "i carry a tape measure"], "Details": [], "Labels": []}, {"id": 1552, "sentence": ["flight was fully booked flight home was uneventful service was excellent except they don\u2019t serve anything except beverages unless you want to buy food which i think is unacceptable otherwise the flight was ok"], "Details": [], "Labels": [{"Bookings": ["fully booked"]}, {"Food": ["don\u2019t serve anything except beverages", "buy food"]}, {"In-flight service": ["service was excellent"]}, {"Positive Opinion": ["uneventful"]}, {"Neutral Opinion": ["ok"]}]}, {"id": 1553, "sentence": ["this plane was an eight hundred and seventy-nine", "eight hundred and seventynine which was", "quite largeuntil you got inside it was like flying in a sardine", "can the seats were so close together", "there was nowhere to stretch or move the aisles", "were so narrow that the flight attendants could hardly get their carts down without"], "Details": [[1, ["credit", "NN"], ["a", "DT", 0.0], "det", "o"]], "Labels": [{"Cabin": ["aisles were so narrow"]}, {"Seat": ["seats were so close together", "nowhere to stretch or move"]}, {"Staff": ["flight attendants"]}]}, {"id": 1554, "sentence": ["perfect ontime flawless boarding and in flight service professional and attentive cabin crew", "overall very good impression", "i was critical in the past reviews", "but this time the experience was great five five air canada"], "Details": [[1, ["credit", "NN"], ["a", "DT", 0.0], "det", "o"]], "Labels": [{"In-flight service": ["in flight service"]}, {"Staff": ["professional and attentive cabin crew", "very good impression"]}]}, {"id": 1555, "sentence": ["flight was exceptional and attendants were very good delays the run around at toronto pearson airport was a joke though absolutely no gate number for a connecting flight to cancun and also on the way home help was next to none and", "very snotty it was like we were a"], "Details": [], "Labels": [{"Positive Opinion": ["exceptional"]}, {"Staff": ["attendants were very good"]}]}, {"id": 1556, "sentence": ["while visiting australia i received word that my father had died late on a wed evening", "i began the process of altering plans so as to accommodate my desire to just well go home", "phoning air canada from australia was easy", "my call was answered immediately and", "within it is it is"], "Details": [], "Labels": []}, {"id": 1557, "sentence": ["minimal service on board used to have crackers and snacks with drinks but nothing now except drinks"], "Details": [[1, ["credit", "NN"], ["a", "DT", 0.0], "det", "o"]], "Labels": [{"Food": ["used to have crackers and snacks", "nothing now except drinks"]}, {"In-flight service": ["minimal service on board"]}]}, {"id": 1558, "sentence": ["a nice flight convenient schedule for me this time on time very good service from the flight crew decent entertainment system even in economy", "but it is it is a dreamliner aircraft so normal", "the food coming back from europe was amazingly good better than on the way out"], "Details": [], "Labels": [{"Entertainment": ["decent entertainment system"]}, {"Food": ["food", "amazingly good"]}, {"In-flight service": ["ery good service"]}, {"Positive Opinion": ["nice"]}, {"Staff": ["flight crew"]}]}, {"id": 1559, "sentence": ["this was the worst flying experience of my life if you respect yourself fly with an airline that respects you air canada does not after a ten ten hour flight we were told in twenty twenty min increments that we would have to wait on the plane for over an hour this made me miss my"], "Details": [], "Labels": []}, {"id": 1560, "sentence": ["they change mi first class seat to economy with out mi consent and no compensation the manager at the ticket booth in lima would not give me a explanation"], "Details": [[1, ["credit", "NN"], ["a", "DT", 0.0], "det", "o"]], "Labels": [{"Bookings": ["no compensation"]}, {"Staff": ["not give me a explanation", "manager"]}]}, {"id": 1561, "sentence": ["the united portion of the flight from cleveland to toronto had no air conditioning and until we were airborne", "it was beastly hot waiting in toronto", "entailed a lot of moving and busses", "not well organized we disembarked in montreal had about three three minutes to eat and then back"], "Details": [[1, ["credit", "NN"], ["a", "DT", 0.0], "det", "o"]], "Labels": [{"In-flight service": ["no air conditioning", "beastly hot"]}]}, {"id": 1562, "sentence": ["this is a sad excuse for an airline late leaving toronto the plane was not full  we had paid for upgraded seats to vancouver the cabin crew felt it was ok for passengers who had not paid for the upgrade to sit in upgraded seats when i asked if we could move to business"], "Details": [], "Labels": [{"Bookings": ["not full"]}, {"Seat": ["paid for upgraded seats"]}, {"Staff": ["cabin crew", "it was ok"]}]}, {"id": 1563, "sentence": ["i travel by air about once a month and have often flown air canada", "this flight was very good left and arrived on schedule other times", "not so much new ipad style seat back tv screens were clean and clear good selection of current movies to choose from although they did"], "Details": [], "Labels": [{"Entertainment": ["good selection of current movies"]}, {"Positive Opinion": ["very good"]}]}, {"id": 1564, "sentence": ["on a ten ten hour overnight flight we found the cabin crew to be always in a hurry generally inattentive and when you do get to speak with them", "it iscold conversation", "what ever happened to friendly", "this was a relatively new wide body jet", "and yet they still have not have not fgured out how"], "Details": [[1, ["credit", "NN"], ["a", "DT", 0.0], "det", "o"]], "Labels": [{"Cabin": ["relatively new wide body"]}, {"Staff": ["cabin crew", "always in a hurry", "generally inattentive", "cold conversation", "what ever happened to friendly"]}]}, {"id": 1565, "sentence": ["even with delays and having to sit for quite a while on the runway waiting to go then having to return to refuel and sit again because of rain in philadelphia the flight staff and the pilot were super informative and made it all as comfortable as possible we arrived safely"], "Details": [[1, ["credit", "NN"], ["a", "DT", 0.0], "det", "o"]], "Labels": [{"Staff": ["flight staff and the pilot were super informative", "made it all as comfortable as possible"]}]}, {"id": 1566, "sentence": ["this is a new route a direct flight from vancouver to auckland", "it was about fourteen fourteen twelve twelve hours going and about twelve twelve twelve twelve hours", "returning the service was very good and the food was fine", "it helped make for a fantastic vacation in new zealand", "we had bulk head seats with great legroom"], "Details": [[1, ["credit", "NN"], ["a", "DT", 0.0], "det", "o"]], "Labels": [{"Food": ["food was fine"]}, {"In-flight service": ["service was very good"]}, {"Seat": ["bulk head seats with great legroom"]}]}, {"id": 1567, "sentence": ["air canada toronto to frankfurt and", "onwards to amman on lufthansa seats and service on ac", "were good new aircraft different experience on lh where seats do not recline", "felt like being on a school bus"], "Details": [[1, ["credit", "NN"], ["a", "DT", 0.0], "det", "o"]], "Labels": [{"In-flight service": ["service on ac were good"]}, {"Seat": ["seats do not recline"]}]}, {"id": 1568, "sentence": ["i found the crew upbeat attentive considering it is the time of the covid nineteen nineteen", "i felt everything was cleaner", "i noticed the bathrooms were keep cleaner throughout the flight arriving in mexico city", "was easy with extremely friendly staff helping with your luggage"], "Details": [], "Labels": [{"Cabin": ["bathrooms were keep cleaner throughout", "everything was cleaner"]}, {"Staff": ["staff helping with your luggage", "extremely friendly", "crew upbeat attentive"]}]}, {"id": 1569, "sentence": ["completely unorganized small delays by thirty thirty minutes turned into five five hours boarded entire plane", "while doing maintenance then realized plane could not fly terrible organization on behalf of air canada", "the company should be under promising and over delivering"], "Details": [], "Labels": [{"Negative Opinion": ["terrible organization"]}]}, {"id": 1570, "sentence": ["had a total of six six flights to reach destination flying westjet would have meant a total of two two flights have so many aeroplan points that i had to start using them"], "Details": [], "Labels": []}, {"id": 1571, "sentence": ["air canada afternoon flight to toronto was comfortable and efficient we purchased extra leg room which helped food for sale", "was excellent headphones helped with the crying child nearby  ", "poor mum we were late leaving arrived on time young staff were trying hard first"], "Details": [], "Labels": [{"Entertainment": ["headphones helped"]}, {"Food": ["food for sale", "excellent"]}, {"In-flight service": ["efficient"]}, {"Seat": ["comfortable", "purchased extra leg room"]}, {"Staff": ["helped", "young staff were trying hard"]}]}, {"id": 1572, "sentence": ["the plane arriving to pick us up in casablanca was late as it had to be changed", "i was not was not going to make my connection to chicago in montreal", "so i used the app and got a response from customer service within fifteen fifteen by the time we were done i had a confirmed seat on the next"], "Details": [], "Labels": [{"Seat": ["confirmed seat"]}]}, {"id": 1573, "sentence": ["two two baggage check charge 100 bad experience and cabin crew customer service not up to the mark", "especially senior cabin crew not caring about passengers and senior crew should not be in passenger facing job positions"], "Details": [], "Labels": [{"Staff": ["senior cabin crew not caring", "senior crew should not be in passenger facing job positions"]}]}, {"id": 1574, "sentence": ["this is the worst airline that i have ever flown we were delayed due to weather even though i heard the agents talking about being short staffed yet again which was the real reason for the cancellation we had to get a hotel out of pocket which air canada refuses to reimburse"], "Details": [[1, ["credit", "NN"], ["a", "DT", 0.0], "det", "o"]], "Labels": [{"Bookings": ["real reason for the cancellation", "refuses to reimburse"]}, {"Staff": ["short staffed yet again"]}]}, {"id": 1575, "sentence": ["good connections to bangkok via hong kong service and helpfulness could definitely improve as well no apology", "when making contact with seated passenger when pushing service cart down aisle overhead earphones should be available in premium economy class for those wearing a"], "Details": [], "Labels": [{"In-flight service": ["earphones should be available"]}, {"Staff": ["helpfulness could definitely improve", "no apology"]}]}, {"id": 1576, "sentence": ["the boarding clerks kept sending me to different gates", "the kept telling me there was no more room for me on the flight", "the flight was delayed by four four hours abysmal legroom flight attendants never listen when you call them one", "even told me youre pushing it when i asked"], "Details": [[1, ["credit", "NN"], ["a", "DT", 0.0], "det", "o"]], "Labels": [{"Seat": ["abysmal legroom"]}, {"Staff": ["kept telling me", "flight attendants never listen"]}]}, {"id": 1577, "sentence": ["what a way to start and end two two fabulous weeks in spain several of the in flight personnel spoke spanish", "which i dont but know madrid and spain very well between serving a great dinner and breakfast before arrival on request made helpful suggestions about what we may"], "Details": [[1, ["credit", "NN"], ["a", "DT", 0.0], "det", "o"]], "Labels": [{"Staff": ["flight personnel spoke spanish", "made helpful suggestions", "on request"]}]}, {"id": 1578, "sentence": ["the worst flying experience with air canada from montreal to toronto on march two", "two two thousand and twenty point", "two thousand and twenty point", "i frequently fly with themincluding flights to india and it had not been until now that i realized what the reviews meant when they called air canada inhumane i was on board two hundred and thirty two hundred and thirty pm"], "Details": [], "Labels": [{"Negative Opinion": ["worst"]}, {"Staff": ["inhumane"]}]}, {"id": 1579, "sentence": ["ontime boarding lots of room for our carryon luggage", "comfortable seats food  beverages that tasted good and were reasonably priced and an entertainment system remember to download their app ahead of time that actually entertained us and baggage that showed up quickly"], "Details": [], "Labels": [{"Entertainment": ["entertainment system", "actually entertained us"]}, {"Bookings": ["reasonably priced"]}, {"Cabin": ["lots of room"]}, {"Food": ["food  beverages that tasted good"]}, {"Seat": ["comfortable seats"]}]}, {"id": 1580, "sentence": ["what can i say it\u2019s air canada for the cost of the flight", "it is uncomfortable they pack as many people in without thinking of comfort", "there is no leg room even for a short person like me also the price of the food on the plane is not cheap and", "it tastes mediocre i"], "Details": [[1, ["credit", "NN"], ["a", "DT", 0.0], "det", "o"]], "Labels": [{"Food": ["price of the food on the plane is not cheap", "tastes mediocre"]}, {"Seat": ["uncomfortable", "without thinking of comfort", "no leg room"]}]}, {"id": 1581, "sentence": ["i booked round trip flight from air canada from boston to kingston jamaica two two hours before flight air canada cancel the flight it was fourteen fourteen of february and", "all of the flight was cancelled without any explanation for returning flight the flight cancelled many times the first"], "Details": [], "Labels": [{"Bookings": ["cancelled without any explanation", "cancelled many times"]}]}, {"id": 1582, "sentence": ["my flight itself was good", "i was happy about the low fare for a direct flight however at the airport", "i was told that there was a return flight included in my oneway ticket which i had not been made aware of now", "that is that is not really a big deal for me", "oneway tickets are"], "Details": [], "Labels": [{"Bookings": ["low fare"]}, {"Positive Opinion": ["happy"]}, {"Neutral Opinion": ["not really a big deal"]}]}, {"id": 1583, "sentence": ["we went on a bucket list family trip to europe and southeast asia totalling eleven eleven flights with many different airlines", "our final flight from hong kong to toronto was fantasticand our first air canada flight on this tripthe crew was pleasant and extremely professional the"], "Details": [[1, ["credit", "NN"], ["a", "DT", 0.0], "det", "o"]], "Labels": [{"Positive Opinion": ["fantastic"]}, {"Staff": ["crew was pleasant and extremely professional"]}]}, {"id": 1584, "sentence": ["i booked a return flight from london to calgary with air canada on thirteen thirteen july two thousand and nineteen two thousand and nineteen and paid a lot more money to travel in the premium economy cabin", "about double the economy price on ten ten december two thousand and nineteen two thousand and", "nineteen air canada emailed me to say my seat for the return flight had been changed"], "Details": [[1, ["credit", "NN"], ["a", "DT", 0.0], "det", "o"]], "Labels": [{"Bookings": ["paid a lot more money", "double the economy price"]}]}, {"id": 1585, "sentence": ["as common with many service airlines have lost their enthusiasm to make the trip more pleasant for the passengers there is less courtesy and service is more abrupt less pleasant interaction between crew and passenger in comparison with asian airlines"], "Details": [[1, ["credit", "NN"], ["a", "DT", 0.0], "det", "o"]], "Labels": [{"In-flight service": ["service is more abrupt"]}, {"Negative Opinion": ["lost their enthusiasm"]}, {"Staff": ["less courtesy", "less pleasant interaction between crew and passenger"]}]}, {"id": 1586, "sentence": ["we flew from new delhi to toronto on a long fifteen fifteen hour flight with a small baby we were seated in premium economy and fortunately had a lot of vacant seats in the same rows however the armrests cannot be raised on premium economy the way they can be in economy class this"], "Details": [], "Labels": [{"Positive Opinion": ["fortunately"]}, {"Seat": ["armrests cannot be raised"]}]}, {"id": 1587, "sentence": ["typical air canada in many respects adequate but nothing beyond normal basic expectations a completely full flight left only a bit more than one half hour", "late only flight of six segments that i experienced on other airlines this particular trip good selection of"], "Details": [], "Labels": [{"Negative Opinion": ["nothing beyond normal basic expectations"]}]}, {"id": 1588, "sentence": ["we were flying from vancouver to halifax via montreal on saturday january eighteen eighteen only to be informed that the second leg of our journey had been cancelled when we arrived in montreal we were handed tickets which would have sent us back to halifax via toronto not to arrive until"], "Details": [], "Labels": [{"Bookings": ["cancelled", "handed tickets"]}]}, {"id": 1589, "sentence": ["my flight experience review to learn hard time to start time twenty-four twentyfour hours tomorrow", "one one days i come to often from philippines to fort murray unit", "we driving so far to here in from edmonton", "we are tired too rest flight all", "everyone experiences come as finally home"], "Details": [], "Labels": [{"Seat": ["tired"]}]}, {"id": 1590, "sentence": ["we flew this airline from toronto to vancouver unlike air new zealand on this flight you had to purchase everything food drinks", "etc  ", "bummer", "the flight attendants were alright but certainly not as friendly as on our air new zealand flight"], "Details": [[1, ["credit", "NN"], ["a", "DT", 0.0], "det", "o"]], "Labels": [{"Food": ["food drinks etc  bummer"]}, {"In-flight service": ["had to purchase everything"]}, {"Staff": ["flight attendants were alright", "certainly not as friendly"]}]}, {"id": 1591, "sentence": ["flew to toronto from zurich on air canada the service in zurich", "particularly the concierge", "they were so friendly and caring the flight itself was wonderful timely service and good meals"], "Details": [], "Labels": [{"Food": ["good meals"]}, {"In-flight service": ["concierge", "service", "wonderful", "timely service"]}, {"Staff": ["they were so friendly", "caring"]}]}, {"id": 1592, "sentence": ["booked a trip for my whole family spent over 7000 in plane tickets booked online directly with air canada however from start to finish has been a night mare received several misleading emails with various itinerary changes so confusing", "however we went to airport to"], "Details": [], "Labels": [{"Bookings": ["booked", "booked online directly"]}]}, {"id": 1593, "sentence": ["having had a horrible trip to england with air transat my first flight", "ever i was really hoping air canada was going to be good not so boarding at eight hundred and five eight hundred and five", "is when they told us there was no plane yet an eight hundred and twenty-five", "eight hundred and twentyfive am take off", "turned into nine hundred and thirty nine hundred and thirty never again i will pay extra and try a"], "Details": [], "Labels": [{"Bookings": ["pay extra"]}, {"Negative Opinion": ["never again"]}]}, {"id": 1594, "sentence": ["the food served was not great the bed rolls are so cold and hard the staff are not friendly but i must say they did keep the toilets clean"], "Details": [[1, ["credit", "NN"], ["a", "DT", 0.0], "det", "o"]], "Labels": [{"Food": ["food served was not great"]}, {"In-flight service": ["bed rolls are so cold and hard", "toilets clean"]}, {"Staff": ["staff are not friendly"]}]}, {"id": 1595, "sentence": ["efficient service at checkin and inflight pleasant timely connection good cabin service and ontime arrival"], "Details": [], "Labels": [{"In-flight service": ["good cabin service", "inflight pleasant"]}]}, {"id": 1596, "sentence": ["this was a disaster flight overall from the time i left my home un", "til", "i arrived in tampa bay", "i had twelve twelve updates on my phonewe were continually", "late air canada has a very sneaky way to save money we were delayed so thought we would stop for dinner air canada did not did not tell us"], "Details": [[1, ["credit", "NN"], ["a", "DT", 0.0], "det", "o"]], "Labels": [{"Bookings": ["sneaky way to save money"]}, {"Negative Opinion": ["disaster"]}, {"Staff": ["did not tell us"]}]}, {"id": 1597, "sentence": ["we recently flew flew home from a trip in florida with air canada the trip down was no good", "our flights began with air canada jazzno onboard entertainment unless you have your own tablet", "i cannot stress enough how they have to let people know this prior to boarding"], "Details": [], "Labels": [{"Entertainment": ["no good", "onboard entertainment"]}]}, {"id": 1598, "sentence": ["we were on ac2410 from honolulu the flight left late and was very rough there was lots of communication as to why", "but it did go on a long time the crew was great and we arrived with time to make our connection to toronto"], "Details": [[1, ["credit", "NN"], ["a", "DT", 0.0], "det", "o"]], "Labels": [{"Negative Opinion": ["was very rough"]}, {"Staff": ["the crew was great"]}]}, {"id": 1599, "sentence": ["delayed disappointing and rude would recommend flying westjet united delta heck even give air china a rip"], "Details": [[1, ["credit", "NN"], ["a", "DT", 0.0], "det", "o"]], "Labels": [{"Staff": ["disappointing and rude"]}]}, {"id": 1600, "sentence": ["great smooth flight on time seats are roomy", "i do not do not see why we have to pay more  to pick our seats prior to flying the back half of the plane", "was empty it would have been nice if someone had told us so we could have spread out"], "Details": [[1, ["credit", "NN"], ["a", "DT", 0.0], "det", "o"]], "Labels": [{"Bookings": ["have to pay more"]}, {"Cabin": ["half of the plane was empty"]}, {"Seat": ["seats are roomy"]}]}, {"id": 1601, "sentence": ["left on time from barbados when lining up in barbados they asked us to enter the plane using zones written on boarding passpassport and documents needed right until you are on board the plane so keep all documentation accessible i walk with a cane but didn\u2019t ask for extra"], "Details": [], "Labels": []}, {"id": 1602, "sentence": ["we flew on air canada from montreal to tokyo on the dreamliner a thirteen thirteen flight which was uneventful on time good service on board plenty of choice for onboard entairtainment"], "Details": [[1, ["credit", "NN"], ["a", "DT", 0.0], "det", "o"]], "Labels": [{"Entertainment": ["plenty of choice for onboard entairtainment"]}, {"In-flight service": ["good service on board"]}]}, {"id": 1603, "sentence": ["the flight was enjoyable ample overhead bin space and a wide selection of movies", "the main issue were the long airport lines in toronto where our one one layover was insufficient and we almost missed our connection", "i would recommend that air canada allocate more time for toronto"], "Details": [], "Labels": [{"Entertainment": ["wide selection of movies"]}, {"Cabin": ["ample overhead bin space"]}, {"Positive Opinion": ["enjoyable"]}, {"Negative Opinion": ["main issue"]}]}, {"id": 1604, "sentence": ["flight boarded early but departed", "thirty thirty min late service was friendly and nice as usual space is too tight food there was little choice once they arrrived at me"], "Details": [], "Labels": [{"Food": ["food there was little choice"]}, {"In-flight service": ["nice as usual", "service"]}, {"Seat": ["space is too tight"]}, {"Staff": ["friendly"]}]}, {"id": 1605, "sentence": ["booked air canada vacation package from sudury ont to cancun mexico with connecting flights in toronto our party of five five were on standby for the toronto flight we booked in aug two thousand and nineteen two thousand and nineteen on return after landing in toronto i was notified our connecting flight to sudbury was"], "Details": [], "Labels": [{"Bookings": ["booked"]}]}, {"id": 1606, "sentence": ["flight cancelled", "re booked flight cancelled re booked again flight cancelled re booked again flight cancelled most likely wont book with air canada in the future"], "Details": [[1, ["credit", "NN"], ["a", "DT", 0.0], "det", "o"]], "Labels": [{"Bookings": ["cancelled", "re booked", "cancelled", "re booked again", "cancelled", "booked again", "cancelled"]}, {"Negative Opinion": ["wont book"]}]}, {"id": 1607, "sentence": ["leaving for christmas holiday on dec twenty-one twentyone two thousand and nineteen two thousand and nineteen traveling with a infant so specifically booked a non stop flight to san francisco in the car on the way to the airport receive text that the flight is cancelled and rebooked for dec twenty-three twentythree with two two additional stops hope this was"], "Details": [], "Labels": [{"Bookings": ["flight is cancelled", "rebooked"]}]}, {"id": 1608, "sentence": ["great flight  good media options and the meals were decent it is a long flight", "and it is it is overnight", "so pick your seats accordingly"], "Details": [], "Labels": [{"Entertainment": ["good media options", "meals were decent"]}, {"Positive Opinion": ["great"]}, {"Seat": ["pick your seats accordingly"]}]}, {"id": 1609, "sentence": ["we had a very pleasant flight on air canada domestic the staff were extremely welcoming and friendly", "we always pre book our seats", "so were seated just where we wanted service was done with a smile"], "Details": [[1, ["credit", "NN"], ["a", "DT", 0.0], "det", "o"]], "Labels": [{"Positive Opinion": ["pleasant flight"]}, {"Seat": ["pre book our seats", "seated just where we wanted"]}, {"Staff": ["staff were extremely welcoming and friendly", "with a smile"]}]}, {"id": 1610, "sentence": ["i previously wrote a review flying out from atlanta and felt it was worth writing another for my return trip on which just like the first time both flights were delayed in addition the ac operations seemed to be chaos my flight from yyz to atl was half boarded", "then we were"], "Details": [[1, ["credit", "NN"], ["a", "DT", 0.0], "det", "o"]], "Labels": [{"In-flight service": ["ac operations seemed to be chaos"]}]}, {"id": 1611, "sentence": ["helloi travel a fair amount and never have i had the abominably frustrating experience that i am having with air canada", "the travel has not yet taken place", "the above info simply allows me to be heard here", "i have a couple of ecoupons plus a credit from a flight", "that"], "Details": [[1, ["credit", "NN"], ["a", "DT", 0.0], "det", "o"]], "Labels": [{"Bookings": ["couple of ecoupons", "credit"]}, {"Negative Opinion": ["abominably frustrating"]}]}, {"id": 1612, "sentence": ["needed to contact them and talk to a human being due to a family sickness and emergency was impossible", "we had to physically go to an airport fees how they treat their customers and remote support sucks inflight experience", "is alright which is why they do not do not get cero"], "Details": [], "Labels": [{"In-flight service": ["inflight experience is alright"]}, {"Seat": ["how they treat their customers"]}]}, {"id": 1613, "sentence": ["aircrafts are outdated or vintage and gives you sense danger it may fly low compared to others", "so you have a nice view of landmass", "the do not serve anything even on long haul flights they will charge you extra for accompanying spous if you wan to sit together", "they would"], "Details": [], "Labels": [{"Bookings": ["charge you extra"]}, {"Food": ["do not serve anything"]}, {"In-flight service": ["nice view"]}, {"Seat": ["sit together"]}]}, {"id": 1614, "sentence": ["we paid for tickets which included a checked in bag for each of us in sept two thousand and nineteen two thousand and nineteen for a skiing vacation we checked in at vancouver and flew to kelowna however", "only two two of our four four bags the air canada person at kelwnoa advised the bags had been left in vancouver because the plane was"], "Details": [], "Labels": [{"Bookings": ["paid for tickets"]}]}, {"id": 1615, "sentence": ["none of the six flights was on time air canada rouge has the smallest leg space i have ever experienced", "i will try to avoid air canada in future"], "Details": [], "Labels": [{"Negative Opinion": ["try to avoid"]}, {"Seat": ["smallest leg space"]}]}, {"id": 1616, "sentence": ["despite changed flights four four times a canceled flight due to storms in atlantic canada and lost baggage", "it was great"], "Details": [[1, ["credit", "NN"], ["a", "DT", 0.0], "det", "o"]], "Labels": [{"Bookings": ["canceled flight due to storms"]}]}, {"id": 1617, "sentence": ["I have I have always heard air canada was bad and avoided flying with them the other day i found cheap flights with ideal arrival times for my schedule and agreed with myself to give it a go what should have been a painless five five minute booking", "turned into an hour long phone call with the"], "Details": [], "Labels": [{"Bookings": ["found cheap flights"]}, {"Negative Opinion": ["bad and avoided"]}]}, {"id": 1618, "sentence": ["was traveling for business the flights on both ends were delayed leaving sudbury", "it was four four hours late with no comment or communications from the airline though i was set up for alerts"], "Details": [], "Labels": [{"Seat": ["no comment or communications"]}]}, {"id": 1619, "sentence": ["it\u2019s hard to understand how this air line can boast that it rates really high the only airline to serve tap water not even a bag of pretzels on a flight over four hours", "even aeromexico serves a bag of nuts on domestic flights air canada is an embarrassment"], "Details": [[1, ["credit", "NN"], ["a", "DT", 0.0], "det", "o"]], "Labels": [{"Food": ["serve tap water", "not even a bag of pretzels"]}, {"Negative Opinion": ["embarrassment"]}]}, {"id": 1620, "sentence": ["air canada is not bad but it is always frustrating", "when departing times keep changing there were no snacks at allnot even pretzels"], "Details": [], "Labels": [{"Food": ["no snacks at all", "not even pretzels"]}]}, {"id": 1621, "sentence": ["i do not do not eat meat and fly about six hundred and ten six hundred and ten times a year not as much as people flying for business but pretty much for an average person", "it was the first time for me that the airlines forgot to pack my meal", "i was on a flight from toronto to tokyo", "good ten ten or so with no meal even"], "Details": [[1, ["credit", "NN"], ["a", "DT", 0.0], "det", "o"]], "Labels": [{"Food": ["do not eat meat", "forgot to pack my meal", "no meal"]}]}, {"id": 1622, "sentence": ["have yet to travel", "and i am nervous about our up coming flight", "have called more than twenty twenty times trying to get thru customer service all in an effort to get seat assignments w my fourteen fourteen year old on an international flight", "either get dc from call wait on three thousand and sixty three thousand and sixty min to be told someone"], "Details": [], "Labels": []}, {"id": 1623, "sentence": ["was told to confirm my flight online twenty-four twentyfour hrs prior to flight", "but the website was not functional then tried to get my boarding pass with the automated kioskthat didn\u2019t work finally checked my bag on my own because nobody from the airline was present with the exception of one"], "Details": [[1, ["credit", "NN"], ["a", "DT", 0.0], "det", "o"]], "Labels": [{"Bookings": ["confirm my flight online"]}, {"Staff": ["nobody from the airline was present"]}]}, {"id": 1624, "sentence": ["my westjet flight was delayed by over two two hours and caused me to miss my connection with air canada", "i was expecting something like not our problem go see westjet", "but instead they found an alternate flight free of charge"], "Details": [], "Labels": [{"Bookings": ["alternate flight free of charge"]}]}, {"id": 1625, "sentence": ["we were delayed one hour due to lack of staff loading luggage on plane and had to wait in the aircraft on the way to panama coming back home", "there was a forty-five fortyfive minute delay"], "Details": [], "Labels": [{"Staff": ["lack of staff"]}]}, {"id": 1626, "sentence": ["flight was delayed ninety ninety minutes at take off warning light in cargo hold sounds like an excuse not to pay paid for wifi for the four point five four point five hr flight and tried contacting air canada service to make other arrangements air canada did not respond only compensation for over eight eight wait"], "Details": [], "Labels": [{"Bookings": ["compensation"]}, {"In-flight service": ["paid for wifi"]}, {"Staff": ["did not respond"]}]}, {"id": 1627, "sentence": ["unfortunately after reading many reviews on them it is obvious that no one at air canada cares about the opinion or experience their paying customers have with their service", "the experience dealing with air canada is in my top three three of worst customer support experiences", "i\u2019d ever"], "Details": [], "Labels": [{"Negative Opinion": ["unfortunately"]}]}, {"id": 1628, "sentence": ["we were comfortable food was decentgreat selection of", "movies staff accommodating  ", "there was always offers of water juice etc ordered fruit platter for my meals fresh  and served along with yogurt good for me", "my husband enjoyed his meal choices also"], "Details": [], "Labels": [{"Entertainment": ["great selection of movies"]}, {"Food": ["food was decent", "always offers of water juice etc", "ordered fruit platter", "meals fresh", "served along with yogurt", "enjoyed his meal choices"]}, {"Positive Opinion": ["good"]}, {"Seat": ["comfortable"]}, {"Staff": ["staff accommodating"]}]}, {"id": 1629, "sentence": ["a very good flight on time efficient and", "it was air canada predictable pleasant staff good service"], "Details": [], "Labels": [{"In-flight service": ["good service", "efficient"]}, {"Positive Opinion": ["very good"]}, {"Staff": ["pleasant staff"]}]}, {"id": 1630, "sentence": ["my flight to vancouver was cancelled and i was notified of the cancellation the day before with a note that a follow up email on the rescheduled flight would be sent however i did not get an email i tried calling in for hours on end with no one to assist and also wrote in"], "Details": [[1, ["credit", "NN"], ["a", "DT", 0.0], "det", "o"]], "Labels": [{"Bookings": ["cancelled", "notified of the cancellation"]}, {"Staff": ["no one to assist"]}]}, {"id": 1631, "sentence": ["why do i keep torturing myself by flying ac because it was the only direct flight", "and i am paying dearly with the loss of my time and", "patience plane is old creaky and there is barely enough space to walk down the aisle halfway through the flight plane turned back because of"], "Details": [[1, ["credit", "NN"], ["a", "DT", 0.0], "det", "o"]], "Labels": [{"Cabin": ["lane is old creaky", "barely enough space to walk"]}, {"Negative Opinion": ["torturing"]}]}, {"id": 1632, "sentence": ["normally i have a good experience but this trip was terrible do to poor planning by ac by putting in a new reservation system in december air canadas new reservation system has messed up everything from phone customer service being a two two hr wait or not allowing me to even be in"], "Details": [], "Labels": [{"Staff": ["not allowing me"]}]}]