[{"id": 2251, "sentence": ["terrible terrible terrible if i could give negative stars for this airline", "i would", "my husband", "and i flew from los angeles to beirut but our flight back to the states was cancelled due to covid19", "this is understandable but what is not understandable and completed"], "Details": [], "Labels": [{"Bookings": ["cancelled"]}, {"Negative Opinion": ["terrible", "terrible"]}]}, {"id": 2252, "sentence": ["air france cancelled our flights refused to refund our money which is direct violation of eu regulation", "ec2612004 articles five five and eight point", "eight point they hung up on customers flatly refused to discuss the matter they broke eu law", "the refused to provide customers with their legally"], "Details": [], "Labels": [{"Bookings": ["cancelled our flights", "refused to refund our money", "flatly refused"]}]}, {"id": 2253, "sentence": ["youre an american you do not do not need a vat refund that is that is the exact word for word response from the air france flight attendant when i asked if i could get a vat refund during our stop over in paris the tv screens on both my daughters and my seats did not work during the"], "Details": [], "Labels": [{"Entertainment": ["tv screens", "did not work"]}, {"Bookings": ["do not need a vat refund", "vat refund"]}, {"Staff": ["flight attendant"]}]}, {"id": 2254, "sentence": ["youre an american you do not do not need the vat refund that was the word for word response when i asked an air france flight attendant if i could get my vat refund during the stopover in paris", "my daughters and my tv screen did not work for the entire flight the three three men"], "Details": [], "Labels": [{"Entertainment": ["tv screen did not work"]}, {"Bookings": ["vat refund"]}]}, {"id": 2255, "sentence": ["my best flight so far to europe air france was clearly superior to united lufthansa delta and of course the abysmal american in flying to and from europe", "our last flight was on time the plane was clean the service staff was friendly and the food was actually tasty highly"], "Details": [], "Labels": [{"Cabin": ["plane was clean"]}, {"Food": ["food was actually tasty"]}, {"Positive Opinion": ["best"]}, {"Staff": ["service staff was friendly"]}]}, {"id": 2256, "sentence": ["\"take off from rio de janeiro around one thousand, six hundred and thirty one thousand six hundred and thirty and reaching paris next morning around seven hundred and thirty seven hundred and thirty one can say the best possible flight time ground and air crew superb n effecient meal good n", "good collection of movies to watch during the flight had a connecting airfrance flight to delhi\""], "Details": [], "Labels": [{"Entertainment": ["good collection of movies to watch"]}, {"Food": ["meal good"]}, {"Staff": ["ground and air crew superb"]}]}, {"id": 2257, "sentence": ["service was ok could not could not get anyone to assist for more than ten ten mins", "could not could not get extra blanket bought damaged duty free and returning it or exchanging it was drama", "ten ten mins later was sitting in one one", "and i kept getting bumped maybe choose a different seat if you are a sensitive"], "Details": [[1, ["credit", "NN"], ["a", "DT", 0.0], "det", "o"]], "Labels": [{"In-flight service": ["service was ok", "could not get extra blanket"]}, {"Negative Opinion": ["drama"]}, {"Seat": ["choose a different seat"]}, {"Staff": ["could not get anyone to assist"]}]}, {"id": 2258, "sentence": ["air france has always provided excellent service of course it does help to be in business class but the af folks at the airport even before we were identified as business class were helpful and efficient"], "Details": [], "Labels": [{"In-flight service": ["provided excellent service"]}, {"Staff": ["folks at the airport", "helpful and efficient"]}]}, {"id": 2259, "sentence": ["\"after flying in with air mauritius we were very disappointed with the plane we got for the return with af boeing seven hundred and seventy-seven thousand, four hundred seven hundred and seventyseven thousand four hundred might have been about twenty twenty years old  narrow seats less leg space and ancient entertainment screen  ", "really i flew with similar one in one thousand, nine hundred and ninety-six point one thousand nine hundred and ninetysix point", "but the worst\""], "Details": [], "Labels": [{"Entertainment": ["ancient entertainment screen"]}, {"Negative Opinion": ["very disappointed", "worst"]}, {"Seat": ["narrow seats", "less leg space"]}]}, {"id": 2260, "sentence": ["check in was a bit slow as everyone seemed to be a bit confused however the business lounge made up for it as it was really comfortable with plenty of choice of food  ", "drink flight was on time seats very comfortable and the service very good", "the food was of high quality"], "Details": [], "Labels": [{"Food": ["plenty of choice of food  drink", "food was of high quality"]}, {"In-flight service": ["service very good"]}, {"Seat": ["really comfortable", "seats very comfortable"]}, {"Staff": ["bit confused"]}]}, {"id": 2261, "sentence": ["flew mancdgbkk sincdgman in late january early february firstly", "the price of the ticket was great coming in some \u00a3600 less than the middle eastern carriers and also ba", "so as pure value for money i couldn\u2019t fault it all of the flights ran on time which is another major"], "Details": [[1, ["credit", "NN"], ["a", "DT", 0.0], "det", "o"]], "Labels": [{"Bookings": ["price of the ticket was great", "pure value for money"]}]}, {"id": 2262, "sentence": ["very little interest from tre cabin crew for service old airplanes with bad or not working intertainments"], "Details": [], "Labels": [{"Entertainment": ["not working intertainments"]}, {"Staff": ["very little interest", "cabin crew"]}]}, {"id": 2263, "sentence": ["flying to paris we splurged and went business class", "so we could sleep and not be jet lagged on vacation coming home however we chose premium economy which basically bites there is absolutely no padding on the back and seat and the seat also does not recline basically you"], "Details": [], "Labels": [{"In-flight service": ["premium economy"]}, {"Seat": ["absolutely no padding on the back", "seat also does not recline"]}]}, {"id": 2264, "sentence": ["kind  friendly staff very helpful  good clean cabin captain very informative with flight information"], "Details": [], "Labels": [{"Cabin": ["good clean cabin"]}, {"Staff": ["kind  friendly staff", "very helpful", "captain very informative"]}]}, {"id": 2265, "sentence": ["sorry to conclude that our flight back home cpt cdg was the same shame and not meeting our expectations at all  ", "we believe air france needs to reconsider their level of services really service of staff food quality and drinks quantity offered in premium class is below"], "Details": [], "Labels": [{"Food": ["drinks quantity", "below"]}, {"In-flight service": ["needs to reconsider their level of services"]}, {"Negative Opinion": ["not meeting our expectations", "shame"]}]}, {"id": 2266, "sentence": ["satisfactory boarding organisation good service on board small delay of course food could be better and seats could be more comfortable", "but it is acceptable for economy class"], "Details": [[1, ["credit", "NN"], ["a", "DT", 0.0], "det", "o"]], "Labels": [{"Food": ["food could be better", "seats could be more comfortable"]}, {"In-flight service": ["good service on board"]}]}, {"id": 2267, "sentence": ["we felt pampered with good food nice accommodations and great service for a trip", "this long flying business class is so helpful we felt rested when we got to our destination", "it was worth the money"], "Details": [], "Labels": [{"Bookings": ["worth the money"]}, {"Cabin": ["nice accommodations"]}, {"Food": ["good food"]}, {"In-flight service": ["felt pampered", "great service"]}, {"Staff": ["so helpful"]}]}, {"id": 2268, "sentence": ["convenient over night flight connection back to singapore from europe comfortable good in flight services and experiences"], "Details": [], "Labels": [{"Positive Opinion": ["good"]}, {"Seat": ["comfortable"]}]}, {"id": 2269, "sentence": ["this flight was not full so we able to move to other seats that was the only good part of the flight", "the food was perhaps", "the worst we had ever had the snack before landing was uninteresting and tasteless so much for french food", "the movie choices were lacking it took us"], "Details": [], "Labels": [{"Entertainment": ["movie choices were lacking"]}, {"Cabin": ["not full"]}, {"Food": ["snack", "uninteresting and tasteless", "french food"]}]}, {"id": 2270, "sentence": ["it was my first time to take air france and i wish to be last time years ago", "i flight", "i never has a problem", "but the first time i take air france", "it is the first time i struggle", "i flight from jfk to yaounde cameroon withount any problem execept long waiting during transit", "but"], "Details": [], "Labels": [{"Negative Opinion": ["struggle"]}]}, {"id": 2271, "sentence": ["found a solid value for a biz award seat from chicago to paris", "this was my first time flying air france on an international itinerary aircraft", "was a newer a330200 air france lounge at ohare", "is", "small and pretty low frills certainly does not compete with premium airport"], "Details": [], "Labels": [{"Cabin": ["newer"]}]}, {"id": 2272, "sentence": ["i did not like this airline that much food was not good at all and", "the seats were so uncomfortable our flight had a zero zero  ", "and we had to run like hell to catch the next flight very bad experience"], "Details": [], "Labels": [{"Food": ["food was not good at all"]}, {"Negative Opinion": ["very bad experience"]}, {"Seat": ["seats were so uncomfortable"]}]}, {"id": 2273, "sentence": ["the positives were good flight times and the food was a very high standard entertainment was quite good too an extensive selection of movies although not as extensive as emirates the negatives for me were the small seats as mentioned it was very difficult to get out for"], "Details": [], "Labels": [{"Entertainment": ["very high standard entertainment", "extensive selection of movies"]}, {"Seat": ["small seats"]}]}, {"id": 2274, "sentence": ["my lufthansa business class flight from cph was delayed so they kindly transferred me to air france", "so i could still make a flight to buenos aires of course air france was paid by lufthansa for this", "now air france says they will not award me milage points because i"], "Details": [], "Labels": [{"Bookings": ["paid by", "not award me milage points"]}, {"Staff": ["kindly"]}]}, {"id": 2275, "sentence": ["not child friendly at all if i have the choice i will never fly with them again", "shoulda stuck to lufthansa terminal", "two two sucks no restaurants at all awful place to be especially when traveling with children"], "Details": [], "Labels": []}, {"id": 2276, "sentence": ["air france is an airline from which you expect high standards attention was very good meals delicious where i was dissapointed was in cleanliness tables were filthy in the back and lights in ceiling were out of order"], "Details": [], "Labels": [{"Cabin": ["cleanliness tables were filthy", "lights in ceiling were out of order"]}, {"Food": ["meals delicious"]}, {"Staff": ["attention was very good"]}]}, {"id": 2277, "sentence": ["the flagship company with the lowest standards and the most accidents is trying to rewrite its past mistakes by intimidating its passengers shameful ticketing and checkin service", "god is really fair", "he made paris one of the most beautiful places in the world and he put the"], "Details": [], "Labels": [{"Bookings": ["shameful ticketing"]}]}, {"id": 2278, "sentence": ["i booked with air france though received service of klm i traveled by air france within france in an earlier time that was too good", "this time it was on time flight with a very good ground and on board service vegetarian food", "was there", "seat was", "good leg space was just ok"], "Details": [], "Labels": [{"Food": ["vegetarian food was there"]}, {"Seat": ["seat was good", "leg space was just ok"]}]}, {"id": 2279, "sentence": ["i was supposed to travel on january five five two thousand and twenty two thousand and twenty on the flight af1583 from prague to paris and", "then on connecting flight af470 to my final destination  ", "mauritius", "normally i am not the trouble maker", "but after this horrible experience i have decided to share it with the other"], "Details": [], "Labels": [{"Negative Opinion": ["horrible"]}]}, {"id": 2280, "sentence": ["seats are rubbish that is what you pay for but really rubbish", "may probably be on par with economy so not worth paying not for"], "Details": [[1, ["credit", "NN"], ["a", "DT", 0.0], "det", "o"]], "Labels": [{"Bookings": ["that is what you pay for", "really rubbish", "not worth paying"]}, {"Seat": ["seats are rubbish"]}]}, {"id": 2281, "sentence": ["from the sky priority boarding until arrival roughly in time everything went well friendly and efficient staff nice cabin"], "Details": [], "Labels": [{"Cabin": ["nice cabin"]}, {"Staff": ["friendly and efficient staff"]}]}, {"id": 2282, "sentence": ["a lovely flight made all the better by our charming flight attendant who was so kind and attentive by coincidence we had the exact same seats on the return flight as on our departure flight", "and he was delighted to see us again remembered our names even which made us feel"], "Details": [], "Labels": [{"Positive Opinion": ["lovely"]}, {"Staff": ["charming flight attendant", "kind and attentive", "remembered our names", "he was delighted"]}]}, {"id": 2283, "sentence": ["the worse of the worse i had purchased a ticket on their site connecting ticket from paris to phnom penh via bangkok more expensive", "but i thought that the quality was guaranteed not even no connection lost following flight because of obligation to check the luggage\u2019s"], "Details": [], "Labels": [{"Bookings": ["purchased a ticket", "more expensive"]}, {"Negative Opinion": ["worse"]}]}, {"id": 2284, "sentence": ["checkin and flight went without a hitch the cabin crew were the most pleasant and accessible", "I have I have ever experienced", "they smiled and kept eyecontact and seemed like they genuinely were fond and proud of their work one thousand and ten one thousand and ten"], "Details": [], "Labels": [{"Positive Opinion": ["without a hitch"]}, {"Staff": ["cabin crew were the most pleasant and accessible", "they smiled and kept eyecontact", "seemed like they genuinely were fond", "proud of their work"]}]}, {"id": 2285, "sentence": ["we found the ground staff very helpful and accommodating in the usa", "we had to lay over at charles de gaulle airport for seven seven hours before flying into the uk", "the attendant service aboard the long flight was lacking in attendance and enthusiasm", "the seating was tighter than other"], "Details": [], "Labels": [{"Seat": ["seating was tighter"]}, {"Staff": ["ground staff very helpful and accommodating", "attendant", "lacking in attendance and enthusiasm"]}]}, {"id": 2286, "sentence": ["my husband and i were travelling to south africa for our honeymoon with a layover in paris we did mention it while boarding the plane and the staff was really excited for us", "then they brought us some champagne and a certificat and little gift", "it made our flight more"], "Details": [], "Labels": [{"Staff": ["staff was really excited", "they brought us some champagne and a certificat and little gift"]}]}, {"id": 2287, "sentence": ["i need get the clear reason why air france cancelled my flight", "your changi airfrance manager think i do not do not have enough fund for my trips to istanbul by question", "how much money with me yesterday night", "i already told him i bring only \u20ac2000 cash", "but i have over hundred thousands"], "Details": [], "Labels": [{"Bookings": ["cancelled", "do not have enough fund", "how much money"]}]}, {"id": 2288, "sentence": ["a very nice late evening flight friendly chatty cheeky crew with a lot of energy and a very welcome snack and drinks all free bags checked and delivered on time landing cabin well ventilated toilet clean"], "Details": [], "Labels": [{"Cabin": ["cabin well ventilated", "toilet clean"]}, {"Food": ["very welcome snack and drinks all free"]}, {"Positive Opinion": ["very nice"]}, {"Staff": ["friendly chatty cheeky crew", "lot of energy"]}]}, {"id": 2289, "sentence": ["flight attendance are friendly people ready to help if you need clean and correctly managed common places"], "Details": [[1, ["credit", "NN"], ["a", "DT", 0.0], "det", "o"]], "Labels": [{"Cabin": ["clean and correctly managed common places"]}, {"Staff": ["flight attendance are friendly people", "ready to help if you need"]}]}, {"id": 2290, "sentence": ["flew via paris from uk to cancun all flights were on time and we upgraded at checkin both ways to premium economy for long haul portion of journey", "very reasonable upgrade prices seating and space on pariscancun flights were great and customer service was also good main"], "Details": [], "Labels": [{"Bookings": ["very reasonable upgrade"]}, {"In-flight service": ["customer service was also good"]}, {"Seat": ["seating and space", "great"]}]}, {"id": 2291, "sentence": ["i have been flying with air france for a long time already went to", "china india e", "many other flights it used to be the best company for me", "last three three years i went to italy with air france and can tell you the quality has been dropping a lot", "my flight from rome to paris got two two"], "Details": [], "Labels": [{"In-flight service": ["quality has been dropping"]}]}, {"id": 2292, "sentence": ["i had clocked that the major airlines are now charging for all checked hold baggage it used to be one case included", "but i missed the small print the airline may charge extra for suitcases in the small print when i booked online via expedia with air france the hidden cost"], "Details": [], "Labels": [{"Bookings": ["hidden cost"]}]}, {"id": 2293, "sentence": ["excellent flight from checkin to lounge cabin seats full reclining food choice of entertainment staff very professional and efficient really appearing to be interested in assuring passengers comfort"], "Details": [], "Labels": [{"Entertainment": ["choice of entertainment"]}, {"Positive Opinion": ["excellent"]}, {"Seat": ["cabin seats full reclining"]}, {"Staff": ["staff very professional and efficient", "really appearing to be interested"]}]}, {"id": 2294, "sentence": ["provide very good service", "the seat was very comfortable", "the pilot and cabin crew were very friendly pro"], "Details": [], "Labels": [{"In-flight service": ["very good service"]}, {"Seat": ["seat was very comfortable"]}, {"Staff": ["pilot and cabin crew were very friendly"]}]}, {"id": 2295, "sentence": ["expedia marketed an air francedelta flight from toronto to marrakech the connection was in paris cdg and the layover time was one one hr", "the first flight departed thirty thirty min late", "when we arrived at cdg there was no one to help us with our connecting flight we ran around the"], "Details": [], "Labels": [{"Staff": ["no one to help"]}]}, {"id": 2296, "sentence": ["as usually a lot of handlugage the cabin staff is allways strugling with this problem on all our flights to tunisia the dear guests from tunisia is nearly allways having to much lugage on the flights why its delaying the flight sometimes the staff did a super job"], "Details": [], "Labels": [{"Staff": ["cabin staff is allways strugling", "staff did a super job"]}]}, {"id": 2297, "sentence": ["living in victoria  vancouver island can be a bit of a pain to fly to europe the direct flight from vancouver to paris was on time comfortable and the food was delicious"], "Details": [], "Labels": [{"Food": ["food was delicious"]}, {"Negative Opinion": ["bit of a pain"]}, {"Seat": ["comfortable"]}]}, {"id": 2298, "sentence": ["great flight on time comfortable and relaxing great service with attendants caring about your inflight comfort above average food"], "Details": [], "Labels": [{"Food": ["above average food"]}, {"In-flight service": ["great service"]}, {"Positive Opinion": ["great"]}, {"Seat": ["comfortable and relaxing", "comfort"]}, {"Staff": ["attendants caring"]}]}, {"id": 2299, "sentence": ["first time with air france cabin crew were excellent servicecomfortbeveragescould not fault anything will fly with them again"], "Details": [], "Labels": [{"Food": ["beveragescould not fault"]}, {"Staff": ["cabin crew were excellent"]}]}, {"id": 2300, "sentence": ["i live in toronto and in august i paid for a business seat on a trip from africa to toronto via paris in parisafter taking my seat in business class", "a lady came to me and insisted that the same seat was assigned to her trying to understand what was going on", "i went to"], "Details": [[1, ["credit", "NN"], ["a", "DT", 0.0], "det", "o"]], "Labels": [{"Seat": ["paid for a business seat", "same seat was assigned"]}]}, {"id": 2301, "sentence": ["almost on time nice and quiet flight good service on board some bad fillings at the end by two lost luggage"], "Details": [], "Labels": [{"Cabin": ["nice and quiet flight"]}, {"In-flight service": ["good service on board"]}]}, {"id": 2302, "sentence": ["the airline was very comfortably arranged and clean we did have a delay due to a medical issue on the inbound flight", "the airline provided vouchers for a dinner at the airport while we were waiting the attendants on the plane", "were very professional and friendly the meals"], "Details": [], "Labels": [{"Cabin": ["clean"]}, {"Seat": ["comfortably arranged"]}, {"Staff": ["attendants", "very professional and friendly"]}]}, {"id": 2303, "sentence": ["there was nothing positive i can say about the flight it was cramped extremely hot poor service with the worst food i can remember on a flight", "it was like going back in time twenty twenty years", "the in flight entertainment was on very small tv screens and on our flight they did not"], "Details": [], "Labels": [{"Entertainment": ["very small tv screens"]}, {"Cabin": ["it was cramped"]}, {"Food": ["worst food"]}, {"In-flight service": ["extremely hot", "poor service"]}, {"Negative Opinion": ["nothing positive"]}]}, {"id": 2304, "sentence": ["we were very well looked after seats were comfortable and the service really good and friendly", "we enjoyed the food", "was top quality for both legs of the flight unfortunately the security officials at the airport were exceptionally rude and bullied the ladies when we"], "Details": [], "Labels": [{"Food": ["food was top quality"]}, {"In-flight service": ["service really good"]}, {"Positive Opinion": ["enjoyed"]}, {"Negative Opinion": ["unfortunately"]}, {"Seat": ["seats were comfortable"]}, {"Staff": ["very well looked after", "friendly", "security officials", "exceptionally rude and bullied"]}]}, {"id": 2305, "sentence": ["on the long flight lax to paris", "the seat was not was not comfortable not cushioned enough but long flights are difficult at least for me so all in all the flights were fine both ways israel to lax via paris and back the service", "was excellent both at the airports and on"], "Details": [], "Labels": [{"In-flight service": ["service was excellent"]}, {"Seat": ["seat was not was not comfortable", "not cushioned enough"]}]}, {"id": 2306, "sentence": ["we will no longer fly where connections have to be made our recent experience cost us a day of enjoyment in rome the reason charles degalle airport in paris does not have enough customs personel to handle the load at times", "this was a comment by an agent of air france we"], "Details": [], "Labels": [{"Seat": ["does not have enough customs personel"]}]}, {"id": 2307, "sentence": ["i used to fly lufthansa but", "trying air france makes me change my mind", "i did not share the seat on boeing seven hundred and seventy-seven", "seven hundred and seventyseven food was excellent and service exceptional"], "Details": [], "Labels": [{"Food": ["food was excellent"]}, {"In-flight service": ["service exceptional"]}, {"Seat": ["did not share the seat"]}]}, {"id": 2308, "sentence": ["great service friendly staff good wine", "the seats are better than many other carriers and you still get a snack", "it\u2019s a real bonus not having to take two two flights"], "Details": [], "Labels": [{"Food": ["good wine", "still get a snack"]}, {"In-flight service": ["great service"]}, {"Staff": ["friendly staff", "seats are better"]}]}, {"id": 2309, "sentence": ["i traveled with my mother from miami to paris to barcelona in october two thousand and nineteen point two thousand and nineteen point the flight itself was smooth seats were comfortable enough service on the plane was good where i ran into trouble", "was the wheelchair access in paris for our connecting flight we initially took the"], "Details": [], "Labels": [{"In-flight service": ["service on the plane was good"]}, {"Seat": ["seats were comfortable enough"]}]}, {"id": 2310, "sentence": ["great service", "i flew from malaga to paris and then to atlanta and final leg to st louis all", "went smoothly"], "Details": [], "Labels": [{"In-flight service": ["great service"]}, {"Positive Opinion": ["all went smoothly"]}]}, {"id": 2311, "sentence": ["everything was ok service food timing", "all worked", "well i am quite tall", "and i was obliged to take the first raw", "but it was ok"], "Details": [], "Labels": [{"In-flight service": ["service", "was ok", "all worked well"]}]}, {"id": 2312, "sentence": ["delicious food great legroom friendly hosts awesome entertainment screens and sound quality clean seats and blankets"], "Details": [], "Labels": [{"Entertainment": ["awesome entertainment screens and sound quality"]}, {"Food": ["delicious food"]}, {"In-flight service": ["blankets"]}, {"Seat": ["great legroom", "clean seats"]}, {"Staff": ["friendly hosts"]}]}, {"id": 2313, "sentence": ["i flew from paris to atlanta returning from houston in economy with air france apart from charles de gaulle", "being a nightmare airport", "the flight was unexpectedly excellent cabin staff were very good food good and refreshments", "whenever you liked you could even go and help"], "Details": [], "Labels": [{"Food": ["food good", "refreshments whenever you liked"]}, {"In-flight service": ["flight was unexpectedly excellent"]}, {"Staff": ["cabin staff were very good"]}]}, {"id": 2314, "sentence": ["the plane was modern and clean seven hundred and eighty", "-seven seven hundred and eightyseven dreamliner and was only about half full crew where friendly and helpful no problems at all tried air france because i will never fly klm ever again", "they are disgraceful"], "Details": [], "Labels": [{"Cabin": ["plane was modern", "clean", "only about half full"]}, {"Staff": ["crew where friendly", "helpful"]}]}, {"id": 2315, "sentence": ["there was nothing special about that flight which all went well", "crew were", "very pleasant food is getting worse and worse though"], "Details": [], "Labels": [{"Food": ["food is getting worse"]}, {"In-flight service": ["all went well"]}, {"Staff": ["crew were very pleasant"]}]}, {"id": 2316, "sentence": ["i was cross with air france from past unpleasant flights i was surprised at the level of professionalism of the staff the good meals and the selection of drinks and entertainment", "it was a really pleasant inflight experience"], "Details": [], "Labels": [{"Entertainment": ["entertainment"]}, {"Food": ["good meals", "selection of drinks"]}, {"In-flight service": ["really pleasant inflight experience"]}, {"Staff": ["level of professionalism of the staff"]}]}, {"id": 2317, "sentence": ["service was exceptional staff were very polite generous and patient the food was excellent and fittingly of high standard"], "Details": [], "Labels": [{"Food": ["food was excellent"]}, {"In-flight service": ["service was exceptional"]}, {"Staff": ["staff were very polite generous and patient"]}]}, {"id": 2318, "sentence": ["very comfortable inflight experience flight attendants were pleasant and seemed to enjoy their job", "they were very attentive to the two two families travelling with infants in the row ahead of us", "it is it is a small detail", "but the wet napkin to freshen up was a much appreciated little"], "Details": [], "Labels": [{"In-flight service": ["very comfortable inflight experience"]}, {"Staff": ["flight attendants were pleasant", "seemed to enjoy their job", "very attentive", "much appreciated"]}]}, {"id": 2319, "sentence": ["check in was efficient and friendly the boarding process was a bit confusing as announcements were", "limited flight attendants were courteous and efficient throughout the flight"], "Details": [], "Labels": [{"Staff": ["friendly", "flight attendants were courteous and efficient"]}]}, {"id": 2320, "sentence": ["the flight crew was exceptionally nice", "the plane was clean nothing worn or broken the food was surprisingly good and arrival on time"], "Details": [], "Labels": [{"Cabin": ["plane was clean", "nothing worn or broken"]}, {"Food": ["food was surprisingly good"]}, {"Staff": ["flight crew was exceptionally nice"]}]}, {"id": 2321, "sentence": ["one of ther worst airline i have ever travelled so far conjusted stinks uncomfortable seats and to top it one of the worst crew"], "Details": [], "Labels": [{"Negative Opinion": ["worst"]}, {"Seat": ["uncomfortable seats"]}, {"Staff": ["one of the worst crew"]}]}, {"id": 2322, "sentence": ["very efficient and curious crew and staff plane is very comfortable no tv but seats are not tight and good leg room sandwich served is delicious no tv on board plane airline is good for short trips"], "Details": [], "Labels": [{"Entertainment": ["no tv", "no tv on board"]}, {"Food": ["sandwich served is delicious"]}, {"Seat": ["very comfortable", "seats are not tight", "good leg room"]}, {"Staff": ["very efficient and curious crew"]}]}, {"id": 2323, "sentence": ["a text message saying that your flight is five five hours late is not the best start to your trip however cudos to af for being very efficient in informing about the situation due to operational issues we were late and the plane we ended up travelling in was not the one intended for"], "Details": [], "Labels": []}, {"id": 2324, "sentence": ["very pleasant flight on time helpful crew", "nothing was a problem choice of two two types of sandwiches as opposed to just crackers or peanuts"], "Details": [], "Labels": [{"Food": ["just crackers or peanuts"]}, {"Positive Opinion": ["very pleasant"]}, {"Staff": ["helpful crew"]}]}, {"id": 2325, "sentence": ["any longhaul flight i take", "i opt for business and air france", "is great", "it allows me a few days in paris even if I am I am on my way to another destination italy this trip on this flight the attendants were gracious and helpful the food was interesting and thoughtfully"], "Details": [], "Labels": [{"Food": ["food was interesting"]}, {"Staff": ["the attendants were gracious and helpful"]}]}, {"id": 2326, "sentence": ["this flight wasn\u2019t very long", "so didn\u2019t expect too much nice clean plane service was quite good as it was a short flight", "we didn\u2019t have a meal", "just a sandwich snack wasn\u2019t", "too bad staff were ok the only issue was after we landed in paris we had to wait quite a while for"], "Details": [], "Labels": [{"Cabin": ["nice clean plane"]}, {"Food": ["didn\u2019t have a meal", "just a sandwich snack", "wasn\u2019t too bad"]}, {"In-flight service": ["service was quite good"]}, {"Staff": ["staff were ok"]}]}, {"id": 2327, "sentence": ["nice service in the business class good food nice staff chairs could be e little more comfortable and amenities a little more generous"], "Details": [[1, ["credit", "NN"], ["a", "DT", 0.0], "det", "o"]], "Labels": [{"Food": ["good food"]}, {"In-flight service": ["nice service in the business class"]}, {"Seat": ["chairs could be e little more comfortable"]}, {"Staff": ["nice staff", "a little more generous"]}]}, {"id": 2328, "sentence": ["we have never flown on air france and this ailrine totally impressed us and others around us as well including the ground crew the flight attendants and the service was amazing", "all other airlines should learn from this airline it was a short flight", "but we still got food and"], "Details": [], "Labels": [{"Food": ["still got food"]}, {"In-flight service": ["service was amazing"]}]}, {"id": 2329, "sentence": ["i did not get good feedback about air france so was a bit skeptical about traveling in air france flights", "however i was completely taken aback when i saw the flight interiors", "the service onboard was great", "too had a decent experience en route from delhi to paris and further"], "Details": [[1, ["credit", "NN"], ["a", "DT", 0.0], "det", "o"]], "Labels": [{"Cabin": ["completely taken aback when i saw the flight interiors"]}, {"In-flight service": ["service onboard was great"]}]}, {"id": 2330, "sentence": ["we were on our way to delhi from detroit via paris and had the experience travel by a wonderful airline known as air france we reached there at paris around eight eight am", "and then we had to stay for some time to catch our flight", "so we got the time there to get freshen up and take our"], "Details": [], "Labels": [{"Positive Opinion": ["wonderful"]}]}, {"id": 2331, "sentence": ["we are we are quite surprised by the size of eco chairs they were bigger than we thought and because we paid a little more for our leg rooms", "we were happy with our long flight", "oh", "but our return flight was delayed because of toilet malfunction and the announcer spoke only in french"], "Details": [[1, ["credit", "NN"], ["a", "DT", 0.0], "det", "o"]], "Labels": [{"Cabin": ["toilet malfunction"]}, {"Positive Opinion": ["happy"]}, {"Seat": ["size of eco chairs they were bigger", "paid a little more for our leg rooms"]}, {"Staff": ["announcer spoke only in french"]}]}, {"id": 2332, "sentence": ["excellent trip both my wife and i were well attended the food was very good and overall it was a delightful trip"], "Details": [], "Labels": [{"Positive Opinion": ["excellent", "delightful"]}, {"Staff": ["well attended", "food was very good"]}]}, {"id": 2333, "sentence": ["flight left rome on time and the plane was very nice they give you a little ice cream after you take off and exceptional customer service during the flight"], "Details": [], "Labels": [{"Cabin": ["plane was very nice"]}, {"Food": ["little ice cream"]}, {"In-flight service": ["exceptional customer service"]}]}, {"id": 2334, "sentence": ["we took this flight due to the bankrupcy of xl airways", "the flight is good has on flight wifi  ", "movies service food snack was", "great direct flight was on time staff was very helpfull as well usually the flight is expensive but", "for us as it was a rescue flight with"], "Details": [], "Labels": [{"Entertainment": ["movies"]}, {"Bookings": ["expensive"]}, {"Food": ["food snack was great"]}, {"In-flight service": ["on flight wifi"]}, {"Staff": ["staff was very helpful"]}]}, {"id": 2335, "sentence": ["this is one of my favorite airline companies so stylish and elegant as a typical company from france but their service is very good and almost crews are friendly and when i was waiting my turn in front of toilet a cute crew called me and gave me a pack of small snack then i"], "Details": [], "Labels": [{"Food": ["pack of small snack"]}, {"Positive Opinion": ["stylish and elegant"]}, {"Staff": ["crews are friendly", "cute crew called me"]}]}, {"id": 2336, "sentence": ["wasted time weighing my hand luggage at the airport forced to and then still took my hand luggage at the gate and forced me to check in the luggage when i told them i needed the bag because of medicine", "i was told to unpack and take out the medicine in front of all the other"], "Details": [], "Labels": []}, {"id": 2337, "sentence": ["everything about our trip with low cost air france was wrong basically air france is selling normal price tickets whilst offering a low cost service really a shame for a once acceptable airline", "will try to never take it again", "i hope they change their strategy because their"], "Details": [], "Labels": [{"Bookings": ["low cost", "change their strategy"]}, {"Negative Opinion": ["never take it again"]}]}, {"id": 2338, "sentence": ["flight attendants helpful and friendly in flight meals tasty and very well presented flight taking off and landing on time"], "Details": [], "Labels": [{"Food": ["meals tasty", "very well presented"]}, {"Staff": ["flight attendants helpful and friendly"]}]}, {"id": 2339, "sentence": ["we thoroughly enjoyed our flight", "the food was delicious and very french which was nice since i wasn\u2019t ready to leave the service", "was very good", "we enjoyed the cameras on the tail and nose of the plane interesting to watch landing"], "Details": [], "Labels": [{"Entertainment": ["enjoyed the cameras on the tail and nose of the plane"]}, {"Food": ["food was delicious"]}, {"Positive Opinion": ["thoroughly enjoyed"]}]}, {"id": 2340, "sentence": ["me and my son recently visited cairo and took air france flights back besides a four four hour delay on the first flight and a one hour delay on the second one one of our two suitcases made it back after two days and the other one has not been found yet 1 week despite numerous"], "Details": [], "Labels": []}, {"id": 2341, "sentence": ["both legs of this flight were", "total disasters requested wheelchair assistance didn\u2019t show up checking into venice staff could not print a boarding pass for one person in our party we had been notified earlier our connecting flight had been changed giving us one one hour at"], "Details": [[1, ["credit", "NN"], ["a", "DT", 0.0], "det", "o"]], "Labels": [{"Negative Opinion": ["total disasters"]}, {"Staff": ["didn\u2019t show up", "staff could not print"]}]}, {"id": 2342, "sentence": ["a trip to visit the war grave in italy of my grandfather was given a great start with a flawless flight from aberdeen via paris to venice great service etc"], "Details": [], "Labels": [{"Cabin": ["flawless"]}, {"In-flight service": ["great service"]}]}, {"id": 2343, "sentence": ["flight was ontime check in was seamless and air hostsesses were professional and seemed happy to do their job would definitely use them again"], "Details": [], "Labels": [{"Staff": ["air hostsesses were professional", "seemed happy to do their job"]}]}, {"id": 2344, "sentence": ["we booked flight through tour company checked seating weeks before flight to see my wife and myself seated next to each other not best location but did not did not want to pay extra to move", "so we left it alone when we checked in", "found our seats were changed and we not sitting next to"], "Details": [], "Labels": [{"Seat": ["seated next to each other", "pay extra to move", "seats were changed"]}]}, {"id": 2345, "sentence": ["good attention to passenger comforts on time and passengers kwpt informed on board entertainment good"], "Details": [], "Labels": [{"Entertainment": ["on board entertainment good"]}, {"Seat": ["comforts"]}, {"Staff": ["good attention to passenger"]}]}, {"id": 2346, "sentence": ["we have been flying with air france since two thousand and sixteen point", "two thousand and sixteen point", "we\u2019ve never been disappointed so far the staff are great very friendly and", "they speak english so no issues with communication the flights are comfortable", "so i give shout out to the pilots they\u2019re great as well even the ground"], "Details": [], "Labels": [{"Positive Opinion": ["never been disappointed"]}, {"Seat": ["flights are comfortable"]}, {"Staff": ["staff are great very friendly", "they speak english", "pilots they\u2019re great"]}]}, {"id": 2347, "sentence": ["on both directions to and from with the same air company catering service touched the bottom  ", "no options at all as second dish completed just in the same place of mid of salon  very difficult to get even beer as nothing was offer by staff and", "as result was bad sleep on"], "Details": [], "Labels": [{"Food": ["no options at all", "very difficult to get even beer", "nothing was offer"]}, {"Staff": ["staff"]}]}, {"id": 2348, "sentence": ["took this flight as a quick way to get from rome to paris", "had considered the train but this flight was quicker and cheaper the flight itself was", "great full and big plane but air france staff were terrific recommended"], "Details": [], "Labels": [{"Bookings": ["cheaper"]}, {"Cabin": ["full and big plane"]}, {"In-flight service": ["flight itself was great"]}, {"Staff": ["staff were terrific"]}]}, {"id": 2349, "sentence": ["not much bad to say at all flying an a330 and had an emergency exit window seat food was", "good entertainment selection was ok", "seat was comfortable plenty of snacks and drinks throughout flight", "only complaint is if you don\u2019t like cold feet don\u2019t take a seat beside the"], "Details": [], "Labels": [{"Entertainment": ["entertainment selection was ok"]}, {"Food": ["food was good", "plenty of snacks and drinks"]}, {"Seat": ["window seat", "seat was comfortable", "seat beside"]}]}]