[{"id": 2967, "sentence": ["poor service be it standing on the long queue for an hour for boarding food on almost every aspect"], "Details": [], "Labels": [{"In-flight service": ["poor service"]}]}, {"id": 2968, "sentence": ["this is the worst airliner ever their on site agents give vague and unclear responses their helpline numbers are always unreachable their twitter handle gives fixed robotic responses their website crashes because they open booking for nine nine flights at one particular time and"], "Details": [], "Labels": [{"Negative Opinion": ["worst"]}, {"Staff": ["agents give vague and unclear responses"]}]}, {"id": 2969, "sentence": ["we had to deal with long queues slow and unhappy service for all of our flights i had ordered vegan meals for all flights which were not recorded on the flight when i asked the attendant for a vegan meal after receiving no meal he said there was no record of this and just"], "Details": [[1, ["credit", "NN"], ["a", "DT", 0.0], "det", "o"]], "Labels": [{"Food": ["ordered vegan meals", "not recorded"]}, {"In-flight service": ["unhappy service"]}, {"Staff": ["said there was no record", "asked the attendant"]}]}, {"id": 2970, "sentence": ["i have flown several times with air india both international and domestic in india", "the only thing they have going for them is the luggage allowance", "the staff is unbelievably rude indifferent and incompetent and goes for both ground and inflight staff the planes makes you"], "Details": [], "Labels": [{"Staff": ["staff is unbelievably rude indifferent and incompetent"]}]}, {"id": 2971, "sentence": ["the airlines were not even willing to provide a refund during the time of coronavirus", "they just mentioned that they were doing going to refund", "but all they do is to charge people more during the crisis", "this is a terrible airline which i will avoid at all costs their website"], "Details": [], "Labels": [{"Bookings": ["not even willing to provide a refund", "going to refund", "charge people more"]}, {"Negative Opinion": ["terrible"]}]}, {"id": 2972, "sentence": ["boarding at the gate was chaotic  most airlines have a system whereby they board by section  ", "not airindia", "it is it is a free for all", "so you get to your seat slowly and realize that this is one really old plane the seat is stained and the best one can do", "is wipe down everything"], "Details": [], "Labels": [{"Cabin": ["really old plane"]}, {"Seat": ["seat is stained"]}]}, {"id": 2973, "sentence": ["at time the flight is jitty jerky and irksome with no extra food in air india craft it gets cancelled without intimation"], "Details": [], "Labels": [{"Bookings": ["cancelled without intimation"]}]}, {"id": 2974, "sentence": ["flight was delayed but it was beyond control of air india", "but they tried to cover up and also served meal quickly entertainment system audio was not working rest", "every thing was good"], "Details": [], "Labels": [{"Entertainment": ["entertainment system audio was not working"]}, {"Food": ["served meal quickly"]}]}, {"id": 2975, "sentence": ["it was a cheap flight you get what you pay for this", "is stupid to make forty-seven fortyseven letters minimum when i have said all i want to say in thirty thirty letters"], "Details": [[1, ["credit", "NN"], ["a", "DT", 0.0], "det", "o"]], "Labels": [{"Bookings": ["you get what you pay for", "cheap"]}]}, {"id": 2976, "sentence": ["i have been traveling since a long time now", "and this was my first experience with air india flight", "was clean washrooms were spacious unlike in usual flights and clean as well with all basic amenities available inside food was tasty and was served twice in a twelve twelve hr flight"], "Details": [[1, ["credit", "NN"], ["a", "DT", 0.0], "det", "o"]], "Labels": [{"Cabin": ["washrooms were spacious", "clean"]}, {"Food": ["food was tasty", "served twice"]}]}, {"id": 2977, "sentence": ["the ticket print said", "air india with the air india logo", "then at the counter you realise that it is alliance air and has nothing to do with air india it does not support any air india frequent flier advantages", "then the printed ticket clearly says free meals included which is"], "Details": [], "Labels": [{"Food": ["free meals included"]}]}, {"id": 2978, "sentence": ["amazingly exceptional servicei must admit this was one of the best flight we have ever flownas", "the people were welcoming and very accommodatingi recommend this flight for people travelling with children"], "Details": [], "Labels": [{"In-flight service": ["amazingly exceptional service"]}, {"Staff": ["people were welcoming and very accommodating"]}]}, {"id": 2979, "sentence": ["we got to the airport at three three reporting time and found that there was nobody in the airport checking counters", "all closed initially", "we could not find anyone that we could ask what was happening we", "then saw a man sitting behind the luggage scanner we asked hi", "and he said that"], "Details": [], "Labels": []}, {"id": 2980, "sentence": ["i started my journey at bangalore flight was delayed by three three hours as i understand one one plus hour delays are normal starting at delhi  ", "we were seated on time ie", "before four four flight never took off for two two hours in the end we were suppose to reach at six six we reached at nine nine"], "Details": [[1, ["credit", "NN"], ["a", "DT", 0.0], "det", "o"]], "Labels": [{"Seat": ["seated on time"]}]}, {"id": 2981, "sentence": ["the plane was delayed for seven seven hours due to a technical problem with the plane this is unavoidable", "and i would rather fly on a safe plane", "so this is not my issue after announcing an initial delay of four four hours the board kept putting the departure back by twenty twenty minutes at a time for"], "Details": [], "Labels": []}, {"id": 2982, "sentence": ["i had requested a window seat and when it was time to deplane", "there was a differently abled person sitting in the aisle seat we had to wait until everyone had left the plane before we could leave", "and i almost missed my connecting international flight", "why doesn\u2019t ai put people"], "Details": [[1, ["credit", "NN"], ["a", "DT", 0.0], "det", "o"]], "Labels": [{"Seat": ["differently abled person sitting in the aisle seat"]}]}, {"id": 2983, "sentence": ["service good for some reason", "do the airlines fly low", "the views are fantastic on both journeys food good and toilets clean"], "Details": [[1, ["credit", "NN"], ["a", "DT", 0.0], "det", "o"]], "Labels": [{"Cabin": ["toilets clean"]}, {"Food": ["food good"]}, {"In-flight service": ["service good"]}]}, {"id": 2984, "sentence": ["i had the opportunity of travelling in air india from jaipur to mumbai after a long time on", "sixteen sixteen feb twenty point twenty point i was quiet pleased with the punctuality of the airlines and its upkeep", "the entire crew were well behaved and the icing on the cake was the quality of the hot meals served"], "Details": [[1, ["credit", "NN"], ["a", "DT", 0.0], "det", "o"]], "Labels": [{"Food": ["quality of the hot meals"]}, {"Positive Opinion": ["quiet pleased"]}, {"Staff": ["entire crew were well behaved"]}]}, {"id": 2985, "sentence": ["very comfortable for a long flight the seat is able to lean back completely to a full bed and they provide extra pillows and blankets for added comfort", "it\u2019s like your bed", "only you are flyingha ha entertainment system and food is pretty good but nothing to rave"], "Details": [[1, ["credit", "NN"], ["a", "DT", 0.0], "det", "o"]], "Labels": [{"Food": ["food is pretty good"]}, {"In-flight service": ["provide extra pillows and blankets"]}, {"Seat": ["very comfortable", "able to lean back completely to a full bed"]}]}]