[{"id": 2866, "sentence": ["this is not about a flight made it is about trying to make a flight and the totally unprofessional handling of my flight info briefly booked a flight to porto on the nineteen nineteen may for one one july on the one one june the flight was cancelled  ", "no offer of a refund", "i had to accept a"], "Details": [[1, ["way", "NN"], ["no", "DT", -0.3], "det", "o"], [1, ["flight", "NN"], ["a", "DT", 0.0], "det", "o"], [1, ["info", "NN"], ["of", "IN", 0.0], "case", "o"]], "Labels": [{"Bookings": ["no offer of a refund", "cancelled"]}, {"Off-flight service": ["unprofessional handling"]}]}, {"id": 2867, "sentence": ["our flight to funchal scheduled for march was cancelled for obvious reasons and ever since i have been trying to get my money refunded the ba web site on this topic was deliberately confusingdifficult to use and when trying to get my refund", "it only gave me a voucher i did"], "Details": [[1, ["info", "NN"], ["of", "IN", 0.0], "case", "o"]], "Labels": [{"Bookings": ["cancelled", "trying to get my refund", "voucher"]}, {"Off-flight service": ["deliberately confusing", "difficult to use"]}]}, {"id": 2868, "sentence": ["the most unprofessional with lack of respect and integrity company", "i ever meet this guys should be sued immediately for what are doing with their customers", "make fun of their life and their money \ud83d\udc4f\ud83d\udc4f", "\ud83d\udc4f\ud83d\udc4f\ud83d\udc4f congratulations", "you will definitely get sued for what you did"], "Details": [[1, ["info", "NN"], ["of", "IN", 0.0], "case", "o"]], "Labels": [{"Off-flight service": ["most unprofessiona"]}, {"Negative Opinion": ["get sued"]}, {"Staff": ["lack of respect"]}]}, {"id": 2869, "sentence": ["\"after trying to get through to their telephone support team since two million, four hundred and thirty-two thousand and twenty two million four hundred and thirtytwo thousand and twenty", "i accidentally found out today thirty-one million, fifty-two thousand and twenty thirtyone million fiftytwo thousand and twenty that ba have rebooked my cancelled flight for twenty million, sixty-two thousand and twenty twenty million sixtytwo thousand and twenty while i was promised a refund early eighteen million, thirty-two thousand and twenty point eighteen million thirtytwo thousand and twenty point if i had not had not logged into my account today to see if\""], "Details": [[0, ["flight", "NN", 0.0], ["a", "DT"], "det", "o"], [1, ["flight", "NN"], ["a", "DT", 0.0], "det", "o"], [1, ["info", "NN"], ["of", "IN", 0.0], "case", "o"], [0, ["cancelled", "VBN", -0.25], ["flight", "NN"], "nsubj:pass", "o"]], "Labels": [{"Bookings": ["promised a refund", "rebooked my cancelled flight"]}]}, {"id": 2870, "sentence": ["the meals served to us on board were warm and tasted horrible the service in between meals was very basic compared to other airlines i had flown with i notified ba in advance that i was extremely hearing impaired and would need hearing assistance", "this was never done hoping"], "Details": [], "Labels": [{"Food": ["tasted horrible"]}, {"Off-flight service": ["never done"]}]}, {"id": 2871, "sentence": ["lounge was poor dirty plates and glasses left everywhere", "no food average branded drinks zero personality from staff dirty plane and poor staff more interested in talking about their dating lives than serving drinks food on the plane was surprisingly good and better"], "Details": [[0, ["flight", "NN", 0.0], ["a", "DT"], "det", "o"]], "Labels": [{"Cabin": ["dirty plane"]}, {"Food": ["no food", "average branded drinks", "surprisingly good and better"]}, {"Off-flight service": ["dirty plates and glasses", "lounge was poor"]}, {"Staff": ["poor staff", "zero personality from staff"]}]}, {"id": 2872, "sentence": ["i flew to the uk and back to spain where i have lived for the past forty forty years this month due to my mother being seriously ill and she sadly passed away soon after i arrived", "i did not relish the idea of flying during this pandemic but the circumstances warranted it on the onward"], "Details": [], "Labels": [{"Negative Opinion": ["did not relish the idea of flying"]}]}, {"id": 2873, "sentence": ["our flight started very well but got ugly half", "a group of young men were in high spirits and got loud and boisterous as they began consuming copious amounts of alcohol it was difficult to watch a film or even have a conversation with my wife ba staff should have stepped in"], "Details": [], "Labels": [{"Negative Opinion": ["got ugly"]}, {"Staff": ["staff should have stepped in"]}]}, {"id": 2874, "sentence": ["british airways canceled my flight from london to athens", "i requested a voucher through the travel agent after several weeks", "i was told that it is british airways policy that i should process the request directly with them", "i did", "british airways told me to process it through"], "Details": [[0, ["flight", "NN", 0.0], ["a", "DT"], "det", "o"]], "Labels": [{"Bookings": ["canceled my flight", "requested a voucher"]}]}, {"id": 2875, "sentence": ["tried contacting ba trough email  no response  tried contacting them by phone", "both numbers just had a recorded message before cutting you off", "i managed to speak to chat on line and then realised i was chatting to a robot  ", "eventually i managed to chat with an on line"], "Details": [], "Labels": [{"Off-flight service": ["email  no response", "tried contacting them by phone"]}]}, {"id": 2876, "sentence": ["for my wife\u2019s sixty sixty birthday i booked tickets to italy with ba for \u00a3650 they cancelled the flights and refuse to give me a refund", "say they issued me a future travel voucher", "i am an at risk person with a heart condition and diabetes type two two both hereditary and have been"], "Details": [[0, ["flight", "NN", 0.0], ["a", "DT"], "det", "o"]], "Labels": [{"Bookings": ["cancelled the flights", "refuse to give me a refund", "future travel voucher"]}]}, {"id": 2877, "sentence": ["i spent all of about six minutes speaking with a customer service representative from british airways earlier this month to get a refund after my flight was cancelled", "she was as polite and professional as you should expect my refund showed back in my account a few days later"], "Details": [[1, ["cancelled", "VBN"], ["flight", "NN", 0.0], "nsubj:pass", "o"], [0, ["flight", "NN", 0.0], ["a", "DT"], "det", "o"], [1, ["cancelled", "VBN"], ["was", "VBD", 0.0], "aux:pass", "o"]], "Labels": [{"Bookings": ["flight was cancelled", "my refund showed back"]}, {"Staff": ["polite", "professional"]}]}, {"id": 2878, "sentence": ["i have to say i am", "i am highly impressed with the service i received from before i left until", "after i returned first", "i am", "i am disabled and that takes a lot of extra preflight work to arrange for wheelchairs and things and the same coming back second", "i read lips to understand what"], "Details": [[1, ["cancelled", "VBN"], ["flight", "NN", 0.0], "nsubj:pass", "o"]], "Labels": [{"In-flight service": ["highly impressed with the service"]}, {"Off-flight service": ["wheelchairs", "extra preflight work"]}]}, {"id": 2879, "sentence": ["was told my flight was cancelled back in april requested a refund on the twenty-one twentyone of april received nothing as of the twenty-two twentytwo of", "may went onto manage my booking and was told i have been re booked onto a flight in august which i do not want naturally i cancelled this flight and was"], "Details": [[0, ["flight", "NN", 0.0], ["a", "DT"], "det", "o"], [1, ["cancelled", "VBD"], ["was", "VBD", 0.0], "aux:pass", "o"], [1, ["cancelled", "VBN"], ["was", "VBD", 0.0], "aux:pass", "o"], [1, ["flight", "NN"], ["a", "DT", 0.0], "det", "o"], [1, ["cancelled", "VBN"], ["flight", "NN", 0.0], "nsubj:pass", "o"], [0, ["cancelled", "VBD", -0.25], ["flight", "NN"], "nsubj:pass", "o"], [1, ["cancelled", "VBD"], ["flight", "NN", 0.0], "nsubj:pass", "o"], [0, ["cancelled", "VBN", -0.25], ["was", "VBD"], "aux:pass", "o"], [0, ["cancelled", "VBD", -0.25], ["was", "VBD"], "aux:pass", "o"]], "Labels": [{"Bookings": ["flight was cancelled", "requested a refund", "received nothing"]}]}, {"id": 2880, "sentence": ["they are no more than thieves cheaters and professional losers", "i bought with them tickets to telaviv philadelphia and washington", "i have been a loyal customer for years including helping them translating the flight attendants on board because they often do not do not speak"], "Details": [], "Labels": [{"Negative Opinion": ["thieves cheaters and professional losers"]}, {"Staff": ["do not speak"]}]}, {"id": 2881, "sentence": ["it pains me to say this but customer service and the product itself has been heading south though i have received in the past some really good service with regards to amending flights though unfortunately i frequently had to call abroad to get the job done mostly in"], "Details": [[0, ["flight", "NN", 0.0], ["a", "DT"], "det", "o"]], "Labels": [{"Off-flight service": ["customer service and the product", "past some really good service"]}, {"Negative Opinion": ["pains me"]}]}, {"id": 2882, "sentence": ["british airways so far is the worst airline i had encountered firstly they canceled my flight which is fine due to covid situation", "they claim that they had refund the money on nine nine april", "unfortunately i still did not receive it every time when i call up those telephone staffs"], "Details": [[0, ["flight", "NN", 0.0], ["a", "DT"], "det", "o"], [1, ["flight", "NN"], ["the", "DT", 0.0], "det", "o"], [0, ["flight", "NN", 0.0], ["the", "DT"], "det", "o"]], "Labels": [{"Bookings": ["canceled my flight", "still did not receive", "refund the money"]}, {"Negative Opinion": ["worst airline"]}]}, {"id": 2883, "sentence": ["i am consistently treated well when i fly with british airways", "i recently had a flight cancelled due to the corona virus", "i was given the choice of a voucher to use within the next two years or a refund", "i chose the refund i simply phoned and received the refund on my"], "Details": [[1, ["cancelled", "VBN"], ["flight", "NN", 0.0], "nsubj:pass", "o"], [1, ["flight", "NN"], ["the", "DT", 0.0], "det", "o"], [0, ["flight", "NN", 0.0], ["the", "DT"], "det", "o"], [0, ["cancelled", "VBN", -0.25], ["flight", "NN"], "nsubj:pass", "o"]], "Labels": [{"Bookings": ["flight cancelled", "chose the refund", "received the refund"]}, {"Positive Opinion": ["consistently treated well"]}]}, {"id": 2884, "sentence": ["british airways themselves are a rather average airline in terms of their economy class the staff are efficient and get the job done", "but they do tend to lack in terms of that extra quality found in rival airline virgin atlantic the inflight entertainment was quite good as"], "Details": [[0, ["flight", "NN", 0.0], ["the", "DT"], "det", "o"]], "Labels": [{"Entertainment": ["inflight entertainment was quite good"]}, {"Off-flight service": ["lack in terms of that extra quality"]}, {"Neutral Opinion": ["average airline"]}, {"Staff": ["staff are efficient", "get the job done"]}]}, {"id": 2885, "sentence": ["this was my first long haul flight ever and i absolutely loved it the staff was amazing", "a woman called laura in particular british airways even gave us magnum ice cream on our way to miami", "i loved the friendliness of the staff", "they were honestly nice people not fake"], "Details": [[0, ["flight", "NN", 0.0], ["the", "DT"], "det", "o"], [1, ["flight", "NN"], ["the", "DT", 0.0], "det", "st"]], "Labels": [{"Food": ["magnum ice cream"]}, {"Positive Opinion": ["absolutely loved it"]}, {"Staff": ["staff was amazing", "friendliness", "nice"]}]}, {"id": 2886, "sentence": ["our flight was canceled it took some time", "but we got our money back", "and we also got a refund for our seat reservations", "even during these times customer service was easy to reach and they helped me well in the future i will definitely book with british airways again"], "Details": [[1, ["flight", "NN"], ["the", "DT", 0.0], "det", "st"]], "Labels": [{"Bookings": ["flight was canceled", "got our money back"]}, {"Off-flight service": ["customer service was easy to reach"]}, {"Positive Opinion": ["definitely book with british airways"]}, {"Staff": ["helped me well"]}]}, {"id": 2887, "sentence": ["british airways cancelled the flight but refuses to give a refund the only offer is a voucher customer service is in india knows nothing about conditions in the us or the uk and just parrots the same words they do not do not offer anyone else we can speak to they have our money but"], "Details": [[0, ["flight", "NN", 0.0], ["a", "DT"], "det", "o"], [1, ["flight", "NN"], ["a", "DT", 0.0], "det", "o"], [1, ["flight", "NN"], ["the", "DT", 0.0], "det", "st"], [0, ["cancelled", "VBD", -0.25], ["flight", "NN"], "nsubj:pass", "o"], [0, ["flight", "NN", 0.0], ["the", "DT"], "det", "o"], [1, ["cancelled", "VBD"], ["flight", "NN", 0.0], "nsubj:pass", "o"], [1, ["flight", "NN"], ["the", "DT", 0.0], "det", "o"]], "Labels": [{"Bookings": ["cancelled the flight", "refuses to give a refund", "voucher"]}, {"Staff": ["knows nothing"]}]}, {"id": 2888, "sentence": ["fellow passengers be warned not to accept ba vouchers and avoid using ba", "all together ba confiscated my flight ticket even though they cancelled my flight from dubailondon three times", "my ticket was business class", "too i have lost all the ticket money shame on you ba"], "Details": [[0, ["flight", "NN", 0.0], ["a", "DT"], "det", "o"], [0, ["cancelled", "VBD", -0.25], ["flight", "NN"], "nsubj:pass", "o"], [1, ["cancelled", "VBD"], ["flight", "NN", 0.0], "nsubj:pass", "o"]], "Labels": [{"Bookings": ["cancelled my flight", "lost all the ticket money"]}, {"Negative Opinion": ["shame on you"]}]}, {"id": 2889, "sentence": ["i would like to review british airways during these troubled times my trip to miami was cancelled at first the refund process was difficult", "but i realise this was due to the sheer numbers of customers in contact with ba we received out flight money back within a week i have"], "Details": [[0, ["cancelled", "VBN", -0.25], ["was", "VBD"], "aux:pass", "o"], [1, ["cancelled", "VBN"], ["was", "VBD", 0.0], "aux:pass", "o"], [1, ["cancelled", "VBD"], ["flight", "NN", 0.0], "nsubj:pass", "o"]], "Labels": [{"Bookings": ["cancelled", "refund process was difficult", "received out flight money"]}, {"Off-flight service": ["sheer numbers of customers in contact"]}]}, {"id": 2890, "sentence": ["two hour flight", "you get nothing not even a beverage like every us domestic carrier except spirit and frontiereven horrible aaone of their partners", "gives you a beverage and a snack in the us for a domestic flight", "so what is the point flying with ba is exactly the same as"], "Details": [[1, ["cancelled", "VBN"], ["was", "VBD", 0.0], "aux:pass", "o"], [1, ["flight", "NN"], ["a", "DT", 0.0], "det", "f"]], "Labels": [{"Food": ["not even a beverage"]}, {"Negative Opinion": ["horrible"]}]}, {"id": 2891, "sentence": ["the flights booked were return flights from from heathrow to calgary for myself and my wife leaving in june and returning in july this year", "ba in formed by email that the flights had been cancelled", "i then contacted them by phone to discuss a refund", "i telephonened the"], "Details": [[1, ["flight", "NN"], ["a", "DT", 0.0], "det", "f"]], "Labels": [{"Bookings": ["cancelled", "discuss a refund"]}]}, {"id": 2892, "sentence": ["had best fly ever with my favourite line thank you cabin crew was friendly and professional the check in security was very efficient i will fly again soon"], "Details": [[1, ["flight", "NN"], ["a", "DT", 0.0], "det", "f"]], "Labels": [{"Off-flight service": ["check in security was very efficient"]}, {"Positive Opinion": ["i will fly again soon", "best fly"]}, {"Staff": ["cabin crew was friendly", "professional"]}]}, {"id": 2893, "sentence": ["britishairways i can only recommend that you never book with ba", "we did and regret our booking deeply due to corona restriktions", "our flights could not take place as we wished", "it was the crew it self recommendingoffering passenger to leave the plane before the lrflight"], "Details": [], "Labels": [{"Negative Opinion": ["never book", "regret our booking deeply"]}]}, {"id": 2894, "sentence": ["without a doubt the most unethical despicable group of people i have ever observed  stated  in print  \u201c due to high call volume go to website  mange my booking  and", "destination date  or both  can be changed free  yet  they changed  nine hundred and sixty-two point eight", "zero nine hundred and sixtytwo point eight zero for change and say"], "Details": [[1, ["flight", "NN"], ["a", "DT", 0.0], "det", "f"]], "Labels": [{"Off-flight service": ["despicable group of people"]}, {"Negative Opinion": ["most unethical"]}]}, {"id": 2895, "sentence": ["i was advised on facebook to try to find solution on twitter", "so i did i sent message to ba", "and i got an immediate respons from them they ask some details", "then i was waiting patiently", "i did not put any pressure on them", "it went on like this for three days they ask me for"], "Details": [], "Labels": [{"Off-flight service": ["immediate respons", "waiting patiently"]}]}, {"id": 2896, "sentence": ["seats reasonably comfortable like most three hundred and thirty-three three hundred and thirtythree seven hundred and seventy-seven", "seven hundred and seventyseven", "around service", "much younger than the previous ba flights", "i\u2019ve been on this", "made it more relaxed and friendly", "but you could tell that they weren\u2019t as efficient on both legs the meal service took hours to complete it"], "Details": [[1, ["flight", "NN"], ["a", "DT", 0.0], "det", "f"]], "Labels": [{"Cabin": ["weren\u2019t as efficient on both legs"]}, {"Food": ["meal service took hours to complete"]}, {"Seat": ["seats reasonably comfortable", "relaxed"]}, {"Staff": ["friendly"]}]}, {"id": 2897, "sentence": ["we were due to fly from heathrow to canada june", "nine nine we booked and paid in full ages ago before the virus hit obviously", "we have we have been very nervous since our flights got cancelled and", "we called up the same day to try and obtain a refund twenty-five twentyfive calls later if just kept hanging up"], "Details": [[1, ["flight", "NN"], ["a", "DT", 0.0], "det", "f"]], "Labels": [{"Bookings": ["flights got cancelled", "obtain a refund", "kept hanging up"]}]}, {"id": 2898, "sentence": ["i could not fly because of the coronavirus they initially told me to put the ticket on hold and rebook before end of may then as it turned out", "this is not possible", "i asked for a voucher", "and they refused to issue one", "disappointed"], "Details": [], "Labels": [{"Negative Opinion": ["disappointed"]}]}, {"id": 2899, "sentence": ["after ba canceled my flight", "i was told on april sixteen sixteen that my money would be refunded", "i was told by an agent that it would take up to two two weeks no refund", "i called again after two two weeks and was now told it could take up to three three weeks", "at this point it is it is one month and still no"], "Details": [[1, ["flight", "NN"], ["a", "DT", 0.0], "det", "f"]], "Labels": [{"Bookings": ["canceled my flight", "no refund"]}]}, {"id": 2900, "sentence": ["pre booked seats eleven eleven and eleven eleven and the website pushed me to pre order our meals which i did at online checkin  however on the flight", "the stewardess brought my husbands meal but not minei waited  ", "she then served all the ecomony cabin with pre orders", "and then they came back"], "Details": [], "Labels": [{"Food": ["pre order our meals"]}]}, {"id": 2901, "sentence": ["return trip on our annual holiday upgraded for the legroom and service check in was great with a cheerful man who told us it was the first direct flight from bangalore at the boarding gate we had to get into lines according to tickets which was reasonably organised but"], "Details": [[1, ["flight", "NN"], ["a", "DT", 0.0], "det", "f"]], "Labels": [{"Off-flight service": ["service check in was great", "reasonably organised"]}, {"Staff": ["cheerful"]}]}, {"id": 2903, "sentence": ["it was my first time of flying premium economy with ba the experience was simply marvelous more comfortable seats more legroom etc"], "Details": [], "Labels": [{"Cabin": ["more legroom"]}, {"Positive Opinion": ["marvelous"]}, {"Seat": ["comfortable seats"]}]}, {"id": 2905, "sentence": ["we often flight to marseille and i must say it is it is pretty straightforward from heathrow t3 directly which makes it easy flight are always agreeable  rarely delayed and a good choice of snack etc  marseille airport is also really easy and access to the rental car area straight"], "Details": [[1, ["flight", "NN"], ["a", "DT", 0.0], "det", "f"]], "Labels": [{"Food": ["choice of snack"]}, {"Off-flight service": ["rarely delayed"]}, {"Positive Opinion": ["easy flight"]}]}, {"id": 2906, "sentence": ["monday four four", "may i received an email from ba advising that my flights to larnaca in june have been cancelled", "i phoned an hour later and requested a refund today seven seven", "may the full refund is in my bank account \ud83d\udc4c"], "Details": [[1, ["flight", "NN"], ["a", "DT", 0.0], "det", "f"]], "Labels": [{"Bookings": ["cancelled", "requested a refund"]}]}, {"id": 2907, "sentence": ["awful customer service refuse to accept", "a flight is cancelled then cancel it then", "will not will not give a refund"], "Details": [[1, ["flight", "NN"], ["a", "DT", 0.0], "det", "o"], [1, ["flight", "NN"], ["a", "DT", 0.0], "det", "f"]], "Labels": [{"Bookings": ["not give a refund"]}, {"Off-flight service": ["awful customer service"]}]}, {"id": 2908, "sentence": ["during times like we currently find ourselves in", "we get a good hard view on how much established companies such as ba truly care about their customers the thin veneer of fake smiles we care and value our customers attitude and to fly to serve mottos is all wiped"], "Details": [], "Labels": [{"Off-flight service": ["fake smiles we care"]}]}, {"id": 2909, "sentence": ["it was a nice flight", "i was a bit rude during it leaving the light on while people next to me were trying to sleep sorry", "but i needed to study and did not did not get bothered", "the staff seem tired of the job but", "that is that is", "just how they come across is not is not guess"], "Details": [], "Labels": [{"Positive Opinion": ["nice flight"]}]}, {"id": 2910, "sentence": ["my wife and i booked a trip to california to visit our son and family starting on the two two april about three weeks before ba cancelled the mid morning flight to heathrow and gave us the option to cancel the whole trip coved nineteen nineteen", "has reared its ugly head", "so we cancelled ba"], "Details": [], "Labels": [{"Bookings": ["cancelled"]}]}, {"id": 2911, "sentence": ["i have been flying ba for more than five years and i have hardly ever had any issues this flight was particularly nice as it was not full", "we had a bit more attention from crew than normal which was greatly appreciated on top", "we had tail wind and it was shorter than normal"], "Details": [], "Labels": [{"Positive Opinion": ["greatly appreciated", "nice"]}, {"Staff": ["attention from crew"]}]}, {"id": 2912, "sentence": ["nice airline staff are", "very friendly and helpful seats on plane are comfy nice varied menu good prices and great checking experience no long queues anywhere goood communication and were great when my mum needed assistance"], "Details": [[1, ["flight", "NN"], ["a", "DT", 0.0], "det", "o"]], "Labels": [{"Food": ["nice varied menu", "good prices"]}, {"Off-flight service": ["great checking experience", "no long queues", "goood communication"]}, {"Seat": ["seats on plane are comfy"]}, {"Staff": ["very friendly", "helpful"]}]}, {"id": 2913, "sentence": ["i for one am very disappointed in the way ba have handled the flight cancellations as soon as i got the email to say my flights were cancelled i tried to call several times", "you  ", "it was impossible to get through", "and when i eventually did get through i get put on hold for"], "Details": [[1, ["flight", "NN"], ["a", "DT", 0.0], "det", "o"]], "Labels": [{"Bookings": ["cancellations"]}, {"Off-flight service": ["call several times", "impossible to get"]}, {"Negative Opinion": ["disappointed"]}]}, {"id": 2915, "sentence": ["kind of strange leaving a review for a service i will not will not actually received but will aim to keep this short", "i put in a request for a refund on tuesday morning due to my flight being cancelled", "i was advised between two hundred and twelve two hundred and twelve weeks for the refund to come through by expedia", "arranged"], "Details": [[1, ["flight", "NN"], ["a", "DT", 0.0], "det", "o"]], "Labels": [{"Bookings": ["request for a refund"]}, {"Negative Opinion": ["strange"]}]}, {"id": 2916, "sentence": ["despite our ten ten day trip being cut short to five five the flight out was great the return flight really good", "we were a sort of rescue flight as in dominican republic", "wanted shot of us europeans asap", "but the cabin crew made the flight home really pleasent", "i will definitely choose ba"], "Details": [], "Labels": [{"Positive Opinion": ["great", "definitely choose", "return flight really good"]}, {"Staff": ["pleasent"]}]}, {"id": 2917, "sentence": ["\"british airways cancelled my return flight from buenos aires to heathrow due on one thousand, four hundred and twenty point", "one thousand four hundred and twenty point", "no advice nor help was given by them", "the passengers were simply abandoned it was impossible to contact them at all", "so i had to buy a replacement flight at a hugely inflated price as ba\""], "Details": [[0, ["cancelled", "VBD", -0.25], ["flight", "NN"], "nsubj:pass", "o"], [1, ["flight", "NN"], ["a", "DT", 0.0], "det", "o"], [1, ["cancelled", "VBD"], ["flight", "NN", 0.0], "nsubj:pass", "o"]], "Labels": [{"Bookings": ["cancelled my return flight"]}, {"Off-flight service": ["no advice nor help", "impossible to contact them"]}]}, {"id": 2918, "sentence": ["although we had heard of many negative experiences regarding refunds  cancellations our experience was very positive and we didn\u2019t even have to make contact we were due to fly late may and first received an email confirmation late march giving us the option of a voucher"], "Details": [[1, ["cancelled", "VBD"], ["flight", "NN", 0.0], "nsubj:pass", "o"]], "Labels": [{"Bookings": ["option of a voucher"]}, {"Positive Opinion": ["very positive"]}]}, {"id": 2919, "sentence": ["our flight to brazil was cancelled and after reading all the reviews regarding the difficult time people encountered getting a refund", "i was quite surprised", "how easy the process was i called the number on the email and after only one one try managed to get through to a very polite"], "Details": [[1, ["flight", "NN"], ["the", "DT", 0.0], "det", "o"], [1, ["flight", "NN"], ["a", "DT", 0.0], "det", "o"], [1, ["cancelled", "VBD"], ["flight", "NN", 0.0], "nsubj:pass", "o"]], "Labels": [{"Bookings": ["cancelled"]}, {"Off-flight service": ["easy the process"]}, {"Staff": ["very polite"]}]}, {"id": 2921, "sentence": ["due to travel may two thousand and twenty point two thousand and twenty point received email confirming cancellation of my flights fifteen fifteen days before departure called the number took a few attempts as it must have been a busy time but", "once accepted in the queue i only had to wait a couple of minutes for a very helpful chap to"], "Details": [[1, ["flight", "NN"], ["a", "DT", 0.0], "det", "o"]], "Labels": [{"Bookings": ["email confirming cancellation"]}, {"Off-flight service": ["called the number"]}, {"Staff": ["helpful"]}]}, {"id": 2922, "sentence": ["did you know that british airways is owned by the spanish and their call centre is in india hardly a quintessential british experience i find this culturally quite sad as we all know they have done everything they can to avoid paying refunds for cancelled flights and my"], "Details": [], "Labels": [{"Bookings": ["avoid paying refunds", "ancelled flights"]}]}, {"id": 2923, "sentence": ["in the past british air was one of my airlines of choice along with swiss and lufthansa depending upon my final destination their service and efficiency were excellent and the care in first and business class was impressive no longer british has quickly descended into"], "Details": [[1, ["flight", "NN"], ["a", "DT", 0.0], "det", "o"]], "Labels": [{"In-flight service": ["service and efficiency were excellent"]}, {"Positive Opinion": ["impressive"]}]}, {"id": 2924, "sentence": ["absolutely terrible ground staff were no help at all when travelling with a young child poor staff on board and they lost our luggage to top it off when we landed two days later luggage and buggy turned up staff replies were just as bad on return"], "Details": [[1, ["flight", "NN"], ["a", "DT", 0.0], "det", "o"]], "Labels": [{"Off-flight service": ["terrible ground staff", "no help", "bad"]}, {"Staff": ["poor staff on board"]}]}, {"id": 2925, "sentence": ["i had a flight booked for next month", "may i was notified it was cancelled", "i rang up", "got through quite quickly", "two minutes later refund was arranged two days later", "the money was in my bank account excellent customer service"], "Details": [[0, ["cancelled", "VBN", -0.25], ["was", "VBD"], "aux:pass", "o"], [1, ["flight", "NN"], ["a", "DT", 0.0], "det", "o"], [1, ["cancelled", "VBN"], ["was", "VBD", 0.0], "aux:pass", "o"]], "Labels": [{"Bookings": ["cancelled", "refund was arranged", "money was in my bank account"]}, {"Off-flight service": ["excellent customer service"]}]}, {"id": 2926, "sentence": ["british airways cancelled the flights and said to contact customer service to get a refund but customer service hung up on me when i finally managed to get hold of them before they disconnected after i made the choice to talk to someone"], "Details": [[1, ["cancelled", "VBN"], ["was", "VBD", 0.0], "aux:pass", "o"]], "Labels": [{"Bookings": ["cancelled the flights"]}, {"Off-flight service": ["customer service hung up on me"]}]}, {"id": 2927, "sentence": ["this is by far the best airline with whom i have flown after an unfortunately very short visit i stumbled upon the most reasonable price within my budget to fly back with ba although i paid a lot for extra baggage overall the flight experience was worth every penny", "it was a"], "Details": [], "Labels": [{"Bookings": ["most reasonable price"]}, {"Positive Opinion": ["best airline", "experience was worth every penny"]}]}, {"id": 2928, "sentence": ["first of all it is annoying to have to pay extra for the privilege of selecting your seats however after selecting seats we were moved when ba downgraded their plane", "i selected seats again", "and our seat selection was not honored", "i was told at heathrow that the ba agents"], "Details": [[1, ["cancelled", "VBN"], ["was", "VBD", 0.0], "aux:pass", "o"]], "Labels": [{"Bookings": ["pay extra"]}, {"Negative Opinion": ["annoying"]}, {"Seat": ["seat selection was not honored"]}]}, {"id": 2929, "sentence": ["flight coming back from rome in may was cancelled with obvious reasons due to the covid nineteen nineteen situation spoke with a lady called jane april ten ten", "she was very helpful and explained that i needed to apply for a voucher quoting our booking number and advised that we had to apply for"], "Details": [[1, ["cancelled", "VBN"], ["was", "VBD", 0.0], "aux:pass", "s"], [1, ["cancelled", "VBN"], ["was", "VBD", 0.0], "aux:pass", "o"], [1, ["flight", "NN"], ["a", "DT", 0.0], "det", "o"]], "Labels": [{"Bookings": ["cancelled", "apply for a voucher quoting"]}, {"Off-flight service": ["helpful"]}]}, {"id": 2930, "sentence": ["fair to say when situations turn bad thats when you really know a businesss practices and ethics", "my flight amslhr was cancelled two two weeks ago", "the only email option was to rebook or claim a voucher which i did not want minus points like any adult", "then did some research how"], "Details": [[1, ["cancelled", "VBN"], ["was", "VBD", 0.0], "aux:pass", "s"]], "Labels": [{"Bookings": ["cancelled", "rebook or claim a voucher"]}]}, {"id": 2931, "sentence": ["very poor customer service", "no response to email complaints agents rude ba doesn\u2019t stand behind what agents\u2019 promise"], "Details": [[1, ["cancelled", "VBN"], ["was", "VBD", 0.0], "aux:pass", "s"]], "Labels": [{"Off-flight service": ["no response to email complaints", "very poor customer service"]}]}, {"id": 2932, "sentence": ["i was informed by email that my flights had been cancelled", "yesterday i rang them to request a refund", "i was on hold for about twenty twenty mins", "i was connected to a very helpful polite and efficient ba person within five five minutes all was sorted and my refund was agreed after all the"], "Details": [[1, ["cancelled", "VBN"], ["was", "VBD", 0.0], "aux:pass", "s"], [0, ["cancelled", "VBN", -0.25], ["was", "VBD"], "aux:pass", "o"], [1, ["cancelled", "VBN"], ["was", "VBD", 0.0], "aux:pass", "o"]], "Labels": [{"Bookings": ["cancelled", "request a refund", "my refund was agreed"]}, {"Off-flight service": ["helpful polite and efficient"]}]}, {"id": 2933, "sentence": ["british airways have made it almost impossible to claim a refund if your flight is cancelled an article in the daily telegraph zero zero", "nineteen nineteen march two thousand and twenty two thousand and twenty alleged that ba had modified their website options  so", "if your flight is cancelled you get two options rebook or cancell if you go"], "Details": [[0, ["cancelled", "VBN", -0.25], ["was", "VBD"], "aux:pass", "o"], [1, ["flight", "NN"], ["a", "DT", 0.0], "det", "o"]], "Labels": [{"Bookings": ["impossible to claim a refund"]}]}, {"id": 2934, "sentence": ["\"while it would be great if i could have requested a cash refund for my cancelled flight from cincy to london", "i was able to get my refund by calling ba at eight billion, seven hundred and seventy-seven million, six hundred and seventy-seven thousand,", "nine hundred and seventy point eight billion seven hundred and seventyseven million", "six hundred and seventyseven thousand nine hundred and seventy point while i had to wait a half hour to speak to a representative", "the actual refund process was very smooth", "the\""], "Details": [[1, ["flight", "NN"], ["a", "DT", 0.0], "det", "o"]], "Labels": [{"Bookings": ["able to get my refund", "refund process was very smooth"]}, {"Off-flight service": ["wait a half hour"]}]}, {"id": 2935, "sentence": ["while I have I have sympathy with their dilemma their service is unjustified", "if they cancel your flight they should offer a refund end of no hiding no endless queue", "an easy efficient option should be available"], "Details": [[0, ["flight", "NN", 0.0], ["a", "DT"], "det", "o"], [1, ["flight", "NN"], ["a", "DT", 0.0], "det", "o"]], "Labels": [{"Bookings": ["cancel your flight", "offer a refund"]}, {"Off-flight service": ["endless queue"]}, {"Negative Opinion": ["unjustified"]}]}, {"id": 2936, "sentence": ["there is only one way to describe the vibe on the ba plane that flew us from heathrow to prague commuter train ever ridden on board", "the chicago metra what about the long island railway nj transit", "you get the idea the seats were not", "were not too comfy and no one including crew"], "Details": [], "Labels": [{"Seat": ["not too comfy"]}]}, {"id": 2937, "sentence": ["had our dream holiday to canada cancelled because of covid19 waited as advised on british airways website", "then called  full refund actioned by excellent operator which arrived in my account three three days later  difficult situation handled perfectly by british airways"], "Details": [], "Labels": [{"Bookings": ["cancelled", "full refund"]}, {"Off-flight service": ["excellent operator"]}, {"Positive Opinion": ["situation handled perfectly"]}]}, {"id": 2938, "sentence": ["i flew to jamaica with my friend", "and i was not keen on the booking with ba as previously", "when flying long haul there had been issues with old equipment etc onboard the flight", "may not have been as modernised as other airlines incl budget", "but i was pleasantly surprised to"], "Details": [], "Labels": [{"Cabin": ["modernised"]}, {"Positive Opinion": ["pleasantly surprised"]}]}, {"id": 2939, "sentence": ["an early start at lhr to pmi began with an easy and quick check in and a breeze through security at heathrow terminal five point five point the gate was clean and as i got onto the plane the cabin crew were friendly and helpful great in flight food for economy and a great experience one thing"], "Details": [[0, ["flight", "NN", 0.0], ["a", "DT"], "det", "o"], [1, ["flight", "NN"], ["a", "DT", 0.0], "det", "o"]], "Labels": [{"Cabin": ["clean"]}, {"Food": ["great in flight food"]}, {"Off-flight service": ["easy and quick check"]}, {"Positive Opinion": ["great experience"]}, {"Staff": ["cabin crew were friendly", "helpful"]}]}, {"id": 2940, "sentence": ["so i get told i can only have a voucher not a refund", "so i agree this was a six six weeks ago", "got an email a week later saying it was in hand now nothing you cannot get anyone on the phone sent four four emails", "they do not do not even bother answering them all i want is a email saying its coming nope"], "Details": [[1, ["flight", "NN"], ["a", "DT", 0.0], "det", "o"]], "Labels": [{"Bookings": ["not a refund", "have a voucher"]}, {"Off-flight service": ["cannot get anyone on the phone", "not even bother answering"]}]}, {"id": 2941, "sentence": ["phoned today to get a refund for our cancelled holiday young lady on the phone could not have been nicer or more helpful and also very patient with us"], "Details": [[1, ["flight", "NN"], ["a", "DT", 0.0], "det", "o"]], "Labels": [{"Bookings": ["cancelled", "get a refund"]}, {"Off-flight service": ["nicer or more helpful", "very patient"]}]}, {"id": 2942, "sentence": ["we cancel our trip because of corona virus we try for a month to talk to someone on customer service and finally after a month one person answer the lady hang up the phone and told us it\u2019s our problem we cancel and agree to it", "even i explain that customer service never answer"], "Details": [], "Labels": [{"Bookings": ["cancel our trip"]}, {"Off-flight service": ["customer service never answer"]}]}, {"id": 2943, "sentence": ["on line check in was fine bag drop", "was fine the business lounge is a huge walk after the fast track security right at the other extreme end of terminal five five up two two escalators the lounge was okay as business loungers go nothing outstanding food", "okay", "then another huge treck ot"], "Details": [[1, ["flight", "NN"], ["a", "DT", 0.0], "det", "o"]], "Labels": [{"Food": ["food okay"]}, {"Off-flight service": ["business lounge is a huge walk", "lounge was okay", "on line check in was fine"]}]}, {"id": 2944, "sentence": ["our flight was cancelled for early june two thousand and twenty two thousand and twenty and ba offered us a full refund of our flight this five five star review is for the amazing customer service associate who took care of our refund and treated us with kind professionalism after the transactional portion of the call my"], "Details": [[1, ["flight", "NN"], ["a", "DT", 0.0], "det", "o"], [1, ["cancelled", "VBN"], ["was", "VBD", 0.0], "aux:pass", "o"], [1, ["cancelled", "VBN"], ["flight", "NN", 0.0], "nsubj:pass", "o"], [0, ["cancelled", "VBN", -0.25], ["flight", "NN"], "nsubj:pass", "o"], [0, ["cancelled", "VBN", -0.25], ["was", "VBD"], "aux:pass", "o"]], "Labels": [{"Bookings": ["flight was cancelled", "full refund", "took care of our refund"]}, {"Off-flight service": ["amazing customer service"]}, {"Staff": ["professionalism"]}]}, {"id": 2946, "sentence": ["do not do not ever book british airways these clowns set it up on the website which was already atrocious to begin with where click here for full refund or voucher", "which i clicked after they cancelled my flight they issued me with a voucher which is of no use to me and will not"], "Details": [[0, ["cancelled", "VBN", -0.25], ["was", "VBD"], "aux:pass", "o"], [1, ["flight", "NN"], ["a", "DT", 0.0], "det", "o"]], "Labels": [{"Bookings": ["issued me with a voucher"]}, {"Off-flight service": ["atrocious"]}]}, {"id": 2947, "sentence": ["outstanding i was very lucky to have managed a seat in premium economy on this rather busy flight  even more lucky with the person who sat next to me a very nice guy flying to bangalore from the us", "it turned out that we had many things in common  ", "i believe we talked for"], "Details": [], "Labels": [{"Positive Opinion": ["outstanding"]}]}, {"id": 2948, "sentence": ["my flight to italy this may two thousand and twenty two thousand and twenty has been cancelled", "i also have another flight booked for this september", "i have always supported ba and would do so if i could at this difficult time", "however i do not wish to be forced into accepting a voucher instead of a refund for my may"], "Details": [[1, ["flight", "NN"], ["a", "DT", 0.0], "det", "o"]], "Labels": [{"Bookings": ["cancelled", "forced into accepting a voucher", "instead of a refund"]}]}, {"id": 2949, "sentence": ["i was impressed with the overall service and treatment by this airline i used to fly saa", "but that is a thing of the past now"], "Details": [], "Labels": [{"Positive Opinion": ["impressed"]}, {"Negative Opinion": ["thing of the past now"]}]}, {"id": 2950, "sentence": ["this was the rerun segment of our roundtrip flight lhrbkklhr the outbound fight was pretty amazingnothing new about", "bas club world seatsthey were just the same as i remembered from seven seven years ago the last time i flew ba club world however on the return segment there"], "Details": [[1, ["flight", "NN"], ["a", "DT", 0.0], "det", "o"], [1, ["flight", "NN"], ["the", "DT", 0.0], "det", "s"]], "Labels": [{"Seat": ["seatsthey were just the same"]}]}, {"id": 2953, "sentence": ["the footrest was broken when i complained to a crew member i was moved from a window seat to a seat in the centre aisle between noisy children not good value for money the plane was an old seven hundred and forty-seven point seven hundred and fortyseven point"], "Details": [[1, ["flight", "NN"], ["the", "DT", 0.0], "det", "s"]], "Labels": [{"Cabin": ["footrest was broken", "plane was an old"]}]}, {"id": 2955, "sentence": ["i want to thank and commend british airways for the speed with which they refunded the money we had paid for travel in late april my whole family had booked tickets for travel to the us and canada in april while the airlines my sister and sisterinlaw were travelling on were"], "Details": [[1, ["flight", "NN"], ["the", "DT", 0.0], "det", "s"]], "Labels": [{"Bookings": ["refunded the money"]}, {"Positive Opinion": ["commend british airways"]}]}, {"id": 2956, "sentence": ["checkin and baggage handling no difficulties very straight forward flew from london heathrow to los angeles in premium economy and found the flight more comfortable than my pervious ba flight", "the plane was more modern with better screens and more comfortable seats the"], "Details": [], "Labels": [{"Entertainment": ["better screens"]}, {"Cabin": ["more modern"]}, {"Seat": ["comfortable", "more comfortable seats"]}]}, {"id": 2957, "sentence": ["one of the last flights back from male at the height of the corona virus the flight was full and the staff were aware this would probably be their last flight due to the travel restrictions they were not even sure if they would have a job if that was not was not enough they must have"], "Details": [], "Labels": [{"Staff": ["staff were aware"]}]}, {"id": 2959, "sentence": ["checkinsecurityvery quick and easy no queues boarding nice and easy timingsleft a bit late arrived also a little late comfortcrowded every seat full the seats do not do not have much of recline and not much legroom servicevery basic foodbasic food available mostly you have to"], "Details": [], "Labels": [{"Cabin": ["not much legroom"]}, {"Food": ["foodbasic"]}, {"In-flight service": ["servicevery basic"]}, {"Off-flight service": ["easy no queues", "boarding nice", "checkinsecurityvery quick", "easy timings"]}]}, {"id": 2960, "sentence": ["great company nice personal onboard and decent entertainment easy to use to app and great communication regarding flights details happy to travel again with ba"], "Details": [[1, ["flight", "NN"], ["the", "DT", 0.0], "det", "s"]], "Labels": [{"Entertainment": ["decent entertainment"]}, {"Off-flight service": ["easy to use to app", "great communication"]}, {"Positive Opinion": ["great company", "happy to travel again"]}, {"Staff": ["nice personal onboard"]}]}, {"id": 2961, "sentence": ["the last ba flight out from seychelles during the current covid19 outbreak staff were excellent and as helpful as they could be despite the flight being dry with only light refreshments being available otherwise comfortable seating and good ife functionality and choice"], "Details": [], "Labels": [{"Entertainment": ["good ife function"]}, {"Food": ["light refreshments"]}, {"Seat": ["comfortable seating"]}, {"Staff": ["staff were excellent", "helpful"]}]}, {"id": 2962, "sentence": ["as we made a late booking the availability in premium economy was limited but we did have emergency door seats on our overnight return the flight time out was eleven eleven hours", "and we flew on a seven hundred and seventy-seven seven hundred and seventyseven which i did find quite noisy being behind the engines but", "the seats were quite"], "Details": [[1, ["flight", "NN"], ["the", "DT", 0.0], "det", "s"], [1, ["flight", "NN"], ["the", "DT", 0.0], "det", "c"]], "Labels": [{"Cabin": ["quite noisy being behind the engines"]}]}, {"id": 2963, "sentence": ["we have like many others had to cancel our flight avios companion voucher seat upgrade and tax all refunded very quickly and efficiently only had a few min wait to be answered very impressed as really thought it might be a long drawn out episodewell done ba and thank"], "Details": [[1, ["flight", "NN"], ["the", "DT", 0.0], "det", "c"]], "Labels": [{"Bookings": ["cancel our flight", "refunded very quickly"]}, {"Positive Opinion": ["very impressed", "well done"]}, {"Staff": ["efficiently"]}]}, {"id": 2964, "sentence": ["i wanted to commend the ba cabin crew for leaving the safety of their homes to work in difficult conditions during uncertain times to help to ensure that passengers return home promptly", "it is it is inappropriate that people complain about lack of food  drink refunds vouchers etc"], "Details": [[1, ["flight", "NN"], ["the", "DT", 0.0], "det", "c"]], "Labels": [{"Staff": ["commend the ba cabin crew"]}]}, {"id": 2965, "sentence": ["good seating  chosen after booking  airport assistance at lgw  ", "ok  on board food  ", "mostly pasta", "and i do not care for pasta las arrival  reasonable but", "a long wait for the rental car bus return flight was not listed it had been cancelled due covid19", "but ba would not"], "Details": [[1, ["flight", "NN"], ["the", "DT", 0.0], "det", "c"]], "Labels": [{"Food": ["pasta", "on board food"]}, {"Seat": ["good seating  chosen"]}]}, {"id": 2966, "sentence": ["due to what is happening all over the world and the current uncertainty staff and airlines are facing i couldn\u2019t not write about this steward i have tried to contact british airways directly", "but they will be incredibly busy during these uneasy times", "i asked a member of staff"], "Details": [], "Labels": [{"Off-flight service": ["incredibly busy"]}]}, {"id": 2967, "sentence": ["any person buying a ticket on b a where they codeshare with other airlines check your tickets thoroughly we were issued a economy ticket with a \u201cw\u201d class code however on arrival at the airport in a jakarta bas partner qatar airways refuseto accept their ticket as they do not"], "Details": [], "Labels": [{"Off-flight service": ["refuseto accept their ticket"]}]}, {"id": 2968, "sentence": ["this flight was booked as a gift for a milestone birthday having never flown ba before i did not know what to expect we were spoilt from the moment we arrived staff could not do enough for us and seemed to be very happy in their roles flight", "was great and staff were"], "Details": [], "Labels": [{"Positive Opinion": ["flight was great"]}, {"Staff": ["happy"]}]}, {"id": 2969, "sentence": ["this flight was a repatriation flight due to the virus and was arranged at short notice the staff were excellent and the service was what we would have expected the flight left on time and arrived on time", "the cabin was really clean and", "staff were reassuring with their"], "Details": [[1, ["flight", "NN"], ["the", "DT", 0.0], "det", "c"]], "Labels": [{"Cabin": ["cabin was really clean"]}, {"Off-flight service": ["flight left on time", "arrived on time"]}, {"Staff": ["staff were excellent", "staff were reassuring"]}]}, {"id": 2970, "sentence": ["flight was one one hour late due to technical problems which was not too bad but on a nine hour flight we received cold water until just before landing they offered us a warm drink food was disgusting ham sandwich which was vile", "i understand that due to what is happening in the"], "Details": [[1, ["flight", "NN"], ["the", "DT", 0.0], "det", "c"]], "Labels": [{"Food": ["warm drink", "food was disgusting"]}]}, {"id": 2971, "sentence": ["the check in opened late staff did not did not seem to care and chatted for more than fifteen fifteen minutes before attempting to set up", "and then they could not could not get the it to work the queuing system", "was chaotic and", "the monitor displays confusing", "however we got off twenty twenty minutes late but arrived"], "Details": [[1, ["flight", "NN"], ["the", "DT", 0.0], "det", "c"]], "Labels": [{"Off-flight service": ["check in opened late", "chaotic", "monitor displays confusing"]}, {"Staff": ["did not seem to care"]}]}, {"id": 2972, "sentence": ["received a email day before flight informing us of a possible reduced food service that was an understatement", "a small box was handed to the passengers in economy", "it contained a bottle of water", "two two finger kit kat two two jacobs table crackers and a approx five five roll of some sort", "i\u2019ve"], "Details": [], "Labels": [{"Food": ["reduced food service"]}]}, {"id": 2973, "sentence": ["my wife and flew ba12 march fourteen fourteen fifty-eight fiftyeight seats on a380 for starters", "the business class seating arrangement is poor as there is always a crew member reaching over the partition to serve which is ridiculous and", "even the isle seat is", "so open dinner was goodbreakfast was pathetic"], "Details": [[1, ["flight", "NN"], ["the", "DT", 0.0], "det", "c"]], "Labels": [{"Food": ["dinner was good", "breakfast was pathetic"]}, {"Seat": ["seating arrangement is poor"]}]}, {"id": 2974, "sentence": ["just wanted to thank the ba customer contact center we had to cancel our flight because we\u2019re stuck in new zealand", "normally we would\u2019ve only gotten a partial refund rebooking options or a voucher but due to exceptional circumstances ba decided to give us a full refund which"], "Details": [[1, ["flight", "NN"], ["the", "DT", 0.0], "det", "o"], [1, ["flight", "NN"], ["the", "DT", 0.0], "det", "c"]], "Labels": [{"Bookings": ["give us a full refund"]}, {"Off-flight service": ["thank the ba customer contact center"]}]}, {"id": 2975, "sentence": ["great service and meals new menu was good and check in both ways was quick and friendly return flight very busy due to caronavirus"], "Details": [[1, ["flight", "NN"], ["the", "DT", 0.0], "det", "o"]], "Labels": [{"Food": ["meals new menu"]}, {"In-flight service": ["great service"]}, {"Off-flight service": ["check in both ways was quick"]}, {"Staff": ["friendly"]}]}]