[{"id": 2150, "sentence": ["cancelled my flight six six days prior to flying and refused to give me a full refund i got back", "161 of my 199 flight spent three three hours on the phone and couldn\u2019t get an explanation also forced me to check in my carry on backpack for weighing", "twenty-eight twentyeight hopefully never flying with them again"], "Details": [], "Labels": [{"Bookings": ["refused to give me a full refund", "cancelled"]}, {"Negative Opinion": ["never flying with them"]}]}, {"id": 2151, "sentence": ["terrible overall flight delayed then cancelled terrible communication and super unorganized never flying with them again"], "Details": [[1, ["credit", "NN"], ["a", "DT", 0.0], "det", "o"]], "Labels": [{"Bookings": ["cancelled"]}, {"Off-flight service": ["flight delayed", "terrible communication", "super unorganized"]}, {"Negative Opinion": ["terrible", "never flying with them"]}]}, {"id": 2152, "sentence": ["the poor quality of this company is obvious just from the booking experience alone", "it was incredibly complicated just to book a flight they intentionally make checking a bag a totally separate process from booking the flight seriously you get a confirmation email with your flight booking and", "then have to go separately check a bag which is totally counterintuitive", "I am", "I am guessing they do this to increase the odds people will forget and have to pay insanely high baggage fees at the airport which is a pretty dishonest tactic now", "i just found out there is no option to use an electronic version of my boarding passit", "must be printed", "I would", "I would avoid this company and choose a more reputable one"], "Details": [], "Labels": [{"Bookings": ["incredibly complicated", "totally counterintuitive"]}, {"Negative Opinion": ["poor quality", "pretty dishonest tactic", "avoid this company"]}]}, {"id": 2153, "sentence": ["united canceled my connect flight without my consent and they blamed me for canceling part of my trip from acapulco to mexico city", "the destination were acapulco to mexico city to houston to charleston", "scthey made me pay additional 400 to get a new ticket to fly from"], "Details": [[0, ["flight", "NN", 0.0], ["my", "PRP$"], "nmod:poss", "o"], [1, ["credit", "NN"], ["a", "DT", 0.0], "det", "o"]], "Labels": [{"Bookings": ["canceled my connect flight", "pay additional 400"]}, {"Off-flight service": ["without my consent"]}]}, {"id": 2154, "sentence": ["ref pnr hvnzpq on tuesday", "nine nine june i was traveling rocorddfw just prior to boarding orddfw", "i was told by the company i was visiting that the meeting i was flying to was cancelled", "i asked the gate attendant", "if it is it is possible to put a stop to my baggage and reroute me on an"], "Details": [], "Labels": [{"Bookings": ["cancelled"]}]}, {"id": 2155, "sentence": ["airlines are out to survive so do not do not expect any customer service here are the things that are doing websites so difficult to understand or not user friendly will deny any service when tickets are bought through a third party go on orbit and kyak and low priced tickets"], "Details": [], "Labels": [{"Bookings": ["low priced tickets"]}, {"Off-flight service": ["not expect any customer service", "not user friendly", "deny any service"]}]}, {"id": 2156, "sentence": ["\"canceled our march twenty-five twentyfive two thousand and twenty two thousand and twenty flight from la to hawaii on march fifteen fifteen due to covid19 concerns hawaii went on lockdown on about march twenty-six point zero twentysix point zero waited until april thirty thirty then called the eight billion, eight million, six hundred and forty-eight thousand, three hundred and thirty", "-one eight billion eight million", "six hundred and fortyeight thousand three hundred and thirtyone refunds number had non refundable tickets", "the flight time had been changed then\""], "Details": [], "Labels": [{"Bookings": ["canceled"]}]}, {"id": 2157, "sentence": ["when i purchased my tickets i paid for insurance through united as i always do with any airline as well as paying for a assigned seat i flew up for a business meeting workshop while in town i was informed by my potential employer that i was to attend one more final workshop", "the following week good it happened because my uncle passed away", "and i was able to attend the funeral", "as well this was late february before all the shutdowns for covid the flight from fl to va us6266 bathroom was nonworking for the flight over it", "was a morning flight", "so i had already drank my coffee", "it was so uncomfortable and", "when we landed i had to literally run off the plane when we were given the okay to the nearest bathroom when i called to delay my flight", "i was informed i must pay 20000 plus another 2700 for my seat", "i was told i would have to go through their travel guard company to get my money back", "i have been fighting this since i flew back to florida in early march two thousand and twenty point", "two thousand and twenty point", "i had not flown with united for a long time and decided since they flew nonstop to dulles i would give them a try again", "i never go through this nightmare with other airlines that i fly with", "and i always get insurancejust in case", "i am fairly sure the people that need to read these reviews do not", "but a big shout out to you unitedshame on you so disrespectful to your customer"], "Details": [], "Labels": [{"Bookings": ["must pay 20000 plus"]}, {"In-flight service": ["bathroom was nonworking", "uncomfortable"]}, {"Negative Opinion": ["disrespectful to your customer"]}]}, {"id": 2158, "sentence": ["i want to recognize judy one of your employees at newark liberty airport", "she was very helpful kind and very professional"], "Details": [], "Labels": [{"Staff": ["helpful", "very professional", "kind"]}]}, {"id": 2159, "sentence": ["they refused to refund my money after they changed my flight by almost six hours and adding an additional layover i would understand their position if i just wanted my money back for no reason this has to be the worst airline", "ever hopefully they go out of business and another airline fills the void before booking united", "i would rather take my chances hitch hiking"], "Details": [[0, ["flight", "NN", 0.0], ["my", "PRP$"], "nmod:poss", "o"]], "Labels": [{"Bookings": ["refused to refund", "adding an additional layover"]}, {"Negative Opinion": ["worst airline"]}]}, {"id": 2160, "sentence": ["united airlines send an email that they canceled the international flight due to the covid nineteen nineteen and that makes sense", "but they said do not call or email", "if you are entitled to refund we will let you know we need the money back since we can book another flight with someone else"], "Details": [[0, ["flight", "NN", 0.0], ["my", "PRP$"], "nmod:poss", "o"]], "Labels": [{"Bookings": ["canceled", "need the money back"]}, {"Off-flight service": ["do not call or email"]}]}, {"id": 2161, "sentence": ["they are always delayed or there\u2019s a problem with somethingflying during a pandemic there are no flights at all at the airport", "and they still delayed somehow"], "Details": [], "Labels": [{"Off-flight service": ["always delayed", "delayed"]}]}, {"id": 2162, "sentence": ["that they cant refund my 380", "at this time is the worst thing ever i cancelled my flight after booking due to unavoidable circumstances i filled refund form i followed with the airline for over one one month they kept telling me its being processed then", "the last thing they told"], "Details": [[0, ["flight", "NN", 0.0], ["my", "PRP$"], "nmod:poss", "o"]], "Labels": [{"Bookings": ["cant refund my 380", "filled refund form"]}, {"Negative Opinion": ["worst thing"]}]}, {"id": 2163, "sentence": ["i flew from omaha to denver and then to lax on may fifteen fifteen two thousand and twenty two thousand and twenty", "and in reverse to the same cities on may", "eighteen eighteen two thousand and twenty point two thousand and twenty point they were trying to social distance they were insuring people were wearing masks when they were not eating or drinking the flight attendants", "were amazing"], "Details": [[0, ["flight", "NN", 0.0], ["my", "PRP$"], "nmod:poss", "o"]], "Labels": [{"Staff": ["insuring people were wearing masks", "trying to social distance", "amazing"]}]}, {"id": 2164, "sentence": ["i will never fly with ua again", "they do not offer any assistance due to weather conditions my layover in houston was cancelled due to tornados in the area and ua went to san antonio airport", "instead i had to switch to a different flight for the morning and pay out of pocket for a hotel and food with zero assistance from the airline", "my flight in the morning was also delayed an hour", "but they don\u2019t care the fact that they can treat a person like this", "is insane airlines are in the customer service industry and united", "has the worst customer service don\u2019t bother"], "Details": [], "Labels": [{"Off-flight service": ["zero assistance", "do not offer any assistance", "delayed", "worst customer service"]}, {"Negative Opinion": ["insane airlines"]}]}, {"id": 2165, "sentence": ["this airline is dangerous their own staff was not wearing a mask including the women checking each persons tickets boarding the plane who had red lipstick and no mask face to face with each passenger unacceptable"], "Details": [], "Labels": [{"In-flight service": ["unacceptable"]}, {"Negative Opinion": ["airline is dangerous"]}, {"Staff": ["own staff was not wearing a mask"]}]}, {"id": 2166, "sentence": ["i would give zero zero stars if i could our flight was delayed eight eight hours due to \u201cweather\u201d original lie", "but then they said the crew was at maximum hours so they couldn\u2019t fly", "i contacted united multiple times for help changing the flight or reimbursement the first lady i talked to"], "Details": [], "Labels": [{"Off-flight service": ["delayed"]}, {"Negative Opinion": ["zero stars"]}]}, {"id": 2167, "sentence": ["united airlines continues to do the right thing by their customers i booked a flight back in november to fly in april unfortunately that did not happen due to the pandemic i was so impressed with the customer service agent who helped me with my refund as soon as we are able"], "Details": [[0, ["flight", "NN", 0.0], ["my", "PRP$"], "nmod:poss", "o"]], "Labels": [{"Bookings": ["refund as soon as"]}, {"Off-flight service": ["impressed with the customer service"]}]}, {"id": 2168, "sentence": ["my original direct flight through air canada was canceled due to covid19 pandemic air canada rebooked the flight with a connection in denver then taking united airlines the rest of the way to san diego i had already paid for my incargo pet with air canada but now had to pay"], "Details": [], "Labels": [{"Bookings": ["canceled"]}]}, {"id": 2169, "sentence": ["after my flight was cancelled and rescheduled during a pandemic i request a refund because my flight needed to land on that specific day", "united will not refund me back the money it is", "it is literally a global pandemic", "and I have I have been laid off and cannot cannot afford to lose 750 sad how there is no care for their customers i will not be flying united in the future"], "Details": [[0, ["flight", "NN", 0.0], ["my", "PRP$"], "nmod:poss", "o"]], "Labels": [{"Bookings": ["cancelled", "rescheduled", "will not refund"]}, {"Off-flight service": ["no care for their customers"]}, {"Negative Opinion": ["not be flying"]}]}, {"id": 2170, "sentence": ["disappointed with united my flight from chicago to buffalo smaller plane was excellent no gripes", "however my initial flight from denver to chicago larger plane was a little upsetting drinks and snacks were passed out to passengers simultaneously  meaning all the"], "Details": [], "Labels": [{"Cabin": ["smaller plane"]}, {"Positive Opinion": ["excellent"]}, {"Negative Opinion": ["disappointed"]}]}, {"id": 2171, "sentence": ["i hopped in my first flight since california implemented its shelter in place recommendations after not traveling for awhile getting for the trip was both routine and new with all the travel precautions united swapped the originally scheduled seven hundred and thirty-seven seven hundred and thirtyseven and was now flying a seven hundred and eighty-seven seven hundred and eightyseven"], "Details": [], "Labels": [{"In-flight service": ["travel precautions"]}, {"Positive Opinion": ["recommendations"]}]}, {"id": 2172, "sentence": ["i understand covid is causing issues", "but united is really taking advantage of things and that is just not right", "my daughter", "and i had flights to fort walton beaches and", "they cancelled one leg rerouted the other and the reroute costs more then the ticket overall so after"], "Details": [], "Labels": [{"Bookings": ["cancelled", "reroute costs more"]}, {"Negative Opinion": ["taking advantage"]}]}, {"id": 2173, "sentence": ["be careful of the wording on refunds for flights the airline will not provide a full refund in cash back to your credit unless the flight was canceled", "i read if you booked by end of", "may you would get a full refund not the case only a travel voucher that you can use for two two"], "Details": [[0, ["flight", "NN", 0.0], ["my", "PRP$"], "nmod:poss", "o"]], "Labels": [{"Bookings": ["refunds for flights", "not provide a full refund"]}]}, {"id": 2174, "sentence": ["we had several trips planned with many airlines due to covid", "we had to cancel all of our plans delta american plus all our hotels etc", "were all so nice sympathetic issued full refunds too united", "didn\u2019t care that our state is still sheltered in place", "then united changed our non stop flight to a flight with two lay overs leaving earlier than we wanted to and arriving later\u2014we did not want that so told them we would like a refund", "nope", "they would only issue a voucher who knows when it will be safe to fly again united", "is also cramming the planes full right now not leaving space for distancing", "i also had another credit they gave me for a flight i had to cancel due to covid in march", "i asked if i could at least get an extension on that credit nope united", "wants bailout money from the government", "and they want to steal money from travelers that now cannot fly and many have lost their jobs too many people won\u2019t be able to use their credits", "and i think they know that crooks they have even been told to give refunds by the government per an article i just read they want to double up and take the bailout money and keep customer money never flying united again horrible"], "Details": [[0, ["flight", "NN", 0.0], ["my", "PRP$"], "nmod:poss", "o"]], "Labels": [{"Bookings": ["cancel", "refund nope", "keep customer money"]}, {"Cabin": ["cramming", "not leaving space for distancing"]}, {"Negative Opinion": ["united didn\u2019t care", "steal money from travelers", "never flying united again"]}]}, {"id": 2175, "sentence": ["i have flown with united five times to miami chicago san francisco phoenix and newark", "every single flight including layovers have been delayed by an hour or more which caused me to miss my connection in denver when going to chicago the longest delay that i have"], "Details": [], "Labels": [{"Off-flight service": ["have been delayed"]}]}, {"id": 2176, "sentence": ["by far the worst airline in the us most recently i had to cancel a flight to europe due to the covid19 pandemic  united refuse to refund since  ", "it does not meet eligible reasons for refund on top of that  base on many flights taken  service is non existent"], "Details": [[0, ["flight", "NN", 0.0], ["my", "PRP$"], "nmod:poss", "o"]], "Labels": [{"Bookings": ["cancel a flight", "refuse to refund"]}, {"Negative Opinion": ["worst airline"]}]}, {"id": 2177, "sentence": ["fantastic crews awesome foods and comfortable seats", "i strongly recommend this fight the connecting time as well", "is not very long"], "Details": [], "Labels": [{"Food": ["awesome foods"]}, {"Positive Opinion": ["strongly recommend"]}, {"Seat": ["comfortable seats"]}, {"Staff": ["fantastic crews"]}]}, {"id": 2178, "sentence": ["the flight was on time and was smooth quite hitch free there was a last minute offer of benefits if i choose to change to a later flight in the day which was tempting", "but my trips are normally tight so changing", "was not a welcome option the inflight service was good"], "Details": [[0, ["flight", "NN", 0.0], ["my", "PRP$"], "nmod:poss", "o"], [1, ["flight", "NN"], ["of", "IN", 0.0], "case", "i"]], "Labels": [{"In-flight service": ["smooth quite hitch free", "inflight service was good", "last minute offer of benefits"]}, {"Off-flight service": ["flight was on time"]}]}, {"id": 2179, "sentence": ["united will be the first airline to go under horrible customer service", "i simply wanted a voucher for my full original ticket price due to united continuously changing my flights before departure and they refuse to give me my full voucher", "I am", "I am done with united", "I will I will stick with"], "Details": [[1, ["flight", "NN"], ["of", "IN", 0.0], "case", "i"]], "Labels": [{"Bookings": ["refuse to give me my full voucher"]}, {"Off-flight service": ["horrible customer service"]}]}, {"id": 2180, "sentence": ["worse service", "ever i will never fly united again united", "does not deserve the five five billion dollars they got from the government to survive this travel ban due to coronavirus united", "is heavy in debt united deserves to go under", "let the better airlines have that business"], "Details": [], "Labels": [{"Off-flight service": ["worse service"]}, {"Negative Opinion": ["i will never fly"]}]}, {"id": 2181, "sentence": ["i recently booked a flight to cozumel the first part of july the airlines cancelled routes and i attempted to book a flight when they resumed two two weeks later same flight same day of the week same time their cancellation caused a way higher hotel rate to begin with ua wanted"], "Details": [], "Labels": [{"Bookings": ["airlines cancelled"]}]}, {"id": 2182, "sentence": ["horrible customer service had to file a dispute with credit card company hold", "times are hours and customer service reps are lost when you finally get hold of a human by far the worst airlines on the planet filled out proper paperwork online to get refund and was approved and still had to file a dispute with credit card company when flight was canceled due to boarder closings"], "Details": [], "Labels": [{"Bookings": ["dispute with credit card company"]}, {"Off-flight service": ["horrible customer service", "customer service reps are lost"]}, {"Negative Opinion": ["worst airlines"]}]}, {"id": 2183, "sentence": ["i chose my and my husbands seats online and pay the extra fees for the extra legroom", "i also got the email confirmation about this purchase on april twenty-two twentytwo", "i just check my flights today", "may five five", "i found out that they changed my seats to regular seat section which you do not"], "Details": [[1, ["flight", "NN"], ["of", "IN", 0.0], "case", "i"]], "Labels": [{"Cabin": ["extra fees for the extra legroom"]}, {"Seat": ["changed my seats"]}]}, {"id": 2184, "sentence": ["i booked travel in january two thousand and twenty two thousand and twenty to fly from montana to florida", "i live in british columbia", "however flights out of montana which is just across the border from where i live", "are usually more reasonable and more direct due to the unfortunate events that followed in the months to"], "Details": [], "Labels": [{"Neutral Opinion": ["reasonable"]}]}, {"id": 2185, "sentence": ["the flight too miami arrived earlier than scheduled so that was great", "the flight coming back was delayed by an hour or two but", "it was fine"], "Details": [], "Labels": [{"Off-flight service": ["delayed"]}, {"Positive Opinion": ["great"]}]}, {"id": 2186, "sentence": ["was in the mexico city airport and that entire team gives you a spectacularly bad service horrific never fly united even for free"], "Details": [], "Labels": [{"Negative Opinion": ["horrific", "never fly united"]}, {"Staff": ["bad service"]}]}, {"id": 2187, "sentence": ["\"i was flying from chicago on flight one thousand, eight hundred and fifty-seven one thousand eight hundred and fiftyseven to dc when we boarded an announcement was made that the planes navigation screen was down after four ten ten minute delays the plane was not in the air until an hour after the scheduled departure time", "i asked the flight attendant if there was anything they could do because my next plane was scheduled to take off upon our arrival", "she said they had already taken care of it and notified the airport to hold the next flight for twenty twenty extra minutes so the four of us could make it as we were approaching dc", "the head flight attendant sat all of us in the first class", "told us which gate to go to and made an announcement for the rest of the passengers to wait a few minutes until we got off as a result", "i made it to my next flight and was home at the planned time in conclusion i am very impressed with their service thankful to the flight crew and thank the united airlines team for their efforts in my opinion that is that is what defines integrity professionalism and outstanding customer service", "thank you united airlines\""], "Details": [[1, ["flight", "NN"], ["of", "IN", 0.0], "case", "i"]], "Labels": [{"Positive Opinion": ["very impressed"]}, {"Staff": ["thankful to the flight crew", "professionalism", "outstanding customer service"]}]}, {"id": 2188, "sentence": ["united cancelled my flight for june five five two thousand and twenty two thousand and twenty and when i called for a refund to my cc", "i was informed  ", "you can only receive a two two future flight credit as i normally only purchase tickets that have a full refund", "i thought this was strange", "but i did not have the receipt"], "Details": [[1, ["flight", "NN"], ["of", "IN", 0.0], "case", "i"]], "Labels": [{"Bookings": ["cancelled", "called for a refund"]}]}, {"id": 2189, "sentence": ["basic economy for united does not include a carry on bag this is not told to you except in fine print", "i had a round trip flight from billings to austin going to austin", "i flew delta and had a great time delta is fantastic on my way back to billings", "i flew with united", "i am"], "Details": [[1, ["flight", "NN"], ["of", "IN", 0.0], "case", "i"]], "Labels": [{"In-flight service": ["not include a carry on bag"]}]}, {"id": 2190, "sentence": ["we had booked through expedia dont deal with them for a flight from pv to sfo and then on to vancouver bc the same day the flights were cancelled by united almost immediately", "after we booked them i have been trying to get a refund for over a month now with no"], "Details": [[1, ["flight", "NN"], ["of", "IN", 0.0], "case", "i"]], "Labels": [{"Bookings": ["flights were cancelled", "trying to get a refund"]}]}, {"id": 2191, "sentence": ["pretty satisfied with the experience boarding was quick airline cabins were filled", "so they allowed us to checkin our carry ons", "and we did not have to wait very long at iah to get the carryons back"], "Details": [], "Labels": [{"Off-flight service": ["boarding was quick"]}, {"Positive Opinion": ["pretty satisfied"]}]}, {"id": 2192, "sentence": ["been a frequent flyer with them for some time always pleased", "and they take good care of their members generally even more friendly on the maui flights", "would recommend to anyone flying regularly"], "Details": [[1, ["flight", "NN"], ["of", "IN", 0.0], "case", "i"]], "Labels": [{"Positive Opinion": ["always pleased", "recommend"]}, {"Staff": ["good care of their members"]}]}, {"id": 2193, "sentence": ["flight to colorado was delayed by three three hours after already boarding the plane and on the tarmac then once we landed in colorado they canceled all flights back to phoenix and left us stranded there was forced to rent a car and thirteen thirteen hours back home to make it there on time they"], "Details": [], "Labels": [{"Bookings": ["canceled all flights"]}]}, {"id": 2194, "sentence": ["what an absolute joke this company is during a pandemic they are so lucky they have not have not had a lawsuit on their hands yet", "they state on their website that there is no changing fee if you change your ticket before the thirty thirty april two thousand and twenty two thousand and twenty", "trust me that is a lie i changed my"], "Details": [], "Labels": [{"Off-flight service": ["lie"]}, {"Negative Opinion": ["absolute joke"]}]}, {"id": 2195, "sentence": ["i have flown a few times with united airlines last fall there was a big snow storm coming my way", "and i had to change my flights last minute when i called them there was no wait time on the phone and the lovely lady", "gladly helped me and changed my flight free of charge again"], "Details": [[1, ["flight", "NN"], ["of", "IN", 0.0], "case", "o"], [1, ["flight", "NN"], ["of", "IN", 0.0], "case", "st"], [1, ["flight", "NN"], ["of", "IN", 0.0], "case", "i"], [0, ["flight", "NN", 0.0], ["of", "IN"], "case", "o"], [0, ["flight", "NN", 0.0], ["my", "PRP$"], "nmod:poss", "o"]], "Labels": [{"Off-flight service": ["helped me", "changed my flight free of charge"]}]}, {"id": 2196, "sentence": ["united is the one airline who is not refunding when they cancel a flight taking bailout money from customers then turning around and breaking consumer laws by not refunding when they cancel a flight shameful and won\u2019t ever book a flight with them again as a premier platinum"], "Details": [], "Labels": [{"Bookings": ["not refunding", "bailout money from customers", "breaking consumer laws"]}, {"Negative Opinion": ["shameful", "won\u2019t ever book a flight"]}]}, {"id": 2197, "sentence": ["i chose united for a trip in early march flights were on time and trip itself was comfortable", "enough i would definitely fly united again", "they had the best travel time options from san francisco"], "Details": [], "Labels": [{"Off-flight service": ["best travel time"]}, {"Positive Opinion": ["definitely fly united"]}, {"Seat": ["comfortable"]}]}, {"id": 2198, "sentence": ["you are truly an awful and shameful company how dare you deny refunds to nurses during this pandemic disgusting", "never again we called three times for hours at a time", "today we called and waited four four hours with a canceled flight that you canceled", "and you still would not would not"], "Details": [], "Labels": [{"Bookings": ["deny refunds"]}, {"Negative Opinion": ["awful and shameful company", "disgusting"]}]}, {"id": 2199, "sentence": ["many employees standing not helping and no suggestion that it took an hour to get to gate especially with train n waking n moving walks", "we shouldn\u2019t have presumed that old tram bus service was replaced the problem", "two two fold one point one point if you don\u2019t ask your screws and two point two point notice of how"], "Details": [], "Labels": [{"Off-flight service": ["no suggestion"]}, {"Staff": ["not helping"]}]}, {"id": 2200, "sentence": ["they stole 600 from me booked directly through united instead of a third party website in good faith because i wanted a legit refundable ticket as a result the agent overcharged my credit card over 600 the price she quoted after confirming that price included taxes fees"], "Details": [[1, ["flight", "NN"], ["of", "IN", 0.0], "case", "o"]], "Labels": [{"Bookings": ["overcharged my credit card"]}]}, {"id": 2201, "sentence": ["united did not yet cancel the flights but started to provide alternative flights that are using a redefinition of significant delay so that i could not request a refund if i accept this new window and it changes again", "then the hourly adjustment window starts at zero"], "Details": [], "Labels": [{"Bookings": ["not request a refund"]}]}, {"id": 2202, "sentence": ["united is treating customers very very well as regards cancellation no penalties and full credit for future travel", "thank you united butaig travel insurance is another matter on february", "two two i purchased a paymentupfront hotel room for my july trip to san francisco from travelocity and the same day bought travel insurance for the hotel 9 to insure a 500night room as my home state governor is now expecting to lock down senior citizens like me into june and maybe beyond i checked on the status of my hotel insurance what a shock to find that aig states on line that any policy purchased after january twenty-four twentyfour will not pay off if travel is cancelled because of cov19 saving that somewhere somehow somebody declared cov19 to exist on january twenty-four twentyfour", "so they are they are not paying", "that is that is like saying that a travel policy for caribbean trave in septemberl purchased after june one", "one start of the official hurricane season will not be honored if travel is affected by a hurricane because you knowingly bought the insurance after the start of hurricane season needless to say when i purchased on february two two there was no indication of any kind that cov19 would be a noncovered problem i cannot cannot wait for the class action suit in the meantime", "i will not do business with aig in the future"], "Details": [[1, ["flight", "NN"], ["of", "IN", 0.0], "case", "o"]], "Labels": [{"Bookings": ["full credit for future travel"]}, {"Positive Opinion": ["treating customers very very well"]}, {"Negative Opinion": ["not do business"]}]}, {"id": 2203, "sentence": ["since united reservations would not would not help and have screwed things so bad after two two cancelled flights i am dealing with customer service wasting my and their time", "i will be getting refunds on my may", "five five cancelled business class flight and my may eighteen eighteen economy flight that united"], "Details": [], "Labels": [{"Bookings": ["will be getting refunds"]}, {"Off-flight service": ["would not help", "screwed things", "customer service wasting"]}]}, {"id": 2204, "sentence": ["refuses to refund my money in a time where they should be said there were not were not more than six six hours of changeswe cant leave our homes", "i will never fly united again", "worst customer service", "i have ever experienced get with the program united", "had zero problems getting a refund"], "Details": [[1, ["flight", "NN"], ["of", "IN", 0.0], "case", "o"]], "Labels": [{"Bookings": ["refuses to refund"]}, {"Off-flight service": ["worst customer service"]}]}, {"id": 2205, "sentence": ["terrible customer service from top to bottom in a time where people are losing their jobs united is holding refunds at ransom when you try to call customer service", "you first have to wait on the phone for twenty-three twentythree hours at a time when you finally get someone the chance of"], "Details": [[1, ["flight", "NN"], ["of", "IN", 0.0], "case", "o"], [1, ["phone", "NN"], ["the", "DT", 0.0], "det", "o"]], "Labels": [{"Bookings": ["holding refunds"]}, {"Off-flight service": ["terrible customer service", "wait on the phone"]}]}, {"id": 2206, "sentence": ["united canceled my flight for june8 and refuses to refund my money", "i thought federal law states they must refund when they cancel a flight"], "Details": [[0, ["flight", "NN", 0.0], ["my", "PRP$"], "nmod:poss", "o"], [1, ["phone", "NN"], ["the", "DT", 0.0], "det", "o"]], "Labels": [{"Bookings": ["canceled my flight", "refuses to refund"]}]}, {"id": 2207, "sentence": ["so now that the itinary was sent with two two flights missing and no connection from houston to calgary after paying 36130 because i was forced onto business class", "i tried to book a return flight for may eighteen eighteen with reservations i had to find the flight because the agent was useless they would not would not book me on economy and were forcing into a one one way ticket economy flex at over 2800 when i have already paid for a return flight since economy existed i had to book it on the internet and write a complaint united", "will be reversing the 1090 plus dollars in seven seven to ten ten days but did not address the 36130 for the business class ticket since i am now flying economy again on my original ticket", "they did not read the four four emails and evidence", "so now i had to issue another complaint this has caused me time and money in a very stressful time of coronavirus when i tried to prospone my trip in the first place united changed their policy a few days after my trip"], "Details": [[0, ["flight", "NN", 0.0], ["my", "PRP$"], "nmod:poss", "o"]], "Labels": [{"Off-flight service": ["not read the four four emails", "issue another complaint"]}]}, {"id": 2208, "sentence": ["i tried to change my flight before my march one one departure because of being high risk for the corona virus with no success three three days later their policy changed now", "i am in medellin and and wanted to change to reconfirm my flight for march twenty-six twentysix", "but according to united airlines your"], "Details": [], "Labels": [{"Bookings": ["their policy changed"]}, {"Negative Opinion": ["no success"]}]}]