[{"id": 718, "sentence": ["march two two flight from syd to cns was a typical domestic flight but", "erroll charles and kate were really", "great virgin is pretty famous for its long haul routes", "but this was just another boring domestic flight", "no seat back entertainment but", "the engaging crew team helped pass the time with friendly chat"], "Details": [], "Labels": [{"Entertainment": ["no seat back entertainment"]}, {"Positive Opinion": ["really great"]}, {"Staff": ["friendly chat", "engaging crew team"]}]}, {"id": 720, "sentence": ["like a number of recent reviews regarding cancellations i experienced appalling customer service in unsuccessfully attempting to secure a refund following virgin australia\u2019s cancellation of my family\u2019s flight to bali as we purchased our tickets prior to the covid19 crisis i incorrectly assumed that it would be a simple matter of being granted a refund due to virgin\u2019s decision to cancel our flight after only being offered the option of a flight credit it took three three weeks for a response regarding a refund to my astonishment i was offered a refund less a 600 cancellation fee when i sought clarification regarding this the representative from one of virgin australia", "\u2019s", "overseas contact centres explained that whilst virgin could not be held liable for the flight cancellation i could i was gobsmacked by", "this unethical and blatantly money grabbing position airline should be rebadged as virgin unaustralia as these actions are the complete antithesis of what we as a country represent there is such total hypocrisy here with their ceo pleading for a government bailout whilst our more reasonable claims are ignored what a farce my family for one will never fly this airline again", "and i have strongly encouraged my business colleagues to do likewise"], "Details": [[1, ["refund", "NN"], ["a", "DT", 0.0], "det", "c"], [1, ["flight", "NN"], ["a", "DT", 0.0], "det", "o"], [1, ["flights", "NNS"], ["cancelled", "VBN", -0.25], "amod", "o"]], "Labels": [{"Bookings": ["unethical and blatantly money grabbing", "refund less a 600"]}, {"Off-flight service": ["customer service in unsuccessfully"]}, {"Negative Opinion": ["never fly"]}]}, {"id": 721, "sentence": ["i was booked on flight va2 from los angeles to sydney and the virgin australia team exceeded my expectations as usual from checkin to landing the crew were friendly attentive and professional cabin crew india and klaus went above and beyond providing exceptional service"], "Details": [], "Labels": [{"Positive Opinion": ["exceeded my expectations"]}, {"Staff": ["friendly", "attentive", "professional", "exceptional service"]}]}, {"id": 722, "sentence": ["our flight to sydney was cancelled due to the travel ban and instead we were assigned a flight to salt lake city utah because we booked on the travelocity website virgin", "won\u2019t answer any of my questions about cancelling", "they just refer me back to travelocity meanwhile"], "Details": [], "Labels": [{"Off-flight service": ["won\u2019t answer"]}]}, {"id": 723, "sentence": ["had booked a trip from melbourne to sydney cruise up and fly back", "but all travel has been postponed due to government requirements asked for a refund but have only been given credit till december two thousand and twenty-one two thousand and twentyone  ", "no at all happy with this arrangement"], "Details": [], "Labels": [{"Bookings": ["postponed", "credit till december", "refund"]}, {"Negative Opinion": ["no at all happy"]}]}, {"id": 724, "sentence": ["extremely useless customer service", "i had a flight booked with them for my probably once in a lifetime vacation to australia", "i live in canada", "they cancelled my flight from so not only did i have to spend and unexpected 650 to rent a car and drive six six hours to get me from"], "Details": [[1, ["flight", "NN"], ["a", "DT", 0.0], "det", "o"]], "Labels": [{"Bookings": ["cancelled my flight"]}, {"Off-flight service": ["useless customer service"]}]}, {"id": 725, "sentence": ["travelled to hobart with virgin", "and then they cancelled our return trip no refunds had to try to organise our own return", "just don\u2019t fly with them"], "Details": [], "Labels": [{"Bookings": ["cancelled our return trip", "no refunds"]}, {"Negative Opinion": ["don\u2019t fly with them"]}]}, {"id": 726, "sentence": ["really like the appearance of their brand new aircrafts but no real access to internet instead you connect your device with their wifi provider two out or four planes that we flew", "did not work", "also they charge with a high market profit for sodas we flew more than the"], "Details": [[1, ["flight", "NN"], ["a", "DT", 0.0], "det", "o"]], "Labels": [{"Entertainment": ["no real access to internet"]}, {"Cabin": ["new aircrafts"]}, {"Food": ["high market profit for sodas"]}]}, {"id": 727, "sentence": ["travel often to visit family in north nsw", "and we like virgin as there always seem on time and", "flight crew are always good"], "Details": [], "Labels": [{"Off-flight service": ["on time"]}, {"Positive Opinion": ["good"]}]}, {"id": 729, "sentence": ["first and foremost the leg space was superior this airline ensures that its passengers are comfortable it was nice to be able to really fall asleep due to the ample room between passengers too", "the food was good but the movies were stellar", "i watched two of my favorite"], "Details": [[1, ["flight", "NN"], ["a", "DT", 0.0], "det", "o"]], "Labels": [{"Entertainment": ["movies"]}, {"Cabin": ["leg space was superior", "ample room"]}, {"Food": ["food was good"]}, {"Positive Opinion": ["comfortable"]}]}, {"id": 730, "sentence": ["boarding the flight to denpasar was delayed with no explanation given we were seated the the economy xtra seats on the flight which gave us more space", "the inflight meal was a real disappointment both us did not did not eat the meal that we had selected from the two two choices drinks were provided with the meal after that there was not was not mush cabin service at all had to ask for water twice there was not", "was not any wifi available on this flight", "so no inflight entertainment available", "i would not recommend virgin short haul international flights better to go with jetstar and pay for the extras"], "Details": [[1, ["flight", "NN"], ["was", "VBD", 0.0], "cop", "f"], [1, ["flight", "NN"], ["a", "DT", 0.0], "det", "o"]], "Labels": [{"Entertainment": ["not any wifi available", "no inflight entertainment"]}, {"Cabin": ["more space"]}, {"Food": ["meal was a real disappointment"]}, {"Off-flight service": ["delayed", "no explanation given"]}, {"Negative Opinion": ["not recommend"]}, {"Staff": ["not mush cabin service"]}]}, {"id": 732, "sentence": ["please avoid this highly unethical airline at all costs on my flight from perth to melbourne there were no amenity kits duvets pillows or any turn down service as advertised by virgin australia on coasttocoast flights in the business although the flight was scheduled to"], "Details": [], "Labels": [{"In-flight service": ["no amenity kits duvets pillows"]}, {"Negative Opinion": ["highly unethical airline"]}]}, {"id": 733, "sentence": ["i understand how all company\u2019s are under immense pressure at the moment \u2013 but to have rude call centre staff not interested in trying to help and just reading from a script without actually listening to what you are saying is disgraceful \u2013 with staff like this", "i really don\u2019t see"], "Details": [], "Labels": [{"Off-flight service": ["rude call centre staff"]}, {"Staff": ["disgraceful"]}]}, {"id": 734, "sentence": ["although the flight was delayed by a catering truck breaking down whilst servicing the plane that caused a forty-five fortyfive minute delay the staff kept all the passengers upo to date with what was going on and shared a bit of humour with us all once airbourne the flight was smooth and the"], "Details": [[1, ["flight", "NN"], ["was", "VBD", 0.0], "cop", "f"]], "Labels": [{"Off-flight service": ["delayed"]}, {"Positive Opinion": ["flight was smooth"]}, {"Staff": ["upo to date"]}]}, {"id": 735, "sentence": ["a really nice first experiance with virgin australia", "they seem an efficient and yound airline with plenty of little touches to help a long haul flight go well due to the coronavirus pandemic the plane was only half full", "so easing the pressure on the staff", "but they were great food", "was pretty good", "and i was lucky enough to enjoy the flat bed"], "Details": [], "Labels": [{"Food": ["great food"]}, {"Positive Opinion": ["nice first experiance", "yound airline"]}, {"Staff": ["efficient"]}]}, {"id": 736, "sentence": ["flying in such an unsure time is very difficult and the staff are feeling it", "the flight itself was all the correct things on time", "no delays in landing etc leg room is adequate for someone one hundred and eighty one hundred and eighty or smaller", "however the seats are uncomfortable no real reason as to why", "but"], "Details": [], "Labels": [{"Cabin": ["leg room is adequate"]}, {"Seat": ["seats are uncomfortable"]}]}, {"id": 737, "sentence": ["travelling home ten ten days earlier than expected was made simple and the changes were free with virgin once the inevitable difficulties making the phone change were overcome staff very courteous and professional as always would highly recommend them"], "Details": [], "Labels": [{"Bookings": ["changes were free"]}, {"Positive Opinion": ["highly recommend"]}, {"Staff": ["staff very courteous", "professional"]}]}, {"id": 738, "sentence": ["flight over to perth was good", "the choice of hot meals was delicious  choice of alcohol  ", "other drinks provided", "we had individual tv screens", "however it was very cold on the plane", "so if you feel the cold make sure you rug up no blankets provided in economy coming back was"], "Details": [], "Labels": [{"Entertainment": ["individual tv screens"]}, {"Food": ["hot meals", "delicious", "choice of alcohol", "drinks"]}, {"In-flight service": ["no blankets"]}]}, {"id": 739, "sentence": ["all staff very attentive and helpful wheelchair and special parking", "pre booked for twelve twelve hr while she was booked in"], "Details": [], "Labels": [{"Off-flight service": ["wheelchair", "special parking", "pre booked"]}, {"Staff": ["attentive", "helpful"]}]}, {"id": 740, "sentence": ["my wife and i used our points to upgrade to premium economy on a return flight flight to chc was trouble free and really good", "our return flight was changed to a couple of days earlier than scheduled due to corona i was given a premium econ seat", "but we were told there was only one available", "however we took off with at least four four vacant seats in premium", "i have to wonder why one of those seats was not was not made available for my wife as we had paid already and will now lose the points for the original journey tried to contact virgin to ask the question", "but understandably their systems are tied up with more urgent matters trying to get others home b4 borders are totally closed apart from that issue no complaints with virgin on a transtasman flight"], "Details": [], "Labels": [{"Bookings": ["trouble free"]}, {"Off-flight service": ["systems are tied up"]}, {"Positive Opinion": ["really good", "no complaints"]}]}, {"id": 741, "sentence": ["we flew virgin to and from adelaide to attend womad", "and we were delighted with the quality of the seven hundred and thirty-seven seven hundred and thirtyseven planes both ways as well as the service before and", "on board the planes gave the impression of being relatively new and we liked the leather seats good leg room and plenty of"], "Details": [], "Labels": [{"Cabin": ["good leg room"]}, {"Seat": ["leather seats"]}]}, {"id": 742, "sentence": ["flight was a little bumpy but all good", "they really need to someting about what they serve you for a snack as we had a choice of sweet potato dip and bickys or granola and fig bar which did not did not sound that good"], "Details": [], "Labels": [{"Cabin": ["little bumpy"]}, {"Positive Opinion": ["all good"]}]}, {"id": 743, "sentence": ["flew virgin for the first time usually stick to qantas", "and i was very impressed", "the food was very nice", "we were very comfortable", "considering we were in economy and the movie selection was pretty good", "i would definitely recommend and fly with virgin again"], "Details": [[1, ["flight", "NN"], ["was", "VBD", 0.0], "cop", "f"]], "Labels": [{"Entertainment": ["movie"]}, {"Food": ["food was very nice"]}, {"Positive Opinion": ["recommend", "pretty good"]}, {"Seat": ["comfortable"]}]}, {"id": 744, "sentence": ["it was a nice short flight staff was professional cabin clean  ", "comfy", "we were with a tour company which made all the flight arrangements for us we trust gate one one travel to choose safe high integrity and economical services for us"], "Details": [], "Labels": [{"Cabin": ["clean", "comfy"]}, {"Positive Opinion": ["nice short flight"]}, {"Staff": ["professional"]}]}, {"id": 745, "sentence": ["flight was delayed in wellington by twenty-five twentyfive minutes but we arrived in brisbane fifteen fifteen minutes before scheduled landing time"], "Details": [], "Labels": [{"Off-flight service": ["delayed"]}]}, {"id": 746, "sentence": ["only a short flight up from sydney to the gold coast boarding was quick cabin crew on hand to help where help was needed to get hand luggage into overhead lockers the plane was clean and tidy drink and snack service", "was very quick all in all a very good fight excellent"], "Details": [[1, ["flight", "NN"], ["was", "VBD", 0.0], "cop", "o"], [1, ["flight", "NN"], ["was", "VBD", 0.0], "cop", "f"]], "Labels": [{"Cabin": ["plane was clean", "tidy"]}, {"Food": ["drink and snack service"]}, {"Off-flight service": ["boarding was quick"]}, {"Positive Opinion": ["good fight excellent"]}]}, {"id": 748, "sentence": ["hi there", "i find virgin airline to be the best domestic way to fly theyhave a good number of flight times to choose from"], "Details": [[1, ["flight", "NN"], ["was", "VBD", 0.0], "cop", "f"]], "Labels": [{"Off-flight service": ["good number of flight times"]}, {"Positive Opinion": ["best domestic way to fly"]}]}, {"id": 749, "sentence": ["so the toyota virus is amongst us my wife wanted to cancel our domestic flight should be easy", "have this wrapped up while the billy boiled not so nothing on the internet and just a message on the phone press one and sorry were busynand dead line", "second mistake", "i rang"], "Details": [], "Labels": [{"Negative Opinion": ["mistake"]}]}, {"id": 750, "sentence": ["we flew economy x lots more leg room priority screening and boarding", "i think it cost about 9000 extra"], "Details": [], "Labels": [{"Cabin": ["more leg room"]}, {"Off-flight service": ["priority screening", "cost about 9000 extra"]}]}, {"id": 751, "sentence": ["i was booked on va214 from adl to melbourne on march five five 2020", "the aircraft operating the flight arrived on time from melbourne however after a delay in boarding the flight was cancelled due to mechanical reason i was rebooked to va218 which was delayed two hours during"], "Details": [[1, ["flight", "NN"], ["was", "VBD", 0.0], "cop", "o"], [1, ["flight", "NN"], ["was", "VBD", 0.0], "cop", "f"], [0, ["flight", "NN", 0.0], ["was", "VBD"], "cop", "o"]], "Labels": [{"Off-flight service": ["flight was cancelled", "delayed"]}]}, {"id": 752, "sentence": ["i tried premium economy going to singapore and return seating was a bit wider and being", "one point eight six one point eight six m tall", "i appreciated the extra legroom"], "Details": [], "Labels": [{"Cabin": ["extra legroom"]}, {"Positive Opinion": ["appreciated"]}]}, {"id": 753, "sentence": ["virgin domestic airlines has managed to skewer us for seven hundred point", "zero", "zero seven hundred point", "zero", "zero canadian dollars", "and they did it with ease as a result of the world issue with corvonavirus", "we had to return to canada on short notice we called virgin aus numerous times while still in australia and could never get"], "Details": [], "Labels": [{"Negative Opinion": ["skewer us"]}]}, {"id": 754, "sentence": ["if i ever go to zero", "zero", "again i will fly virgin australia way better than delta more leg room comfy", "seats better food way better than delta"], "Details": [], "Labels": [{"Cabin": ["more leg room"]}, {"Food": ["better food"]}, {"Positive Opinion": ["will fly virgin"]}, {"Seat": ["comfy seats"]}]}, {"id": 755, "sentence": ["we have never had a problem with virgin australia flying with them for work and leisure great communication for all flights"], "Details": [], "Labels": [{"Off-flight service": ["great communication"]}]}, {"id": 756, "sentence": ["look i know a lot of people complain about flying economy but if that is your only option then go with it", "i have flown with a lot of different companies here in australia and overseas", "and i have always found virgin to be reasonably comfortable and the staff are very helpful"], "Details": [], "Labels": [{"Seat": ["comfortable"]}, {"Staff": ["helpful"]}]}, {"id": 757, "sentence": ["we traveled from sydney to melbourne and return both ways we had an excellent take off and landing the service", "was prompt and friendly"], "Details": [], "Labels": [{"In-flight service": ["prompt"]}, {"Positive Opinion": ["excellent"]}, {"Staff": ["friendly"]}]}, {"id": 758, "sentence": ["virgin hands down have some of the best staff working for them from assisting with checking in to boarding to in flight", "everyone is so friendly professional and helpful", "the staff make the business plane was clean flight enjoyable and communication always great"], "Details": [[1, ["flight", "NN"], ["was", "VBD", 0.0], "cop", "o"], [0, ["flight", "NN", 0.0], ["was", "VBD"], "cop", "o"]], "Labels": [{"Cabin": ["clean flight"]}, {"Off-flight service": ["communication always great"]}, {"Positive Opinion": ["enjoyable"]}, {"Staff": ["best staff", "friendly", "professional", "helpful"]}]}, {"id": 759, "sentence": ["although the flight was delayed awaiting staff  to arrive onboard we were kept informed and the flight was brilliant leg room could be a little wider", "but that is the same with all airlines"], "Details": [], "Labels": [{"Cabin": ["brilliant leg room"]}, {"Off-flight service": ["delayed", "kept informed"]}]}, {"id": 760, "sentence": ["no fuss service efficient respectful staff  cabin crew virgin is my choice of airlines for domestic travel", "their customer service is very good and not arrogant"], "Details": [], "Labels": [{"Off-flight service": ["customer service is very good"]}, {"Positive Opinion": ["my choice"]}, {"Staff": ["respectful", "efficient", "not arrogant"]}]}, {"id": 761, "sentence": ["my husband and i travelled with our two two sons aged nine nine and eleven eleven on virgin airlines from sydney to bali return paid for full service with checked luggage an hour after take off before we were offered a drink by the time the food got to us", "there were only vegetarian meals left which"], "Details": [[1, ["flight", "NN"], ["was", "VBD", 0.0], "cop", "o"]], "Labels": [{"Food": ["only vegetarian meals left", "offered a drink"]}]}, {"id": 762, "sentence": ["work trip traveling home friday morning of long weekend takeoff in canberra was delayed due to storm at sydney airport as a consequence i missed connecting virgin direct flight to darwin to their creditthey were able to fly me out that day via melbourne alice springs"], "Details": [], "Labels": [{"Off-flight service": ["delayed"]}]}, {"id": 763, "sentence": ["we flow from melbourne to queenstown return in march two thousand and twenty point two thousand and twenty point", "the flights were on time the service was exellent and the lounges in melbourne and queenstown were very good for me virgin", "is the best airline in australia"], "Details": [[1, ["flight", "NN"], ["was", "VBD", 0.0], "cop", "o"]], "Labels": [{"In-flight service": ["service was exellent"]}, {"Off-flight service": ["lounges"]}, {"Positive Opinion": ["best airline"]}]}, {"id": 764, "sentence": ["flew from tullamarine to darwin return in march two thousand and twenty point two thousand and twenty point good price on fares", "no inflight meal which was a surprise downloaded the inflight entertainment app prior to departure which worked effectively staff friendly and flight was on time"], "Details": [], "Labels": [{"Entertainment": ["inflight entertainment app"]}, {"Bookings": ["good price on fares"]}, {"Food": ["no inflight meal"]}, {"Off-flight service": ["on time"]}, {"Staff": ["staff friendly"]}]}, {"id": 765, "sentence": ["great staff and service from check in right through to flying although checked in online staff in chc were great especially with onward flight info  transit international to domestic in melbourne air stewards were lovely on all flights and apologetic during meal service", "was not expecting meals on all flights as so short so was", "a great bonus would easily fly with them again"], "Details": [], "Labels": [{"Food": ["meal service"]}, {"Positive Opinion": ["fly with them again"]}, {"Staff": ["great staff"]}]}, {"id": 766, "sentence": ["from a first class perspective almost everything looks better having flown first class on many long hauls", "i feel qualified to compare this flight to others that said  i would say this was upper middle in regards to ranking based on my experiences", "the three best i"], "Details": [], "Labels": [{"Positive Opinion": ["everything looks better"]}]}, {"id": 767, "sentence": ["went to melbourne from canberra for the australian open less than a two two hour flight but virgin is a great domestic airline really nice staff and a small snack", "is pretty good too", "i feel there is more room between rows with virgin"], "Details": [], "Labels": [{"Cabin": ["more room"]}, {"Food": ["small snack"]}, {"Positive Opinion": ["great domestic airline", "pretty good"]}, {"Staff": ["nice staff"]}]}, {"id": 768, "sentence": ["staff are friendly helpful and generally want to help you communication is good especially if service is running late"], "Details": [], "Labels": [{"Positive Opinion": ["communication is good"]}, {"Staff": ["friendly", "helpful"]}]}, {"id": 769, "sentence": ["this is the only airline to fly from hervey bay to sydney direct the service is great onboard highly recommend the food served is tasty and pre flight drinks are cold"], "Details": [[1, ["flight", "NN"], ["was", "VBD", 0.0], "cop", "o"]], "Labels": [{"Food": ["tasty", "pre flight drinks"]}, {"In-flight service": ["service is great"]}, {"Positive Opinion": ["highly recommend"]}]}, {"id": 770, "sentence": ["had this journey booked for a month or so check in was slow with only three three desks manned and", "no opportunity to change seat allocationflight took off on timeservice onboard", "was adequate", "but the complementary meal was pretty tasteless and bland", "and it was supposed to be a currylanding", "was a bit bouncy at melbourne", "with lots of braking enfoldedthis was a typical budget basement level flight"], "Details": [[1, ["flight", "NN"], ["was", "VBD", 0.0], "cop", "o"], [1, ["flight", "NN"], ["was", "VBD", 0.0], "cop", "i"]], "Labels": [{"Food": ["tasteless"]}, {"In-flight service": ["service onboard was adequate"]}]}, {"id": 771, "sentence": ["flights leaving at six six am as per normal delayed for departure when will airlines learn to supply their customers with food at meal times  ", "virgin please an oatmeal cookie at six six thirty thirty am"], "Details": [], "Labels": [{"Off-flight service": ["delayed for departure"]}]}, {"id": 772, "sentence": ["i have flown regularly with virgin australia from gold coast airport both provide excellent service and convenience catch the seven hundred and seventy-seven seven hundred and seventyseven bus to the airport terminal entrance quick checkin at the virgin kiosk", "i only have a carry on short walk to security and waiting lounge short"], "Details": [], "Labels": [{"In-flight service": ["excellent service"]}, {"Positive Opinion": ["convenience"]}]}, {"id": 773, "sentence": ["no problems at all check in simple flight on time service on board excellent i will fly with virgin again"], "Details": [], "Labels": [{"In-flight service": ["on time service"]}, {"Positive Opinion": ["no problems", "fly with virgin again"]}, {"Staff": ["excellent"]}]}, {"id": 774, "sentence": ["very good airline", "they treat customers very well", "the service and food served is top notch we will return"], "Details": [], "Labels": [{"Food": ["food served is top notch"]}, {"Positive Opinion": ["very good airline"]}]}, {"id": 775, "sentence": ["overall our flight from perth to brisbane was trouble free from check in to baggage collection at our destination", "however i feel there is room for improvement with the meal service provided on the flight there used to be two two carts serving", "but this has been cut back to one we were seated in row eighteen eighteen and by the time it reached us they had already ran out of the most popular choice of meal and", "the meal that was served was just warm", "the drinks cart follows the food one but was quite a way behind by the time it reached us", "we had finished our meal and the tea", "also was not hot", "my advice would be to take some food with you in case you can\u2019t get a choice of meal", "you like  especially if you are seated towards the rear of the plane"], "Details": [], "Labels": [{"Food": ["way behind by the time", "choice of meal"]}, {"Positive Opinion": ["trouble free"]}]}, {"id": 776, "sentence": ["we travelled from dunedin to brisbane and upon arrival at six six we were asked about the eight eight hour delay which we did not did not know however we were given vouchers for the day and", "everyone was generously kind this of course made delays to our final destination to cairns and were given hotel accommodation and dinner and breakfast credits", "so all very considerate and generous"], "Details": [], "Labels": [{"Off-flight service": ["delay", "given vouchers", "dinner and breakfast credits", "hotel accommodation"]}, {"Positive Opinion": ["considerate and generous"]}, {"Staff": ["generously kind"]}]}, {"id": 777, "sentence": ["was on the flight with my young family heading on holiday my three year old was very anxious about flying and the flight attendants made her feel very welcome and at ease during the flight when descending her ears began to hurt and", "they gave her some lollies that helped once"], "Details": [], "Labels": [{"Positive Opinion": ["feel very welcome"]}, {"Staff": ["helped"]}]}, {"id": 778, "sentence": ["first class cabin service experience in premium economy seats are limited so this area feels special", "the service level was above an beyond expectations very professional attentive staff"], "Details": [], "Labels": [{"In-flight service": ["beyond expectations", "special the service level"]}, {"Seat": ["limited"]}, {"Staff": ["professional", "attentive staff"]}]}, {"id": 779, "sentence": ["we paid extra for premium economy worth", "it service was great and food was nice", "we will certainly fly again with virgin"], "Details": [[1, ["flight", "NN"], ["was", "VBD", 0.0], "cop", "i"]], "Labels": [{"Food": ["food was nice"]}, {"In-flight service": ["service was great"]}, {"Positive Opinion": ["worth it", "fly again"]}]}, {"id": 780, "sentence": ["quite a pleasant tuesday four four flight as usual", "i fly four four class economy rather than paying more for a three three class premium economy or two two class business as i can not justify the large extra cost neither can the airlines", "i still got a nice coffee  some chocolates"], "Details": [], "Labels": [{"Food": ["nice coffee", "chocolates"]}, {"Positive Opinion": ["pleasant"]}]}, {"id": 781, "sentence": ["a smooth flight landed on time as usual the flight was as good as qantas but a bit cheaper caught the expensive private train about 15 one way to central not much more to catch a cab if there are two two or more of you"], "Details": [], "Labels": [{"Off-flight service": ["landed on time"]}, {"Positive Opinion": ["smooth flight"]}]}, {"id": 782, "sentence": ["title says it all i\u2019ve travelled with heaps of airlines but never come across such arrogant staffhostesses and worst part that they are selective in greeting and smiling to customers maybe based on your colour also crappy meals will avoid flying with this airline"], "Details": [], "Labels": [{"Food": ["crappy meals"]}, {"Negative Opinion": ["avoid flying"]}, {"Staff": ["arrogant", "selective in greeting"]}]}, {"id": 783, "sentence": ["reasonable and unremarkable flight at a convenient time service was reasonable and aircraft clean and tidy"], "Details": [[1, ["flight", "NN"], ["was", "VBD", 0.0], "cop", "i"]], "Labels": [{"Cabin": ["clean", "tidy"]}, {"In-flight service": ["service was reasonable"]}, {"Neutral Opinion": ["reasonable and unremarkable"]}]}, {"id": 784, "sentence": ["the check in was easy great service on time", "good flight coffee was ok seats confortable easy trip"], "Details": [[1, ["flight", "NN"], ["was", "VBD", 0.0], "cop", "o"], [1, ["flight", "NN"], ["was", "VBD", 0.0], "cop", "i"], [0, ["flight", "NN", 0.0], ["was", "VBD"], "cop", "o"]], "Labels": [{"Food": ["coffee"]}, {"In-flight service": ["great service", "on time"]}, {"Off-flight service": ["check in was easy"]}, {"Positive Opinion": ["good flight", "easy trip"]}, {"Seat": ["seats confortable"]}]}, {"id": 785, "sentence": ["we booked premium economy seat for the extra legroom the cabin crew were very welcoming", "the seat were comfortable as we left at eight eight the snack on the way up was nice", "our return flight was at seven seven the snack offered was overly underwhelming at seven seven most people would be"], "Details": [], "Labels": [{"Food": ["snack offered"]}, {"Positive Opinion": ["nice"]}, {"Seat": ["comfortable"]}, {"Staff": ["welcoming"]}]}, {"id": 786, "sentence": ["always a pleasure flying domestic and international with va affordable staff are always accommodating and friendly without even asking made sure my niece and nephew were comfortable and entered throughout the flight even though we had a full flight full of families with young children", "even the ground staff maintained professional customer service because flights were rescheduled we had to spend an extra night the amount of unhappy customers they had to deal with", "they still worked hard to make sure our needs were met as best as possible"], "Details": [], "Labels": [{"Off-flight service": ["professional customer service"]}, {"Positive Opinion": ["pleasure flying domestic and international", "needs were met"]}, {"Staff": ["accommodating", "friendly"]}]}, {"id": 787, "sentence": ["we have travelled with virgin australia at many times over the years and are always happy to do so flight leaving sydney was delayed coming into mascot as pilot had to travel around turbulent weather before landing our return journey", "was right on time arriving at hervey bay"], "Details": [], "Labels": [{"Off-flight service": ["delayed", "on time arriving"]}, {"Positive Opinion": ["always happy"]}]}, {"id": 788, "sentence": ["was travelling back home from brisbane to sydney booked economy x seating which i always do if available and would highly recommend as it just gives you a bit more space", "and you also get priority boarding as usual the staff were friendly ad although the flight left a little"], "Details": [], "Labels": [{"Cabin": ["more space"]}, {"In-flight service": ["priority boarding"]}, {"Positive Opinion": ["highly recommend"]}, {"Staff": ["friendly"]}]}, {"id": 789, "sentence": ["a comfortable flight and enjoyed our meal no delays and", "we arrived on time in melbourne flight attendants were courteous"], "Details": [], "Labels": [{"Food": ["enjoyed our meal"]}, {"Off-flight service": ["no delays"]}, {"Positive Opinion": ["comfortable flight"]}, {"Staff": ["courteous"]}]}, {"id": 791, "sentence": ["only a short flight a take off and landing  ", "snack was awful hard crisps  used to get a muffin or a club sandwich finger"], "Details": [[1, ["flight", "NN"], ["was", "VBD", 0.0], "cop", "i"]], "Labels": [{"Food": ["snack was awful", "hard crisps"]}]}, {"id": 792, "sentence": ["you know when your booked transport  five five is really forty-five fortyfive late your driver is then slow traffic heavy", "your husband forgets his laptop and leaves it in the van", "and you are", "you are racing to the check in huge crowds", "you have two two kids two two bicycles in big bike bags and a golf bag"], "Details": [], "Labels": [{"Off-flight service": ["check in huge crowds"]}]}, {"id": 793, "sentence": ["\"i never review airlines as i hate flying at the best of times but the pilot on this flight on twenty-six thousand, two hundred and twenty twentysix thousand two hundred and twenty was fabulous when we landed in la you could not even feel the plane touch the ground i have never had a landing so smooth", "i had to peer out of the window to make sure we\""], "Details": [], "Labels": [{"Off-flight service": ["landing so smooth"]}, {"Staff": ["fabulous"]}]}, {"id": 794, "sentence": ["the service was good and a comfortable flight the food was normal airline food just ok but large enough", "the big downfall is only one alcohol drink on a long flight is crazy and miserable qantas for the same fare price offer a much better deal"], "Details": [[1, ["flight", "NN"], ["was", "VBD", 0.0], "cop", "f"], [1, ["flight", "NN"], ["was", "VBD", 0.0], "cop", "i"]], "Labels": [{"Food": ["food was normal", "only one alcohol drink"]}, {"In-flight service": ["service was good"]}, {"Negative Opinion": ["miserable"]}, {"Seat": ["comfortable"]}]}, {"id": 795, "sentence": ["love flying virgin service is always good and food is always goodthe crew as always very helpful  if you needed a top up or anything you need"], "Details": [], "Labels": [{"Food": ["food is always good"]}, {"In-flight service": ["service is always good"]}, {"Staff": ["helpful"]}]}, {"id": 796, "sentence": ["i have to say i was not impressed staff were to busy talking to each other", "just found the over all experience ruddish will not fly again with them", "normally fly quantas which i can not fault at all"], "Details": [], "Labels": [{"Negative Opinion": ["not impressed", "over all experience ruddish"]}, {"Staff": ["busy talking"]}]}, {"id": 797, "sentence": ["virgin flight was very late over an hour we were not kept up to date and no apologies or reasons were given my husband", "and i did not get a seat beside each other", "we sat beside strangers in different area and they tried to blame the booking system yet", "qantas got it right"], "Details": [[1, ["flight", "NN"], ["was", "VBD", 0.0], "cop", "i"]], "Labels": [{"In-flight service": ["sat beside strangers"]}, {"Off-flight service": ["very late", "not kept up to date", "no apologies"]}]}, {"id": 798, "sentence": ["flight left and arrived on time staff were professional still received food and drinks service on a short flight and complimentary food", "was very good love", "the complimentary wine they serve flight was not was not full so had a vacant seat next to me too"], "Details": [[1, ["flight", "NN"], ["was", "VBD", 0.0], "cop", "f"], [1, ["flight", "NN"], ["was", "VBD", 0.0], "cop", "i"]], "Labels": [{"Food": ["received food", "drinks service", "complimentary food was very good", "love the complimentary wine"]}, {"Off-flight service": ["left and arrived on time"]}, {"Staff": ["professional"]}]}, {"id": 799, "sentence": ["we were very satisfied with this airline the customer service was great and we were very comfortable staff were attentive and friendly", "would definitely fly with virgin again", "the staff at both checkin and", "the flight were lovely"], "Details": [[1, ["flight", "NN"], ["was", "VBD", 0.0], "cop", "f"]], "Labels": [{"Off-flight service": ["customer service was great"]}, {"Positive Opinion": ["very satisfied", "flight were lovely"]}, {"Seat": ["comfortable"]}, {"Staff": ["attentive", "friendly"]}]}, {"id": 800, "sentence": ["great service  cabin crew pleasant and well presented  ", "new aircraft very confortable seats and llegroom"], "Details": [], "Labels": [{"Cabin": ["new aircraft", "llegroom"]}, {"In-flight service": ["great service"]}, {"Seat": ["confortable seats"]}, {"Staff": ["cabin crew pleasant", "well presented"]}]}]