[{"id": 1434, "sentence": ["withholding refund no communication lack of customer service day eighty-seven eightyseven now of waiting for a refund for cancelled flights will never use virgin atlantic again breaking the law by completely ignoring the fourteen fourteen day rule for refunds"], "Details": [], "Labels": [{"Bookings": ["withholding refund"]}, {"Off-flight service": ["no communication", "lack of customer service"]}, {"Negative Opinion": ["never use"]}]}, {"id": 1435, "sentence": ["this is a totally dishonest company illegally holding on to refunds will not answer emails will not answer phone calls", "seven seven days is the law to refund now being waiting seventy-five seventyfive days the only way to get your money back is sue", "them don\u2019t part with your money to them will never use"], "Details": [[0, ["flight", "NN", 0.0], ["my", "PRP$"], "nmod:poss", "o"]], "Labels": [{"Bookings": ["illegally holding on to refunds"]}, {"Off-flight service": ["not answer emails", "not answer phone calls"]}, {"Negative Opinion": ["dishonest company"]}]}, {"id": 1436, "sentence": ["avoid this company they cancelled the trip then illegally hold on to your money for upto one hundred and twenty one hundred and twenty days legally meant to refund within fourteen fourteen days"], "Details": [[0, ["flight", "NN", 0.0], ["my", "PRP$"], "nmod:poss", "o"]], "Labels": [{"Bookings": ["illegally hold on to your money"]}, {"Off-flight service": ["cancelled the trip"]}, {"Negative Opinion": ["avoid this company"]}]}, {"id": 1437, "sentence": ["so i was supposed to be flying to las vegas in may for my honeymoon however due to the current coronavirus this was cancelled which is understandable", "i was given two two options a refund or choose another date opted for the refund as wasnt sure when we could travel again", "this was processed on the twenty-eight twentyeight april but yet still waiting for our refund we email daily as it appears even though colleagues are furloughed", "there isnt a phone between them to be ignored daily", "i decided enough was enough", "and i thought id email siobhan the ceo of the comapnycomplete waste of space", "she is as she ignores you too", "so we are now \u00a35300 out of pocket and no further forward as to when we can receive this back or", "any time scales would never use them again there customer service is shocking you message the staff on whatsapp", "and there cocky as hell thinking they know everything when clearly the only thing they know is that they have no manners its a shoddy service", "and im suprised if after all this is over they are still running as they do not do not deserve to be not one one", "sorry", "not one one i can guarantee you will get your money just sarcy comments from the advisors on whatsapp saying were processing thousends of refunds daily", "yeah", "cause you are", "cos reading", "some of the reviews sounds like your paying noone but bet your bottom dollar our money is sat in there account making interest when it should be paid to us sort it out virgin and give us our money back instead of been scammers"], "Details": [[0, ["flight", "NN", 0.0], ["my", "PRP$"], "nmod:poss", "o"], [1, ["waiting", "VBG"], ["refund", "NN", 0.0], "obl:for", "o"], [0, ["refund", "NN", 0.0], ["for", "IN"], "case", "o"], [1, ["service", "NN"], ["customer", "NN", 0.0], "compound", "o"]], "Labels": [{"Bookings": ["waiting for our refund"]}, {"Off-flight service": ["customer service is shocking", "no manners", "shoddy service"]}, {"Negative Opinion": ["never use", "scammers"]}]}, {"id": 1438, "sentence": ["nice staff good service on time flights and helpful when my baggage arrived unlocked with a broken lock"], "Details": [[1, ["service", "NN"], ["customer", "NN", 0.0], "compound", "o"]], "Labels": [{"In-flight service": ["good service"]}, {"Off-flight service": ["on time flights"]}, {"Staff": ["nice staff", "helpful"]}]}, {"id": 1439, "sentence": ["what can i say that has not has not been said this company is an absolute disgrace they are breaking eu law and should be taken to court they are holding customers money due in refunds unlawfully and as usual nothing is being done about it its been two two months since my flight was"], "Details": [[1, ["service", "NN"], ["customer", "NN", 0.0], "compound", "o"]], "Labels": [{"Bookings": ["holding customers money", "refunds unlawfully"]}, {"Negative Opinion": ["absolute disgrace", "breaking eu law"]}]}, {"id": 1440, "sentence": ["i am always travel to new york on virgin atlantic airlines as i find their service is the beast always good and pleasant experience thank you"], "Details": [[1, ["service", "NN"], ["customer", "NN", 0.0], "compound", "o"]], "Labels": [{"In-flight service": ["service is the beast"]}, {"Positive Opinion": ["pleasant experience"]}]}, {"id": 1441, "sentence": ["i booked with this airline because i had miles from a credit card and wanted to go to europe", "but the lockdown put those plans on hold virgin atlantic", "has been the worst airline to deal with under the excuse of protecting the staff they basically have shut down customer"], "Details": [], "Labels": [{"Negative Opinion": ["worst airline"]}]}, {"id": 1442, "sentence": ["absolutely disgusting customer service completely ignored after flight cancelled how can they need a bail out when they have blatantly kept everyones money i have had no problems getting refunds for various tickets i prepuchased", "but virgin will not even answer you"], "Details": [[1, ["service", "NN"], ["customer", "NN", 0.0], "compound", "o"]], "Labels": [{"Bookings": ["kept everyones money"]}, {"Off-flight service": ["absolutely disgusting customer service", "completely ignored", "not even answer"]}]}, {"id": 1443, "sentence": ["\"virgin atlantic is not is not my favourite airline for any old reason the cabin crew go above and beyond to make your experience relaxing comfortable and a world away from a typical flight the plane the seven thousand, eight hundred and seventy-nine", "seven thousand eight hundred and seventynine is equipped with rolls royce trent one thousand one thousand which provide a quiet and smooth\""], "Details": [], "Labels": [{"Cabin": ["quiet and smooth"]}, {"Negative Opinion": ["not my favourite airline"]}, {"Seat": ["relaxing comfortable"]}]}, {"id": 1444, "sentence": ["never has my opinion of a company dropped so much so quickly cannot cannot get hold of them to even ask where my refund is which is now eight eight weeks later than the legal maximum one week for a cancelled flight and causing me significant hardship take several weeks to respond to"], "Details": [[1, ["service", "NN"], ["customer", "NN", 0.0], "compound", "o"]], "Labels": [{"Bookings": ["refund"]}, {"Off-flight service": ["several weeks to respond"]}, {"Negative Opinion": ["significant hardship"]}]}, {"id": 1445, "sentence": ["i have been waiting for over fifty fifty days for the promised refund virgin are appalling", "jet2 refunded a holiday booked for may within seven seven days we desperately need the money back as my daughter and son in law are fuloughed with every likelihood of losing their jobs they do not"], "Details": [[1, ["service", "NN"], ["customer", "NN", 0.0], "compound", "o"], [1, ["waiting", "VBG"], ["refund", "NN", 0.0], "obl:for", "o"]], "Labels": [{"Bookings": ["promised refund"]}]}, {"id": 1446, "sentence": ["have been trying for several weeks to get someone to contact me regarding a canceled flight poor customer service"], "Details": [[1, ["service", "NN"], ["customer", "NN", 0.0], "compound", "o"], [1, ["waiting", "VBG"], ["refund", "NN", 0.0], "obl:for", "o"]], "Labels": [{"Off-flight service": ["poor customer service", "canceled flight"]}]}, {"id": 1447, "sentence": ["we booked a holiday to st lucia with virgin holidays part of virgin atlantic when we arrived at checkin at gatwick at six hundred six hundred we were told our trip had been cancelled  no notification from virgin later that day virgin phoned and promised a full refund of our ten ten payment this should by law be refunded within fourteen fourteen days around two two months later still no refund from virgin", "they do not do not answer the phones they do not do not answer letters they do not do not accept emails", "the only way to contact them seems to be by text", "i tried that they told me the delay in refunding was because the banks were busy when i queried that they admitted the delay was theirs they are just hanging on to all the money until they have to go bust if someone buys them", "they will they will rapidly find that nobody will fly with them as they will not will not ever trust them again a great way to destroy your brand richard"], "Details": [[1, ["refund", "NN"], ["a", "DT", 0.0], "det", "o"], [1, ["service", "NN"], ["customer", "NN", 0.0], "compound", "o"], [0, ["refund", "NN", 0.0], ["a", "DT"], "det", "o"]], "Labels": [{"Bookings": ["promised a full refund", "no refund"]}, {"Off-flight service": ["no notification", "cancelled", "do not answer the phones", "do not answer letters", "do not accept emails"]}, {"Negative Opinion": ["not ever trust them"]}]}, {"id": 1448, "sentence": ["so i purchased an upper class seat with virgin atlantic and when i was not provided the service as advertised the customer service agent had this to say \u201c i must advise with respect the meals and drinks we provide to our customers on our flights are complimentary and does"], "Details": [[1, ["refund", "NN"], ["a", "DT", 0.0], "det", "o"]], "Labels": [{"In-flight service": ["not provided the service"]}]}, {"id": 1450, "sentence": ["lute disgrace absolute disgrace my first  last flight with virgin atlantic i paid for premium economy from the uk to barbados for myself  the wife in march two thousand and twenty point", "two thousand and twenty point this worked out approx \u00a3600 each more than economy so was expecting a great deal above first of all i was"], "Details": [], "Labels": [{"Negative Opinion": ["absolute disgrace", "lute disgrace"]}]}, {"id": 1451, "sentence": ["very sorry to see that our recent experiences with virgin are not inconsistent with others in these difficult times many organizations travel and otherwise have stepped up to help people building up goodwill in the process with virgin just the opposite my daughter had"], "Details": [], "Labels": [{"Negative Opinion": ["very sorry"]}]}, {"id": 1452, "sentence": ["va canceled my flight due to covid19 after an hour on the phone waiting for an operator i was told that i would be fully reimbursed since the nothing happened", "i long winded whatsapp messages they keep making up up excuses instead of simply paying back money which is not theirs for that same trip i had to cancel an airbnb apartment", "i was reimbursed within less than a week"], "Details": [], "Labels": [{"Off-flight service": ["canceled my flight", "making up up excuses"]}]}, {"id": 1453, "sentence": ["my flight was cancelled as a result of covid19", "and they made it very easy to rebook however", "I would", "I would like to make one suggestion", "maybe do not do not play bitter sweet symphony", "when I have I have already gotten bad news"], "Details": [[1, ["refund", "NN"], ["a", "DT", 0.0], "det", "o"]], "Labels": [{"Bookings": ["easy to rebook"]}, {"Off-flight service": ["flight was cancelled"]}]}, {"id": 1454, "sentence": ["virgin atlantic falling apart  cant get anyone to answer or amend tickets wanted to book a new ticket", "but i lost trust in this airline does anyone", "one know if they are going into administration how pathetic reading the reviews everyone is suffering while the management"], "Details": [], "Labels": [{"Off-flight service": ["anyone to answer"]}, {"Negative Opinion": ["falling apart", "lost trust in this airline"]}]}, {"id": 1455, "sentence": ["we had to reschedule our vacation to europe due to the pandemic and they made it easy and were very accommodating thankful for their compassion and that they value their customers safety over money we will be customers for life thank you"], "Details": [], "Labels": [{"Positive Opinion": ["accommodating", "value their customers safety"]}]}, {"id": 1456, "sentence": ["my family and i where due to fly to orlando florida in the summer 2020", "we tried to contact them as our payment was due we could not get hold of them after trying for several hours we still couldn\u2019t talk to them over the phone or send and email", "we had booked this holiday well"], "Details": [], "Labels": [{"Off-flight service": ["couldn\u2019t talk to them"]}]}, {"id": 1457, "sentence": ["thank you so much to virgin atlantic for making our trip so memorable service was five five star throughout the flight and the time flying shot over due to the incredible inflight service that is that is available", "i am booking to go back to barbados as soon as i know sir richard has secured his bailout", "he richly deserves"], "Details": [[1, ["refund", "NN"], ["a", "DT", 0.0], "det", "o"]], "Labels": [{"In-flight service": ["service was five five star"]}]}, {"id": 1458, "sentence": ["confirmation of the flight was difficult we were travelling from new zealand the previous day and could not could not confirm this flight until we were in the air", "nevertheless checkin and baggage claim were seamless", "we were in a bubbleof", "two between three seats the aisle remaining"], "Details": [], "Labels": []}, {"id": 1459, "sentence": ["it was wonderful with the entertainment available when i was on the plane many movies to choose from it definitely was not was not the best flight i have ever been on", "but it sure was great for an eight eight hour flight"], "Details": [], "Labels": [{"Entertainment": ["entertainment available", "many movies to choose"]}, {"Positive Opinion": ["wonderful", "great"]}]}, {"id": 1460, "sentence": ["it has been four four days that i try to rebook my flight back", "my original flight was cancelled  ", "it is impossible to have someone on the phone by email or text message i am blocked without any clue how to come back"], "Details": [[1, ["refund", "NN"], ["a", "DT", 0.0], "det", "o"]], "Labels": [{"Off-flight service": ["impossible", "phone by email or text"]}]}, {"id": 1461, "sentence": ["left hundreds of passengers stranded overseas myself included before any travel restrictions were in place for purely economic reasons leaving ba to repatriate some of these passengers at the tax payers expense and now branson is asking for a bail out from those same tax"], "Details": [], "Labels": [{"Off-flight service": ["passengers stranded"]}]}, {"id": 1462, "sentence": ["we found a purse with nearly \u00a3400 in different currencies at the side of our seat and handed it in to a cabin crew member we have tried to find out whether the purse was claimed by the owner and what happened to the purse and contents and have been told by virgin atlantic that we have no right to know this  ", "we have tried to claim the contents but were told that we could not  this is despicable and virgin atlantic\u2019s ceo mission to become the most loved travel company is a joke when an honest couple are treated in such a dismissive way  if we ever find any money in future we will simply keep quiet and donate to one of our chosen charities we will not fly with virgin atlantic again in the future peter stuart"], "Details": [], "Labels": [{"Off-flight service": ["dismissive way"]}, {"Negative Opinion": ["not fly"]}]}, {"id": 1463, "sentence": ["i totally enjoyed my flight", "we were served drinks the whole time on the flight greeted with drinks we were allowed to drink at the bar in first class they gave us night visors socks salt and pepper shaker and a few other items", "smooth flight three course dinner with"], "Details": [[1, ["refund", "NN"], ["a", "DT", 0.0], "det", "o"]], "Labels": [{"Food": ["served drinks", "drinks", "drink at the bar", "night visors socks salt", "pepper shaker", "three course dinner"]}, {"Positive Opinion": ["enjoyed my flight", "smooth flight"]}, {"Staff": ["greeted"]}]}, {"id": 1464, "sentence": ["this is the second time we have flown with virgin atlantic although it is the first time we have flown from london heathrow with them", "we prefer gatwick we were warmly greeted by virgin atlantic staff as we arrived in the terminal building", "they were all very helpful both"], "Details": [], "Labels": [{"Staff": ["warmly greeted", "very helpful"]}]}, {"id": 1465, "sentence": ["we found the virgin staff really personable  ", "approachable", "they are always very polite  keen to help the legroom was good  the seats very comfortable the outward flightwas on time", "but the return flight delayedhowever we still landed on time"], "Details": [], "Labels": [{"Cabin": ["legroom was good"]}, {"Seat": ["seats very comfortable"]}, {"Staff": ["staff really personable  approachable", "very polite", "keen to help"]}]}, {"id": 1466, "sentence": ["our flight to sydney was cancelled due to the travel ban and instead we were assigned a flight to salt lake city utah because we booked on the travelocity website virgin", "won\u2019t answer any of my questions about cancelling", "they just refer me back to travelocity meanwhile"], "Details": [[1, ["refund", "NN"], ["a", "DT", 0.0], "det", "o"]], "Labels": [{"Off-flight service": ["cancelled", "won\u2019t answer"]}]}, {"id": 1467, "sentence": ["very bad in every department apart from the staff onboard", "every email reply i received from the company did not answer my questions", "neither did it let me know options available to me just irrelavant information alot of contact details were incorrect"], "Details": [], "Labels": [{"Off-flight service": ["did not answer my questions", "irrelavant information"]}, {"Negative Opinion": ["very bad"]}]}, {"id": 1468, "sentence": ["we were very irritated when we got on the plane as we had to be rerouted from heathrow to seattle due to the coronavirus but from the time we were seated in comfortable seats mind you", "they pampered us all the way  ", "i have never been so impressed with an airline the flight"], "Details": [], "Labels": [{"Off-flight service": ["rerouted"]}, {"Positive Opinion": ["impressed with an airline"]}, {"Negative Opinion": ["irritated"]}, {"Seat": ["comfortable seats"]}, {"Staff": ["pampered us"]}]}, {"id": 1469, "sentence": ["first i have to say getting on board after our mad dash fleeing france to england was a giant relief we were seated in economy delight and given a whole middle aisle for the two of us", "the plane was huge and beautiful", "the gourmet meal came with complimentary wine even though the plane was half full", "it had a full staff", "they were so kind and sensed we had been through a lot", "the captain and first officer warmly greeted us as we entered and wished us the very best on the rest of our journey", "it meant so much to us a special shout out to the interior designer of this plane", "the bright and yet soothing colors gave us hope and happy thoughts", "i can\u2019t wait to fly virgin atlantic again"], "Details": [[1, ["refund", "NN"], ["a", "DT", 0.0], "det", "o"]], "Labels": [{"Cabin": ["plane was huge", "beautiful", "interior designer of this plane", "bright and yet soothing colors"]}, {"Food": ["gourmet meal", "complimentary wine"]}, {"Positive Opinion": ["fly virgin atlantic again"]}, {"Staff": ["so kind", "warmly greeted"]}]}, {"id": 1470, "sentence": ["a good flight with lots of space in economy delight  extra legroom  on a flight escaping from usa before the shutdown lots better crew attention and interaction compared with ba crew were working well in difficult circumstances and all were all on enforced holiday after the"], "Details": [[1, ["refund", "NN"], ["a", "DT", 0.0], "det", "o"]], "Labels": [{"Cabin": ["lots of space", "extra legroom"]}, {"Positive Opinion": ["a good flight"]}, {"Staff": ["better crew attention", "interaction", "working well"]}]}, {"id": 1471, "sentence": ["superb trip both ways", "fabulous crew and delicious food comfortable seat and bed superb lounge at gatwick though lounge at uvf on the way home was gross filthy and petri dish bit late leaving gatwick", "but pilot made up time", "and we were given updates very sadly virgin"], "Details": [], "Labels": [{"Food": ["delicious food"]}, {"Off-flight service": ["superb lounge"]}, {"Positive Opinion": ["superb trip"]}, {"Seat": ["comfortable seat and bed"]}, {"Staff": ["fabulous crew"]}]}, {"id": 1472, "sentence": ["travelled with virgin from manchester to atlanta once boarded announced they were refuelling plane", "so left main cabin door open", "we were seated in front seats of premium economy with nothing between us and open door freezing cold and then fumes from refueling started to seep"], "Details": [], "Labels": [{"Cabin": ["freezing cold", "fumes from refueling"]}]}, {"id": 1473, "sentence": ["i always enjoy flying with virgin atlantic and have been a loyal passenger with them for many years the seven hundred and eighty-seven seven hundred and eightyseven was very comfortable and the service as always friendly and good sadly over the years other airlines have caught up with va", "and so now va need to make a further step"], "Details": [[1, ["refund", "NN"], ["a", "DT", 0.0], "det", "o"], [1, ["eightyseven", "NN"], ["service", "NN", 0.0], "compound", "i"]], "Labels": [{"In-flight service": ["service as always friendly"]}, {"Positive Opinion": ["enjoy flying", "good"]}, {"Seat": ["very comfortable"]}]}, {"id": 1474, "sentence": ["we were due to fly home on the twenty-three twentythree march and were told our original flight was cancelled on the fifteen fifteen we booked virgin through netflights we called them", "and they wouldn\u2019t help just saying we would need to fill in the away from home form", "we did this and had a few texts telling us they were working hard", "but the demand it was going to take longer", "the communications after this were scant and vague", "there was also know indication of how long it would take with the advice of the foreign office for uk citizens to return home asap on this basis", "we booked flights with iceland air to get back to gatwick on the twenty-nine twentynine to an extra cost of \u00a31000", "however virgin messaged us yesterday morning at eight eight advising of two seats being available on the vs50 flight that evening twenty-two twentytwo from orlandogatwick", "we took them as we didn\u2019t want to be left overseas", "we are now home thankfully", "however i am now going to request virgin", "pay the \u00a31000 expenses for the flight as they are not recoverable from iceland air as non refundable tickets one nights reduced accommodation the additional food we had to waste as we didn\u2019t know how long we would be delayed for and also the return of the car hire", "early we also paid extra for upper floor seating and there has been no mention of a refund for this", "either i appreciate that this has been a difficult situation and unprecedented but", "if communications had been better i would not have incurred such huge losses and may have forgiven the accommodation car hire charges such poor service and leaving so many people not knowing what is happening booking people due on later flights before us having planes leave with empty seats", "you must have known how many people were overseas from the bookings appreciating this", "would be one thousand one thousand of people", "but it can\u2019t be that hard to work out what rescue capacity is needed never will we use virgin again", "even virgin insurance were as helpful as a chocolate teapot", "it seems like sound disaster planning and management has escaped mr branson and his senior team", "i personally hope he goes under for this"], "Details": [[1, ["refund", "NN"], ["a", "DT", 0.0], "det", "o"], [1, ["eightyseven", "NN"], ["service", "NN", 0.0], "compound", "i"]], "Labels": [{"Bookings": ["cancelled", "no mention of a refund", "huge losses"]}, {"In-flight service": ["paid extra"]}, {"Off-flight service": ["wouldn\u2019t help", "scant and vague", "poor service"]}, {"Negative Opinion": ["never will we use"]}]}, {"id": 1475, "sentence": ["we are currently stranded in barbados could be worse", "i know  our flights have been cancelled without being informed agent back home cannot get trough to them as nor can we  had no choice to book a flight with british airways at the cost of nearly four grand  richard branson"], "Details": [[1, ["refund", "NN"], ["a", "DT", 0.0], "det", "o"], [1, ["flights", "NNS"], ["cancelled", "VBN", -0.25], "amod", "o"]], "Labels": [{"Bookings": ["cancelled"]}, {"Off-flight service": ["without being informed"]}]}, {"id": 1476, "sentence": ["i was due to fly from london heathrow on the twenty-five twentyfive march two thousand and twenty point", "two thousand and twenty point i do appreciate with the virus things", "were difficult", "i finally got a message on friday the twenty twenty of march to say the flight was due to be cancelled due to operational reasons", "yes really i was not able to get them"], "Details": [[1, ["flights", "NNS"], ["cancelled", "VBN", -0.25], "amod", "o"]], "Labels": [{"Bookings": ["cancelled"]}, {"Off-flight service": ["appreciate"]}]}, {"id": 1477, "sentence": ["excellent was informed return flight was cancelled but they would be in touch but did not say if we had to go to airport or not took an hour to get through on phone", "but once through excellent service gave us a choice of flights to return and offered accommodation  meals"], "Details": [[1, ["flights", "NNS"], ["cancelled", "VBN", -0.25], "amod", "o"]], "Labels": [{"Bookings": ["return flight was cancelled"]}, {"Food": ["offered accommodation  meals"]}, {"Off-flight service": ["excellent service"]}, {"Positive Opinion": ["excellent"]}]}, {"id": 1478, "sentence": ["excellent service and a friendly smile even ground staff were very helpful nothing was too much trouble", "ongoing care and attention", "we wouldn\u2019t hesitate to fly with them again"], "Details": [[1, ["flights", "NNS"], ["cancelled", "VBN", -0.25], "amod", "o"]], "Labels": [{"In-flight service": ["excellent service"]}, {"Positive Opinion": ["fly with them again"]}, {"Staff": ["very helpful", "friendly smile", "care", "attention"]}]}, {"id": 1479, "sentence": ["my wife recently had a bad slip disk problem which was troubling her immensely which was quite a surprise when she said we should go to india on holiday seriously so to help this to happen", "i suggested that we go on virgin airways and on an upgraded seat this turned out to be a very good investment we could only afford to go one way at the higher price seat as \u00a3150 extra per person what quite thick up in price", "but well worth it", "the staff on the plane was excellent also the free refreshments if i could afford to do it again", "i would thank you sir richard"], "Details": [[1, ["flights", "NNS"], ["cancelled", "VBN", -0.25], "amod", "o"]], "Labels": [{"Bookings": ["a very good investment", "higher price seat"]}, {"Food": ["free refreshments"]}, {"Positive Opinion": ["well worth it"]}, {"Staff": ["excellent"]}]}, {"id": 1480, "sentence": ["virgin has the best personnel bar none", "I have I have flown first class on singapore air which is great", "but the virgin personnel have a special demeanor and character that is second to none they are attentive without being obsequious", "they have a great sense of humor", "I have I have flown virgin"], "Details": [[1, ["flights", "NNS"], ["cancelled", "VBN", -0.25], "amod", "o"]], "Labels": [{"Food": ["best personnel bar"]}, {"Positive Opinion": ["great"]}, {"Staff": ["special demeanor", "attentive", "without being obsequious", "great sense of humor"]}]}, {"id": 1481, "sentence": ["checkin easy  relatively quick staff pleasant  friendly took off on time economy seating was a two two  four four  ", "two two configuration which meant my wife  i sat together with no one else to disturb us or them seats a little cramped", "but hey this is economy food drink  ", "service"], "Details": [[1, ["flights", "NNS"], ["cancelled", "VBN", -0.25], "amod", "o"]], "Labels": [{"Food": ["food drink  service"]}, {"Off-flight service": ["relatively quick", "checkin easy", "took off on time"]}, {"Staff": ["staff pleasant", "friendly"]}]}, {"id": 1482, "sentence": ["have used virgin many times", "but this was the worst upper class cabin cramped and badly designed unfortunately overnight return flight made sleep very difficult"], "Details": [], "Labels": [{"Cabin": ["cabin cramped", "badly designed"]}, {"Negative Opinion": ["worst", "sleep very difficult"]}]}, {"id": 1483, "sentence": ["my flight from london to johannesburg was speedy and comfortable", "there was a huge variation of films to choose from meals and drinks selection", "was great", "as well the staff was friendly and really helpful overall", "it was a great journey home"], "Details": [[1, ["flights", "NNS"], ["cancelled", "VBN", -0.25], "amod", "o"]], "Labels": [{"Entertainment": ["huge variation of films"]}, {"Food": ["meals and drinks selection"]}, {"Positive Opinion": ["great", "speedy", "great journey"]}, {"Seat": ["comfortable"]}, {"Staff": ["staff was friendly", "really helpful"]}]}, {"id": 1484, "sentence": ["seems like virgin are in a communication lockdown flights booked for april ten ten which will obviously not be allowed to go are still showing as \u201con time\u201d not one email from virgin not one message", "twitter is ignored their mobile messaging system is a joke with replies"], "Details": [[1, ["flights", "NNS"], ["cancelled", "VBN", -0.25], "amod", "o"]], "Labels": [{"Off-flight service": ["communication lockdown", "not one email", "not one message", "twitter is ignored", "mobile messaging system is a joke"]}]}, {"id": 1485, "sentence": ["due to the travel ban imposed in south africa we were anxious to get back home virgin atlantic had availability to get us home", "and they did it with professionalism", "our cabin crew was friendly and on their toes they did an excellent job the aircraft was ok", "it was clean the goodie bags were great primarily because they were made of recycled materials and contained environmentally friendly items inside", "i am not a fan of the foot rests in the seat in front of me", "so i do not do not consider that a perk the food was good", "the pillows and blankets were nice enough", "i would recommend the bump to premium economy if you can afford it on these very long flights", "the only complaint i had was the movie selection i do not do not think anyone else would complain about it", "but i like older movies and the choices were limited in that genre"], "Details": [[1, ["flights", "NNS"], ["cancelled", "VBN", -0.25], "amod", "o"]], "Labels": [{"Entertainment": ["choices were limited"]}, {"Cabin": ["clean"]}, {"Food": ["food was good"]}, {"In-flight service": ["goodie bags were great", "the pillows and blankets were nice"]}, {"Staff": ["cabin crew was friendly", "on their toes", "excellent job"]}]}, {"id": 1486, "sentence": ["we flew back from london in the delight class we had more legroom than economy and were as comfortable as we could bethe food", "was very good and the service fine on time to the minute would travel virgin again"], "Details": [[1, ["flights", "NNS"], ["cancelled", "VBN", -0.25], "amod", "o"]], "Labels": [{"Cabin": ["more legroom"]}, {"Food": ["food was very good"]}, {"In-flight service": ["service fine on time"]}, {"Positive Opinion": ["travel virgin again"]}, {"Seat": ["comfortable"]}]}, {"id": 1487, "sentence": ["a good flight all went smoothly flight attendants were very attentive  more so on return flight good choice of films etc"], "Details": [[1, ["flights", "NNS"], ["cancelled", "VBN", -0.25], "amod", "o"]], "Labels": [{"Entertainment": ["good choice of films"]}, {"Positive Opinion": ["a good flight", "went smoothly"]}, {"Staff": ["attentive"]}]}, {"id": 1488, "sentence": ["premium economy is definitely worth the extra price on this long haul flight nice seats plenty of legroom", "the food is better  the tray is a bit annoying especially if you are travelling on your own", "it does impinge on the person next to you on the left as it lifts out of"], "Details": [[1, ["flights", "NNS"], ["cancelled", "VBN", -0.25], "amod", "o"]], "Labels": [{"Bookings": ["worth the extra price"]}, {"Cabin": ["plenty of legroom"]}, {"Food": ["food is better"]}]}, {"id": 1489, "sentence": ["great friendly service from this fabulous airline airhosts  hostesses made sure everyone was warm  comfortable for this long trip"], "Details": [[1, ["flights", "NNS"], ["cancelled", "VBN", -0.25], "amod", "o"]], "Labels": [{"In-flight service": ["friendly service", "warm"]}, {"Positive Opinion": ["great", "fabulous airline"]}, {"Seat": ["comfortable"]}]}, {"id": 1490, "sentence": ["flight on time could not fault the service my seat was forty-six fortysix loads of leg room", "all was great the only thing that was not good and that is the food", "it\u2019s awful"], "Details": [[1, ["flights", "NNS"], ["cancelled", "VBN", -0.25], "amod", "o"]], "Labels": [{"Cabin": ["loads of leg room"]}, {"Food": ["food it\u2019s awful"]}, {"Positive Opinion": ["all was great"]}]}, {"id": 1491, "sentence": ["from check in to arrival perfect  nice breakfast in virgin lounge seats perfect in upper class  such friendly staff"], "Details": [], "Labels": [{"Food": ["nice breakfast"]}, {"Off-flight service": ["lounge seats perfect"]}, {"Positive Opinion": ["perfect"]}, {"Staff": ["friendly staff"]}]}, {"id": 1492, "sentence": ["both coming and returning flights were pleasant and comfortable both flights were on time that is all i have to say"], "Details": [], "Labels": [{"Off-flight service": ["on time"]}, {"Positive Opinion": ["pleasant"]}, {"Seat": ["comfortable"]}]}, {"id": 1493, "sentence": ["we had a good flight back from lagos to london", "they had local food on the plane jolloph rice and chicken", "i didn\u2019t eat on the plane", "however i heard many people ask for seconds the only other thing that was missing", "we\u2019re local drinks like gingerbeer non alcoholic and sorrel or"], "Details": [], "Labels": [{"Food": ["chicken", "jolloph rice", "missing we\u2019re local drinks"]}]}, {"id": 1494, "sentence": ["seats on their seven hundred and eighty-seven seven hundred and eightyseven seem tighter than on recent european trips on united and air canada rouge but", "a six six footer will survive meals and seatback screen entertainment options are very good"], "Details": [], "Labels": [{"Entertainment": ["seatback screen entertainment"]}, {"Food": ["survive meals"]}, {"Positive Opinion": ["very good"]}, {"Seat": ["tighter"]}]}, {"id": 1495, "sentence": ["this plane whatever it was was configured two two four four two two rather than three hundred and forty-three point three hundred and fortythree point we sat over a wing so not a great view but not much to see in any case after the first fifteen fifteen mins i was fine for leg room being short", "but my even my five hundred and eleven five hundred and eleven husband got enough room to manage to get a good sleep on the overnight flight home", "the flight attendant service was quick and the food was alright too no complaints at all about this carrier"], "Details": [[1, ["flights", "NNS"], ["cancelled", "VBN", -0.25], "amod", "o"]], "Labels": [{"Cabin": ["fine for leg room"]}, {"Food": ["food was alright"]}, {"Positive Opinion": ["no complaints"]}, {"Staff": ["attendant service was quick"]}]}, {"id": 1496, "sentence": ["from check in to arrival i could not fault the service on virgin priority checkin for premium economy priority baggage handling and", "even the ability to preorder my onboard menu choices seats were very comfortable with great pitch", "i chose the last row in pe so as to be"], "Details": [], "Labels": [{"Food": ["preorder my onboard menu choices"]}, {"Seat": ["comfortable"]}]}, {"id": 1497, "sentence": ["good experience not overcrowded food was good for a flight", "only issue was the return flight when the guy in front kept talking loudly over announcements the sleep times and kept hassling the steward for move drinks", "he wanted two at a time", "not virgin\u2019s fault but he"], "Details": [], "Labels": [{"Food": ["food was good"]}, {"In-flight service": ["not overcrowded"]}, {"Positive Opinion": ["good experience"]}]}, {"id": 1498, "sentence": ["enjoyed a relaxing and thoroughly enjoyable flight to nyc with virgin atlantic on their newest a350 plane i last flew with them back in two thousand two thousand and the service i remembered then is still there", "the check in process at lhr was fast and smooth boarding the plane was done in smaller"], "Details": [], "Labels": [{"Off-flight service": ["smooth boarding"]}, {"Positive Opinion": ["enjoyed", "enjoyable flight"]}, {"Seat": ["relaxing"]}]}, {"id": 1499, "sentence": ["we have used virgin for years and would not consider any other airline we have always been well looked after and enjoyed the food on our flights"], "Details": [[1, ["flights", "NNS"], ["cancelled", "VBN", -0.25], "amod", "o"]], "Labels": [{"Food": ["enjoyed the food"]}, {"Staff": ["well looked after"]}]}, {"id": 1500, "sentence": ["our flight was on time both ways hostess good seats rock hard food not so good we both had upset stomachs the day after"], "Details": [], "Labels": [{"Food": ["food not so good"]}, {"Seat": ["good seats"]}]}, {"id": 1501, "sentence": ["booked a trip to orlando in february for our thirty-five thirtyfive wedding anniversary never used virgin before but was pretty stoked", "has i had heard good things just to put things into perspective both the wife and i are experienced flyers this this being our fourth trip within twelve months"], "Details": [], "Labels": [{"Positive Opinion": ["pretty stoked"]}]}, {"id": 1502, "sentence": ["this was my first time flying virgin from all the reviews i had read over the years i did expect a very good journey from the very moment i arrived at heathrow at the checkin counter to the moment i left the aircraft in johannesburg", "it was all a one thousand and ten point one thousand and", "ten point job well done"], "Details": [], "Labels": [{"Positive Opinion": ["job well done", "good journey"]}]}, {"id": 1503, "sentence": ["i was really impressed by my experience flying premier economy with virgin the plane seemed new and was clean service was great and the seat was comfortable"], "Details": [[1, ["flights", "NNS"], ["cancelled", "VBN", -0.25], "amod", "o"]], "Labels": [{"Cabin": ["clean", "plane seemed new"]}, {"In-flight service": ["service was great"]}, {"Positive Opinion": ["impressed"]}, {"Seat": ["seat was comfortable"]}]}, {"id": 1504, "sentence": ["i had this old fashioned view of virgin as a high class competitor with the other luxury carriers to an extent that is that is true but the seats seem even more cramped than ever uncomfortable nine nine hours down thank god the jet stream was functioning nicely on the way back", "food wise"], "Details": [], "Labels": [{"In-flight service": ["jet stream was functioning nicely"]}, {"Seat": ["uncomfortable", "more cramped"]}]}, {"id": 1505, "sentence": ["only booked the economy class", "but we were treated as if we had payed one one the flight attendants were happy to help and treated us like we were special"], "Details": [], "Labels": [{"Staff": ["happy to help", "treated"]}]}, {"id": 1506, "sentence": ["horrible airline culture of dishonesty and crass behaviour very condescending towards people who do not look like them and i do not do not wish to define that further", "either i got told i was trying to get in extra baggage for free and it took multiple supervisors before they figured"], "Details": [], "Labels": [{"Negative Opinion": ["dishonesty and crass behaviour", "horrible airline"]}, {"Staff": ["very condescending"]}]}, {"id": 1507, "sentence": ["all cabin crew were extremely professional friendly and helpful", "the service was amazing from the minute we boarded", "right till we landed both me and my daughter", "felt very spoilt the food and drink were very good", "i cannot cannot wait to fly premium economy with virgin atlantic again"], "Details": [[1, ["flights", "NNS"], ["cancelled", "VBN", -0.25], "amod", "o"]], "Labels": [{"Food": ["food and drink were very good"]}, {"In-flight service": ["service was amazing"]}, {"Staff": ["extremely professional", "friendly", "helpful"]}]}, {"id": 1508, "sentence": ["every member of cabin crew were extremely friendly and helpful", "they went out of their way to make our journey as comfortable and enjoyable as possible especially the twin sisters", "sorry", "i forgot their names i look forward to flying premium economy with virgin atlantic again"], "Details": [], "Labels": [{"Positive Opinion": ["enjoyable"]}, {"Seat": ["comfortable"]}, {"Staff": ["extremely friendly", "helpful"]}]}, {"id": 1509, "sentence": ["virgin are a good punctual airline the flights were early both ways crew are friendly but food is not too good"], "Details": [], "Labels": [{"Food": ["food is not too good"]}, {"Positive Opinion": ["good punctual airline"]}, {"Staff": ["friendly"]}]}, {"id": 1510, "sentence": ["very pleased with service offered by virgin atlantic did not did not have to pay extra for baggage or for reserving seats in advance food", "was", "good and cabin crew efficient good choice of music films etc for inflight entertainment without paying extra announcements on outgoing flight were unintelligible but fine on return flight"], "Details": [[1, ["flights", "NNS"], ["cancelled", "VBN", -0.25], "amod", "o"]], "Labels": [{"Entertainment": ["good choice of music films", "inflight entertainment"]}, {"Bookings": ["without paying extra"]}, {"Food": ["food was good"]}, {"In-flight service": ["very pleased with service offered"]}, {"Off-flight service": ["reserving seats in advance"]}, {"Staff": ["efficient"]}]}, {"id": 1511, "sentence": ["am a very experienced traveller and have taken hundreds of flights in my life experience with virgin at jfk was without a doubt the worst i\u2019ve ever experienced flight was cancelled forty-five fortyfive minutes before boarding was told to exit the airport and go back to check in in check in"], "Details": [[1, ["flights", "NNS"], ["cancelled", "VBN", -0.25], "amod", "o"]], "Labels": [{"Bookings": ["cancelled"]}, {"Negative Opinion": ["the worst"]}]}, {"id": 1512, "sentence": ["first class all around superb price check in painless boarding process quick and efficient our plane was clean and well presented the in flight service was spot on the meals very good in flight entertainment systems were fantastic wide selection of recent and classic"], "Details": [[1, ["flights", "NNS"], ["cancelled", "VBN", -0.25], "amod", "o"]], "Labels": [{"Entertainment": ["entertainment systems were fantastic", "wide selection of recent and classic"]}, {"Cabin": ["plane was clean", "well presented"]}, {"Food": ["meals very good"]}, {"Off-flight service": ["painless boarding process", "quick"]}, {"Staff": ["efficient"]}]}, {"id": 1513, "sentence": ["our flight to barbados was excellent the cabin crew were very attentive courteous and helpful nothing to complain about at all", "however our homeward flight was not as we expected because the plane was changed to a different one", "so the seats we had booked two seats on the"], "Details": [], "Labels": [{"Positive Opinion": ["excellent", "nothing to complain"]}, {"Staff": ["attentive", "courteous", "helpful"]}]}, {"id": 1514, "sentence": ["virgin just fine in face very good", "indeed the only headache was inconsistent access to the lounge allowed in boston for delta", "codeshare passengers with delta sky club membership but not allowed on the return trip from heathrow does not does not make much sense for delta not to"], "Details": [[1, ["flights", "NNS"], ["cancelled", "VBN", -0.25], "amod", "o"]], "Labels": [{"Off-flight service": ["inconsistent access to the lounge"]}, {"Positive Opinion": ["very good indeed"]}]}, {"id": 1515, "sentence": ["a bit of a mixed bag staff great on the plane and in london and orlando and helpful plane was ok", "but we opted for the economy delight seats which were the economy seats with about three inches more legroom nothing else and not even a foot rest felt rather let down there for the extra money we had paid no overnigt bag", "either face mask toothpaste etc usb not working on one seat menu was different to what actually appeared just generally not quite up to what we felt we had paid for done better elsewhere and will probably go there next time five hundred and ten five hundred and ten on the score boards because i cannot say we enjoyed it that much"], "Details": [[1, ["flights", "NNS"], ["cancelled", "VBN", -0.25], "amod", "o"]], "Labels": [{"Cabin": ["plane was ok", "more legroom", "not even a foot rest felt"]}, {"Food": ["menu was different"]}, {"Negative Opinion": ["cannot say we enjoyed"]}, {"Staff": ["staff great", "helpful"]}]}, {"id": 1516, "sentence": ["the flight experience was fabulous and on time during check in my baggage exceed the maximum for economy", "and it was upgraded to premium economy acceptance which i found to be extremely generous and considerate from the handling services staff in flight services"], "Details": [], "Labels": [{"Off-flight service": ["on time"]}, {"Positive Opinion": ["fabulous"]}, {"Staff": ["extremely generous", "considerate"]}]}]