[{"id": 2, "sentence": ["the flights good space is better then indigo and on time the snacks offered are a bit average in terms of variety and can improve the staff is mature well trained and pleasant  food was served on good time and was decent in quality"], "Details": [[0, ["quality", "NN", 0.0], ["in", "IN"], "case", "f"], [1, ["quality", "NN"], ["in", "IN", 0.0], "case", "f"], [0, ["decent", "JJ", 0.0], ["quality", "NN"], "obl:in", "f"], [1, ["decent", "JJ"], ["quality", "NN", 0.0], "obl:in", "f"], [0, ["served", "VBN", 0.0], ["decent", "JJ"], "conj:and", "f"], [1, ["flight", "NN"], ["was", "VBD", 0.0], "cop", "f"], [0, ["terms", "NNS", 0.0], ["in", "IN"], "case", "f"], [1, ["served", "VBN"], ["decent", "JJ", 0.0], "conj:and", "f"]], "Labels": [{"Cabin": ["good space"]}, {"Food": ["on time the snacks", "decent in quality", "pleasant  food", "average in terms of variety", "served on good time"]}, {"Staff": ["staff is mature", "well trained"]}]}, {"id": 3, "sentence": ["the flight was on time and the food was very goodneat", "and cleanthis was my first travel with vistaraenjoyed it", "but the leg space is very less in the economy classwhile travelling back from port blair", "we had a premium economy ticket and enjoyed the luxury with excellent food and beverages and much more leg spaces"], "Details": [[0, ["served", "VBN", 0.0], ["decent", "JJ"], "conj:and", "f"], [0, ["time", "NN", 0.0], ["on", "IN"], "case", "o"], [1, ["time", "NN"], ["on", "IN", 0.0], "case", "o"]], "Labels": [{"Cabin": ["leg space is very less", "neat and clean", "more leg spaces"]}, {"Food": ["excellent food and beverages", "food was very good"]}, {"Off-flight service": ["flight was on time"]}, {"Positive Opinion": ["enjoyed", "enjoyed"]}]}, {"id": 4, "sentence": ["i requested a gluten free meal as i am i am a celiac and strictly on a wheat free diet", "initially the ground staff told me i had it in my profile whereas the crew said they had a gf meal but were not aware if it\u2019s mine", "finally the meal came and it was made of soyabeana wheat"], "Details": [], "Labels": [{"Food": ["gluten free meal"]}, {"Staff": ["crew said", "were not aware"]}]}, {"id": 5, "sentence": ["one of the better airlines to fly with  prompt updates and info interesting loyalty program affable staff better interiors and hospitality strangely though it\u2019s typically late by half to one hour at takeoff mostly blaming this on airport permissions and traffic congestion and this has happened to me four four times in past quarter", "or so at the time of check in there", "\u2019s", "no such alert or info", "but it tends to lag behind schedule in taking off"], "Details": [[0, ["time", "NN", 0.0], ["on", "IN"], "case", "o"]], "Labels": [{"Cabin": ["better interiors"]}, {"Off-flight service": ["interesting loyalty program", "late", "lag behind schedule in taking off", "prompt updates and info"]}, {"Neutral Opinion": ["better"]}, {"Staff": ["affable staff", "hospitality"]}]}, {"id": 6, "sentence": ["the flight was about seventy-five seventyfive full and so was quite comfortable the seats were sufficient for a short flight and the leg room satisfactory", "we were served a snack which was not necessary  ", "we were in the air for about fifty fifty minutes", "this is an internal flight but is used by tourists"], "Details": [[0, ["time", "NN", 0.0], ["on", "IN"], "case", "o"]], "Labels": [{"Cabin": ["the leg room satisfactory"]}, {"Food": ["snack"]}, {"Seat": ["quite comfortable"]}]}, {"id": 7, "sentence": ["vistara has redefined the flying experience in the indian domestic sector with a unique offering and service levels i would not would not think of any other airline if i am travelling within india", "however i experienced their hospitality on an international route and i was extremely"], "Details": [[0, ["time", "NN", 0.0], ["on", "IN"], "case", "o"]], "Labels": [{"Bookings": ["unique offering and service levels"]}, {"Positive Opinion": ["redefined the flying experience"]}, {"Staff": ["hospitality"]}]}, {"id": 8, "sentence": ["enough leg space  comfortable seats", "overall a great flight thought it left late from lucknow", "it reached on time  ", "the crew was courteous too"], "Details": [[0, ["time", "NN", 0.0], ["on", "IN"], "case", "o"], [1, ["time", "NN"], ["on", "IN", 0.0], "case", "o"]], "Labels": [{"Cabin": ["enough leg space"]}, {"Off-flight service": ["left late", "reached on time"]}, {"Positive Opinion": ["great flight"]}, {"Seat": ["comfortable seats"]}, {"Staff": ["crew was courteous"]}]}, {"id": 9, "sentence": ["everything about this airline is very good  except the checkin at delhi airport recently after doing web checkin and printing the boarding pass at the kiosk i had to spend more than forty-five fortyfive minutes just for baggage drop the reason  ", "only one baggage drop counter was"], "Details": [], "Labels": [{"Off-flight service": ["baggage drop", "only one baggage drop counter"]}, {"Positive Opinion": ["very good"]}]}, {"id": 10, "sentence": ["the flight boarded on time", "but there was a twenty twenty minute delay on ground because of air congestion at delhi", "this has happened earlier also on vistara flights from ahmedabad to delhi no fault of the airline which may like to relook at the schedule to accommodate such delays it is a fine airline", "and i have always enjoyed flying with them", "premium economy is a great innovation for those who do not wish to splurge on business but want more comfort than economy", "i wonder why vistara does not fly between ahmedabad and mumbai there are more than a dozen flights every day but none of vistara two two suggestions vistara has been playing the same music at the time of landing and takeoff for the last thirty-four thirtyfour years", "and it is getting monotonous also please serve starbucks on all flights and not only on more than ninety ninety minutes duration flights"], "Details": [[0, ["time", "NN", 0.0], ["on", "IN"], "case", "o"], [1, ["time", "NN"], ["on", "IN", 0.0], "case", "o"]], "Labels": [{"Entertainment": ["same music at the time of landing and takeoff"]}, {"Bookings": ["splurge on business"]}, {"Food": ["please serve starbucks"]}, {"In-flight service": ["comfort"]}, {"Off-flight service": ["delay on ground", "boarded on time", "relook at the schedule"]}, {"Positive Opinion": ["enjoyed", "great innovation", "fine airline"]}]}, {"id": 11, "sentence": ["\"whilst in india on twelve thousand, three hundred and twenty twelve thousand three hundred and twenty we flew from goa to mumbai the vistara staff are very helpful  pleasant the aircraft was clean and efficiently managed they managed to squeeze in a small delicious snack between take off and landing value for money was also a bonus\""], "Details": [[0, ["pleasant", "JJ", 0.51], ["and", "CC"], "cc", "c"], [0, ["time", "NN", 0.0], ["on", "IN"], "case", "o"]], "Labels": [{"Cabin": ["clean and efficiently managed"]}, {"Food": ["delicious snack"]}, {"Positive Opinion": ["pleasant"]}, {"Staff": ["helpful"]}]}, {"id": 12, "sentence": ["the plane was considerably very small size cabin crew were very helpful", "n welcoming everything was ok", "but the flight was", "very very small n was very congested had no entertainment screen", "no \ud83c\udfa7 nothings is given overall experience was", "mixed price was low but things where very"], "Details": [[0, ["pleasant", "JJ", 0.51], ["and", "CC"], "cc", "c"]], "Labels": [{"Entertainment": ["no entertainment screen", "no \ud83c\udfa7"]}, {"Bookings": ["price was low"]}, {"Cabin": ["very small size", "flight was very very small", "very congested"]}, {"Neutral Opinion": ["overall experience was mixed"]}, {"Staff": ["cabin crew were very helpful", "welcoming"]}]}, {"id": 13, "sentence": ["it was pathetic there was not enough leg room", "the staff was pathetic", "they didn\u2019t even allow us to use ipad on flight mode while taking off and landing"], "Details": [[0, ["pleasant", "JJ", 0.51], ["and", "CC"], "cc", "c"]], "Labels": [{"Cabin": ["not enough leg room"]}, {"Negative Opinion": ["pathetic"]}, {"Staff": ["staff was pathetic"]}]}, {"id": 14, "sentence": ["after a long time  kingfisher i felt wowthis is the airlines i would prefer to travel crew", "is awesome typical tata style of warmth  ", "i see it in taj hotelsair craft", "is pretty decent neat and colours are vibrant on board service", "is par excellent", "you feel recommending"], "Details": [[0, ["pleasant", "JJ", 0.51], ["and", "CC"], "cc", "c"]], "Labels": [{"Cabin": ["pretty decent neat", "colours are vibrant"]}, {"Off-flight service": ["on board service is par excellent"]}, {"Positive Opinion": ["wowthis is the airlines", "recommending"]}, {"Staff": ["crew is awesome", "warmth"]}]}, {"id": 15, "sentence": ["exceptional crew especially mahek and pooja amazing attitude", "i was looking for a better seat though the checkin clerk helped me with an emergency exit window on request", "however i was looking for a seat where the middle seat was vacant mahek approached me and expressed sincere regrets since the flight was full through out the flight she kept on enquiring if i was comfortable pooja", "too was wonderful while executing flight service", "the food too was sumptous"], "Details": [[0, ["pleasant", "JJ", 0.51], ["and", "CC"], "cc", "c"]], "Labels": [{"Food": ["food too was sumptous"]}, {"Off-flight service": ["checkin clerk helped me"]}, {"Staff": ["exceptional crew", "amazing attitude", "wonderful"]}]}, {"id": 16, "sentence": ["ths flight was in time infact arrived kolkata before time air hostess were pleasant", "however the lady who was serving lunch was very slow and further was told non veg dish finished and have to take vegetarian when we were served with food drink", "even water was not served was"], "Details": [[0, ["served", "VBN", 0.0], ["was", "VBD"], "aux:pass", "f"], [0, ["served", "VBN", 0.0], ["was", "VBD"], "aux:pass", "i"], [0, ["pleasant", "JJ", 0.51], ["and", "CC"], "cc", "c"]], "Labels": [{"Food": ["non veg dish finished", "serving lunch was very slow", "water was not served"]}, {"In-flight service": ["flight was in time"]}, {"Staff": ["air hostess were pleasant"]}]}, {"id": 17, "sentence": ["while vistara claims to be an airline of quality their seats are extremely cramped especially as your seat moves to the back of the aircraft even by the ten ten row in the economy there is hardly any leg room left and the seating is extremely claustrophobic even some of the so"], "Details": [[0, ["served", "VBN", 0.0], ["was", "VBD"], "aux:pass", "f"]], "Labels": [{"Cabin": ["hardly any leg room left"]}, {"Seat": ["seats are extremely cramped", "seating is extremely claustrophobic"]}]}, {"id": 18, "sentence": ["i have travelled on so many airlines", "i would say this is one of the best airlines", "the clasiness of the staff", "they even provide free food", "the maintenance of the aircraft is good to get a premium experience one should definitely travel by vistara"], "Details": [[0, ["staff", "NN", 0.0], ["the", "DT"], "det", "st"], [0, ["served", "VBN", 0.0], ["was", "VBD"], "aux:pass", "f"], [1, ["staff", "NN"], ["the", "DT", 0.0], "det", "st"]], "Labels": [{"Food": ["free food"]}, {"Positive Opinion": ["best airlines", "aircraft is good"]}, {"Staff": ["clasiness of the staff"]}]}, {"id": 19, "sentence": ["routine flight from mumbai to khajurao was on time the airline should improve it is it is f  b available for sale on the aircraft options are non existant"], "Details": [[1, ["staff", "NN"], ["the", "DT", 0.0], "det", "st"], [1, ["time", "NN"], ["on", "IN", 0.0], "case", "o"], [0, ["time", "NN", 0.0], ["on", "IN"], "case", "o"]], "Labels": [{"Off-flight service": ["on time"]}, {"Negative Opinion": ["should improve"]}]}, {"id": 20, "sentence": ["flight was extremely comfortable their inflight entertainment was just awesome with all the latest movies and shows best was their hospitality flight attendants were always around with the food trolly unlike other flights who just come once i was fast asleep while they were serving food they did not wake me up and waited to serve me food as soon as i was awake its always awesome to fly with them"], "Details": [[0, ["time", "NN", 0.0], ["on", "IN"], "case", "o"]], "Labels": [{"Entertainment": ["entertainment was just awesome", "latest movies"]}, {"Food": ["always around with the food trolly"]}, {"Seat": ["extremely comfortable"]}, {"Staff": ["hospitality"]}]}, {"id": 21, "sentence": ["comfortable seating better then", "all other airlines in the same class good music and you could hear the yester year great rock music good sensitive flight attendants good service and good food felt nice travelling on a vistara"], "Details": [[0, ["time", "NN", 0.0], ["on", "IN"], "case", "o"]], "Labels": [{"Entertainment": ["good music"]}, {"Food": ["good food"]}, {"In-flight service": ["good service"]}, {"Positive Opinion": ["felt nice"]}, {"Seat": ["comfortable seating"]}, {"Staff": ["sensitive flight attendants"]}]}, {"id": 22, "sentence": ["first time i flew with vistara air line", "and i was pleasantly surprised with excellent service they served", "breakfast staffs were very friendly"], "Details": [], "Labels": [{"Food": ["served breakfast"]}, {"In-flight service": ["excellent service"]}, {"Positive Opinion": ["pleasantly surprised"]}, {"Staff": ["friendly"]}]}, {"id": 23, "sentence": ["it has a comfort seat with good leg space  ", "the food served on board was fresh  how ever the prices are much higher than the to the competitive airlines it has on board entertainment option with wifi but with very low speed so that you cannot use it"], "Details": [[0, ["space", "NN", 0.0], ["good", "JJ"], "amod", "c"], [0, ["time", "NN", 0.0], ["on", "IN"], "case", "o"]], "Labels": [{"Entertainment": ["entertainment option with wifi"]}, {"Cabin": ["good leg space"]}, {"Food": ["fresh", "prices are much higher"]}, {"In-flight service": ["very low speed"]}, {"Seat": ["comfort seat"]}]}, {"id": 24, "sentence": ["food and service was good overall all on time departure and arrival most of the flights is on time"], "Details": [[1, ["time", "NN"], ["good", "JJ", 0.44], "amod", "i"], [0, ["space", "NN", 0.0], ["good", "JJ"], "amod", "c"], [0, ["time", "NN", 0.0], ["on", "IN"], "case", "o"], [1, ["time", "NN"], ["on", "IN", 0.0], "case", "o"]], "Labels": [{"In-flight service": ["food and service was good"]}, {"Off-flight service": ["on time"]}]}, {"id": 25, "sentence": ["i have traveled by vistara airlines to many cities in india in the past many months", "their brand value is definitely there", "however i think there is scope for improvement for example the meals that they serve in the domestic sector", "it is it is always the same", "no new menus are introduced their cabin crew announcements could be more articulate the delivery of the services can be more efficient as a passenger in my opinion", "they are not", "the best something seems to be missing"], "Details": [[1, ["time", "NN"], ["good", "JJ", 0.44], "amod", "i"]], "Labels": [{"Food": ["no new menus"]}, {"In-flight service": ["delivery of the services can be more efficient"]}, {"Negative Opinion": ["scope for improvement", "not the best"]}, {"Staff": ["announcements could be more articulate"]}]}, {"id": 26, "sentence": ["the overall experience was really good as they flew on time both onward and return staff was extremely helpful and the whole journey was eventless", "the onward flight was vistaras own flight and was really good return flight", "had vistara logo stuck on an old jet aircraft"], "Details": [[1, ["time", "NN"], ["good", "JJ", 0.44], "amod", "i"], [0, ["time", "NN", 0.0], ["on", "IN"], "case", "o"], [1, ["time", "NN"], ["on", "IN", 0.0], "case", "o"]], "Labels": [{"Off-flight service": ["on time"]}, {"Positive Opinion": ["really good", "journey was eventless"]}, {"Staff": ["extremely helpful"]}]}, {"id": 27, "sentence": ["this is a good airline however for the money that they charge", "there was no in flight  ", "seat", "tvs  ", "you had to use your phones to download their app", "secondly the food was ok", "not what i would expect from a tata  sia quality airline  also despite being a premium economy"], "Details": [[0, ["time", "NN", 0.0], ["on", "IN"], "case", "o"]], "Labels": [{"Entertainment": ["there was no in flight  seat tvs", "download their app"]}, {"Food": ["food was ok"]}, {"Positive Opinion": ["good airline"]}]}, {"id": 28, "sentence": ["we flew as a family of twenty-four twentyfour from delhi seats were amazingly comfirtable lots of leg room", "it was", "very pleasent flight unlimilted teacoffee and generous baggage allowence we bought in flight food too", "it was a bit expensive but enjoyable"], "Details": [[0, ["time", "NN", 0.0], ["on", "IN"], "case", "o"]], "Labels": [{"Cabin": ["lots of leg room"]}, {"Food": ["unlimilted teacoffee", "enjoyable", "expensive"]}, {"Positive Opinion": ["pleasent flight"]}, {"Seat": ["amazingly comfirtable"]}]}, {"id": 29, "sentence": ["web checkin was easy at the airport i checked in on priority because of the web check i had already done", "meanwhile the counter staff were dealing with adjusting passengers who had to be accommodated from the previous evenings flight that was cancelled due to bad weather"], "Details": [[0, ["time", "NN", 0.0], ["on", "IN"], "case", "o"]], "Labels": [{"Off-flight service": ["web checkin was easy"]}]}, {"id": 30, "sentence": ["had travelled earlier too", "but as indigo offers multiple choice at cheaper fare did not travel on vistara however this time found fares almost same", "so undertook travel on visatara excellent experience ince againseats very comfortable and crew very concerned about exach passengers convenience except that the luggage in delhi arrived very late  on time arrivals at both places if airfare competitive with others surely will fly again on vistara"], "Details": [], "Labels": [{"Positive Opinion": ["excellent experience"]}, {"Seat": ["seats very comfortable"]}, {"Staff": ["crew very concerned"]}]}, {"id": 31, "sentence": ["there was no web checkin but airport checkin was smooth even though it was only the second flight that the airline was operating on this international route", "there was a good load factor and all pax were handled easily and quickly even though the line was long", "i got a seat"], "Details": [[0, ["time", "NN", 0.0], ["on", "IN"], "case", "o"]], "Labels": [{"Off-flight service": ["no web checkin", "airport checkin was smooth", "line was long"]}]}, {"id": 32, "sentence": ["\"checkin long queue in the luggage drop even after web checkin took more than thirty thirty min boarding ground staff completely confused they made rowwise separate queue for seven hundred and eighteen seven hundred and eighteen two thousand, nine hundred and thirty-nine two thousand nine hundred and thirtynine etc", "but they were frequently changing the queue passengers", "were jumping from one another queue\""], "Details": [[0, ["time", "NN", 0.0], ["on", "IN"], "case", "o"]], "Labels": [{"Off-flight service": ["checkin long queue", "ground staff completely confused"]}]}, {"id": 33, "sentence": ["flies from terminal two two from mumbai prefer t2 instead of t1 seats in economy are bit tight", "i am", "six six feet two two inches food is decent vegetarian not much variety flight attendants are good like most airlines", "i chose morning flight but was delayed leaving gate", "think some"], "Details": [[0, ["food", "NN", 0.0], ["is", "VBZ"], "cop", "f"], [1, ["food", "NN"], ["is", "VBZ", 0.0], "cop", "f"], [0, ["time", "NN", 0.0], ["on", "IN"], "case", "o"]], "Labels": [{"Food": ["food is decent", "vegetarian not much variety"]}, {"Off-flight service": ["delayed"]}, {"Seat": ["bit tight"]}, {"Staff": ["flight attendants are good"]}]}, {"id": 34, "sentence": ["a truly good airline to fly with  ", "they maintain schedules with good flight crew and cabin crew polite and clear in their communication", "they treat you", "well trained well", "the professional approach makes a difference the flight experience and the landing was a refreshing"], "Details": [[1, ["trained", "VBN"], ["well", "RB", 0.27], "advmod", "st"], [1, ["food", "NN"], ["is", "VBZ", 0.0], "cop", "f"]], "Labels": [{"Off-flight service": ["maintain schedules"]}, {"Positive Opinion": ["truly good airline"]}, {"Staff": ["good flight crew", "polite", "clear in their communication", "trained well"]}]}, {"id": 35, "sentence": ["flight was comfortable and punctual when a flight starts at five hundred and forty-five five hundred and fortyfive", "am staff has to understand that passengers have been awake the night through to catch this flight and they may have requirements that the staff will need to take care of", "i had to take my medicines", "and i asked a stewardess for a glass of water she heard and looked away but did not respond about half an hour later when another stewardess was serving breakfast a glass of water was provided but with the food and my half an hour gap between my medicine and breakfast was extended further", "i really did not did not expect it from vistara which I have I have flown before but", "with a better experience in terms of food and service i do look forward to a change of menu in the economy class"], "Details": [[1, ["trained", "VBN"], ["well", "RB", 0.27], "advmod", "st"]], "Labels": [{"Food": ["change of menu"]}, {"Off-flight service": ["punctual"]}, {"Positive Opinion": ["flight was comfortable"]}, {"Staff": ["did not respond"]}]}, {"id": 36, "sentence": ["very welcome airline in india good service great planes and nice on time hope to fly more often with this airlines", "many destinaties already", "price meets expectations thanks from a happy customer who travel a lot by plane"], "Details": [[1, ["trained", "VBN"], ["well", "RB", 0.27], "advmod", "st"], [1, ["time", "NN"], ["good", "JJ", 0.44], "amod", "i"], [0, ["time", "NN", 0.0], ["on", "IN"], "case", "o"], [1, ["time", "NN"], ["on", "IN", 0.0], "case", "o"]], "Labels": [{"Bookings": ["price meets expectations"]}, {"In-flight service": ["good service"]}, {"Off-flight service": ["nice on time"]}, {"Positive Opinion": ["great planes", "fly more often", "happy customer"]}]}, {"id": 37, "sentence": ["no complaints keeps me going for only vistara moregood food friendly staff and very helpfulkeep up the good work"], "Details": [[1, ["time", "NN"], ["good", "JJ", 0.44], "amod", "i"], [0, ["food", "NN", 0.0], ["staff", "NN"], "nsubj", "st"], [1, ["food", "NN"], ["staff", "NN", 0.0], "nsubj", "st"]], "Labels": [{"Food": ["moregood food"]}, {"Positive Opinion": ["good work", "no complaints"]}, {"Staff": ["friendly staff", "very helpful"]}]}, {"id": 38, "sentence": ["the aircrafts seem like brand new", "so that is that is great innovative idea for inflight entertainement use your phone as screens and stream straight from their onboard wifi food", "was ok", "can be better and they arrived before time"], "Details": [[1, ["food", "NN"], ["staff", "NN", 0.0], "nsubj", "st"]], "Labels": [{"Entertainment": ["onboard wifi", "great innovative idea"]}, {"Cabin": ["brand new"]}, {"Food": ["food was ok"]}, {"Off-flight service": ["arrived before time"]}]}, {"id": 39, "sentence": ["i would like to recommend vistara as the best domestic airline comfortable seats tasty cuisine everything is just perfect which makes your travel enjoyable and memorable"], "Details": [], "Labels": [{"Food": ["tasty cuisine"]}, {"Positive Opinion": ["best domestic airline", "perfect", "travel enjoyable"]}, {"Seat": ["comfortable seats"]}]}, {"id": 40, "sentence": ["the airlines call center misleads  mishandles  ", "gives wrong information i had availed encashment of loyalty milage but was forced to buy an expensive revenue ti let instead  i was informed that my loyalty mileage will be credited back to expire after three three years  it has not been done  misbehaving  arrogance and wrong attitude is faced with both ground staff and the call center staff vistara is not able to handle the expanding network and work", "they are going to fail sooner than jet airways or airlines if they do not do not set things right", "the eight eight team at ground and call center are putting both tata group  singapore airlines name on to shame god bless them"], "Details": [[1, ["staff", "NN"], ["the", "DT", 0.0], "det", "o"], [0, ["staff", "NN", 0.0], ["the", "DT"], "det", "o"], [1, ["food", "NN"], ["staff", "NN", 0.0], "nsubj", "st"]], "Labels": [{"Off-flight service": ["call center misleads", "gives wrong information", "misbehaving", "arrogance and wrong attitude", "not able to handle the expanding network", "ground staff and the call center"]}, {"Negative Opinion": ["fail sooner"]}]}, {"id": 41, "sentence": ["i flew recently with vistara amazing service from checkin till i collected my luggage in mumbai", "would highly recommend premium economy i upgraded at the airport  with minimum fuss"], "Details": [], "Labels": [{"Off-flight service": ["amazing service"]}, {"Positive Opinion": ["highly recommend"]}]}, {"id": 42, "sentence": ["although a small plane and no inflight entertainment but still enjoyed the flight as the crew as very helpful and took a very good care of us a non stop flight cutting the travel time and reached on time  good performance"], "Details": [[0, ["time", "NN", 0.0], ["good", "JJ"], "amod", "i"], [1, ["staff", "NN"], ["the", "DT", 0.0], "det", "o"], [0, ["time", "NN", 0.0], ["on", "IN"], "case", "o"], [0, ["time", "NN", 0.0], ["good", "JJ"], "amod", "o"], [1, ["time", "NN"], ["good", "JJ", 0.44], "amod", "o"], [1, ["time", "NN"], ["on", "IN", 0.0], "case", "o"]], "Labels": [{"Entertainment": ["no inflight entertainment"]}, {"In-flight service": ["took a very good care"]}, {"Off-flight service": ["good performance", "reached on time"]}, {"Positive Opinion": ["enjoyed the flight"]}, {"Staff": ["crew as very helpfu"]}]}, {"id": 43, "sentence": ["the only private full service carrier in india", "and they won\u2019t disappoint you top notch service", "be it food beverage or inflight entertainment", "they are the best staff is super courteous and very well trained"], "Details": [[1, ["trained", "VBN"], ["well", "RB", 0.27], "advmod", "st"], [0, ["time", "NN", 0.0], ["good", "JJ"], "amod", "i"]], "Labels": [{"Entertainment": ["inflight entertainment"]}, {"Food": ["food beverage"]}, {"In-flight service": ["top notch service"]}, {"Positive Opinion": ["full service carrier"]}, {"Staff": ["best staff", "super courteous", "very well trained"]}]}, {"id": 44, "sentence": ["i travelled to delhi from chennai last week by", "vistara airlines premier economy cabin what a delightful experience", "it was  right from dedicated check in counter to inflight experience", "the service by vistara personnel was impeccable", "the cabin was spotless ambience perfect"], "Details": [[1, ["trained", "VBN"], ["well", "RB", 0.27], "advmod", "st"]], "Labels": [{"Cabin": ["spotless ambience"]}, {"Off-flight service": ["dedicated check in counter"]}, {"Positive Opinion": ["delightful experience"]}, {"Staff": ["impeccable"]}]}, {"id": 45, "sentence": ["you would think that vistara would want to encourage domestic travel from overseas business types clearly not something that vistara management consider very often so please remember that being two two overweight is rewarded with a one thousand one thousand rupee fee i have a choice of airlines", "maybe vistara will be my last resort in future rules are rules"], "Details": [], "Labels": [{"Negative Opinion": ["last resort in future"]}]}, {"id": 46, "sentence": ["good inflight entertainment with wifi connection on ur smartphone customer service pathetic", "they do not do not listen to ur querry and do not do not solve any issues very very rude", "i will have to think before flying again with vistara"], "Details": [[1, ["trained", "VBN"], ["well", "RB", 0.27], "advmod", "st"]], "Labels": [{"Entertainment": ["wifi connection"]}, {"In-flight service": ["good inflight entertainment"]}, {"Off-flight service": ["customer service pathetic", "very very rude"]}]}, {"id": 47, "sentence": ["so i booked a flight from austin to pune pnq which had a international to domestic change at delhi international airport", "i thought how hard could that be it will be better for my ten ten month old baby to travel domestic in india rather than drive from mumbai to pune which takes two two hours", "but as it turns out my decision was the worst decision in terms of choosing flights it was great from austin to delhi", "but as soon as we landed things got", "bad vistara airlines just didnt care that me and my wife were travelling with an infant we got immigration done got our bags and headed to domestic transfer and reached vistara baggage counter", "there were still forty-five fortyfive left for the flight to depart about thirty thirty min for gate close usually", "the counter tells the customers that", "no this time is not enough for you to travel from this counter to the gate because delhi airport is long long walk and with a ten ten month infant", "it was impossible but the vistara agent decided to not mention that and told us to run to the gate at that point i thought since we put our bags in the agent will phone in to the gate that we are headed to the gate", "but no we run to the gate with the infant and they close the gate on us", "yes we were", "only one one min", "late they said we begged them to let us in they", "could have waited five five more mincalled in the baggage counter to ask about us", "then i realized its no use", "after they started giving me ridiculous reasons then they dragged us back to the check in counters which was a long walk back great", "then they tell us that the next flight is after five five hours and the best part they cannot guarantee the tickets on hold because its not the policy", "so i do not do not know if i have tickets for the next flight vistara", "then makes me buy the flight tickets", "rs thirty thousand thirty thousand", "now i understand that international to domestic change in india is the worst i think vistara just didnt think this possibility through"], "Details": [], "Labels": [{"Negative Opinion": ["worst decision"]}]}, {"id": 48, "sentence": ["detailing the harrowing experience my senior citizen parents went through due to lack of empathy from vistara one point one point roundtrip tickets booked from bagdogra to sydney via vistara domestic and singapore airlinesinternational on a single pnr two point two point on the return leg sia checked my"], "Details": [[1, ["trained", "VBN"], ["well", "RB", 0.27], "advmod", "st"]], "Labels": [{"Negative Opinion": ["harrowing experience"]}, {"Staff": ["lack of empathy"]}]}, {"id": 49, "sentence": ["we recently booked vistara flight to kolkata to my surprise even if we had booked with no meal option cabin crew was kind enough and offerred us tea and coffee free of cost", "we thought it night be just once happening but again", "during retire journey we had same nice"], "Details": [[1, ["trained", "VBN"], ["well", "RB", 0.27], "advmod", "st"]], "Labels": [{"Food": ["offerred us tea and coffee free of cost"]}, {"Staff": ["cabin crew was kind"]}]}, {"id": 50, "sentence": ["we took vistara airlines twice and both of our flights were perfect luggage arrived without any problems and seats were comfortable even if the flights were not were not that long the stuff offered us food and drinks for free"], "Details": [[1, ["trained", "VBN"], ["well", "RB", 0.27], "advmod", "st"]], "Labels": [{"Food": ["offered us food and drinks for free"]}, {"Seat": ["seats were comfortable"]}]}, {"id": 51, "sentence": ["vistara is maintaining a standard and filling the void left by the demise of jet service is friendly and courteous and that is through all classes of service with the airline"], "Details": [[1, ["trained", "VBN"], ["well", "RB", 0.27], "advmod", "st"]], "Labels": [{"Positive Opinion": ["maintaining a standard"]}, {"Staff": ["friendly and courteous"]}]}, {"id": 52, "sentence": ["positively surprised about the comfortable seats in business class the exceptional friendly flight attendants and the excellent food highly recommendable even though no vistara lounge available in goa"], "Details": [[1, ["trained", "VBN"], ["well", "RB", 0.27], "advmod", "st"]], "Labels": [{"Food": ["excellent food"]}, {"Off-flight service": ["no vistara lounge available in goa"]}, {"Positive Opinion": ["positively surprised", "highly recommendable"]}, {"Seat": ["comfortable seats"]}, {"Staff": ["exceptional friendly"]}]}, {"id": 53, "sentence": ["thanks to vistara to have started flying to mumbai wish they have a flight in the later part of the morning too surprised to find that there was no premium economy on this flight overall a pleasure the flight back was delayed it", "\u2019s now a given with mumbai you will marinade in"], "Details": [], "Labels": [{"Bookings": ["no premium economy"]}, {"Positive Opinion": ["overall a pleasure"]}]}, {"id": 54, "sentence": ["we travelled from del to bbi on eighteen eighteen feb two thousand and twenty two thousand and twenty on uk781 in morning and really i welcomed with a huge smile and a welcome attitude by one of the smiling staff", "ms sonal cabin crew present there in aircraft and since i met her till i landed in bbi we had seated in eleven eleven", "she helped in"], "Details": [[1, ["trained", "VBN"], ["well", "RB", 0.27], "advmod", "st"]], "Labels": [{"Staff": ["helped", "smiling staff", "welcome attitude"]}]}, {"id": 55, "sentence": ["i had travelled from bhubaneswar to delhi on two two of february two thousand and twenty two thousand and twenty on uk788", "and it was a best feeling of the day as i have met the most happy faces", "and yes of course i will say ut loud for cabin crew varun who always stands with a nice and very energetic smile and be always"], "Details": [], "Labels": [{"Positive Opinion": ["best feeling"]}, {"Staff": ["nice", "very energetic", "smile"]}]}, {"id": 56, "sentence": ["early morning flight very professional check in clear on board announcements clean aircraft easy to watch in flight entertainment with a good choice for domestic flights", "ms shamistha on board was helpful and attentive", "much appreciated"], "Details": [[1, ["trained", "VBN"], ["well", "RB", 0.27], "advmod", "st"]], "Labels": [{"Entertainment": ["flight entertainment"]}, {"Cabin": ["clean aircraft"]}, {"Off-flight service": ["check in clear"]}, {"Positive Opinion": ["very professional", "good choice"]}, {"Staff": ["helpful", "attentive"]}]}, {"id": 57, "sentence": ["good inflight service and check in staff", "friendly  courteous", "i would fly vistara again on next business trip"], "Details": [[1, ["trained", "VBN"], ["well", "RB", 0.27], "advmod", "st"]], "Labels": [{"In-flight service": ["good inflight service"]}, {"Off-flight service": ["check in staff friendly"]}, {"Staff": ["courteous"]}]}, {"id": 58, "sentence": ["definitely one of the best airlines in indiacomfortable seating with ample legroomfriendly cabin crewnice option to travel domestically"], "Details": [], "Labels": [{"Positive Opinion": ["best airlines", "nice option to travel domestically"]}, {"Seat": ["comfortable seating", "ample legroom"]}, {"Staff": ["friendly cabin crew"]}]}, {"id": 59, "sentence": ["though the airline was the typical airbus three hundred and twenty three hundred and twenty", "yet it was the combination of the newer planegreat service  super food that made the travel experience memorable the flight timings", "both ways were great"], "Details": [[1, ["trained", "VBN"], ["well", "RB", 0.27], "advmod", "st"]], "Labels": [{"Cabin": ["newer plane"]}, {"Food": ["super food"]}, {"In-flight service": ["great service"]}, {"Off-flight service": ["great", "flight timings"]}, {"Positive Opinion": ["travel experience memorable"]}]}, {"id": 60, "sentence": ["vistara is one of the new and finest airline in india", "now days covering approximately maximum regions of india the quality of seats is good staff is very polite and helpful check in and boarding staff is helpful"], "Details": [[1, ["trained", "VBN"], ["well", "RB", 0.27], "advmod", "st"], [1, ["quality", "NN"], ["in", "IN", 0.0], "case", "o"]], "Labels": [{"Cabin": ["new"]}, {"Off-flight service": ["check in", "boarding staff is helpful"]}, {"Positive Opinion": ["finest"]}, {"Seat": ["seats is good"]}, {"Staff": ["polite", "helpful"]}]}, {"id": 61, "sentence": ["i took uk122 from bangkok to delhi on seven seven february as i normally do i had checked in online and also had a confirmed seat number when i arrived at the airline counter and received my boarding pass", "i noticed my seat number had changed i was not told so by the check in"], "Details": [], "Labels": [{"Off-flight service": ["seat number had changed"]}]}, {"id": 62, "sentence": ["the inhouse wifi was not working well while this is one feedback the crew airhostess does not does not give a damn to the feedback", "also did not did not help she was busy completing her job serving snacks as per sop standard operating procedures and", "although she said she will look into it she did not did not despite reminder on one side vistara takes pride in advertising the inflight", "wifi it does not does not work in domestic flights that well as it does internationally thats fine", "but what prevents the airhostess to inform the actions taken on a complaint not even on this flight on my earlier flights also i have started seeing rudeness in there", "behaviour", "hence i say they are going jet airways way", "but then jet was a leader for many years success has gone into vistara staff rather earlier while serving coffee even a tissue was not offered it was placed rather rudely on my table as if she is doing a favour"], "Details": [[1, ["quality", "NN"], ["in", "IN", 0.0], "case", "o"]], "Labels": [{"Entertainment": ["wifi was not working"]}, {"Food": ["tissue was not offered"]}, {"Staff": ["did not help", "rudeness", "rudely"]}]}, {"id": 64, "sentence": ["timely services both on ground and in flight the crew is well behaved and responsive to passangers need"], "Details": [[1, ["quality", "NN"], ["in", "IN", 0.0], "case", "o"]], "Labels": [{"Off-flight service": ["timely services"]}, {"Staff": ["well behaved", "responsive"]}]}, {"id": 65, "sentence": ["at the time of booking we requested a wheelchair as i was travelling with my eighty eighty mother but wheel chair wasnt provided they made my eighty eighty mother to walk upto gate forty-one point fortyone point when we were at gate thirty-nine thirtynine next to gate forty-one fortyone i received a phone call from vistara personnel asking about our"], "Details": [], "Labels": [{"Off-flight service": ["wheel chair wasnt provided"]}]}, {"id": 66, "sentence": ["i\u2019ve taken a number of flights on vistara within india over the last week or so ten ten", "and i can\u2019t recall any of them going smoothly", "i am", "i am currently waiting around for two hours late at night hoping for my luggage to arrive communication", "is almost zero about delays and problems"], "Details": [[1, ["quality", "NN"], ["in", "IN", 0.0], "case", "o"]], "Labels": [{"Off-flight service": ["communication is almost zero", "delays and problems"]}]}, {"id": 67, "sentence": ["vistara  ", "we always believed is a full service airline now we learnt of this class economy lite let me tell you what it means one point one point", "the seats in the rear only rows twenty twenty and beyond two point", "zero two point zero fresh food", "a very poor choice from what you can purchase  basically packaged foods three point three point no"], "Details": [[1, ["quality", "NN"], ["in", "IN", 0.0], "case", "o"]], "Labels": [{"Food": ["fresh food a very poor choice"]}]}, {"id": 68, "sentence": ["excellent on all counts smooth check in and boarding the aircraft was nice and clean the inflight staff were efficient and friendly", "liked the hot snacks they served"], "Details": [[1, ["quality", "NN"], ["in", "IN", 0.0], "case", "o"]], "Labels": [{"Cabin": ["aircraft was nice", "clean"]}, {"Food": ["hot snacks"]}, {"Off-flight service": ["smooth check in and boarding"]}, {"Positive Opinion": ["excellent"]}, {"Staff": ["efficient", "friendly"]}]}]