,id,Entertainment,Aspect,id_updated
20,2950.0,entertainment,general,2950.0
20,2950.0,suite,general,2950.0
24,2951.0,entertainment,general,2951.0
24,2951.0,system,general,2951.0
24,2951.0,poor,general,2951.0
25,2951.0,bad,audio,2951.0
25,2951.0,sound,audio,2951.0
26,2951.0,entertainment,general,2951.0
26,2951.0,system,general,2951.0
27,2951.0,smaller,visual,2951.0
27,2951.0,screens,visual,2951.0
37,2953.0,entertainment,general,2953.0
37,2953.0,system,general,2953.0
38,2953.0,limited,general,2953.0
38,2953.0,choice,general,2953.0
39,2953.0,old,visual,2953.0
39,2953.0,movies,visual,2953.0
106,2962.0,set,audio,2962.0
106,2962.0,of,audio,2962.0
106,2962.0,earphones,audio,2962.0
107,2962.0,nice,visual,2962.0
107,2962.0,movie,visual,2962.0
108,2962.0,tv,visual,2962.0
108,2962.0,selections,visual,2962.0
109,2962.0,creens,visual,2962.0
109,2962.0,were,visual,2962.0
109,2962.0,big,visual,2962.0
109,2962.0,too,visual,2962.0
120,2966.0,headphone,audio,2966.0
120,2966.0,jack,audio,2966.0
121,2966.0,twoplug,general,2966.0
121,2966.0,type,general,2966.0
122,2966.0,no,general,2966.0
122,2966.0,adapter,general,2966.0
123,2966.0,sound,audio,2966.0
123,2966.0,quality,audio,2966.0
123,2966.0,poor,audio,2966.0
134,2970.0,extremely,general,2970.0
134,2970.0,poor,general,2970.0
134,2970.0,outdated,general,2970.0
135,2970.0,nonfunctional,general,2970.0
136,2970.0,entertainment,general,2970.0
136,2970.0,system,general,2970.0
315,2996.0,top,general,2996.0
315,2996.0,up,general,2996.0
316,2996.0,entertainment,general,2996.0
317,2996.0,system,general,2996.0
318,2996.0,not,general,2996.0
318,2996.0,work,general,2996.0
392,3012.0,no,general,3012.0
392,3012.0,in,general,3012.0
392,3012.0,flight,general,3012.0
392,3012.0,entertainment,general,3012.0
417,3019.0,inflight,general,3019.0
417,3019.0,entertainment,general,3019.0
419,3019.0,uncomfortable,general,3019.0
419,3019.0,to,general,3019.0
419,3019.0,listen,general,3019.0
422,3020.0,no,general,3020.0
422,3020.0,inflight,general,3020.0
422,3020.0,entertainment,general,3020.0
423,3020.0,small,visual,3020.0
423,3020.0,but,visual,3020.0
423,3020.0,decent,visual,3020.0
423,3020.0,selection,visual,3020.0
423,3020.0,of,visual,3020.0
423,3020.0,movies,visual,3020.0
424,3020.0,seat,general,3020.0
424,3020.0,entertainment,general,3020.0
424,3020.0,system,general,3020.0
425,3020.0,watch,visual,3020.0
425,3020.0,a,visual,3020.0
425,3020.0,movie,visual,3020.0
450,3026.0,screen,general,3026.0
450,3026.0,and,general,3026.0
450,3026.0,usb,general,3026.0
450,3026.0,plug,general,3026.0
451,3026.0,no,general,3026.0
451,3026.0,power,general,3026.0
451,3026.0,socket,general,3026.0
452,3026.0,wifi,general,3026.0
453,3026.0,earbuds,audio,3026.0
500,3036.0,complimentary,audio,3036.0
500,3036.0,earphone,audio,3036.0
501,3036.0,inflight,general,3036.0
501,3036.0,entertainment,general,3036.0
502,3036.0,ames,general,3036.0
502,3036.0,and,general,3036.0
502,3036.0,puzzles,general,3036.0
503,3037.0,greater,visual,3037.0
503,3037.0,movie,visual,3037.0
503,3037.0,selection,visual,3037.0
591,3159.0,network,visual,3159.0
591,3159.0,streaming,visual,3159.0
591,3159.0,movietv,visual,3159.0
632,3173.0,no,general,3173.0
632,3173.0,in,general,3173.0
632,3173.0,flight,general,3173.0
632,3173.0,entertainment,general,3173.0
649,3179.0,inflight,general,3179.0
649,3179.0,magazine,general,3179.0
650,3179.0,great,general,3179.0
651,3179.0,inflight,general,3179.0
651,3179.0,entertainment,general,3179.0
652,3179.0,must,general,3179.0
652,3179.0,improve,general,3179.0
671,3185.0,tv,visual,3185.0
671,3185.0,screen,visual,3185.0
672,3185.0,map,visual,3185.0
787,3257.0,no,visual,3257.0
787,3257.0,inflight,visual,3257.0
787,3257.0,entertainment,visual,3257.0
787,3257.0,screen,visual,3257.0
897,3298.0,no,general,3298.0
897,3298.0,entertainment,general,3298.0
897,3298.0,system,general,3298.0
1003,3341.0,earplugs,audio,3341.0
1046,3355.0,the,general,3355.0
1046,3355.0,entertainment,general,3355.0
1046,3355.0,selection,general,3355.0
1058,3358.0,entertainment,general,3358.0
1058,3358.0,system,general,3358.0
1058,3358.0,broke,general,3358.0
1058,3358.0,down,general,3358.0
1093,3366.0,an,general,3366.0
1093,3366.0,ample,general,3366.0
1093,3366.0,selection,general,3366.0
1094,3366.0,inflight,general,3366.0
1094,3366.0,entertainment,general,3366.0
1094,3366.0,system,general,3366.0
1118,3373.0,entertainment,general,3373.0
1118,3373.0,system,general,3373.0
1119,3373.0,issue,general,3373.0
1120,3373.0,did,visual,3373.0
1120,3373.0,not,visual,3373.0
1120,3373.0,even,visual,3373.0
1120,3373.0,have,visual,3373.0
1120,3373.0,screens,visual,3373.0
1121,3373.0,ot,audio,3373.0
1121,3373.0,one,audio,3373.0
1121,3373.0,of,audio,3373.0
1121,3373.0,the,audio,3373.0
1121,3373.0,headphone,audio,3373.0
1121,3373.0,jacks,audio,3373.0
1170,3389.0,worst,general,3389.0
1170,3389.0,entertainment,general,3389.0
1170,3389.0,system,general,3389.0
1171,3389.0,five,visual,3389.0
1171,3389.0,minutes,visual,3389.0
1171,3389.0,of,visual,3389.0
1171,3389.0,ads,visual,3389.0
1172,3389.0,music,audio,3389.0
1172,3389.0,compilations,audio,3389.0
1173,3390.0,entertainment,general,3390.0
1174,3390.0,better,general,3390.0
1175,3390.0,entertainment,general,3390.0
1233,3406.0,no,general,3406.0
1233,3406.0,inflight,general,3406.0
1233,3406.0,entertainment,general,3406.0
1265,3411.0,entertainment,general,3411.0
1265,3411.0,was,general,3411.0
1265,3411.0,pretty,general,3411.0
1265,3411.0,mediocre,general,3411.0
1280,3413.0,entertainment,visual,3413.0
1280,3413.0,screens,visual,3413.0
1280,3413.0,failed,visual,3413.0
1281,3413.0,ntertainment,general,3413.0
1281,3413.0,systems,general,3413.0
1281,3413.0,still,general,3413.0
1281,3413.0,not,general,3413.0
1281,3413.0,working,general,3413.0
1313,3424.0,entertainment,general,3424.0
1314,3424.0,not,general,3424.0
1314,3424.0,fully,general,3424.0
1314,3424.0,functional,general,3424.0
1321,3426.0,in,general,3426.0
1321,3426.0,flight,general,3426.0
1321,3426.0,entertainment,general,3426.0
1321,3426.0,easy,general,3426.0
1322,3426.0,good,visual,3426.0
1322,3426.0,selection,visual,3426.0
1322,3426.0,of,visual,3426.0
1322,3426.0,films,visual,3426.0
1343,3433.0,screen,visual,3433.0
1343,3433.0,didnt,visual,3433.0
1343,3433.0,work,visual,3433.0
1348,3435.0,excellent,general,3435.0
1348,3435.0,number,general,3435.0
1348,3435.0,of,general,3435.0
1348,3435.0,choices,general,3435.0
1349,3435.0,very,visual,3435.0
1349,3435.0,large,visual,3435.0
1349,3435.0,screens,visual,3435.0
1350,3435.0,two,visual,3435.0
1350,3435.0,films,visual,3435.0
1369,3442.0,remote,general,3442.0
1369,3442.0,control,general,3442.0
1389,3451.0,inflight,general,3451.0
1389,3451.0,entertainment,general,3451.0
1390,3451.0,great,general,3451.0
1391,3451.0,movies,visual,3451.0
1391,3451.0,old,visual,3451.0
1409,3459.0,small,visual,3459.0
1409,3459.0,nonworking,visual,3459.0
1409,3459.0,screens,visual,3459.0
1416,3462.0,old,visual,3462.0
1416,3462.0,screen,visual,3462.0
1416,3462.0,panel,visual,3462.0
1417,3462.0,inflight,general,3462.0
1417,3462.0,entertainment,general,3462.0
1418,3462.0,disastrous,general,3462.0
1419,3462.0,more,general,3462.0
1419,3462.0,movies,general,3462.0
1420,3462.0,touch,visual,3462.0
1420,3462.0,screen,visual,3462.0
1421,3462.0,nontouchsensitive,general,3462.0
1422,3462.0,screen,visual,3462.0
1422,3462.0,pivot,visual,3462.0
1423,3462.0,broken,visual,3462.0
1426,3464.0,remote,general,3464.0
1426,3464.0,control,general,3464.0
1426,3464.0,was,general,3464.0
1426,3464.0,broken,general,3464.0
1431,3465.0,inflight,general,3465.0
1431,3465.0,entertainment,general,3465.0
1431,3465.0,was,general,3465.0
1431,3465.0,good,general,3465.0
1438,3467.0,quiet,visual,3467.0
1438,3467.0,large,visual,3467.0
1438,3467.0,entertainment,visual,3467.0
1438,3467.0,screen,visual,3467.0
1439,3467.0,many,visual,3467.0
1439,3467.0,movies,visual,3467.0
1439,3467.0,and,visual,3467.0
1439,3467.0,music,visual,3467.0
1439,3467.0,albums,visual,3467.0
1458,3476.0,entertainment,general,3476.0
1459,3476.0,ok,general,3476.0
1460,3476.0,new,audio,3476.0
1460,3476.0,albums,audio,3476.0
1460,3476.0,by,audio,3476.0
1460,3476.0,french,audio,3476.0
1460,3476.0,stars,audio,3476.0
1467,3479.0,screen,visual,3479.0
1467,3479.0,swings,visual,3479.0
1468,3479.0,ok,visual,3479.0
1468,3479.0,in,visual,3479.0
1468,3479.0,siz,visual,3479.0
1469,3479.0,movies,visual,3479.0
1469,3479.0,was,visual,3479.0
1469,3479.0,an,visual,3479.0
1469,3479.0,ok,visual,3479.0
1469,3479.0,selectio,visual,3479.0
1473,3482.0,tiny,visual,3482.0
1473,3482.0,screen,visual,3482.0
1474,3482.0,same,visual,3482.0
1474,3482.0,movie,visual,3482.0
1482,3487.0,entertainment,general,3487.0
1482,3487.0,system,general,3487.0
1482,3487.0,is,general,3487.0
1482,3487.0,good,general,3487.0
1482,3487.0,and,general,3487.0
1482,3487.0,easy,general,3487.0
1483,3487.0,arabic,general,3487.0
1483,3487.0,programs,general,3487.0
1490,3490.0,entertainment,general,3490.0
1490,3490.0,was,general,3490.0
1490,3490.0,awful,general,3490.0
1491,3490.0,not,visual,3490.0
1491,3490.0,see,visual,3490.0
1491,3490.0,a,visual,3490.0
1491,3490.0,movie,visual,3490.0
1492,3490.0,blurred,visual,3490.0
1497,3493.0,no,general,3493.0
1497,3493.0,inflight,general,3493.0
1497,3493.0,entertainment,general,3493.0
1501,3495.0,no,general,3495.0
1501,3495.0,entertainment,general,3495.0
1502,3496.0,good,general,3496.0
1502,3496.0,quality,general,3496.0
1502,3496.0,with,general,3496.0
1502,3496.0,decent,general,3496.0
1502,3496.0,content,general,3496.0
1502,3496.0,movies,general,3496.0
1502,3496.0,series,general,3496.0
1502,3496.0,music,general,3496.0
1502,3496.0,games,general,3496.0
1503,3496.0,interactive,visual,3496.0
1503,3496.0,map,visual,3496.0
1512,3500.0,entertainment,general,3500.0
1512,3500.0,system,general,3500.0
1512,3500.0,was,general,3500.0
1512,3500.0,a,general,3500.0
1512,3500.0,huge,general,3500.0
1512,3500.0,surprise,general,3500.0
1513,3500.0,variety,visual,3500.0
1513,3500.0,of,visual,3500.0
1513,3500.0,tv,visual,3500.0
1513,3500.0,shows,visual,3500.0
1513,3500.0,and,visual,3500.0
1513,3500.0,movies,visual,3500.0
1517,3502.0,screens,visual,3502.0
1517,3502.0,looked,visual,3502.0
1517,3502.0,like,visual,3502.0
1517,3502.0,my,visual,3502.0
1517,3502.0,old,visual,3502.0
1517,3502.0,palm,visual,3502.0
1519,3503.0,entertainment,general,3503.0
1519,3503.0,system,general,3503.0
1519,3503.0,was,general,3503.0
1519,3503.0,old,general,3503.0
1520,3503.0,bad,general,3503.0
1520,3503.0,quality,general,3503.0
1521,3503.0,movie,visual,3503.0
1521,3503.0,selection,visual,3503.0
1521,3503.0,was,visual,3503.0
1521,3503.0,poor,visual,3503.0
1527,3506.0,dull,general,3506.0
1528,3506.0,system,general,3506.0
1534,3508.0,entertainment,general,3508.0
1534,3508.0,system,general,3508.0
1535,3508.0,old,general,3508.0
1536,3508.0,malfunctioning,general,3508.0
1537,3508.0,terrible,general,3508.0
1537,3508.0,quality,general,3508.0
1538,3509.0,in,general,3509.0
1538,3509.0,flight,general,3509.0
1538,3509.0,entertainment,general,3509.0
1539,3509.0,not,general,3509.0
1539,3509.0,bad,general,3509.0
1543,3511.0,system,general,3511.0
1543,3511.0,was,general,3511.0
1543,3511.0,ok,general,3511.0
1544,3511.0,choices,general,3511.0
1544,3511.0,seemed,general,3511.0
1544,3511.0,limited,general,3511.0
1549,3512.0,inflight,general,3512.0
1549,3512.0,entertainment,general,3512.0
1549,3512.0,selection,general,3512.0
1549,3512.0,was,general,3512.0
1549,3512.0,not,general,3512.0
1549,3512.0,bad,general,3512.0
1550,3512.0,limited,general,3512.0
1586,3523.0,great,general,3523.0
1586,3523.0,flight,general,3523.0
1586,3523.0,entertainment,general,3523.0
1591,3525.0,system,general,3525.0
1591,3525.0,is,general,3525.0
1591,3525.0,good,general,3525.0
1591,3525.0,to,general,3525.0
1591,3525.0,handle,general,3525.0
1592,3525.0,big,visual,3525.0
1592,3525.0,variety,visual,3525.0
1592,3525.0,of,visual,3525.0
1592,3525.0,movies,visual,3525.0
1592,3525.0,and,visual,3525.0
1592,3525.0,music,visual,3525.0
1595,3526.0,outdated,general,3526.0
1601,3528.0,variety,visual,3528.0
1601,3528.0,of,visual,3528.0
1601,3528.0,entertainment,visual,3528.0
1646,3540.0,flight,general,3540.0
1646,3540.0,entertainment,general,3540.0
1647,3540.0,poor,visual,3540.0
1647,3540.0,selection,visual,3540.0
1648,3540.0,clunky,visual,3540.0
1648,3540.0,system,visual,3540.0
1649,3540.0,watch,visual,3540.0
1649,3540.0,adverts,visual,3540.0
1654,3541.0,no,visual,3541.0
1654,3541.0,touch,visual,3541.0
1654,3541.0,screen,visual,3541.0
1655,3541.0,unclear,visual,3541.0
1655,3541.0,screen,visual,3541.0
1656,3541.0,poor,audio,3541.0
1656,3541.0,sound,audio,3541.0
1659,3542.0,inflight,general,3542.0
1659,3542.0,entertainment,general,3542.0
1660,3542.0,wide,general,3542.0
1660,3542.0,choice,general,3542.0
1661,3542.0,movies,visual,3542.0
1661,3542.0,and,visual,3542.0
1661,3542.0,music,visual,3542.0
1662,3542.0,recent,visual,3542.0
1662,3542.0,releases,visual,3542.0
1669,3544.0,modern,visual,3544.0
1669,3544.0,and,visual,3544.0
1669,3544.0,comfy,visual,3544.0
1669,3544.0,full,visual,3544.0
1669,3544.0,hd,visual,3544.0
1670,3544.0,not,visual,3544.0
1670,3544.0,many,visual,3544.0
1670,3544.0,hollywood,visual,3544.0
1670,3544.0,movies,visual,3544.0
1676,3546.0,screen,visual,3546.0
1676,3546.0,equipment,visual,3546.0
1676,3546.0,almost,visual,3546.0
1676,3546.0,falling,visual,3546.0
1676,3546.0,apart,visual,3546.0
1696,3553.0,screens,visual,3553.0
1696,3553.0,were,visual,3553.0
1696,3553.0,not,visual,3553.0
1696,3553.0,working,visual,3553.0
1700,3555.0,inflight,general,3555.0
1700,3555.0,entertainment,general,3555.0
1701,3555.0,worst,general,3555.0
1705,3557.0,nonworking,general,3557.0
1705,3557.0,inflight,general,3557.0
1705,3557.0,entertainment,general,3557.0
1705,3557.0,systems,general,3557.0
1712,3560.0,no,general,3560.0
1712,3560.0,inflight,general,3560.0
1712,3560.0,entertainment,general,3560.0
1724,3563.0,malfunctioning,visual,3563.0
1724,3563.0,screens,visual,3563.0
1725,3563.0,hoddy,visual,3563.0
1725,3563.0,screens,visual,3563.0
1736,3567.0,broken,visual,3567.0
1736,3567.0,screens,visual,3567.0
1737,3567.0,not,general,3567.0
1737,3567.0,working,general,3567.0
1741,3568.0,no,general,3568.0
1741,3568.0,inflight,general,3568.0
1741,3568.0,entertainment,general,3568.0
1742,3568.0,old,general,3568.0
1742,3568.0,magazine,general,3568.0
1750,3571.0,inflight,general,3571.0
1750,3571.0,entertainment,general,3571.0
1751,3571.0,headset,visual,3571.0
1751,3571.0,and,visual,3571.0
1751,3571.0,screen,visual,3571.0
1751,3571.0,is,visual,3571.0
1751,3571.0,not,visual,3571.0
1751,3571.0,working,visual,3571.0
1756,3573.0,sufficient,visual,3573.0
1774,3580.0,ancient,general,3580.0
1774,3580.0,entertainment,general,3580.0
1774,3580.0,systems,general,3580.0
1781,3582.0,entertainment,general,3582.0
1781,3582.0,system,general,3582.0
1781,3582.0,did,general,3582.0
1781,3582.0,not,general,3582.0
1782,3582.0,work,general,3582.0
1783,3582.0,outdated,visual,3582.0
1783,3582.0,movies,visual,3582.0
1784,3582.0,ntertainment,general,3582.0
1784,3582.0,systems,general,3582.0
1784,3582.0,this,general,3582.0
1784,3582.0,is,general,3582.0
1784,3582.0,clearly,general,3582.0
1784,3582.0,not,general,3582.0
1784,3582.0,acceptable,general,3582.0
1789,3585.0,entertainment,general,3585.0
1848,3609.0,headphone,audio,3609.0
1849,3609.0,werenâ€™t,general,3609.0
1849,3609.0,working,general,3609.0
1850,3609.0,no,general,3609.0
1850,3609.0,entertainment,general,3609.0
1877,3620.0,entertainment,general,3620.0
1877,3620.0,system,general,3620.0
1878,3620.0,not,general,3620.0
1878,3620.0,work,general,3620.0
1879,3620.0,take,visual,3620.0
1879,3620.0,turns,visual,3620.0
1879,3620.0,to,visual,3620.0
1879,3620.0,watch,visual,3620.0
1879,3620.0,movies,visual,3620.0
1894,3626.0,hollywood,visual,3626.0
1894,3626.0,section,visual,3626.0
1894,3626.0,of,visual,3626.0
1894,3626.0,the,visual,3626.0
1894,3626.0,entertainment,visual,3626.0
1894,3626.0,was,visual,3626.0
1894,3626.0,frozen,visual,3626.0
1906,3631.0,notworking,visual,3631.0
1906,3631.0,global,visual,3631.0
1906,3631.0,map,visual,3631.0
1907,3631.0,limited,visual,3631.0
1907,3631.0,selection,visual,3631.0
1907,3631.0,of,visual,3631.0
1907,3631.0,new,visual,3631.0
1907,3631.0,films,visual,3631.0
1921,3637.0,remotes,general,3637.0
1924,3638.0,outdated,general,3638.0
1924,3638.0,inflight,general,3638.0
1924,3638.0,entertainment,general,3638.0
1924,3638.0,films,general,3638.0
1937,3643.0,watch,visual,3643.0
1937,3643.0,a,visual,3643.0
1937,3643.0,movie,visual,3643.0
1944,3645.0,fabulous,general,3645.0
1948,3646.0,entertainment,general,3646.0
1948,3646.0,system,general,3646.0
1948,3646.0,was,general,3646.0
1948,3646.0,nonfunctional,general,3646.0
1949,3646.0,inflight,visual,3646.0
1949,3646.0,maps,visual,3646.0
1950,3646.0,locations,visual,3646.0
1950,3646.0,of,visual,3646.0
1950,3646.0,famous,visual,3646.0
1950,3646.0,shipwrecks,visual,3646.0
1955,3649.0,not,general,3649.0
1955,3649.0,working,general,3649.0
1986,3660.0,information,visual,3660.0
1986,3660.0,screen,visual,3660.0
1987,3660.0,information,visual,3660.0
1987,3660.0,screen,visual,3660.0
2001,3666.0,up,general,3666.0
2001,3666.0,to,general,3666.0
2001,3666.0,date,general,3666.0
2019,3671.0,movie,visual,3671.0
2019,3671.0,selection,visual,3671.0
2019,3671.0,was,visual,3671.0
2019,3671.0,great,visual,3671.0
2020,3671.0,movies,visual,3671.0
2049,3684.0,onboard,general,3684.0
2049,3684.0,entertainment,general,3684.0
2049,3684.0,above,general,3684.0
2049,3684.0,expected,general,3684.0
2064,3688.0,great,general,3688.0
2065,3688.0,remote,general,3688.0
2065,3688.0,did,general,3688.0
2065,3688.0,not,general,3688.0
2065,3688.0,work,general,3688.0
2142,3712.0,no,visual,3712.0
2142,3712.0,screens,visual,3712.0
2178,3723.0,no,general,3723.0
2178,3723.0,inflight,general,3723.0
2178,3723.0,entertainment,general,3723.0
2193,3731.0,no,general,3731.0
2193,3731.0,entertainment,general,3731.0
2214,3738.0,large,visual,3738.0
2214,3738.0,entertainment,visual,3738.0
2214,3738.0,screen,visual,3738.0
2219,3739.0,no,general,3739.0
2219,3739.0,inflight,general,3739.0
2219,3739.0,entertainment,general,3739.0
2282,3858.0,no,general,3858.0
2282,3858.0,inflight,general,3858.0
2282,3858.0,entertainment,general,3858.0
2285,3860.0,no,general,3860.0
2285,3860.0,entertainment,general,3860.0
2295,3864.0,no,visual,3864.0
2295,3864.0,personal,visual,3864.0
2295,3864.0,screens,visual,3864.0
2336,3962.0,no,general,3962.0
2336,3962.0,inflight,general,3962.0
2336,3962.0,entertainment,general,3962.0
2336,3962.0,service,general,3962.0
2366,3973.0,no,visual,3973.0
2366,3973.0,entertainment,visual,3973.0
2366,3973.0,screen,visual,3973.0
2422,3993.0,no,general,3993.0
2422,3993.0,entertainment,general,3993.0
2582,3757.0,nice,visual,3757.0
2582,3757.0,collection,visual,3757.0
2582,3757.0,of,visual,3757.0
2582,3757.0,movies,visual,3757.0
2582,3757.0,and,visual,3757.0
2582,3757.0,shows,visual,3757.0
2582,3757.0,and,visual,3757.0
2582,3757.0,music,visual,3757.0
2588,3760.0,wifi,general,3760.0
2588,3760.0,streaming,general,3760.0
2604,3765.0,stream,general,3765.0
2604,3765.0,content,general,3765.0
2604,3765.0,to,general,3765.0
2604,3765.0,personal,general,3765.0
2604,3765.0,devices,general,3765.0
2637,3781.0,light,audio,3781.0
2637,3781.0,music,audio,3781.0
2654,3788.0,missed,general,3788.0
2654,3788.0,ife,general,3788.0
2654,3788.0,system,general,3788.0
2677,3798.0,a,general,3798.0
2677,3798.0,lack,general,3798.0
2677,3798.0,of,general,3798.0
2677,3798.0,in,general,3798.0
2677,3798.0,flight,general,3798.0
2677,3798.0,entertainment,general,3798.0
2690,3802.0,no,general,3802.0
2690,3802.0,inflight,general,3802.0
2690,3802.0,entertainment,general,3802.0
2731,3816.0,no,general,3816.0
2731,3816.0,wifi,general,3816.0
2731,3816.0,or,general,3816.0
2731,3816.0,monitors,general,3816.0
2776,3828.0,do,general,3828.0
2776,3828.0,not,general,3828.0
2776,3828.0,have,general,3828.0
2776,3828.0,ife,general,3828.0
2778,3829.0,not,general,3829.0
2778,3829.0,yet,general,3829.0
2778,3829.0,provide,general,3829.0
2778,3829.0,wifi,general,3829.0
2779,3829.0,entertainment,general,3829.0
2781,3830.0,wifi,general,3830.0
2782,3830.0,wifi,general,3830.0
2782,3830.0,phone,general,3830.0
2782,3830.0,streaming,general,3830.0
2785,3832.0,no,general,3832.0
2785,3832.0,inflight,general,3832.0
2785,3832.0,entertainment,general,3832.0
