,id,Possession,Aspect,id_updated
18,2949.0,cost,general,2949.0
18,2949.0,of,general,2949.0
18,2949.0,hold,general,2949.0
18,2949.0,luggage,general,2949.0
19,2949.0,hold,general,2949.0
19,2949.0,luggage,general,2949.0
41,2954.0,items,general,2954.0
41,2954.0,of,general,2954.0
41,2954.0,value,general,2954.0
45,2955.0,hold,general,2955.0
45,2955.0,luggage,general,2955.0
46,2955.0,hold,general,2955.0
46,2955.0,bags,general,2955.0
47,2956.0,luggage,handling,2956.0
47,2956.0,was,handling,2956.0
47,2956.0,delayed,handling,2956.0
48,2956.0,luggage,handling,2956.0
48,2956.0,was,handling,2956.0
48,2956.0,delayed,handling,2956.0
49,2956.0,luggage,general,2956.0
50,2956.0,luggage,general,2956.0
51,2956.0,luggage,general,2956.0
52,2956.0,delivery,handling,2956.0
60,2958.0,luggage,general,2958.0
82,2959.0,waited,handling,2959.0
83,2959.0,luggage,general,2959.0
84,2959.0,lost,handling,2959.0
84,2959.0,luggage,handling,2959.0
85,2959.0,luggage,handling,2959.0
85,2959.0,never,handling,2959.0
85,2959.0,arrived,handling,2959.0
86,2959.0,luggage,general,2959.0
87,2959.0,lost,handling,2959.0
87,2959.0,luggage,handling,2959.0
88,2959.0,luggage,general,2959.0
89,2959.0,delivered,handling,2959.0
90,2959.0,luggage,general,2959.0
91,2959.0,damaged,handling,2959.0
92,2959.0,damaging,handling,2959.0
93,2959.0,luggage,general,2959.0
96,2961.0,lost,handling,2961.0
96,2961.0,my,handling,2961.0
96,2961.0,checked,handling,2961.0
96,2961.0,bags,handling,2961.0
97,2961.0,bags,general,2961.0
98,2961.0,returned,handling,2961.0
99,2961.0,missing,handling,2961.0
99,2961.0,bags,handling,2961.0
100,2961.0,delivered,handling,2961.0
101,2961.0,broke,handling,2961.0
102,2961.0,backpack,general,2961.0
103,2961.0,losing,handling,2961.0
103,2961.0,all,handling,2961.0
103,2961.0,my,handling,2961.0
103,2961.0,luggage,handling,2961.0
104,2961.0,bag,handling,2961.0
104,2961.0,missing,handling,2961.0
105,2961.0,bags,handling,2961.0
105,2961.0,were,handling,2961.0
105,2961.0,missing,handling,2961.0
140,2971.0,luggage,handling,2971.0
140,2971.0,was,handling,2971.0
140,2971.0,lost,handling,2971.0
141,2971.0,baggage,handling,2971.0
141,2971.0,was,handling,2971.0
141,2971.0,delayed,handling,2971.0
142,2971.0,bags,general,2971.0
143,2971.0,status,handling,2971.0
144,2971.0,luggage,general,2971.0
145,2971.0,claim,general,2971.0
146,2971.0,claims,general,2971.0
146,2971.0,form,general,2971.0
147,2971.0,luggage,general,2971.0
148,2971.0,delayed,handling,2971.0
149,2971.0,luggage,general,2971.0
150,2971.0,luggage,general,2971.0
151,2971.0,expedited,handling,2971.0
152,2972.0,retrieve,handling,2972.0
153,2972.0,baggage,general,2972.0
173,2975.0,baggage,handling,2975.0
173,2975.0,was,handling,2975.0
173,2975.0,lost,handling,2975.0
174,2975.0,lost,handling,2975.0
174,2975.0,luggage,handling,2975.0
175,2976.0,luggage,general,2976.0
176,2976.0,routed,general,2976.0
177,2976.0,confirm,general,2976.0
177,2976.0,luggage,general,2976.0
196,2978.0,luggage,general,2978.0
197,2978.0,lost,handling,2978.0
198,2978.0,luggage,general,2978.0
204,2980.0,bag,general,2980.0
204,2980.0,drop,general,2980.0
205,2980.0,efficient,general,2980.0
217,2981.0,big,general,2981.0
217,2981.0,suitcase,general,2981.0
218,2981.0,missing,general,2981.0
219,2982.0,lost,handling,2982.0
220,2982.0,baggage,general,2982.0
221,2982.0,baggage,general,2982.0
222,2982.0,never,handling,2982.0
222,2982.0,arrived,handling,2982.0
223,2982.0,confirmation,general,2982.0
224,2982.0,unknown,general,2982.0
224,2982.0,reason,general,2982.0
225,2982.0,personal,general,2982.0
225,2982.0,belongings,general,2982.0
226,2982.0,baggage,general,2982.0
227,2982.0,baggage,general,2982.0
228,2982.0,no,handling,2982.0
228,2982.0,longer,handling,2982.0
228,2982.0,locate,handling,2982.0
229,2982.0,baggage,general,2982.0
230,2983.0,collect,handling,2983.0
231,2983.0,luggage,general,2983.0
234,2984.0,baggage,general,2984.0
235,2984.0,dimensions,general,2984.0
243,2986.0,luggage,handling,2986.0
243,2986.0,was,handling,2986.0
243,2986.0,lost,handling,2986.0
244,2986.0,ecovered,general,2986.0
244,2986.0,my,general,2986.0
244,2986.0,bag,general,2986.0
265,2989.0,baggage,general,2989.0
266,2989.0,check,handling,2989.0
267,2989.0,bags,general,2989.0
268,2989.0,check,handling,2989.0
268,2989.0,my,handling,2989.0
268,2989.0,bags,handling,2989.0
275,2990.0,luggage,general,2990.0
276,2990.0,misplaced,handling,2990.0
277,2990.0,reported,handling,2990.0
277,2990.0,luggage,handling,2990.0
277,2990.0,as,handling,2990.0
277,2990.0,missing,handling,2990.0
278,2990.0,find,general,2990.0
278,2990.0,my,general,2990.0
278,2990.0,luggage,general,2990.0
279,2990.0,no,general,2990.0
279,2990.0,luggage,general,2990.0
280,2990.0,luggage,general,2990.0
281,2990.0,deliver,handling,2990.0
282,2990.0,luggage,general,2990.0
283,2990.0,havenÂ´t,handling,2990.0
283,2990.0,received,handling,2990.0
284,2990.0,luggage,general,2990.0
285,2990.0,luggage,general,2990.0
286,2990.0,does,general,2990.0
286,2990.0,not,general,2990.0
286,2990.0,have,general,2990.0
295,2993.0,hand,general,2993.0
295,2993.0,luggage,general,2993.0
299,2994.0,lose,handling,2994.0
299,2994.0,my,handling,2994.0
299,2994.0,bags,handling,2994.0
300,2994.0,bags,general,2994.0
301,2994.0,missing,handling,2994.0
302,2994.0,retrieve,handling,2994.0
302,2994.0,my,handling,2994.0
302,2994.0,bags,handling,2994.0
303,2994.0,help,general,2994.0
304,2994.0,missing,handling,2994.0
304,2994.0,baggage,handling,2994.0
305,2994.0,trace,handling,2994.0
306,2994.0,delayed,handling,2994.0
306,2994.0,baggage,handling,2994.0
307,2994.0,bags,general,2994.0
308,2994.0,transferred,handling,2994.0
309,2995.0,check,handling,2995.0
309,2995.0,my,handling,2995.0
309,2995.0,bag,handling,2995.0
310,2995.0,recheck,handling,2995.0
311,2995.0,last,general,2995.0
311,2995.0,luggage,general,2995.0
312,2995.0,info,general,2995.0
312,2995.0,address,general,2995.0
312,2995.0,and,general,2995.0
312,2995.0,phone,general,2995.0
312,2995.0,number,general,2995.0
313,2995.0,bag,general,2995.0
314,2995.0,bag,handling,2995.0
314,2995.0,returned,handling,2995.0
326,2998.0,baggage,general,2998.0
400,3016.0,checked,handling,3016.0
400,3016.0,bag,handling,3016.0
401,3016.0,one,general,3016.0
401,3016.0,carryon,general,3016.0
402,3016.0,checked,handling,3016.0
402,3016.0,bag,handling,3016.0
403,3016.0,checked,handling,3016.0
403,3016.0,bag,handling,3016.0
404,3016.0,bags,general,3016.0
405,3016.0,checked,handling,3016.0
405,3016.0,bags,handling,3016.0
406,3016.0,misleading,general,3016.0
407,3017.0,luggage,general,3017.0
431,3021.0,bag,general,3021.0
432,3021.0,bagdrop,general,3021.0
433,3021.0,baggage,general,3021.0
434,3021.0,baggage,general,3021.0
435,3022.0,bag,handling,3022.0
435,3022.0,was,handling,3022.0
435,3022.0,lost,handling,3022.0
440,3023.0,lost,handling,3023.0
440,3023.0,my,handling,3023.0
440,3023.0,suitcase,handling,3023.0
461,3028.0,lightweight,general,3028.0
461,3028.0,bag,general,3028.0
473,3030.0,lost,handling,3030.0
473,3030.0,my,handling,3030.0
473,3030.0,bag,handling,3030.0
476,3031.0,luggage,general,3031.0
477,3031.0,bag,general,3031.0
477,3031.0,drop,general,3031.0
478,3031.0,efficient,general,3031.0
479,3031.0,automated,general,3031.0
479,3031.0,bag,general,3031.0
479,3031.0,drop,general,3031.0
480,3031.0,hand,general,3031.0
480,3031.0,luggage,general,3031.0
481,3031.0,chaotic,general,3031.0
481,3031.0,as,general,3031.0
481,3031.0,luggage,general,3031.0
483,3032.0,baggage,general,3032.0
484,3032.0,lost,handling,3032.0
484,3032.0,baggage,handling,3032.0
485,3032.0,lost,handling,3032.0
485,3032.0,baggage,handling,3032.0
486,3032.0,baggage,general,3032.0
492,3034.0,lost,handling,3034.0
492,3034.0,baggage,handling,3034.0
493,3035.0,lost,handling,3035.0
493,3035.0,luggage,handling,3035.0
511,3039.0,bags,general,3039.0
529,3042.0,damaged,handling,3042.0
530,3042.0,carry,general,3042.0
530,3042.0,box,general,3042.0
531,3042.0,heavy,general,3042.0
531,3042.0,baggage,general,3042.0
532,3042.0,dumped,handling,3042.0
533,3042.0,baggage,general,3042.0
534,3042.0,baggage,general,3042.0
535,3042.0,baggage,handling,3042.0
535,3042.0,handling,handling,3042.0
536,3043.0,bags,handling,3043.0
536,3043.0,never,handling,3043.0
536,3043.0,left,handling,3043.0
537,3043.0,trace,handling,3043.0
537,3043.0,bag,handling,3043.0
538,3043.0,returned,handling,3043.0
538,3043.0,the,handling,3043.0
538,3043.0,bag,handling,3043.0
539,3043.0,bag,general,3043.0
551,3148.0,luggage,general,3148.0
552,3148.0,refund,general,3148.0
552,3148.0,the,general,3148.0
552,3148.0,extra,general,3148.0
552,3148.0,baggage,general,3148.0
553,3148.0,extra,general,3148.0
553,3148.0,luggage,general,3148.0
581,3156.0,hand,general,3156.0
581,3156.0,baggage,general,3156.0
582,3156.0,charged,general,3156.0
583,3156.0,hand,general,3156.0
583,3156.0,luggage,general,3156.0
584,3156.0,ridiculous,general,3156.0
587,3158.0,bags,general,3158.0
588,3158.0,delivered,handling,3158.0
591,3159.0,cabin,general,3159.0
591,3159.0,bags,general,3159.0
596,3160.0,baggage,general,3160.0
596,3160.0,drop,general,3160.0
598,3162.0,hand,general,3162.0
598,3162.0,bag,general,3162.0
599,3162.0,laptop,general,3162.0
607,3165.0,hand,general,3165.0
607,3165.0,carriage,general,3165.0
608,3165.0,laptop,general,3165.0
608,3165.0,bag,general,3165.0
613,3167.0,extra,general,3167.0
613,3167.0,luggage,general,3167.0
614,3167.0,luggage,general,3167.0
615,3167.0,extra,general,3167.0
615,3167.0,luggage,general,3167.0
618,3169.0,luggage,general,3169.0
618,3169.0,claim,general,3169.0
618,3169.0,conveyor,general,3169.0
619,3169.0,could,general,3169.0
619,3169.0,not,general,3169.0
619,3169.0,find,general,3169.0
619,3169.0,our,general,3169.0
619,3169.0,baggage,general,3169.0
620,3169.0,luggages,general,3169.0
621,3169.0,removed,handling,3169.0
622,3169.0,extra,general,3169.0
622,3169.0,weight,general,3169.0
623,3169.0,luggages,general,3169.0
624,3169.0,refused,general,3169.0
625,3170.0,luggage,general,3170.0
626,3170.0,damage,handling,3170.0
642,3176.0,hand,general,3176.0
642,3176.0,carry,general,3176.0
647,3178.0,pay,general,3178.0
647,3178.0,extra,general,3178.0
648,3178.0,two,general,3178.0
648,3178.0,kilos,general,3178.0
648,3178.0,more,general,3178.0
653,3180.0,pay,general,3180.0
653,3180.0,extra,general,3180.0
653,3180.0,for,general,3180.0
653,3180.0,the,general,3180.0
653,3180.0,luggage,general,3180.0
657,3181.0,no,general,3181.0
657,3181.0,personal,general,3181.0
657,3181.0,bag,general,3181.0
658,3181.0,check,handling,3181.0
659,3181.0,small,general,3181.0
659,3181.0,baggage,general,3181.0
662,3182.0,cabin,general,3182.0
662,3182.0,luggage,general,3182.0
663,3182.0,free,general,3182.0
663,3182.0,luggage,general,3182.0
664,3182.0,hand,general,3182.0
664,3182.0,luggage,general,3182.0
665,3182.0,luggage,general,3182.0
666,3183.0,baggage,general,3183.0
666,3183.0,fees,general,3183.0
683,3190.0,cabin,general,3190.0
683,3190.0,baggage,general,3190.0
684,3190.0,cabin,general,3190.0
684,3190.0,baggage,general,3190.0
689,3192.0,cabin,general,3192.0
689,3192.0,baggage,general,3192.0
690,3192.0,cabin,general,3192.0
690,3192.0,baggage,general,3192.0
697,3196.0,luggage,general,3196.0
765,3250.0,lost,handling,3250.0
765,3250.0,my,handling,3250.0
765,3250.0,luggage,handling,3250.0
766,3250.0,baggage,general,3250.0
767,3250.0,too,general,3250.0
767,3250.0,late,general,3250.0
808,3266.0,baggage,general,3266.0
818,3269.0,pay,general,3269.0
818,3269.0,for,general,3269.0
818,3269.0,baggage,general,3269.0
819,3269.0,check,handling,3269.0
819,3269.0,our,handling,3269.0
819,3269.0,baggage,handling,3269.0
830,3275.0,lost,handling,3275.0
830,3275.0,my,handling,3275.0
830,3275.0,bags,handling,3275.0
846,3282.0,buy,general,3282.0
846,3282.0,luggage,general,3282.0
847,3283.0,found,handling,3283.0
847,3283.0,our,handling,3283.0
847,3283.0,bag,handling,3283.0
848,3283.0,sorry,handling,3283.0
848,3283.0,state,handling,3283.0
849,3283.0,missing,handling,3283.0
849,3283.0,items,handling,3283.0
849,3283.0,open,handling,3283.0
849,3283.0,bags,handling,3283.0
862,3288.0,baggage,general,3288.0
863,3288.0,charged,general,3288.0
864,3288.0,baggage,general,3288.0
865,3288.0,destroyed,handling,3288.0
865,3288.0,my,handling,3288.0
865,3288.0,bag,handling,3288.0
866,3289.0,luggage,general,3289.0
866,3289.0,fees,general,3289.0
873,3291.0,luggage,general,3291.0
873,3291.0,fees,general,3291.0
874,3291.0,outrageous,general,3291.0
875,3291.0,baggage,general,3291.0
880,3293.0,baggage,general,3293.0
880,3293.0,allowance,general,3293.0
881,3293.0,cannot,general,3293.0
886,3295.0,not,general,3295.0
886,3295.0,able,general,3295.0
887,3295.0,link,general,3295.0
887,3295.0,my,general,3295.0
887,3295.0,luggage,general,3295.0
906,3301.0,wrong,general,3301.0
906,3301.0,baggage,general,3301.0
909,3303.0,bags,general,3303.0
909,3303.0,were,general,3303.0
909,3303.0,overweight,general,3303.0
910,3303.0,bags,general,3303.0
910,3303.0,were,general,3303.0
910,3303.0,overweight,general,3303.0
911,3303.0,luggage,general,3303.0
924,3309.0,baggage,general,3309.0
925,3309.0,completely,general,3309.0
925,3309.0,automated,general,3309.0
925,3309.0,and,general,3309.0
925,3309.0,seamless,general,3309.0
954,3319.0,luggage,general,3319.0
955,3319.0,allowance,general,3319.0
971,3328.0,free,general,3328.0
971,3328.0,baggage,general,3328.0
987,3337.0,baggage,handling,3337.0
987,3337.0,missing,handling,3337.0
988,3337.0,tracking,handling,3337.0
988,3337.0,my,handling,3337.0
988,3337.0,missing,handling,3337.0
988,3337.0,baggage,handling,3337.0
997,3340.0,and,general,3340.0
997,3340.0,priority,general,3340.0
997,3340.0,luggage,general,3340.0
1003,3341.0,luggage,general,3341.0
1033,3351.0,check,general,3351.0
1033,3351.0,bag,general,3351.0
1034,3351.0,no,general,3351.0
1034,3351.0,winter,general,3351.0
1034,3351.0,clothes,general,3351.0
1035,3351.0,checked,handling,3351.0
1035,3351.0,bag,handling,3351.0
1038,3352.0,charged,general,3352.0
1039,3352.0,baggage,general,3352.0
1048,3356.0,baggage,general,3356.0
1049,3356.0,damaged,handling,3356.0
1088,3364.0,luggage,general,3364.0
1088,3364.0,was,general,3364.0
1088,3364.0,left,general,3364.0
1100,3369.0,transfer,general,3369.0
1100,3369.0,the,general,3369.0
1100,3369.0,luggage,general,3369.0
1140,3380.0,luggage,general,3380.0
1140,3380.0,refund,general,3380.0
1144,3381.0,luggage,general,3381.0
1145,3381.0,small,general,3381.0
1145,3381.0,carry,general,3381.0
1145,3381.0,on,general,3381.0
1145,3381.0,bag,general,3381.0
1147,3382.0,bag,handling,3382.0
1147,3382.0,got,handling,3382.0
1147,3382.0,lost,handling,3382.0
1165,3388.0,carryon,general,3388.0
1165,3388.0,bags,general,3388.0
1166,3388.0,check,handling,3388.0
1166,3388.0,our,handling,3388.0
1166,3388.0,bags,handling,3388.0
1184,3392.0,bags,general,3392.0
1186,3393.0,luggage,general,3393.0
1187,3393.0,luggage,general,3393.0
1223,3404.0,free,general,3404.0
1223,3404.0,checked,general,3404.0
1223,3404.0,bags,general,3404.0
1224,3404.0,pay,general,3404.0
1224,3404.0,for,general,3404.0
1224,3404.0,the,general,3404.0
1224,3404.0,bags,general,3404.0
1225,3404.0,one,general,3404.0
1225,3404.0,free,general,3404.0
1225,3404.0,checked,general,3404.0
1225,3404.0,bag,general,3404.0
1233,3406.0,baggage,general,3406.0
1260,3409.0,bag,general,3409.0
1261,3409.0,arrive,handling,3409.0
1261,3409.0,tomorrow,handling,3409.0
1262,3409.0,without,general,3409.0
1262,3409.0,my,general,3409.0
1262,3409.0,bag,general,3409.0
1277,3412.0,policy,general,3412.0
1278,3412.0,two,general,3412.0
1278,3412.0,carry,general,3412.0
1278,3412.0,on,general,3412.0
1278,3412.0,bags,general,3412.0
1279,3412.0,wasted,handling,3412.0
1284,3414.0,transfer,handling,3414.0
1284,3414.0,the,handling,3414.0
1284,3414.0,baggage,handling,3414.0
1285,3414.0,baggage,handling,3414.0
1285,3414.0,transfer,handling,3414.0
1293,3418.0,oversize,general,3418.0
1293,3418.0,luggage,general,3418.0
1294,3418.0,handled,handling,3418.0
1294,3418.0,efficiently,handling,3418.0
1299,3419.0,lose,handling,3419.0
1299,3419.0,my,handling,3419.0
1299,3419.0,bags,handling,3419.0
1300,3419.0,bag,handling,3419.0
1300,3419.0,was,handling,3419.0
1300,3419.0,already,handling,3419.0
1300,3419.0,lost,handling,3419.0
1301,3419.0,bag,handling,3419.0
1301,3419.0,was,handling,3419.0
1301,3419.0,lost,handling,3419.0
1309,3422.0,baggage,general,3422.0
1309,3422.0,will,general,3422.0
1309,3422.0,be,general,3422.0
1309,3422.0,at,general,3422.0
1309,3422.0,claim,general,3422.0
1311,3423.0,pre,general,3423.0
1311,3423.0,paid,general,3423.0
1311,3423.0,luggage,general,3423.0
1316,3425.0,carry,general,3425.0
1316,3425.0,on,general,3425.0
1316,3425.0,luggage,general,3425.0
1317,3425.0,luggage,general,3425.0
1317,3425.0,number,general,3425.0
1318,3425.0,lost,handling,3425.0
1318,3425.0,the,handling,3425.0
1318,3425.0,suitcase,handling,3425.0
1319,3425.0,found,handling,3425.0
1319,3425.0,my,handling,3425.0
1319,3425.0,suitcase,handling,3425.0
1320,3425.0,carry,general,3425.0
1320,3425.0,on,general,3425.0
1320,3425.0,suitcase,general,3425.0
1321,3426.0,arrival,handling,3426.0
1321,3426.0,bags,handling,3426.0
1321,3426.0,promptly,handling,3426.0
1321,3426.0,delivered,handling,3426.0
1324,3428.0,bag,handling,3428.0
1324,3428.0,was,handling,3428.0
1324,3428.0,lost,handling,3428.0
1325,3428.0,severely,handling,3428.0
1325,3428.0,damaged,handling,3428.0
1326,3428.0,bag,general,3428.0
1327,3428.0,delayed,handling,3428.0
1328,3428.0,further,handling,3428.0
1328,3428.0,damaged,handling,3428.0
1329,3428.0,bag,handling,3428.0
1329,3428.0,lost,handling,3428.0
1329,3428.0,and,handling,3428.0
1329,3428.0,destroyed,handling,3428.0
1360,3439.0,bags,general,3439.0
1360,3439.0,were,general,3439.0
1360,3439.0,on,general,3439.0
1360,3439.0,the,general,3439.0
1360,3439.0,carousel,general,3439.0
1363,3440.0,baggage,handling,3440.0
1363,3440.0,was,handling,3440.0
1363,3440.0,not,handling,3440.0
1363,3440.0,delivered,handling,3440.0
1371,3443.0,lost,handling,3443.0
1371,3443.0,our,handling,3443.0
1371,3443.0,luggage,handling,3443.0
1372,3443.0,luggage,handling,3443.0
1372,3443.0,lost,handling,3443.0
1399,3455.0,uggage,general,3455.0
1399,3455.0,made,general,3455.0
1399,3455.0,the,general,3455.0
1399,3455.0,transfer,general,3455.0
1402,3456.0,lost,handling,3456.0
1402,3456.0,my,handling,3456.0
1402,3456.0,baggage,handling,3456.0
1409,3459.0,lost,handling,3459.0
1409,3459.0,luggage,handling,3459.0
1414,3461.0,issue,general,3461.0
1414,3461.0,is,general,3461.0
1414,3461.0,with,general,3461.0
1414,3461.0,the,general,3461.0
1414,3461.0,baggage,general,3461.0
1415,3461.0,baggage,general,3461.0
1415,3461.0,allowance,general,3461.0
1424,3463.0,luggage,general,3463.0
1440,3468.0,baggage,general,3468.0
1442,3469.0,baggage,general,3469.0
1453,3474.0,heavy,general,3474.0
1453,3474.0,bags,general,3474.0
1458,3476.0,luggage,handling,3476.0
1458,3476.0,delivery,handling,3476.0
1458,3476.0,was,handling,3476.0
1458,3476.0,slow,handling,3476.0
1470,3480.0,luggage,handling,3480.0
1470,3480.0,misplaced,handling,3480.0
1471,3481.0,my,handling,3481.0
1471,3481.0,damaged,handling,3481.0
1471,3481.0,suitcase,handling,3481.0
1481,3486.0,baggage,general,3486.0
1485,3488.0,lost,handling,3488.0
1485,3488.0,track,handling,3488.0
1485,3488.0,of,handling,3488.0
1485,3488.0,my,handling,3488.0
1485,3488.0,luggage,handling,3488.0
1486,3488.0,not,handling,3488.0
1486,3488.0,delivered,handling,3488.0
1487,3488.0,deliver,handling,3488.0
1487,3488.0,my,handling,3488.0
1487,3488.0,bag,handling,3488.0
1488,3489.0,baggage,general,3489.0
1488,3489.0,claim,general,3489.0
1493,3491.0,last,general,3491.0
1493,3491.0,bag,general,3491.0
1497,3493.0,bulky,general,3493.0
1497,3493.0,and,general,3493.0
1497,3493.0,heavy,general,3493.0
1497,3493.0,hand,general,3493.0
1497,3493.0,luggage,general,3493.0
1499,3494.0,lost,handling,3494.0
1499,3494.0,our,handling,3494.0
1499,3494.0,luggage,handling,3494.0
1500,3494.0,luggage,general,3494.0
1509,3498.0,baggage,general,3498.0
1511,3499.0,baggage,general,3499.0
1512,3500.0,hand,general,3500.0
1512,3500.0,luggage,general,3500.0
1512,3500.0,allowance,general,3500.0
1512,3500.0,is,general,3500.0
1512,3500.0,generous,general,3500.0
1532,3507.0,lost,handling,3507.0
1532,3507.0,our,handling,3507.0
1532,3507.0,luggage,handling,3507.0
1533,3507.0,lost,handling,3507.0
1533,3507.0,luggage,handling,3507.0
1557,3514.0,deliver,handling,3514.0
1558,3514.0,deliver,handling,3514.0
1559,3514.0,pick,general,3514.0
1559,3514.0,my,general,3514.0
1559,3514.0,luggage,general,3514.0
1560,3515.0,luggage,general,3515.0
1606,3529.0,luggage,general,3529.0
1606,3529.0,would,general,3529.0
1606,3529.0,not,general,3529.0
1606,3529.0,be,general,3529.0
1606,3529.0,arriving,general,3529.0
1607,3529.0,luggage,general,3529.0
1607,3529.0,would,general,3529.0
1607,3529.0,not,general,3529.0
1607,3529.0,be,general,3529.0
1703,3556.0,lost,handling,3556.0
1703,3556.0,luggage,handling,3556.0
1733,3566.0,baggage,handling,3566.0
1733,3566.0,was,handling,3566.0
1733,3566.0,retrieved,handling,3566.0
1734,3566.0,quickly,general,3566.0
1741,3568.0,baggage,general,3568.0
1742,3568.0,baggage,general,3568.0
1742,3568.0,fees,general,3568.0
1744,3569.0,pushing,general,3569.0
1744,3569.0,back,general,3569.0
1745,3569.0,donâ€™t,general,3569.0
1745,3569.0,even,general,3569.0
1745,3569.0,allow,general,3569.0
1745,3569.0,an,general,3569.0
1745,3569.0,extra,general,3569.0
1745,3569.0,gram,general,3569.0
1745,3569.0,of,general,3569.0
1745,3569.0,excess,general,3569.0
1745,3569.0,baggage,general,3569.0
1750,3571.0,baggage,general,3571.0
1751,3571.0,cabin,general,3571.0
1751,3571.0,bag,general,3571.0
1752,3571.0,hand,general,3571.0
1752,3571.0,bag,general,3571.0
1753,3572.0,hand,general,3572.0
1753,3572.0,baggage,general,3572.0
1774,3580.0,lose,handling,3580.0
1774,3580.0,one,handling,3580.0
1774,3580.0,of,handling,3580.0
1774,3580.0,my,handling,3580.0
1774,3580.0,checked,handling,3580.0
1774,3580.0,bag,handling,3580.0
1775,3581.0,excess,general,3581.0
1775,3581.0,baggage,general,3581.0
1787,3584.0,track,handling,3584.0
1787,3584.0,the,handling,3584.0
1787,3584.0,luggage,handling,3584.0
1810,3594.0,delayed,handling,3594.0
1810,3594.0,baggage,handling,3594.0
1810,3594.0,claim,handling,3594.0
1811,3594.0,delayed,handling,3594.0
1811,3594.0,baggage,handling,3594.0
1812,3594.0,delayed,handling,3594.0
1812,3594.0,baggage,handling,3594.0
1813,3594.0,stolen,handling,3594.0
1813,3594.0,bag,handling,3594.0
1818,3597.0,luggage,handling,3597.0
1818,3597.0,was,handling,3597.0
1818,3597.0,received,handling,3597.0
1818,3597.0,swiftly,handling,3597.0
1820,3598.0,baggage,general,3598.0
1821,3598.0,baggage,handling,3598.0
1821,3598.0,was,handling,3598.0
1821,3598.0,removed,handling,3598.0
1831,3602.0,stolenbroken,handling,3602.0
1831,3602.0,luggage,handling,3602.0
1848,3609.0,suitcase,general,3609.0
1849,3609.0,luggage,general,3609.0
1849,3609.0,allowance,general,3609.0
1850,3609.0,luggage,general,3609.0
1851,3609.0,baggage,handling,3609.0
1851,3609.0,is,handling,3609.0
1851,3609.0,left,handling,3609.0
1852,3609.0,delivered,handling,3609.0
1853,3610.0,lost,handling,3610.0
1853,3610.0,my,handling,3610.0
1853,3610.0,bag,handling,3610.0
1862,3614.0,extra,general,3614.0
1862,3614.0,weight,general,3614.0
1862,3614.0,luggage,general,3614.0
1869,3616.0,free,general,3616.0
1869,3616.0,check,general,3616.0
1869,3616.0,in,general,3616.0
1869,3616.0,luggage,general,3616.0
1876,3619.0,free,handling,3619.0
1876,3619.0,baggage,handling,3619.0
1876,3619.0,allowance,handling,3619.0
1888,3624.0,get,general,3624.0
1888,3624.0,my,general,3624.0
1888,3624.0,luggage,general,3624.0
1924,3638.0,baggage,handling,3638.0
1924,3638.0,did,handling,3638.0
1924,3638.0,not,handling,3638.0
1924,3638.0,arrive,handling,3638.0
1933,3642.0,drop,general,3642.0
1933,3642.0,my,general,3642.0
1933,3642.0,baggage,general,3642.0
1934,3642.0,baggage,general,3642.0
1934,3642.0,retrieval,general,3642.0
1981,3658.0,uggage,handling,3658.0
1981,3658.0,to,handling,3658.0
1981,3658.0,be,handling,3658.0
1981,3658.0,delivered,handling,3658.0
1982,3658.0,out,handling,3658.0
1982,3658.0,for,handling,3658.0
1982,3658.0,delivery,handling,3658.0
1990,3661.0,check,handling,3661.0
1990,3661.0,our,handling,3661.0
1990,3661.0,bags,handling,3661.0
2017,3670.0,lost,handling,3670.0
2017,3670.0,baggage,handling,3670.0
2018,3670.0,lost,handling,3670.0
2018,3670.0,my,handling,3670.0
2018,3670.0,bag,handling,3670.0
2019,3671.0,backpack,general,3671.0
2020,3671.0,suitcase,general,3671.0
2024,3672.0,luggage,general,3672.0
2126,3708.0,luggage,general,3708.0
2132,3710.0,suitcase,general,3710.0
2133,3710.0,baggage,general,3710.0
2134,3710.0,suitcases,general,3710.0
2135,3710.0,suitcases,general,3710.0
2136,3710.0,transferred,handling,3710.0
2136,3710.0,my,handling,3710.0
2136,3710.0,suitcase,handling,3710.0
2137,3710.0,suitcases,general,3710.0
2137,3710.0,complimentary,general,3710.0
2166,3720.0,carry,general,3720.0
2166,3720.0,on,general,3720.0
2166,3720.0,suitcases,general,3720.0
2190,3729.0,suitcase,general,3729.0
2193,3731.0,baggage,general,3731.0
2193,3731.0,complimentary,general,3731.0
2197,3733.0,bags,general,3733.0
2197,3733.0,policy,general,3733.0
2254,3747.0,large,general,3747.0
2254,3747.0,carryon,general,3747.0
2254,3747.0,bag,general,3747.0
2255,3747.0,carryon,general,3747.0
2255,3747.0,bag,general,3747.0
2256,3747.0,carryon,general,3747.0
2256,3747.0,bag,general,3747.0
2261,3748.0,bags,general,3748.0
2332,3960.0,luggage,handling,3960.0
2332,3960.0,handling,handling,3960.0
2332,3960.0,was,handling,3960.0
2332,3960.0,very,handling,3960.0
2332,3960.0,irresponsible,handling,3960.0
2333,3960.0,luggage,handling,3960.0
2333,3960.0,holding,handling,3960.0
2333,3960.0,straps,handling,3960.0
2333,3960.0,were,handling,3960.0
2333,3960.0,damaged,handling,3960.0
2366,3973.0,baggage,handling,3973.0
2366,3973.0,delivered,handling,3973.0
2369,3974.0,normal,general,3974.0
2369,3974.0,baggage,general,3974.0
2369,3974.0,policy,general,3974.0
2369,3974.0,terms,general,3974.0
2376,3975.0,not,general,3975.0
2376,3975.0,put,general,3975.0
2376,3975.0,the,general,3975.0
2376,3975.0,luggage,general,3975.0
2380,3978.0,restriction,general,3978.0
2380,3978.0,on,general,3978.0
2380,3978.0,carryon,general,3978.0
2381,3978.0,pay,general,3978.0
2381,3978.0,for,general,3978.0
2381,3978.0,extra,general,3978.0
2381,3978.0,carryon,general,3978.0
2381,3978.0,weight,general,3978.0
2390,3984.0,luggage,general,3984.0
2391,3984.0,luggage,handling,3984.0
2391,3984.0,was,handling,3984.0
2391,3984.0,lost,handling,3984.0
2394,3985.0,hand,general,3985.0
2394,3985.0,baggage,general,3985.0
2437,3999.0,stuff,general,3999.0
2438,3999.0,bags,general,3999.0
2447,4002.0,bags,general,4002.0
2457,4005.0,baggage,general,4005.0
2459,4006.0,luggage,general,4006.0
2488,4020.0,extra,general,4020.0
2488,4020.0,baggage,general,4020.0
2492,4022.0,luggage,general,4022.0
2493,4022.0,luggage,general,4022.0
2494,4022.0,luggage,general,4022.0
2502,4027.0,luggage,general,4027.0
2503,4027.0,luggage,general,4027.0
2504,4027.0,luggage,general,4027.0
2505,4028.0,luggage,general,4028.0
2525,4034.0,additional,general,4034.0
2525,4034.0,baggage,general,4034.0
2526,4034.0,baggage,general,4034.0
2526,4034.0,allocations,general,4034.0
2543,4040.0,baggage,general,4040.0
2547,4042.0,luggage,general,4042.0
2555,4046.0,extra,general,4046.0
2555,4046.0,luggage,general,4046.0
2565,4052.0,luggage,general,4052.0
2566,4052.0,baggage,general,4052.0
2573,4055.0,no,general,4055.0
2573,4055.0,luggage,general,4055.0
2573,4055.0,issues,general,4055.0
2578,3756.0,bag,handling,3756.0
2578,3756.0,was,handling,3756.0
2578,3756.0,tampered,handling,3756.0
2579,3756.0,security,handling,3756.0
2579,3756.0,lock,handling,3756.0
2579,3756.0,was,handling,3756.0
2579,3756.0,removed,handling,3756.0
2580,3756.0,broken,handling,3756.0
2580,3756.0,security,handling,3756.0
2580,3756.0,lock,handling,3756.0
2581,3756.0,valuable,handling,3756.0
2581,3756.0,items,handling,3756.0
2581,3756.0,are,handling,3756.0
2581,3756.0,missing,handling,3756.0
2658,3790.0,no,handling,3790.0
2658,3790.0,sign,handling,3790.0
2658,3790.0,of,handling,3790.0
2658,3790.0,our,handling,3790.0
2658,3790.0,luggage,handling,3790.0
2662,3792.0,luggage,handling,3792.0
2662,3792.0,got,handling,3792.0
2662,3792.0,swapped,handling,3792.0
2695,3803.0,luggage,general,3803.0
2696,3803.0,luggage,general,3803.0
2705,3807.0,luggage,general,3807.0
2715,3810.0,baggages,general,3810.0
2716,3810.0,luggages,general,3810.0
