,id,In-flight service,Aspect,id_updated
11,2947.0,on,operations,2947.0
11,2947.0,time,operations,2947.0
12,2947.0,plane,operations,2947.0
13,2947.0,well,operations,2947.0
13,2947.0,maintained,operations,2947.0
14,2947.0,clean,operations,2947.0
15,2948.0,flawless,operations,2948.0
16,2948.0,flight,operations,2948.0
16,2948.0,attendants,operations,2948.0
16,2948.0,service,operations,2948.0
18,2949.0,staff,operations,2949.0
18,2949.0,on,operations,2949.0
18,2949.0,board,operations,2949.0
20,2950.0,fly,operations,2950.0
37,2953.0,planes,operations,2953.0
38,2953.0,old,operations,2953.0
38,2953.0,and,operations,2953.0
38,2953.0,appeared,operations,2953.0
38,2953.0,tired,operations,2953.0
39,2953.0,service,operations,2953.0
40,2953.0,minimal,operations,2953.0
106,2962.0,forced,operations,2962.0
107,2962.0,window,operations,2962.0
107,2962.0,down,operations,2962.0
118,2965.0,onboard,operations,2965.0
119,2965.0,unfriendly,operations,2965.0
134,2970.0,toilets,facility,2970.0
163,2973.0,abysmal,operations,2973.0
164,2973.0,service,operations,2973.0
165,2973.0,cleaning,operations,2973.0
166,2973.0,haphazard,operations,2973.0
199,2979.0,well,operations,2979.0
199,2979.0,organized,operations,2979.0
204,2980.0,inflight,facility,2980.0
204,2980.0,magazine,facility,2980.0
205,2980.0,ripped,facility,2980.0
206,2980.0,tattered,facility,2980.0
207,2980.0,lavatory,facility,2980.0
208,2980.0,clean,facility,2980.0
209,2980.0,disembarkation,facility,2980.0
210,2980.0,quick,facility,2980.0
211,2980.0,efficient,facility,2980.0
212,2980.0,convenient,facility,2980.0
234,2984.0,very,operations,2984.0
234,2984.0,precise,operations,2984.0
235,2984.0,routing,operations,2984.0
235,2984.0,info,operations,2984.0
236,2984.0,very,operations,2984.0
236,2984.0,informative,operations,2984.0
237,2984.0,short,operations,2984.0
237,2984.0,delay,operations,2984.0
240,2985.0,rerouted,operations,2985.0
243,2986.0,inflight,operations,2986.0
244,2986.0,not,operations,2986.0
244,2986.0,terrible,operations,2986.0
245,2986.0,inefficiency,operations,2986.0
260,2988.0,wheel,facility,2988.0
260,2988.0,problem,facility,2988.0
275,2990.0,delayed,operations,2990.0
291,2992.0,good,operations,2992.0
292,2992.0,services,operations,2992.0
293,2992.0,slight,operations,2992.0
293,2992.0,delay,operations,2992.0
295,2993.0,delayed,operations,2993.0
299,2994.0,business,operations,2994.0
299,2994.0,class,operations,2994.0
315,2996.0,meal,operations,2996.0
315,2996.0,service,operations,2996.0
316,2996.0,slow,operations,2996.0
317,2996.0,wifi,facility,2996.0
317,2996.0,service,facility,2996.0
318,2996.0,good,operations,2996.0
319,2996.0,loyalty,operations,2996.0
319,2996.0,concierge,operations,2996.0
319,2996.0,member,operations,2996.0
322,2997.0,take,operations,2997.0
322,2997.0,off,operations,2997.0
323,2997.0,delayed,operations,2997.0
324,2997.0,technical,operations,2997.0
324,2997.0,difficulties,operations,2997.0
326,2998.0,onboard,operations,2998.0
326,2998.0,service,operations,2998.0
327,2998.0,excellent,operations,2998.0
330,2999.0,seat,facility,2999.0
330,2999.0,belt,facility,2999.0
330,2999.0,sign,facility,2999.0
347,3000.0,delays,operations,3000.0
348,3000.0,service,operations,3000.0
349,3000.0,nice,operations,3000.0
350,3001.0,very,operations,3001.0
350,3001.0,poor,operations,3001.0
350,3001.0,planning,operations,3001.0
351,3001.0,disorganised,operations,3001.0
352,3002.0,economy,operations,3002.0
353,3002.0,economy,operations,3002.0
357,3003.0,silver,operations,3003.0
357,3003.0,tier,operations,3003.0
366,3005.0,comfortable,operations,3005.0
366,3005.0,flight,operations,3005.0
375,3008.0,better,operations,3008.0
375,3008.0,service,operations,3008.0
376,3008.0,comfort,operations,3008.0
378,3009.0,used,operations,3009.0
378,3009.0,tissues,operations,3009.0
379,3009.0,floor,operations,3009.0
380,3009.0,clean,facility,3009.0
380,3009.0,up,facility,3009.0
381,3010.0,on,facility,3010.0
381,3010.0,time,facility,3010.0
392,3012.0,ery,operations,3012.0
392,3012.0,smooth,operations,3012.0
394,3013.0,extremely,operations,3013.0
394,3013.0,noisy,operations,3013.0
417,3019.0,boarded,operations,3019.0
417,3019.0,ontime,operations,3019.0
418,3019.0,inflight,facility,3019.0
418,3019.0,announcements,facility,3019.0
419,3019.0,disturbing,operations,3019.0
420,3019.0,very,operations,3019.0
420,3019.0,loud,operations,3019.0
421,3019.0,seatbelt,facility,3019.0
421,3019.0,sign,facility,3019.0
422,3020.0,limited,operations,3020.0
422,3020.0,cockpit,operations,3020.0
422,3020.0,announcements,operations,3020.0
423,3020.0,disembarked,operations,3020.0
435,3022.0,business,facility,3022.0
435,3022.0,class,facility,3022.0
442,3024.0,route,operations,3024.0
443,3024.0,delayed,operations,3024.0
444,3024.0,arrival,operations,3024.0
444,3024.0,times,operations,3024.0
445,3024.0,stated,operations,3024.0
445,3024.0,times,operations,3024.0
446,3025.0,on,facility,3025.0
446,3025.0,board,facility,3025.0
476,3031.0,disembarkation,operations,3031.0
477,3031.0,slow,operations,3031.0
483,3032.0,service,operations,3032.0
483,3032.0,onboard,operations,3032.0
484,3032.0,delayed,operations,3032.0
492,3034.0,delayed,operations,3034.0
493,3035.0,nonstop,facility,3035.0
493,3035.0,flight,facility,3035.0
494,3035.0,first,facility,3035.0
494,3035.0,class,facility,3035.0
494,3035.0,service,facility,3035.0
495,3035.0,no,facility,3035.0
495,3035.0,wifi,facility,3035.0
500,3036.0,cleanliness,facility,3036.0
503,3037.0,no,facility,3037.0
503,3037.0,business,facility,3037.0
503,3037.0,class,facility,3037.0
503,3037.0,cabin,facility,3037.0
511,3039.0,on,facility,3039.0
511,3039.0,time,facility,3039.0
512,3039.0,aircraft,facility,3039.0
512,3039.0,communication,facility,3039.0
513,3039.0,atrocious,facility,3039.0
517,3040.0,delayed,facility,3040.0
518,3040.0,delay,facility,3040.0
527,3041.0,technical,facility,3041.0
527,3041.0,issues,facility,3041.0
529,3042.0,on,facility,3042.0
529,3042.0,time,facility,3042.0
547,3045.0,on,facility,3045.0
547,3045.0,time,facility,3045.0
771,3252.0,inflight,operations,3252.0
771,3252.0,service,operations,3252.0
772,3252.0,soothed,operations,3252.0
773,3252.0,enhanced,operations,3252.0
775,3254.0,gimmick,facility,3254.0
775,3254.0,and,facility,3254.0
775,3254.0,a,facility,3254.0
775,3254.0,huge,facility,3254.0
775,3254.0,joke,facility,3254.0
782,3255.0,on,facility,3255.0
782,3255.0,time,facility,3255.0
943,3315.0,aircraft,facility,3315.0
943,3315.0,miniature,facility,3315.0
947,3317.0,good,operations,3317.0
947,3317.0,take,operations,3317.0
947,3317.0,off,operations,3317.0
972,3329.0,shocking,operations,3329.0
972,3329.0,customer,operations,3329.0
972,3329.0,service,operations,3329.0
984,3335.0,very,operations,3335.0
984,3335.0,comfortable,operations,3335.0
985,3336.0,comfortable,operations,3336.0
994,3339.0,service,operations,3339.0
994,3339.0,is,operations,3339.0
994,3339.0,quicker,operations,3339.0
995,3339.0,flight,operations,3339.0
995,3339.0,was,operations,3339.0
995,3339.0,uneventful,operations,3339.0
996,3339.0,relaxing,operations,3339.0
1046,3355.0,no,facility,3355.0
1046,3355.0,wifi,facility,3355.0
1066,3360.0,stopover,facility,3360.0
1066,3360.0,program,facility,3360.0
1083,3363.0,on,operations,3363.0
1083,3363.0,board,operations,3363.0
1083,3363.0,service,operations,3363.0
1084,3363.0,quite,operations,3363.0
1084,3363.0,good,operations,3363.0
1085,3363.0,service,operations,3363.0
1086,3363.0,professional,operations,3363.0
1087,3363.0,attentive,operations,3363.0
1088,3364.0,on,operations,3364.0
1088,3364.0,board,operations,3364.0
1089,3364.0,ring,facility,3364.0
1089,3364.0,for,facility,3364.0
1089,3364.0,service,facility,3364.0
1090,3364.0,ignored,facility,3364.0
1091,3365.0,unorganized,facility,3365.0
1093,3366.0,availability,facility,3366.0
1093,3366.0,of,facility,3366.0
1093,3366.0,wifi,facility,3366.0
1110,3371.0,customer,operations,3371.0
1110,3371.0,service,operations,3371.0
1111,3371.0,best,facility,3371.0
1116,3372.0,on,operations,3372.0
1116,3372.0,board,operations,3372.0
1135,3377.0,good,operations,3377.0
1151,3383.0,good,operations,3383.0
1162,3387.0,service,operations,3387.0
1163,3387.0,frustrating,operations,3387.0
1164,3387.0,boring,operations,3387.0
1165,3388.0,ridiculous,facility,3388.0
1166,3388.0,inexcusable,facility,3388.0
1173,3390.0,quick,operations,3390.0
1174,3390.0,great,operations,3390.0
1174,3390.0,service,operations,3390.0
1175,3390.0,comfort,operations,3390.0
1176,3391.0,good,operations,3391.0
1188,3394.0,business,operations,3394.0
1188,3394.0,class,operations,3394.0
1192,3396.0,the,operations,3396.0
1192,3396.0,poorly,operations,3396.0
1192,3396.0,served,operations,3396.0
1223,3404.0,got,operations,3404.0
1223,3404.0,sheets,operations,3404.0
1229,3405.0,loud,operations,3405.0
1253,3407.0,business,operations,3407.0
1253,3407.0,class,operations,3407.0
1254,3407.0,worst,operations,3407.0
1255,3407.0,not,facility,3407.0
1255,3407.0,provide,facility,3407.0
1255,3407.0,pajamas,facility,3407.0
1256,3407.0,amenity,facility,3407.0
1256,3407.0,kit,facility,3407.0
1256,3407.0,is,facility,3407.0
1256,3407.0,so,facility,3407.0
1256,3407.0,cheap,facility,3407.0
1280,3413.0,defective,operations,3413.0
1280,3413.0,aircraft,operations,3413.0
1286,3415.0,few,facility,3415.0
1286,3415.0,washrooms,facility,3415.0
1293,3418.0,no,operations,3418.0
1293,3418.0,service,operations,3418.0
1313,3424.0,seat,facility,3424.0
1313,3424.0,belt,facility,3424.0
1313,3424.0,was,facility,3424.0
1313,3424.0,really,facility,3424.0
1313,3424.0,sticky,facility,3424.0
1314,3424.0,toilet,facility,3424.0
1315,3424.0,was,facility,3424.0
1315,3424.0,not,facility,3424.0
1315,3424.0,flushed,facility,3424.0
1321,3426.0,welcoming,operations,3426.0
1321,3426.0,refreshments,operations,3426.0
1322,3426.0,good,operations,3426.0
1322,3426.0,choice,operations,3426.0
1322,3426.0,of,operations,3426.0
1322,3426.0,newspapers,operations,3426.0
1323,3427.0,bathroom,facility,3427.0
1323,3427.0,sinks,facility,3427.0
1323,3427.0,were,facility,3427.0
1323,3427.0,not,facility,3427.0
1323,3427.0,working,facility,3427.0
1348,3435.0,service,operations,3435.0
1349,3435.0,wonderful,operations,3435.0
1359,3438.0,toilets,facility,3438.0
1359,3438.0,are,facility,3438.0
1359,3438.0,not,facility,3438.0
1359,3438.0,flushing,facility,3438.0
1360,3439.0,drink,operations,3439.0
1360,3439.0,service,operations,3439.0
1368,3441.0,technical,facility,3441.0
1368,3441.0,issues,facility,3441.0
1369,3442.0,catering,facility,3442.0
1369,3442.0,was,facility,3442.0
1369,3442.0,the,facility,3442.0
1369,3442.0,worst,facility,3442.0
1385,3449.0,magazine,facility,3449.0
1385,3449.0,compartment,facility,3449.0
1389,3451.0,business,operations,3451.0
1389,3451.0,class,operations,3451.0
1390,3451.0,excellent,operations,3451.0
1392,3452.0,great,operations,3452.0
1392,3452.0,deal,operations,3452.0
1399,3455.0,on,operations,3455.0
1399,3455.0,time,operations,3455.0
1400,3455.0,inflight,operations,3455.0
1400,3455.0,catering,operations,3455.0
1400,3455.0,good,operations,3455.0
1404,3457.0,functioning,operations,3457.0
1404,3457.0,like,operations,3457.0
1404,3457.0,a,operations,3457.0
1404,3457.0,clockwork,operations,3457.0
1407,3458.0,without,operations,3458.0
1407,3458.0,wifi,operations,3458.0
1426,3464.0,pper,facility,3464.0
1426,3464.0,deck,facility,3464.0
1426,3464.0,is,facility,3464.0
1426,3464.0,smooth,facility,3464.0
1427,3464.0,service,facility,3464.0
1428,3464.0,not,operations,3464.0
1428,3464.0,impressive,operations,3464.0
1429,3464.0,lack,operations,3464.0
1429,3464.0,of,operations,3464.0
1429,3464.0,wifi,operations,3464.0
1431,3465.0,storage,facility,3465.0
1431,3465.0,container,facility,3465.0
1447,3471.0,blanket,facility,3471.0
1455,3475.0,great,operations,3475.0
1455,3475.0,improvement,operations,3475.0
1455,3475.0,on,operations,3475.0
1455,3475.0,the,operations,3475.0
1455,3475.0,service,operations,3475.0
1458,3476.0,service,operations,3476.0
1458,3476.0,was,operations,3476.0
1458,3476.0,simply,operations,3476.0
1458,3476.0,impeccable,operations,3476.0
1473,3482.0,no,operations,3482.0
1473,3482.0,wifi,operations,3482.0
1511,3499.0,service,operations,3499.0
1511,3499.0,impeccable,operations,3499.0
1512,3500.0,onboard,operations,3500.0
1512,3500.0,wifi,operations,3500.0
1512,3500.0,and,operations,3500.0
1512,3500.0,get,operations,3500.0
1512,3500.0,internet,operations,3500.0
1517,3502.0,service,facility,3502.0
1517,3502.0,was,facility,3502.0
1517,3502.0,equally,facility,3502.0
1517,3502.0,terrible,facility,3502.0
1527,3506.0,bathroom,facility,3506.0
1528,3506.0,filthy,facility,3506.0
1543,3511.0,not,facility,3511.0
1543,3511.0,wifi,facility,3511.0
1543,3511.0,enabled,facility,3511.0
1549,3512.0,not,facility,3512.0
1549,3512.0,wifi,facility,3512.0
1549,3512.0,enabled,facility,3512.0
1560,3515.0,inconvenient,facility,3515.0
1560,3515.0,travelling,facility,3515.0
1561,3515.0,inconvenience,facility,3515.0
1564,3517.0,fetch,facility,3517.0
1564,3517.0,water,facility,3517.0
1564,3517.0,myself,facility,3517.0
1568,3518.0,plenty,facility,3518.0
1568,3518.0,of,facility,3518.0
1568,3518.0,new,facility,3518.0
1568,3518.0,movies,facility,3518.0
1571,3519.0,poor,operations,3519.0
1571,3519.0,quality,operations,3519.0
1571,3519.0,service,operations,3519.0
1601,3528.0,call,operations,3528.0
1601,3528.0,button,operations,3528.0
1601,3528.0,to,operations,3528.0
1601,3528.0,request,operations,3528.0
1654,3541.0,terrible,operations,3541.0
1654,3541.0,inflight,operations,3541.0
1654,3541.0,service,operations,3541.0
1659,3542.0,very,operations,3542.0
1659,3542.0,good,operations,3542.0
1663,3543.0,seat,facility,3543.0
1663,3543.0,belt,facility,3543.0
1663,3543.0,housing,facility,3543.0
1663,3543.0,was,facility,3543.0
1663,3543.0,digging,facility,3543.0
1664,3543.0,no,facility,3543.0
1664,3543.0,charging,facility,3543.0
1664,3543.0,ports,facility,3543.0
1665,3543.0,hospitality,facility,3543.0
1665,3543.0,pack,facility,3543.0
1666,3543.0,small,operations,3543.0
1676,3546.0,irty,facility,3546.0
1676,3546.0,toilets,facility,3546.0
1677,3547.0,perfect,operations,3547.0
1677,3547.0,service,operations,3547.0
1679,3548.0,great,operations,3548.0
1679,3548.0,service,operations,3548.0
1680,3548.0,comfort,operations,3548.0
1693,3552.0,terrible,operations,3552.0
1693,3552.0,service,operations,3552.0
1696,3553.0,usb,operations,3553.0
1696,3553.0,port,operations,3553.0
1696,3553.0,not,operations,3553.0
1696,3553.0,working,operations,3553.0
1703,3556.0,inflight,facility,3556.0
1703,3556.0,poor,facility,3556.0
1703,3556.0,service,facility,3556.0
1705,3557.0,no,facility,3557.0
1705,3557.0,blankets,facility,3557.0
1705,3557.0,supplied,facility,3557.0
1706,3557.0,used,facility,3557.0
1706,3557.0,blankets,facility,3557.0
1707,3557.0,poor,operations,3557.0
1707,3557.0,quality,operations,3557.0
1708,3557.0,no,operations,3557.0
1708,3557.0,customer,operations,3557.0
1708,3557.0,service,operations,3557.0
1709,3558.0,blanket,operations,3558.0
1710,3559.0,s,facility,3559.0
1710,3559.0,no,facility,3559.0
1710,3559.0,service,facility,3559.0
1710,3559.0,available,facility,3559.0
1724,3563.0,toilets,facility,3563.0
1724,3563.0,not,facility,3563.0
1724,3563.0,working,facility,3563.0
1733,3566.0,safety,operations,3566.0
1733,3566.0,demonstration,operations,3566.0
1734,3566.0,inflight,operations,3566.0
1734,3566.0,magazines,operations,3566.0
1735,3566.0,not,facility,3566.0
1735,3566.0,placed,facility,3566.0
1735,3566.0,in,facility,3566.0
1735,3566.0,the,facility,3566.0
1735,3566.0,seat,facility,3566.0
1735,3566.0,pocket,facility,3566.0
1736,3567.0,reading,facility,3567.0
1736,3567.0,lights,facility,3567.0
1737,3567.0,not,facility,3567.0
1737,3567.0,working,facility,3567.0
1756,3573.0,toilets,facility,3573.0
1756,3573.0,they,facility,3573.0
1756,3573.0,were,facility,3573.0
1756,3573.0,gross,facility,3573.0
1760,3574.0,very,operations,3574.0
1760,3574.0,smooth,operations,3574.0
1773,3579.0,uncomfortable,operations,3579.0
1801,3590.0,blanket,facility,3590.0
1802,3590.0,offered,facility,3590.0
1802,3590.0,pyjamas,facility,3590.0
1816,3596.0,horrible,facility,3596.0
1816,3596.0,service,facility,3596.0
1840,3605.0,had,facility,3605.0
1840,3605.0,not,facility,3605.0
1840,3605.0,provided,facility,3605.0
1840,3605.0,the,facility,3605.0
1840,3605.0,infant,facility,3605.0
1840,3605.0,carrier,facility,3605.0
1841,3605.0,no,operations,3605.0
1841,3605.0,air,operations,3605.0
1841,3605.0,supply,operations,3605.0
1842,3606.0,sad,operations,3606.0
1842,3606.0,with,operations,3606.0
1842,3606.0,service,operations,3606.0
1843,3606.0,esponse,operations,3606.0
1843,3606.0,of,operations,3606.0
1843,3606.0,call,operations,3606.0
1844,3607.0,poor,facility,3607.0
1844,3607.0,customer,facility,3607.0
1844,3607.0,service,facility,3607.0
1846,3608.0,blanket,facility,3608.0
1856,3613.0,business,operations,3613.0
1856,3613.0,class,operations,3613.0
1881,3621.0,warm,facility,3621.0
1881,3621.0,blanket,facility,3621.0
1881,3621.0,pyjamas,facility,3621.0
1881,3621.0,and,facility,3621.0
1881,3621.0,a,facility,3621.0
1881,3621.0,nice,facility,3621.0
1881,3621.0,amenity,facility,3621.0
1894,3626.0,service,operations,3626.0
1894,3626.0,was,operations,3626.0
1894,3626.0,unremarkable,operations,3626.0
1903,3630.0,seatbelt,operations,3630.0
1903,3630.0,sign,operations,3630.0
1903,3630.0,was,operations,3630.0
1903,3630.0,on,operations,3630.0
1915,3633.0,poor,operations,3633.0
1915,3633.0,service,operations,3633.0
1921,3637.0,reading,facility,3637.0
1921,3637.0,lights,facility,3637.0
1922,3637.0,not,operations,3637.0
1922,3637.0,work,operations,3637.0
1923,3637.0,customer,facility,3637.0
1923,3637.0,service,facility,3637.0
1923,3637.0,is,facility,3637.0
1923,3637.0,unacceptable,facility,3637.0
1924,3638.0,inflight,facility,3638.0
1924,3638.0,services,facility,3638.0
1924,3638.0,were,facility,3638.0
1924,3638.0,pathetic,facility,3638.0
1925,3638.0,blanket,facility,3638.0
1925,3638.0,was,facility,3638.0
1925,3638.0,forgotten,facility,3638.0
1926,3639.0,excellent,operations,3639.0
1926,3639.0,service,operations,3639.0
1927,3639.0,blankets,facility,3639.0
1937,3643.0,not,operations,3643.0
1937,3643.0,be,operations,3643.0
1937,3643.0,a,operations,3643.0
1937,3643.0,luxurious,operations,3643.0
1937,3643.0,airline,operations,3643.0
1944,3645.0,very,operations,3645.0
1944,3645.0,tight,operations,3645.0
1948,3646.0,run,facility,3646.0
1948,3646.0,out,facility,3646.0
1948,3646.0,of,facility,3646.0
1948,3646.0,toilet,facility,3646.0
1948,3646.0,paper,facility,3646.0
1949,3646.0,paper,facility,3646.0
1949,3646.0,towels,facility,3646.0
1954,3648.0,lack,operations,3648.0
1954,3648.0,hospitality,operations,3648.0
2031,3675.0,horrible,operations,3675.0
2031,3675.0,custom,operations,3675.0
2031,3675.0,service,operations,3675.0
2032,3675.0,service,operations,3675.0
2064,3688.0,wifi,operations,3688.0
2064,3688.0,was,operations,3688.0
2064,3688.0,impossible,operations,3688.0
2064,3688.0,to,operations,3688.0
2064,3688.0,use,operations,3688.0
2066,3689.0,poor,operations,3689.0
2066,3689.0,onboard,operations,3689.0
2066,3689.0,service,operations,3689.0
2085,3696.0,poor,operations,3696.0
2085,3696.0,customer,operations,3696.0
2085,3696.0,service,operations,3696.0
2101,3701.0,ridiculous,facility,3701.0
2102,3702.0,toilet,facility,3702.0
2103,3702.0,toilets,facility,3702.0
2104,3702.0,toilets,facility,3702.0
2105,3702.0,toilet,facility,3702.0
2106,3702.0,toilets,facility,3702.0
2107,3702.0,too,facility,3702.0
2107,3702.0,much,facility,3702.0
2107,3702.0,of,facility,3702.0
2107,3702.0,a,facility,3702.0
2107,3702.0,distance,facility,3702.0
2108,3702.0,toilets,facility,3702.0
2122,3707.0,poor,operations,3707.0
2122,3707.0,maintenance,operations,3707.0
2129,3709.0,dirty,operations,3709.0
2142,3712.0,good,operations,3712.0
2142,3712.0,service,operations,3712.0
2143,3712.0,uncomfortable,operations,3712.0
2148,3713.0,poor,operations,3713.0
2148,3713.0,service,operations,3713.0
2180,3724.0,very,operations,3724.0
2180,3724.0,inept,operations,3724.0
2180,3724.0,and,operations,3724.0
2180,3724.0,unorganized,operations,3724.0
2186,3727.0,bad,operations,3727.0
2186,3727.0,customer,operations,3727.0
2186,3727.0,service,operations,3727.0
2200,3735.0,a,operations,3735.0
2200,3735.0,voucher,operations,3735.0
2219,3739.0,clean,operations,3739.0
2234,3744.0,smooth,operations,3744.0
2234,3744.0,flight,operations,3744.0
2242,3745.0,offered,operations,3745.0
2242,3745.0,vouchers,operations,3745.0
2261,3748.0,ready,operations,3748.0
2261,3748.0,for,operations,3748.0
2261,3748.0,take,operations,3748.0
2261,3748.0,off,operations,3748.0
2284,3859.0,excellent,operations,3859.0
2284,3859.0,service,operations,3859.0
2285,3860.0,harging,facility,3860.0
2285,3860.0,plug,facility,3860.0
2285,3860.0,or,facility,3860.0
2285,3860.0,coat,facility,3860.0
2285,3860.0,hook,facility,3860.0
2286,3860.0,do,facility,3860.0
2286,3860.0,provide,facility,3860.0
2286,3860.0,blanket,facility,3860.0
2286,3860.0,and,facility,3860.0
2286,3860.0,pillow,facility,3860.0
2286,3860.0,seats,facility,3860.0
2287,3860.0,toilets,facility,3860.0
2287,3860.0,were,facility,3860.0
2287,3860.0,clean,facility,3860.0
2300,3866.0,top,operations,3866.0
2300,3866.0,quality,operations,3866.0
2300,3866.0,service,operations,3866.0
2318,3871.0,new,facility,3871.0
2318,3871.0,smart,facility,3871.0
2318,3871.0,bin,facility,3871.0
2339,3964.0,excellent,operations,3964.0
2339,3964.0,service,operations,3964.0
2379,3977.0,service,operations,3977.0
2379,3977.0,was,operations,3977.0
2379,3977.0,excellent,operations,3977.0
2388,3983.0,excellent,operations,3983.0
2388,3983.0,service,operations,3983.0
2389,3983.0,prompt,facility,3983.0
2389,3983.0,service,facility,3983.0
2451,4003.0,toilets,facility,4003.0
2451,4003.0,were,facility,4003.0
2451,4003.0,clean,facility,4003.0
2463,4008.0,customer,operations,4008.0
2463,4008.0,service,operations,4008.0
2464,4008.0,horrible,operations,4008.0
2464,4008.0,customer,operations,4008.0
2464,4008.0,servic,operations,4008.0
2495,4023.0,service,operations,4023.0
2495,4023.0,was,operations,4023.0
2495,4023.0,good,operations,4023.0
2545,4041.0,excellent,operations,4041.0
2545,4041.0,service,operations,4041.0
2577,3755.0,luxury,operations,3755.0
2577,3755.0,treatment,operations,3755.0
2584,3758.0,exceptional,operations,3758.0
2584,3758.0,service,operations,3758.0
2588,3760.0,option,operations,3760.0
2588,3760.0,to,operations,3760.0
2588,3760.0,buy,operations,3760.0
2601,3764.0,hospitality,facility,3764.0
2602,3764.0,service,operations,3764.0
2603,3764.0,service,operations,3764.0
2603,3764.0,standards,operations,3764.0
2603,3764.0,high,operations,3764.0
2610,3767.0,seat,facility,3767.0
2610,3767.0,belt,facility,3767.0
2611,3767.0,special,facility,3767.0
2611,3767.0,safety,facility,3767.0
2611,3767.0,instruction,facility,3767.0
2615,3769.0,seat,facility,3769.0
2615,3769.0,belt,facility,3769.0
2620,3773.0,amazing,operations,3773.0
2620,3773.0,service,operations,3773.0
2621,3773.0,service,operations,3773.0
2621,3773.0,is,operations,3773.0
2621,3773.0,far,operations,3773.0
2621,3773.0,above,operations,3773.0
2624,3775.0,higher,operations,3775.0
2624,3775.0,quality,operations,3775.0
2624,3775.0,of,operations,3775.0
2624,3775.0,service,operations,3775.0
2639,3782.0,exemplary,operations,3782.0
2639,3782.0,service,operations,3782.0
2645,3785.0,seat,facility,3785.0
2645,3785.0,belt,facility,3785.0
2645,3785.0,sign,facility,3785.0
2646,3785.0,not,facility,3785.0
2646,3785.0,switched,facility,3785.0
2646,3785.0,off,facility,3785.0
2647,3785.0,seat,facility,3785.0
2647,3785.0,belt,facility,3785.0
2647,3785.0,sign,facility,3785.0
2647,3785.0,was,facility,3785.0
2647,3785.0,switched,facility,3785.0
2647,3785.0,off,facility,3785.0
2648,3785.0,wash,facility,3785.0
2648,3785.0,room,facility,3785.0
2656,3789.0,excellent,operations,3789.0
2656,3789.0,service,operations,3789.0
2662,3792.0,discount,operations,3792.0
2662,3792.0,vouchers,operations,3792.0
2672,3796.0,nflight,operations,3796.0
2672,3796.0,service,operations,3796.0
2672,3796.0,were,operations,3796.0
2672,3796.0,all,operations,3796.0
2672,3796.0,superb,operations,3796.0
2674,3797.0,wn,operations,3797.0
2674,3797.0,rewards,operations,3797.0
2674,3797.0,program,operations,3797.0
2690,3802.0,coat,facility,3802.0
2690,3802.0,hanger,facility,3802.0
2690,3802.0,hook,facility,3802.0
2691,3802.0,offer,operations,3802.0
2692,3802.0,extra,facility,3802.0
2692,3802.0,pillows,facility,3802.0
2692,3802.0,and,facility,3802.0
2692,3802.0,blankets,facility,3802.0
2693,3802.0,welcome,facility,3802.0
2693,3802.0,drink,facility,3802.0
2694,3802.0,quality,facility,3802.0
2694,3802.0,hospitality,facility,3802.0
2703,3806.0,best,operations,3806.0
2703,3806.0,inflight,operations,3806.0
2703,3806.0,services,operations,3806.0
2704,3806.0,punctual,operations,3806.0
2718,3811.0,fantastic,operations,3811.0
2718,3811.0,service,operations,3811.0
2729,3815.0,restrooms,facility,3815.0
2729,3815.0,clean,facility,3815.0
2733,3817.0,hot,facility,3817.0
2733,3817.0,towel,facility,3817.0
2740,3819.0,great,operations,3819.0
2740,3819.0,service,operations,3819.0
2742,3820.0,hot,facility,3820.0
2742,3820.0,cold,facility,3820.0
2742,3820.0,towel,facility,3820.0
2742,3820.0,service,facility,3820.0
2769,3826.0,face,facility,3826.0
2769,3826.0,wipes,facility,3826.0
2775,3827.0,reading,facility,3827.0
2775,3827.0,stuff,facility,3827.0
2775,3827.0,was,facility,3827.0
2775,3827.0,available,facility,3827.0
2776,3828.0,boarding,facility,3828.0
2776,3828.0,pillows,facility,3828.0
2778,3829.0,comfort,facility,3829.0
2778,3829.0,and,facility,3829.0
2778,3829.0,efficiency,facility,3829.0
2779,3829.0,inflight,operations,3829.0
2779,3829.0,service,operations,3829.0
2780,3829.0,outstanding,operations,3829.0
2783,3831.0,excellent,operations,3831.0
2783,3831.0,service,operations,3831.0
2785,3832.0,infight,operations,3832.0
2785,3832.0,magazine,operations,3832.0
2786,3832.0,wireless,facility,3832.0
2786,3832.0,streaming,facility,3832.0
2786,3832.0,of,facility,3832.0
2786,3832.0,entertainment,facility,3832.0
2787,3832.0,reading,facility,3832.0
2787,3832.0,material,facility,3832.0
2787,3832.0,was,facility,3832.0
2787,3832.0,available,facility,3832.0
2788,3832.0,warm,facility,3832.0
2788,3832.0,towels,facility,3832.0
2795,3834.0,excellent,operations,3834.0
2795,3834.0,service,operations,3834.0
