,id,Seat,Aspect,id_updated
15,2948.0,leg,space,2948.0
15,2948.0,room,space,2948.0
16,2948.0,chose,operations,2948.0
20,2950.0,massage,operations,2950.0
20,2950.0,function,operations,2950.0
21,2950.0,excellent,operations,2950.0
21,2950.0,business,operations,2950.0
21,2950.0,class,operations,2950.0
21,2950.0,seats,operations,2950.0
35,2952.0,comfortable,comfort,2952.0
36,2952.0,lots,space,2952.0
36,2952.0,of,space,2952.0
36,2952.0,legroom,space,2952.0
42,2954.0,cramped,space,2954.0
94,2960.0,empty,operations,2960.0
94,2960.0,seats,operations,2960.0
95,2960.0,extra,operations,2960.0
95,2960.0,seat,operations,2960.0
106,2962.0,seat,operations,2962.0
106,2962.0,rows,operations,2962.0
107,2962.0,inconvenience,operations,2962.0
108,2962.0,small,comfort,2962.0
108,2962.0,comfy,comfort,2962.0
108,2962.0,pillow,comfort,2962.0
109,2962.0,blanket,comfort,2962.0
118,2965.0,seat,space,2965.0
118,2965.0,space,space,2965.0
119,2965.0,very,operations,2965.0
119,2965.0,limited,operations,2965.0
120,2966.0,seat,operations,2966.0
120,2966.0,sockets,operations,2966.0
128,2968.0,cannot,operations,2968.0
128,2968.0,book,operations,2968.0
128,2968.0,a,operations,2968.0
128,2968.0,seat,operations,2968.0
134,2970.0,regular,operations,2970.0
134,2970.0,tourist,operations,2970.0
134,2970.0,class,operations,2970.0
134,2970.0,seat,operations,2970.0
164,2973.0,poor,space,2973.0
164,2973.0,pitc,space,2973.0
165,2973.0,paid,operations,2973.0
165,2973.0,extra,operations,2973.0
165,2973.0,for,operations,2973.0
165,2973.0,exit,operations,2973.0
165,2973.0,row,operations,2973.0
168,2974.0,paid,operations,2974.0
168,2974.0,extra,operations,2974.0
169,2974.0,chose,operations,2974.0
171,2974.0,chose,operations,2974.0
204,2980.0,reserve,operations,2980.0
206,2980.0,aisle,operations,2980.0
206,2980.0,seat,operations,2980.0
230,2983.0,no,operations,2983.0
230,2983.0,seats,operations,2983.0
230,2983.0,available,operations,2983.0
234,2984.0,reseat,operations,2984.0
256,2987.0,close,operations,2987.0
257,2987.0,feel,space,2987.0
257,2987.0,the,space,2987.0
257,2987.0,knees,space,2987.0
257,2987.0,of,space,2987.0
257,2987.0,the,space,2987.0
257,2987.0,passenger,space,2987.0
257,2987.0,behind,space,2987.0
257,2987.0,in,space,2987.0
257,2987.0,your,space,2987.0
257,2987.0,back,space,2987.0
258,2987.0,filled,operations,2987.0
258,2987.0,up,operations,2987.0
258,2987.0,every,operations,2987.0
258,2987.0,seat,operations,2987.0
259,2987.0,left,operations,2987.0
259,2987.0,rows,operations,2987.0
259,2987.0,of,operations,2987.0
259,2987.0,empty,operations,2987.0
259,2987.0,seats,operations,2987.0
315,2996.0,seat,operations,2996.0
315,2996.0,prices,operations,2996.0
316,2996.0,high,operations,2996.0
316,2996.0,side,operations,2996.0
330,2999.0,priority,operations,2999.0
330,2999.0,seats,operations,2999.0
331,2999.0,no,operations,2999.0
331,2999.0,access,operations,2999.0
331,2999.0,to,operations,2999.0
331,2999.0,the,operations,2999.0
331,2999.0,seating,operations,2999.0
331,2999.0,system,operations,2999.0
332,2999.0,bassinet,operations,2999.0
333,2999.0,reserve,operations,2999.0
333,2999.0,the,operations,2999.0
333,2999.0,bassinet,operations,2999.0
334,2999.0,bassinet,operations,2999.0
335,2999.0,bassinet,operations,2999.0
335,2999.0,seat,operations,2999.0
337,2999.0,bassinet,operations,2999.0
337,2999.0,seat,operations,2999.0
338,2999.0,no,operations,2999.0
338,2999.0,bassinet,operations,2999.0
338,2999.0,seats,operations,2999.0
339,2999.0,seat,operations,2999.0
339,2999.0,change,operations,2999.0
340,2999.0,no,operations,2999.0
340,2999.0,extra,operations,2999.0
340,2999.0,seats,operations,2999.0
341,2999.0,could,operations,2999.0
341,2999.0,not,operations,2999.0
341,2999.0,get,operations,2999.0
342,2999.0,bassinet,operations,2999.0
342,2999.0,seats,operations,2999.0
343,2999.0,requested,operations,2999.0
343,2999.0,prioirity,operations,2999.0
343,2999.0,seats,operations,2999.0
344,2999.0,seats,operations,2999.0
345,2999.0,so,space,2999.0
345,2999.0,tight,space,2999.0
346,2999.0,small,space,2999.0
362,3004.0,space,space,3004.0
363,3004.0,legs,space,3004.0
365,3004.0,big,operations,3004.0
365,3004.0,enough,operations,3004.0
369,3006.0,seat,operations,3006.0
369,3006.0,change,operations,3006.0
376,3008.0,comfortable,comfort,3008.0
379,3009.0,covered,operations,3009.0
379,3009.0,in,operations,3009.0
379,3009.0,rubbish,operations,3009.0
383,3010.0,legroom,space,3010.0
384,3010.0,above,operations,3010.0
384,3010.0,average,operations,3010.0
385,3011.0,economy,operations,3011.0
385,3011.0,class,operations,3011.0
385,3011.0,seats,operations,3011.0
386,3011.0,very,space,3011.0
386,3011.0,little,space,3011.0
386,3011.0,leg,space,3011.0
386,3011.0,room,space,3011.0
387,3011.0,seat,space,3011.0
387,3011.0,backs,space,3011.0
388,3011.0,ould,space,3011.0
388,3011.0,not,space,3011.0
388,3011.0,be,space,3011.0
388,3011.0,reclined,space,3011.0
391,3011.0,selling,operations,3011.0
391,3011.0,substandard,operations,3011.0
391,3011.0,seats,operations,3011.0
409,3018.0,bumped,space,3018.0
410,3018.0,bulkhead,space,3018.0
411,3018.0,no,space,3018.0
411,3018.0,recline,space,3018.0
412,3018.0,extra,space,3018.0
412,3018.0,legroom,space,3018.0
414,3018.0,illegal,operations,3018.0
416,3018.0,bulkhead,operations,3018.0
416,3018.0,seats,operations,3018.0
418,3019.0,comfortable,comfort,3019.0
419,3019.0,reclines,space,3019.0
419,3019.0,their,space,3019.0
419,3019.0,seat,space,3019.0
420,3019.0,traytable,operations,3019.0
421,3019.0,too,space,3019.0
421,3019.0,close,space,3019.0
422,3020.0,interruptive,space,3020.0
422,3020.0,leg,space,3020.0
422,3020.0,space,space,3020.0
423,3020.0,tight,space,3020.0
425,3020.0,reclined,space,3020.0
426,3020.0,challenge,operations,3020.0
435,3022.0,comfort,comfort,3022.0
436,3022.0,good,operations,3022.0
446,3025.0,recline,space,3025.0
447,3025.0,great,comfort,3025.0
447,3025.0,comfy,comfort,3025.0
476,3031.0,preferred,operations,3031.0
476,3031.0,seat,operations,3031.0
477,3031.0,empty,operations,3031.0
477,3031.0,seat,operations,3031.0
493,3035.0,seats,comfort,3035.0
493,3035.0,are,comfort,3035.0
493,3035.0,extremely,comfort,3035.0
493,3035.0,uncomfortable,comfort,3035.0
494,3035.0,seats,comfort,3035.0
494,3035.0,extremely,comfort,3035.0
494,3035.0,hard,comfort,3035.0
495,3035.0,change,operations,3035.0
495,3035.0,seats,operations,3035.0
495,3035.0,online,operations,3035.0
496,3035.0,change,operations,3035.0
497,3035.0,aisle,operations,3035.0
497,3035.0,seat,operations,3035.0
503,3037.0,decent,operations,3037.0
503,3037.0,seat,operations,3037.0
547,3045.0,great,space,3045.0
547,3045.0,legroom,space,3045.0
549,3045.0,comfortable,comfort,3045.0
585,3157.0,comfortable,comfort,3157.0
585,3157.0,seats,comfort,3157.0
593,3159.0,clean,operations,3159.0
597,3161.0,three,operations,3161.0
597,3161.0,seats,operations,3161.0
597,3161.0,to,operations,3161.0
597,3161.0,my,operations,3161.0
597,3161.0,self,operations,3161.0
632,3173.0,leg,space,3173.0
632,3173.0,room,space,3173.0
632,3173.0,is,space,3173.0
632,3173.0,extremely,space,3173.0
632,3173.0,small,space,3173.0
633,3173.0,always,space,3173.0
633,3173.0,touching,space,3173.0
633,3173.0,adjacent,space,3173.0
633,3173.0,travellers,space,3173.0
634,3173.0,uncomfortable,comfort,3173.0
635,3173.0,small,space,3173.0
635,3173.0,leg,space,3173.0
635,3173.0,room,space,3173.0
635,3173.0,and,space,3173.0
635,3173.0,arm,space,3173.0
635,3173.0,rests,space,3173.0
636,3174.0,separate,space,3174.0
636,3174.0,seats,space,3174.0
640,3175.0,plenty,space,3175.0
640,3175.0,of,space,3175.0
640,3175.0,leg,space,3175.0
640,3175.0,room,space,3175.0
649,3179.0,seat,comfort,3179.0
649,3179.0,was,comfort,3179.0
649,3179.0,comfortable,comfort,3179.0
650,3179.0,legroom,space,3179.0
650,3179.0,was,space,3179.0
650,3179.0,better,space,3179.0
653,3180.0,offer,operations,3180.0
653,3180.0,me,operations,3180.0
653,3180.0,middle,operations,3180.0
653,3180.0,seat,operations,3180.0
666,3183.0,thirty,space,3183.0
666,3183.0,inch,space,3183.0
666,3183.0,seat,space,3183.0
666,3183.0,pitch,space,3183.0
667,3183.0,comfy,comfort,3183.0
710,3200.0,seat,comfort,3200.0
710,3200.0,not,comfort,3200.0
710,3200.0,comfortable,comfort,3200.0
712,3201.0,best,operations,3201.0
712,3201.0,economy,operations,3201.0
712,3201.0,class,operations,3201.0
712,3201.0,legroom,operations,3201.0
715,3202.0,nice,comfort,3202.0
715,3202.0,and,comfort,3202.0
715,3202.0,comfortable,comfort,3202.0
717,3202.0,great,space,3202.0
717,3202.0,legroom,space,3202.0
782,3255.0,seats,comfort,3255.0
782,3255.0,are,comfort,3255.0
782,3255.0,quite,comfort,3255.0
782,3255.0,comfortable,comfort,3255.0
783,3255.0,legroom,space,3255.0
783,3255.0,is,space,3255.0
783,3255.0,quite,space,3255.0
783,3255.0,small,space,3255.0
784,3256.0,choose,operations,3256.0
784,3256.0,a,operations,3256.0
784,3256.0,seat,operations,3256.0
785,3256.0,recline,space,3256.0
786,3256.0,distance,space,3256.0
786,3256.0,between,space,3256.0
786,3256.0,the,space,3256.0
786,3256.0,seats,space,3256.0
786,3256.0,are,space,3256.0
786,3256.0,tiny,space,3256.0
795,3260.0,seats,space,3260.0
795,3260.0,can,space,3260.0
795,3260.0,recline,space,3260.0
795,3260.0,legroom,space,3260.0
795,3260.0,is,space,3260.0
795,3260.0,terrible,space,3260.0
799,3261.0,excessive,operations,3261.0
799,3261.0,seat,operations,3261.0
799,3261.0,rows,operations,3261.0
800,3261.0,extremely,operations,3261.0
800,3261.0,tiny,operations,3261.0
800,3261.0,seats,operations,3261.0
825,3271.0,orderly,comfort,3271.0
825,3271.0,seats,comfort,3271.0
825,3271.0,were,comfort,3271.0
825,3271.0,comfortable,comfort,3271.0
851,3284.0,very,space,3284.0
851,3284.0,crowded,space,3284.0
852,3285.0,normal,space,3285.0
852,3285.0,seat,space,3285.0
852,3285.0,available,space,3285.0
853,3285.0,very,space,3285.0
853,3285.0,costly,space,3285.0
858,3287.0,physically,space,3287.0
858,3287.0,bruising,space,3287.0
858,3287.0,my,space,3287.0
858,3287.0,knees,space,3287.0
859,3287.0,legroom,space,3287.0
859,3287.0,is,space,3287.0
859,3287.0,that,space,3287.0
859,3287.0,short,space,3287.0
860,3287.0,extra,space,3287.0
860,3287.0,legroom,space,3287.0
860,3287.0,seats,space,3287.0
861,3287.0,extra,space,3287.0
861,3287.0,legroom,space,3287.0
861,3287.0,seat,space,3287.0
866,3289.0,knees,space,3289.0
866,3289.0,were,space,3289.0
866,3289.0,touching,space,3289.0
866,3289.0,the,space,3289.0
866,3289.0,back,space,3289.0
866,3289.0,of,space,3289.0
866,3289.0,the,space,3289.0
866,3289.0,seat,space,3289.0
867,3289.0,no,space,3289.0
867,3289.0,leg,space,3289.0
867,3289.0,room,space,3289.0
868,3289.0,choosing,operations,3289.0
868,3289.0,a,operations,3289.0
868,3289.0,sea,operations,3289.0
912,3304.0,seats,comfort,3304.0
912,3304.0,really,comfort,3304.0
912,3304.0,comfortable,comfort,3304.0
918,3306.0,elegant,space,3306.0
918,3306.0,leather,space,3306.0
918,3306.0,seats,space,3306.0
922,3308.0,comfortable,comfort,3308.0
922,3308.0,seats,comfort,3308.0
934,3313.0,side,operations,3313.0
934,3313.0,by,operations,3313.0
934,3313.0,side,operations,3313.0
934,3313.0,seats,operations,3313.0
945,3316.0,seatead,operations,3316.0
945,3316.0,next,operations,3316.0
946,3316.0,check,operations,3316.0
946,3316.0,in,operations,3316.0
948,3318.0,aisle,operations,3318.0
948,3318.0,seats,operations,3318.0
949,3318.0,seat,operations,3318.0
949,3318.0,remained,operations,3318.0
949,3318.0,vacant,operations,3318.0
950,3318.0,booking,operations,3318.0
950,3318.0,seat,operations,3318.0
959,3322.0,seats,comfort,3322.0
959,3322.0,comfortable,comfort,3322.0
963,3324.0,good,space,3324.0
963,3324.0,seating,space,3324.0
963,3324.0,distance,space,3324.0
966,3326.0,legroom,space,3326.0
967,3326.0,below,operations,3326.0
967,3326.0,average,operations,3326.0
982,3333.0,vacant,operations,3333.0
983,3334.0,very,comfort,3334.0
983,3334.0,small,comfort,3334.0
983,3334.0,and,comfort,3334.0
983,3334.0,comfortable,comfort,3334.0
984,3335.0,very,space,3335.0
984,3335.0,small,space,3335.0
994,3339.0,hot,operations,3339.0
994,3339.0,seats,operations,3339.0
997,3340.0,frontal,operations,3340.0
997,3340.0,hot,operations,3340.0
997,3340.0,seats,operations,3340.0
1004,3341.0,very,comfort,3341.0
1004,3341.0,uncomfortable,comfort,3341.0
1006,3342.0,seating,space,3342.0
1006,3342.0,is,space,3342.0
1006,3342.0,cramped,space,3342.0
1016,3346.0,no,space,3346.0
1016,3346.0,space,space,3346.0
1016,3346.0,for,space,3346.0
1016,3346.0,your,space,3346.0
1016,3346.0,legs,space,3346.0
1017,3347.0,assigned,operations,3347.0
1017,3347.0,seats,operations,3347.0
1022,3348.0,error,operations,3348.0
1044,3354.0,seat,space,3354.0
1044,3354.0,are,space,3354.0
1044,3354.0,too,space,3354.0
1044,3354.0,narrow,space,3354.0
1045,3354.0,knees,space,3354.0
1045,3354.0,touch,space,3354.0
1045,3354.0,front,space,3354.0
1045,3354.0,seat,space,3354.0
1046,3355.0,pushback,operations,3355.0
1047,3355.0,broke,operations,3355.0
1047,3355.0,down,operations,3355.0
1048,3356.0,pleasant,comfort,3356.0
1048,3356.0,comfortable,comfort,3356.0
1058,3358.0,seats,space,3358.0
1058,3358.0,cramped,space,3358.0
1066,3360.0,aisle,operations,3360.0
1066,3360.0,seat,operations,3360.0
1083,3363.0,seating,comfort,3363.0
1083,3363.0,configuration,comfort,3363.0
1083,3363.0,is,comfort,3363.0
1083,3363.0,extremely,comfort,3363.0
1083,3363.0,uncomfortable,comfort,3363.0
1085,3363.0,very,comfort,3363.0
1085,3363.0,narrow,comfort,3363.0
1085,3363.0,and,comfort,3363.0
1085,3363.0,uncomfortable,comfort,3363.0
1088,3364.0,very,comfort,3364.0
1088,3364.0,uncomfortable,comfort,3364.0
1092,3365.0,paid,operations,3365.0
1096,3367.0,seat,comfort,3367.0
1096,3367.0,was,comfort,3367.0
1096,3367.0,comfortable,comfort,3367.0
1117,3372.0,complain,operations,3372.0
1118,3373.0,three,operations,3373.0
1118,3373.0,seats,operations,3373.0
1118,3373.0,to,operations,3373.0
1118,3373.0,myself,operations,3373.0
1128,3375.0,row,operations,3375.0
1128,3375.0,preferred,operations,3375.0
1128,3375.0,seating,operations,3375.0
1129,3375.0,seats,operations,3375.0
1129,3375.0,didnâ€™t,operations,3375.0
1129,3375.0,recline,operations,3375.0
1130,3375.0,bulkhead,operations,3375.0
1130,3375.0,seats,operations,3375.0
1151,3383.0,very,space,3383.0
1151,3383.0,pleasantly,space,3383.0
1151,3383.0,surprised,space,3383.0
1151,3383.0,by,space,3383.0
1151,3383.0,the,space,3383.0
1151,3383.0,leg,space,3383.0
1151,3383.0,room,space,3383.0
1170,3389.0,very,comfort,3389.0
1170,3389.0,hard,comfort,3389.0
1170,3389.0,seat,comfort,3389.0
1174,3390.0,very,comfort,3390.0
1174,3390.0,comfy,comfort,3390.0
1205,3399.0,preferred,operations,3399.0
1205,3399.0,seating,operations,3399.0
1206,3399.0,no,operations,3399.0
1206,3399.0,addition,operations,3399.0
1206,3399.0,cost,operations,3399.0
1207,3399.0,seat,comfort,3399.0
1207,3399.0,comfort,comfort,3399.0
1207,3399.0,is,comfort,3399.0
1207,3399.0,terrible,comfort,3399.0
1218,3402.0,seat,space,3402.0
1218,3402.0,leg,space,3402.0
1218,3402.0,room,space,3402.0
1219,3402.0,smaller,space,3402.0
1229,3405.0,aisle,operations,3405.0
1229,3405.0,sea,operations,3405.0
1230,3405.0,changed,operations,3405.0
1231,3405.0,window,operations,3405.0
1231,3405.0,seat,operations,3405.0
1232,3405.0,best,operations,3405.0
1232,3405.0,seat,operations,3405.0
1233,3406.0,dirty,operations,3406.0
1233,3406.0,worn,operations,3406.0
1233,3406.0,out,operations,3406.0
1233,3406.0,seats,operations,3406.0
1253,3407.0,uncomfortable,comfort,3407.0
1255,3407.0,extremely,comfort,3407.0
1255,3407.0,hard,comfort,3407.0
1256,3407.0,hitting,space,3407.0
1256,3407.0,the,space,3407.0
1256,3407.0,table,space,3407.0
1257,3408.0,seats,space,3408.0
1257,3408.0,are,space,3408.0
1257,3408.0,narrow,space,3408.0
1258,3408.0,not,space,3408.0
1258,3408.0,much,space,3408.0
1258,3408.0,legroom,space,3408.0
1264,3410.0,not,operations,3410.0
1264,3410.0,free,operations,3410.0
1265,3411.0,business,operations,3411.0
1265,3411.0,class,operations,3411.0
1265,3411.0,seat,operations,3411.0
1280,3413.0,recline,operations,3413.0
1280,3413.0,old,operations,3413.0
1280,3413.0,seats,operations,3413.0
1281,3413.0,wonky,operations,3413.0
1282,3413.0,tray,operations,3413.0
1282,3413.0,tables,operations,3413.0
1286,3415.0,seat,comfort,3415.0
1286,3415.0,comfort,comfort,3415.0
1286,3415.0,terrible,comfort,3415.0
1287,3415.0,seats,space,3415.0
1287,3415.0,are,space,3415.0
1287,3415.0,too,space,3415.0
1287,3415.0,tight,space,3415.0
1290,3417.0,bigger,operations,3417.0
1290,3417.0,seats,operations,3417.0
1293,3418.0,comfortable,comfort,3418.0
1293,3418.0,lie,comfort,3418.0
1293,3418.0,flat,comfort,3418.0
1293,3418.0,seats,comfort,3418.0
1304,3420.0,middle,operations,3420.0
1304,3420.0,seat,operations,3420.0
1305,3421.0,seatback,operations,3421.0
1305,3421.0,pockets,operations,3421.0
1305,3421.0,were,operations,3421.0
1305,3421.0,average,operations,3421.0
1307,3421.0,not,comfort,3421.0
1307,3421.0,very,comfort,3421.0
1307,3421.0,comfortable,comfort,3421.0
1308,3421.0,recline,space,3421.0
1308,3421.0,was,space,3421.0
1308,3421.0,average,space,3421.0
1313,3424.0,seats,comfort,3424.0
1313,3424.0,were,comfort,3424.0
1313,3424.0,comfortable,comfort,3424.0
1332,3430.0,changed,operations,3430.0
1332,3430.0,my,operations,3430.0
1332,3430.0,seat,operations,3430.0
1333,3430.0,window,operations,3430.0
1333,3430.0,seat,operations,3430.0
1334,3430.0,engine,operations,3430.0
1334,3430.0,seat,operations,3430.0
1341,3432.0,all,operations,3432.0
1341,3432.0,categories,operations,3432.0
1343,3433.0,seat,operations,3433.0
1343,3433.0,was,operations,3433.0
1343,3433.0,broken,operations,3433.0
1349,3435.0,big,operations,3435.0
1349,3435.0,seat,operations,3435.0
1350,3435.0,very,comfort,3435.0
1350,3435.0,comfy,comfort,3435.0
1355,3437.0,extra,space,3437.0
1355,3437.0,legroom,space,3437.0
1356,3437.0,preferred,operations,3437.0
1356,3437.0,seating,operations,3437.0
1357,3437.0,booked,operations,3437.0
1357,3437.0,the,operations,3437.0
1357,3437.0,same,operations,3437.0
1357,3437.0,seats,operations,3437.0
1369,3442.0,armrest,operations,3442.0
1389,3451.0,flat,space,3451.0
1389,3451.0,bed,space,3451.0
1389,3451.0,seats,space,3451.0
1390,3451.0,very,comfort,3451.0
1390,3451.0,comfortable,comfort,3451.0
1393,3452.0,angled,operations,3452.0
1393,3452.0,flat,operations,3452.0
1393,3452.0,seats,operations,3452.0
1399,3455.0,delay,operations,3455.0
1399,3455.0,seat,operations,3455.0
1399,3455.0,allocations,operations,3455.0
1405,3457.0,fixblocked,operations,3457.0
1405,3457.0,back,operations,3457.0
1406,3457.0,very,space,3457.0
1406,3457.0,good,space,3457.0
1406,3457.0,seat,space,3457.0
1406,3457.0,pitch,space,3457.0
1426,3464.0,dirty,operations,3464.0
1426,3464.0,seat,operations,3464.0
1427,3464.0,stains,operations,3464.0
1427,3464.0,and,operations,3464.0
1427,3464.0,crumbs,operations,3464.0
1428,3464.0,seat,operations,3464.0
1428,3464.0,is,operations,3464.0
1428,3464.0,not,operations,3464.0
1428,3464.0,a,operations,3464.0
1428,3464.0,fullflat,operations,3464.0
1429,3464.0,limited,space,3464.0
1429,3464.0,recline,space,3464.0
1430,3464.0,quite,space,3464.0
1430,3464.0,cramped,space,3464.0
1431,3465.0,intimate,space,3465.0
1431,3465.0,space,space,3465.0
1432,3465.0,warm,space,3465.0
1432,3465.0,space,space,3465.0
1433,3465.0,window,operations,3465.0
1433,3465.0,sea,operations,3465.0
1438,3467.0,comfortable,comfort,3467.0
1438,3467.0,seat,comfort,3467.0
1444,3470.0,comfortably,comfort,3470.0
1445,3470.0,seats,comfort,3470.0
1445,3470.0,were,comfort,3470.0
1445,3470.0,not,comfort,3470.0
1445,3470.0,specially,comfort,3470.0
1445,3470.0,comfortable,comfort,3470.0
1446,3470.0,legroom,space,3470.0
1446,3470.0,very,space,3470.0
1446,3470.0,short,space,3470.0
1446,3470.0,very,space,3470.0
1449,3472.0,legroom,space,3472.0
1449,3472.0,was,space,3472.0
1449,3472.0,insufficient,space,3472.0
1450,3472.0,mpty,operations,3472.0
1450,3472.0,the,operations,3472.0
1450,3472.0,seat,operations,3472.0
1450,3472.0,pocket,operations,3472.0
1454,3474.0,disabled,operations,3474.0
1454,3474.0,reserved,operations,3474.0
1454,3474.0,seat,operations,3474.0
1461,3477.0,great,space,3477.0
1461,3477.0,amount,space,3477.0
1461,3477.0,of,space,3477.0
1461,3477.0,space,space,3477.0
1462,3477.0,really,comfort,3477.0
1462,3477.0,comfortable,comfort,3477.0
1463,3478.0,pay,operations,3478.0
1463,3478.0,for,operations,3478.0
1463,3478.0,seats,operations,3478.0
1464,3478.0,do,operations,3478.0
1464,3478.0,not,operations,3478.0
1464,3478.0,pay,operations,3478.0
1465,3478.0,middle,operations,3478.0
1465,3478.0,seats,operations,3478.0
1467,3479.0,little,space,3479.0
1467,3479.0,cramped,space,3479.0
1476,3483.0,cannot,space,3483.0
1476,3483.0,recline,space,3483.0
1477,3483.0,seats,comfort,3483.0
1477,3483.0,are,comfort,3483.0
1477,3483.0,small,comfort,3483.0
1482,3487.0,seats,space,3487.0
1482,3487.0,are,space,3487.0
1482,3487.0,surprisingly,space,3487.0
1482,3487.0,spacious,space,3487.0
1483,3487.0,comfortable,comfort,3487.0
1497,3493.0,leg,space,3493.0
1497,3493.0,room,space,3493.0
1497,3493.0,was,space,3493.0
1497,3493.0,not,space,3493.0
1497,3493.0,very,space,3493.0
1497,3493.0,good,space,3493.0
1503,3496.0,different,operations,3496.0
1503,3496.0,seats,operations,3496.0
1504,3496.0,seats,comfort,3496.0
1504,3496.0,were,comfort,3496.0
1504,3496.0,very,comfort,3496.0
1504,3496.0,uncomfortable,comfort,3496.0
1505,3496.0,terrible,space,3496.0
1505,3496.0,leg,space,3496.0
1505,3496.0,room,space,3496.0
1506,3496.0,seat,operations,3496.0
1506,3496.0,discomfort,operations,3496.0
1512,3500.0,new,operations,3500.0
1512,3500.0,seat,operations,3500.0
1513,3500.0,free,operations,3500.0
1513,3500.0,usb,operations,3500.0
1513,3500.0,port,operations,3500.0
1513,3500.0,is,operations,3500.0
1513,3500.0,at,operations,3500.0
1513,3500.0,every,operations,3500.0
1513,3500.0,seat,operations,3500.0
1517,3502.0,old,operations,3502.0
1517,3502.0,disgusting,operations,3502.0
1517,3502.0,fabric,operations,3502.0
1517,3502.0,seats,operations,3502.0
1523,3504.0,painless,comfort,3504.0
1523,3504.0,seating,comfort,3504.0
1524,3504.0,uncomfortable,comfort,3504.0
1527,3506.0,dated,operations,3506.0
1528,3506.0,worn,operations,3506.0
1529,3506.0,seat,operations,3506.0
1529,3506.0,covers,operations,3506.0
1530,3506.0,ill,operations,3506.0
1530,3506.0,fitting,operations,3506.0
1532,3507.0,narrow,comfort,3507.0
1532,3507.0,uncomfortable,comfort,3507.0
1532,3507.0,seats,comfort,3507.0
1534,3508.0,seats,operations,3508.0
1534,3508.0,that,operations,3508.0
1534,3508.0,were,operations,3508.0
1534,3508.0,super,operations,3508.0
1534,3508.0,old,operations,3508.0
1535,3508.0,uncomfortable,comfort,3508.0
1538,3509.0,comfortable,comfort,3509.0
1538,3509.0,seating,comfort,3509.0
1539,3509.0,flight,operations,3509.0
1539,3509.0,attendant,operations,3509.0
1539,3509.0,call,operations,3509.0
1539,3509.0,button,operations,3509.0
1540,3510.0,extra,space,3510.0
1540,3510.0,legroom,space,3510.0
1540,3510.0,seat,space,3510.0
1543,3511.0,seat,comfort,3511.0
1543,3511.0,is,comfort,3511.0
1543,3511.0,in,comfort,3511.0
1543,3511.0,a,comfort,3511.0
1543,3511.0,hard,comfort,3511.0
1543,3511.0,shell,comfort,3511.0
1544,3511.0,slides,space,3511.0
1544,3511.0,forward,space,3511.0
1544,3511.0,to,space,3511.0
1544,3511.0,recline,space,3511.0
1545,3511.0,full,space,3511.0
1545,3511.0,recline,space,3511.0
1546,3511.0,seat,operations,3511.0
1546,3511.0,was,operations,3511.0
1546,3511.0,slightly,operations,3511.0
1546,3511.0,broken,operations,3511.0
1547,3511.0,ot,space,3511.0
1547,3511.0,recline,space,3511.0
1547,3511.0,fully,space,3511.0
1548,3511.0,seat,comfort,3511.0
1548,3511.0,comfortable,comfort,3511.0
1549,3512.0,seat,space,3512.0
1549,3512.0,slides,space,3512.0
1549,3512.0,forward,space,3512.0
1549,3512.0,to,space,3512.0
1549,3512.0,recline,space,3512.0
1550,3512.0,seat,operations,3512.0
1550,3512.0,to,operations,3512.0
1550,3512.0,be,operations,3512.0
1550,3512.0,slightly,operations,3512.0
1550,3512.0,broken,operations,3512.0
1551,3512.0,not,space,3512.0
1551,3512.0,recline,space,3512.0
1552,3512.0,comfortable,comfort,3512.0
1564,3517.0,space,comfort,3517.0
1564,3517.0,around,comfort,3517.0
1564,3517.0,the,comfort,3517.0
1564,3517.0,seat,comfort,3517.0
1564,3517.0,is,comfort,3517.0
1564,3517.0,just,comfort,3517.0
1564,3517.0,a,comfort,3517.0
1564,3517.0,horrendous,comfort,3517.0
1565,3517.0,good,operations,3517.0
1565,3517.0,seat,operations,3517.0
1566,3517.0,seating,comfort,3517.0
1566,3517.0,being,comfort,3517.0
1566,3517.0,very,comfort,3517.0
1566,3517.0,hard,comfort,3517.0
1568,3518.0,comfortable,comfort,3518.0
1568,3518.0,seat,comfort,3518.0
1573,3520.0,seat,operations,3520.0
1573,3520.0,number,operations,3520.0
1581,3522.0,seated,operations,3522.0
1581,3522.0,together,operations,3522.0
1582,3522.0,extra,operations,3522.0
1582,3522.0,cost,operations,3522.0
1583,3522.0,change,operations,3522.0
1583,3522.0,our,operations,3522.0
1583,3522.0,seat,operations,3522.0
1584,3522.0,seat,operations,3522.0
1584,3522.0,on,operations,3522.0
1584,3522.0,upper,operations,3522.0
1584,3522.0,deck,operations,3522.0
1585,3522.0,charge,operations,3522.0
1585,3522.0,for,operations,3522.0
1585,3522.0,seat,operations,3522.0
1586,3523.0,seats,space,3523.0
1586,3523.0,was,space,3523.0
1586,3523.0,better,space,3523.0
1591,3525.0,extremely,space,3525.0
1591,3525.0,small,space,3525.0
1591,3525.0,and,space,3525.0
1591,3525.0,seating,space,3525.0
1592,3525.0,not,comfort,3525.0
1592,3525.0,very,comfort,3525.0
1592,3525.0,comfortable,comfort,3525.0
1595,3526.0,barely,operations,3526.0
1595,3526.0,fit,operations,3526.0
1595,3526.0,to,operations,3526.0
1595,3526.0,the,operations,3526.0
1595,3526.0,window,operations,3526.0
1595,3526.0,seat,operations,3526.0
1596,3526.0,no,space,3526.0
1596,3526.0,way,space,3526.0
1596,3526.0,to,space,3526.0
1596,3526.0,stretch,space,3526.0
1596,3526.0,the,space,3526.0
1596,3526.0,legs,space,3526.0
1601,3528.0,spacious,space,3528.0
1602,3528.0,adequate,space,3528.0
1602,3528.0,legroom,space,3528.0
1615,3533.0,not,operations,3533.0
1615,3533.0,select,operations,3533.0
1615,3533.0,seats,operations,3533.0
1617,3533.0,two,operations,3533.0
1617,3533.0,different,operations,3533.0
1617,3533.0,areas,operations,3533.0
1618,3534.0,reclining,space,3534.0
1618,3534.0,seat,space,3534.0
1626,3536.0,felt,space,3536.0
1626,3536.0,cramped,space,3536.0
1627,3536.0,extra,space,3536.0
1627,3536.0,legroom,space,3536.0
1634,3537.0,flat,comfort,3537.0
1634,3537.0,bed,comfort,3537.0
1635,3537.0,reasonably,comfort,3537.0
1635,3537.0,comfortable,comfort,3537.0
1636,3537.0,good,comfort,3537.0
1637,3537.0,lie,comfort,3537.0
1637,3537.0,flat,comfort,3537.0
1637,3537.0,bed,comfort,3537.0
1638,3538.0,seats,comfort,3538.0
1638,3538.0,were,comfort,3538.0
1638,3538.0,comfortable,comfort,3538.0
1641,3539.0,uncomfortable,comfort,3539.0
1642,3539.0,very,comfort,3539.0
1642,3539.0,comfortable,comfort,3539.0
1642,3539.0,better,comfort,3539.0
1642,3539.0,seats,comfort,3539.0
1646,3540.0,separate,operations,3540.0
1646,3540.0,seats,operations,3540.0
1647,3540.0,seats,operations,3540.0
1647,3540.0,not,operations,3540.0
1647,3540.0,even,operations,3540.0
1647,3540.0,together,operations,3540.0
1648,3540.0,new,operations,3540.0
1648,3540.0,seats,operations,3540.0
1649,3540.0,upgraded,operations,3540.0
1649,3540.0,seats,operations,3540.0
1650,3540.0,chair,operations,3540.0
1651,3540.0,did,space,3540.0
1651,3540.0,not,space,3540.0
1651,3540.0,recline,space,3540.0
1652,3540.0,seat,operations,3540.0
1652,3540.0,reallocation,operations,3540.0
1659,3542.0,seat,comfort,3542.0
1660,3542.0,very,comfort,3542.0
1660,3542.0,comfortable,comfort,3542.0
1661,3542.0,slept,comfort,3542.0
1661,3542.0,like,comfort,3542.0
1661,3542.0,a,comfort,3542.0
1661,3542.0,baby,comfort,3542.0
1663,3543.0,business,operations,3543.0
1663,3543.0,class,operations,3543.0
1663,3543.0,pods,operations,3543.0
1664,3543.0,conventional,operations,3543.0
1664,3543.0,seats,operations,3543.0
1665,3543.0,seat,comfort,3543.0
1665,3543.0,was,comfort,3543.0
1665,3543.0,very,comfort,3543.0
1665,3543.0,uncomfortable,comfort,3543.0
1666,3543.0,arm,operations,3543.0
1666,3543.0,rest,operations,3543.0
1667,3543.0,space,space,3543.0
1667,3543.0,to,space,3543.0
1667,3543.0,eat,space,3543.0
1667,3543.0,was,space,3543.0
1667,3543.0,cramped,space,3543.0
1672,3545.0,much,space,3545.0
1672,3545.0,legroom,space,3545.0
1673,3545.0,nice,comfort,3545.0
1673,3545.0,seats,comfort,3545.0
1676,3546.0,very,space,3546.0
1676,3546.0,limited,space,3546.0
1676,3546.0,leg,space,3546.0
1676,3546.0,room,space,3546.0
1679,3548.0,very,comfort,3548.0
1679,3548.0,hard,comfort,3548.0
1679,3548.0,seat,comfort,3548.0
1696,3553.0,arm,comfort,3553.0
1696,3553.0,rest,comfort,3553.0
1696,3553.0,was,comfort,3553.0
1696,3553.0,falling,comfort,3553.0
1700,3555.0,uncomfortable,comfort,3555.0
1710,3559.0,buzzer,operations,3559.0
1720,3562.0,exit,operations,3562.0
1720,3562.0,row,operations,3562.0
1720,3562.0,seat,operations,3562.0
1721,3562.0,good,comfort,3562.0
1721,3562.0,and,comfort,3562.0
1721,3562.0,comfortable,comfort,3562.0
1724,3563.0,comfortable,comfort,3563.0
1733,3566.0,comfortable,comfort,3566.0
1736,3567.0,seats,comfort,3567.0
1736,3567.0,were,comfort,3567.0
1736,3567.0,not,comfort,3567.0
1736,3567.0,comfortable,comfort,3567.0
1737,3567.0,call,operations,3567.0
1737,3567.0,buttons,operations,3567.0
1743,3568.0,pushing,operations,3568.0
1743,3568.0,back,operations,3568.0
1747,3569.0,regretting,operations,3569.0
1753,3572.0,seats,comfort,3572.0
1753,3572.0,were,comfort,3572.0
1753,3572.0,comfortable,comfort,3572.0
1756,3573.0,seats,operations,3573.0
1756,3573.0,were,operations,3573.0
1756,3573.0,damaged,operations,3573.0
1756,3573.0,or,operations,3573.0
1756,3573.0,squeaky,operations,3573.0
1757,3573.0,tray,operations,3573.0
1757,3573.0,tables,operations,3573.0
1757,3573.0,broke,operations,3573.0
1758,3573.0,etting,operations,3573.0
1758,3573.0,to,operations,3573.0
1758,3573.0,hold,operations,3573.0
1758,3573.0,books,operations,3573.0
1758,3573.0,ipad,operations,3573.0
1758,3573.0,etc,operations,3573.0
1758,3573.0,broke,operations,3573.0
1759,3573.0,seat,operations,3573.0
1759,3573.0,was,operations,3573.0
1759,3573.0,broke,operations,3573.0
1762,3575.0,best,space,3575.0
1762,3575.0,leg,space,3575.0
1762,3575.0,room,space,3575.0
1765,3576.0,torn,comfort,3576.0
1765,3576.0,back,comfort,3576.0
1765,3576.0,pockets,comfort,3576.0
1766,3577.0,comfortable,comfort,3577.0
1774,3580.0,unclean,operations,3580.0
1774,3580.0,seat,operations,3580.0
1775,3581.0,reserve,operations,3581.0
1775,3581.0,my,operations,3581.0
1775,3581.0,seats,operations,3581.0
1776,3581.0,window,operations,3581.0
1776,3581.0,seats,operations,3581.0
1779,3581.0,priority,operations,3581.0
1780,3581.0,seats,operations,3581.0
1780,3581.0,online,operations,3581.0
1789,3585.0,comfortable,comfort,3585.0
1789,3585.0,seats,comfort,3585.0
1790,3585.0,excellent,comfort,3585.0
1790,3585.0,beds,comfort,3585.0
1796,3588.0,tray,operations,3588.0
1796,3588.0,table,operations,3588.0
1796,3588.0,was,operations,3588.0
1796,3588.0,filthy,operations,3588.0
1797,3588.0,bits,operations,3588.0
1797,3588.0,of,operations,3588.0
1797,3588.0,dried,operations,3588.0
1797,3588.0,up,operations,3588.0
1797,3588.0,food,operations,3588.0
1797,3588.0,stuck,operations,3588.0
1802,3590.0,crisp,comfort,3590.0
1802,3590.0,cotton,comfort,3590.0
1802,3590.0,covered,comfort,3590.0
1802,3590.0,quilts,comfort,3590.0
1822,3599.0,couldnt,operations,3599.0
1822,3599.0,assign,operations,3599.0
1822,3599.0,me,operations,3599.0
1822,3599.0,a,operations,3599.0
1822,3599.0,seat,operations,3599.0
1825,3600.0,seats,comfort,3600.0
1825,3600.0,were,comfort,3600.0
1825,3600.0,in,comfort,3600.0
1825,3600.0,horrible,comfort,3600.0
1825,3600.0,condition,comfort,3600.0
1826,3600.0,arm,comfort,3600.0
1826,3600.0,rests,comfort,3600.0
1826,3600.0,were,comfort,3600.0
1826,3600.0,broken,comfort,3600.0
1827,3600.0,cracked,operations,3600.0
1827,3600.0,dangerously,operations,3600.0
1828,3600.0,hazard,operations,3600.0
1841,3605.0,not,space,3605.0
1841,3605.0,have,space,3605.0
1841,3605.0,recline,space,3605.0
1846,3608.0,seat,space,3608.0
1846,3608.0,canâ€™t,space,3608.0
1846,3608.0,push,space,3608.0
1846,3608.0,back,space,3608.0
1857,3613.0,comfortably,comfort,3613.0
1857,3613.0,seated,comfort,3613.0
1858,3613.0,preferred,operations,3613.0
1858,3613.0,seats,operations,3613.0
1865,3615.0,no,operations,3615.0
1865,3615.0,proper,operations,3615.0
1865,3615.0,seating,operations,3615.0
1865,3615.0,facility,operations,3615.0
1877,3620.0,allotment,operations,3620.0
1878,3620.0,switch,operations,3620.0
1878,3620.0,seats,operations,3620.0
1881,3621.0,lieflat,comfort,3621.0
1881,3621.0,beds,comfort,3621.0
1882,3621.0,comfortable,comfort,3621.0
1886,3623.0,not,operations,3623.0
1886,3623.0,enough,operations,3623.0
1886,3623.0,seats,operations,3623.0
1894,3626.0,seat,comfort,3626.0
1894,3626.0,was,comfort,3626.0
1894,3626.0,hard,comfort,3626.0
1894,3626.0,and,comfort,3626.0
1894,3626.0,uncomfortable,comfort,3626.0
1906,3631.0,seat,operations,3631.0
1906,3631.0,was,operations,3631.0
1906,3631.0,good,operations,3631.0
1907,3631.0,legroom,space,3631.0
1907,3631.0,good,space,3631.0
1907,3631.0,enough,space,3631.0
1924,3638.0,wrong,operations,3638.0
1924,3638.0,seat,operations,3638.0
1933,3642.0,very,comfort,3642.0
1933,3642.0,comfortable,comfort,3642.0
1937,3643.0,sufficient,operations,3643.0
1937,3643.0,seats,operations,3643.0
1938,3643.0,rest,comfort,3643.0
1938,3643.0,comfortably,comfort,3643.0
1944,3645.0,the,operations,3645.0
1944,3645.0,seat,operations,3645.0
1944,3645.0,availability,operations,3645.0
1948,3646.0,seat,comfort,3646.0
1948,3646.0,cushion,comfort,3646.0
1949,3646.0,metal,operations,3646.0
1949,3646.0,seat,operations,3646.0
1949,3646.0,frame,operations,3646.0
1950,3646.0,push,space,3646.0
1950,3646.0,back,space,3646.0
1951,3647.0,enough,space,3647.0
1951,3647.0,leg,space,3647.0
1951,3647.0,room,space,3647.0
1952,3647.0,comfortable,comfort,3647.0
1952,3647.0,seats,comfort,3647.0
1955,3649.0,seats,operations,3649.0
1955,3649.0,were,operations,3649.0
1955,3649.0,full,operations,3649.0
1956,3649.0,some,operations,3649.0
1956,3649.0,seats,operations,3649.0
1956,3649.0,vacant,operations,3649.0
1957,3649.0,seats,space,3649.0
1957,3649.0,stretch,space,3649.0
1957,3649.0,out,space,3649.0
1959,3650.0,pushback,comfort,3650.0
2019,3671.0,comfortable,comfort,3671.0
2020,3671.0,premium,operations,3671.0
2020,3671.0,economy,operations,3671.0
2020,3671.0,seat,operations,3671.0
2021,3671.0,aisle,operations,3671.0
2021,3671.0,seat,operations,3671.0
2022,3671.0,able,comfort,3671.0
2022,3671.0,to,comfort,3671.0
2022,3671.0,recline,comfort,3671.0
2022,3671.0,my,comfort,3671.0
2022,3671.0,seat,comfort,3671.0
2032,3675.0,no,comfort,3675.0
2032,3675.0,room,comfort,3675.0
2032,3675.0,to,comfort,3675.0
2032,3675.0,sit,comfort,3675.0
2032,3675.0,comfortably,comfort,3675.0
2033,3675.0,seat,operations,3675.0
2033,3675.0,belts,operations,3675.0
2033,3675.0,were,operations,3675.0
2033,3675.0,extremely,operations,3675.0
2033,3675.0,short,operations,3675.0
2049,3684.0,middle,operations,3684.0
2049,3684.0,seats,operations,3684.0
2060,3687.0,seat,comfort,3687.0
2060,3687.0,was,comfort,3687.0
2060,3687.0,very,comfort,3687.0
2060,3687.0,comfortable,comfort,3687.0
2064,3688.0,seat,comfort,3688.0
2064,3688.0,was,comfort,3688.0
2064,3688.0,extremely,comfort,3688.0
2064,3688.0,comfortable,comfort,3688.0
2067,3690.0,not,operations,3690.0
2067,3690.0,allowed,operations,3690.0
2068,3690.0,own,operations,3690.0
2068,3690.0,seating,operations,3690.0
2082,3695.0,no,space,3695.0
2082,3695.0,leg,space,3695.0
2082,3695.0,space,space,3695.0
2083,3695.0,front,space,3695.0
2083,3695.0,seat,space,3695.0
2083,3695.0,was,space,3695.0
2083,3695.0,extending,space,3695.0
2083,3695.0,their,space,3695.0
2083,3695.0,seat,space,3695.0
2083,3695.0,to,space,3695.0
2083,3695.0,back,space,3695.0
2084,3695.0,less,space,3695.0
2084,3695.0,spacious,space,3695.0
2085,3696.0,switched,operations,3696.0
2085,3696.0,my,operations,3696.0
2085,3696.0,seat,operations,3696.0
2087,3697.0,assigned,operations,3697.0
2092,3698.0,seats,space,3698.0
2092,3698.0,were,space,3698.0
2092,3698.0,so,space,3698.0
2092,3698.0,tightly,space,3698.0
2092,3698.0,together,space,3698.0
2093,3698.0,legs,space,3698.0
2093,3698.0,and,space,3698.0
2093,3698.0,hips,space,3698.0
2093,3698.0,on,space,3698.0
2093,3698.0,either,space,3698.0
2093,3698.0,side,space,3698.0
2093,3698.0,of,space,3698.0
2093,3698.0,me,space,3698.0
2094,3698.0,cannot,space,3698.0
2094,3698.0,moves,space,3698.0
2094,3698.0,legs,space,3698.0
2095,3698.0,limited,space,3698.0
2095,3698.0,confined,space,3698.0
2095,3698.0,spaces,space,3698.0
2102,3702.0,book,operations,3702.0
2102,3702.0,a,operations,3702.0
2102,3702.0,seat,operations,3702.0
2113,3703.0,sell,operations,3703.0
2113,3703.0,seats,operations,3703.0
2116,3705.0,open,operations,3705.0
2116,3705.0,seats,operations,3705.0
2126,3708.0,could,operations,3708.0
2126,3708.0,not,operations,3708.0
2126,3708.0,allocate,operations,3708.0
2126,3708.0,a,operations,3708.0
2126,3708.0,seat,operations,3708.0
2127,3708.0,not,operations,3708.0
2127,3708.0,a,operations,3708.0
2127,3708.0,window,operations,3708.0
2127,3708.0,seat,operations,3708.0
2143,3712.0,worst,operations,3712.0
2143,3712.0,seats,operations,3712.0
2144,3712.0,seating,operations,3712.0
2144,3712.0,was,operations,3712.0
2144,3712.0,extremely,operations,3712.0
2144,3712.0,bad,operations,3712.0
2145,3712.0,hard,comfort,3712.0
2145,3712.0,seats,comfort,3712.0
2146,3712.0,little,space,3712.0
2146,3712.0,bit,space,3712.0
2146,3712.0,more,space,3712.0
2146,3712.0,legroom,space,3712.0
2147,3712.0,uncomfortable,comfort,3712.0
2162,3719.0,reclined,comfort,3719.0
2163,3719.0,no,comfort,3719.0
2163,3719.0,way,comfort,3719.0
2163,3719.0,to,comfort,3719.0
2163,3719.0,recline,comfort,3719.0
2163,3719.0,the,comfort,3719.0
2163,3719.0,seats,comfort,3719.0
2164,3719.0,do,comfort,3719.0
2164,3719.0,not,comfort,3719.0
2164,3719.0,recline,comfort,3719.0
2165,3719.0,cannot,space,3719.0
2165,3719.0,even,space,3719.0
2165,3719.0,stretch,space,3719.0
2165,3719.0,your,space,3719.0
2165,3719.0,legs,space,3719.0
2178,3723.0,sit,operations,3723.0
2178,3723.0,together,operations,3723.0
2179,3723.0,seats,comfort,3723.0
2179,3723.0,are,comfort,3723.0
2179,3723.0,uncomfortable,comfort,3723.0
2193,3731.0,uncomfortable,comfort,3731.0
2193,3731.0,seats,comfort,3731.0
2194,3732.0,seats,operations,3732.0
2194,3732.0,together,operations,3732.0
2211,3737.0,seat,operations,3737.0
2211,3737.0,assignment,operations,3737.0
2212,3737.0,empty,operations,3737.0
2212,3737.0,seats,operations,3737.0
2213,3737.0,paying,operations,3737.0
2213,3737.0,seat,operations,3737.0
2214,3738.0,legroom,space,3738.0
2214,3738.0,was,space,3738.0
2214,3738.0,great,space,3738.0
2215,3738.0,seat,comfort,3738.0
2215,3738.0,was,comfort,3738.0
2215,3738.0,very,comfort,3738.0
2215,3738.0,comfortable,comfort,3738.0
2219,3739.0,could,space,3739.0
2219,3739.0,stretch,space,3739.0
2219,3739.0,my,space,3739.0
2219,3739.0,legs,space,3739.0
2219,3739.0,out,space,3739.0
2224,3740.0,very,comfort,3740.0
2224,3740.0,uncomfortable,comfort,3740.0
2242,3745.0,upgraded,operations,3745.0
2242,3745.0,seats,operations,3745.0
2261,3748.0,open,operations,3748.0
2261,3748.0,seats,operations,3748.0
2262,3749.0,seatback,operations,3749.0
2262,3749.0,pocket,operations,3749.0
2274,3856.0,onfirmed,operations,3856.0
2274,3856.0,seat,operations,3856.0
2285,3860.0,comfortable,comfort,3860.0
2285,3860.0,with,comfort,3860.0
2285,3860.0,enough,comfort,3860.0
2285,3860.0,leg,comfort,3860.0
2285,3860.0,room,comfort,3860.0
2288,3861.0,seats,space,3861.0
2288,3861.0,were,space,3861.0
2288,3861.0,in,space,3861.0
2288,3861.0,an,space,3861.0
2288,3861.0,upright,space,3861.0
2288,3861.0,position,space,3861.0
2289,3861.0,meal,operations,3861.0
2289,3861.0,box,operations,3861.0
2289,3861.0,into,operations,3861.0
2289,3861.0,the,operations,3861.0
2289,3861.0,seat,operations,3861.0
2289,3861.0,pocket,operations,3861.0
2291,3862.0,seats,operations,3862.0
2291,3862.0,were,operations,3862.0
2291,3862.0,fine,operations,3862.0
2291,3862.0,too,operations,3862.0
2295,3864.0,no,operations,3864.0
2295,3864.0,seat,operations,3864.0
2295,3864.0,chargers,operations,3864.0
2300,3866.0,comfort,comfort,3866.0
2306,3867.0,flatbed,comfort,3867.0
2306,3867.0,seat,comfort,3867.0
2312,3869.0,seat,comfort,3869.0
2312,3869.0,was,comfort,3869.0
2312,3869.0,comfortable,comfort,3869.0
2339,3964.0,lots,space,3964.0
2339,3964.0,of,space,3964.0
2339,3964.0,legroom,space,3964.0
2340,3965.0,seats,comfort,3965.0
2340,3965.0,are,comfort,3965.0
2340,3965.0,okay,comfort,3965.0
2343,3966.0,eating,operations,3966.0
2343,3966.0,arrangement,operations,3966.0
2344,3966.0,comfortable,comfort,3966.0
2361,3971.0,legspace,space,3971.0
2363,3971.0,very,comfort,3971.0
2363,3971.0,uncomfortable,comfort,3971.0
2382,3979.0,scattered,operations,3979.0
2382,3979.0,seats,operations,3979.0
2399,3987.0,very,comfort,3987.0
2399,3987.0,comfortable,comfort,3987.0
2405,3989.0,seating,operations,3989.0
2405,3989.0,configuration,operations,3989.0
2406,3989.0,paid,operations,3989.0
2406,3989.0,seats,operations,3989.0
2415,3991.0,seat,comfort,3991.0
2415,3991.0,covers,comfort,3991.0
2415,3991.0,were,comfort,3991.0
2415,3991.0,torn,comfort,3991.0
2433,3997.0,uncomfortable,comfort,3997.0
2446,4001.0,uncomfortable,comfort,4001.0
2447,4002.0,older,operations,4002.0
2447,4002.0,one,operations,4002.0
2447,4002.0,seats,operations,4002.0
2448,4002.0,xl,operations,4002.0
2448,4002.0,seat,operations,4002.0
2471,4011.0,service,operations,4011.0
2471,4011.0,button,operations,4011.0
2475,4013.0,comfort,comfort,4013.0
2476,4014.0,aisle,operations,4014.0
2476,4014.0,seat,operations,4014.0
2482,4016.0,purchase,operations,4016.0
2482,4016.0,seat,operations,4016.0
2482,4016.0,selection,operations,4016.0
2495,4023.0,comfortable,comfort,4023.0
2547,4042.0,comfortable,comfort,4042.0
2547,4042.0,seats,comfort,4042.0
2588,3760.0,legroom,space,3760.0
2588,3760.0,was,space,3760.0
2588,3760.0,amazing,space,3760.0
2595,3762.0,seats,space,3762.0
2602,3764.0,very,comfort,3764.0
2602,3764.0,comfortable,comfort,3764.0
2603,3764.0,great,space,3764.0
2603,3764.0,legroom,space,3764.0
2606,3766.0,seat,space,3766.0
2606,3766.0,space,space,3766.0
2606,3766.0,is,space,3766.0
2606,3766.0,great,space,3766.0
2623,3774.0,comfortable,comfort,3774.0
2623,3774.0,seating,comfort,3774.0
2627,3777.0,minimal,space,3777.0
2627,3777.0,leg,space,3777.0
2627,3777.0,space,space,3777.0
2631,3779.0,comforting,comfort,3779.0
2643,3784.0,seat,space,3784.0
2643,3784.0,pitch,space,3784.0
2643,3784.0,and,space,3784.0
2643,3784.0,quality,space,3784.0
2643,3784.0,is,space,3784.0
2643,3784.0,very,space,3784.0
2643,3784.0,nice,space,3784.0
2644,3784.0,choose,space,3784.0
2644,3784.0,preferred,space,3784.0
2644,3784.0,seats,space,3784.0
2645,3785.0,leg,space,3785.0
2645,3785.0,room,space,3785.0
2645,3785.0,was,space,3785.0
2645,3785.0,better,space,3785.0
2651,3787.0,enerous,space,3787.0
2651,3787.0,legroom,space,3787.0
2652,3787.0,seats,space,3787.0
2652,3787.0,have,space,3787.0
2652,3787.0,a,space,3787.0
2652,3787.0,pitch,space,3787.0
2653,3787.0,recline,space,3787.0
2668,3794.0,comfortable,comfort,3794.0
2668,3794.0,seats,comfort,3794.0
2679,3799.0,very,comfort,3799.0
2679,3799.0,comfortable,comfort,3799.0
2681,3799.0,little,comfort,3799.0
2681,3799.0,weak,comfort,3799.0
2681,3799.0,on,comfort,3799.0
2681,3799.0,cushioning,comfort,3799.0
2690,3802.0,seats,comfort,3802.0
2690,3802.0,have,comfort,3802.0
2690,3802.0,comfortable,comfort,3802.0
2690,3802.0,leather,comfort,3802.0
2691,3802.0,leg,space,3802.0
2691,3802.0,and,space,3802.0
2691,3802.0,knee,space,3802.0
2691,3802.0,room,space,3802.0
2697,3804.0,seats,comfort,3804.0
2697,3804.0,were,comfort,3804.0
2697,3804.0,better,comfort,3804.0
2703,3806.0,comfortable,comfort,3806.0
2705,3807.0,comfortable,comfort,3807.0
2705,3807.0,seats,comfort,3807.0
2710,3808.0,no,space,3808.0
2710,3808.0,recline,space,3808.0
2711,3808.0,seat,comfort,3808.0
2711,3808.0,ok,comfort,3808.0
2712,3808.0,decent,space,3808.0
2712,3808.0,legroom,space,3808.0
2713,3808.0,cushioning,comfort,3808.0
2718,3811.0,leg,space,3811.0
2718,3811.0,space,space,3811.0
2718,3811.0,is,space,3811.0
2718,3811.0,good,space,3811.0
2723,3813.0,very,comfort,3813.0
2723,3813.0,comfortably,comfort,3813.0
2724,3813.0,seats,comfort,3813.0
2724,3813.0,had,comfort,3813.0
2724,3813.0,a,comfort,3813.0
2724,3813.0,very,comfort,3813.0
2724,3813.0,soft,comfort,3813.0
2724,3813.0,cushioning,comfort,3813.0
2725,3813.0,very,comfort,3813.0
2725,3813.0,comfortable,comfort,3813.0
2726,3813.0,seats,comfort,3813.0
2726,3813.0,were,comfort,3813.0
2726,3813.0,made,comfort,3813.0
2726,3813.0,up,comfort,3813.0
2726,3813.0,of,comfort,3813.0
2726,3813.0,leather,comfort,3813.0
2727,3813.0,legroom,space,3813.0
2727,3813.0,was,space,3813.0
2727,3813.0,also,space,3813.0
2727,3813.0,nice,space,3813.0
2731,3816.0,seats,comfort,3816.0
2731,3816.0,are,comfort,3816.0
2731,3816.0,comfortable,comfort,3816.0
2733,3817.0,comfy,comfort,3817.0
2733,3817.0,seat,comfort,3817.0
2734,3817.0,neck,comfort,3817.0
2734,3817.0,pillows,comfort,3817.0
2734,3817.0,and,comfort,3817.0
2734,3817.0,extra,comfort,3817.0
2734,3817.0,legroom,comfort,3817.0
2736,3818.0,seats,comfort,3818.0
2736,3818.0,are,comfort,3818.0
2736,3818.0,best,comfort,3818.0
2737,3818.0,comfort,comfort,3818.0
2740,3819.0,seat,space,3819.0
2740,3819.0,pitch,space,3819.0
2740,3819.0,one,space,3819.0
2740,3819.0,of,space,3819.0
2740,3819.0,the,space,3819.0
2740,3819.0,best,space,3819.0
2743,3821.0,do,operations,3821.0
2743,3821.0,not,operations,3821.0
2743,3821.0,charge,operations,3821.0
2743,3821.0,for,operations,3821.0
2743,3821.0,seat,operations,3821.0
2743,3821.0,selection,operations,3821.0
2747,3822.0,better,space,3822.0
2747,3822.0,legroom,space,3822.0
2754,3823.0,leg,space,3823.0
2754,3823.0,space,space,3823.0
2755,3823.0,better,space,3823.0
2756,3823.0,eats,comfort,3823.0
2756,3823.0,which,comfort,3823.0
2756,3823.0,were,comfort,3823.0
2756,3823.0,leather,comfort,3823.0
2761,3824.0,seats,space,3824.0
2761,3824.0,and,space,3824.0
2761,3824.0,legroom,space,3824.0
2762,3824.0,more,space,3824.0
2765,3825.0,seats,comfort,3825.0
2765,3825.0,were,comfort,3825.0
2765,3825.0,unique,comfort,3825.0
2766,3825.0,lassy,comfort,3825.0
2766,3825.0,with,comfort,3825.0
2766,3825.0,leather,comfort,3825.0
2766,3825.0,cover,comfort,3825.0
2767,3825.0,more,comfort,3825.0
2767,3825.0,comfortable,comfort,3825.0
2768,3825.0,winged,comfort,3825.0
2768,3825.0,adjustable,comfort,3825.0
2768,3825.0,headrests,comfort,3825.0
2770,3826.0,upholstered,comfort,3826.0
2770,3826.0,leather,comfort,3826.0
2771,3826.0,winged,comfort,3826.0
2771,3826.0,adjustable,comfort,3826.0
2771,3826.0,headrests,comfort,3826.0
2776,3828.0,seats,comfort,3828.0
2776,3828.0,were,comfort,3828.0
2776,3828.0,leather,comfort,3828.0
2777,3828.0,adjustable,comfort,3828.0
2777,3828.0,headrest,comfort,3828.0
2785,3832.0,leg,comfort,3832.0
2785,3832.0,room,comfort,3832.0
2786,3832.0,definitely,comfort,3832.0
2786,3832.0,enhanced,comfort,3832.0
2792,3833.0,good,comfort,3833.0
2794,3833.0,ery,comfort,3833.0
2794,3833.0,comfortable,comfort,3833.0
2794,3833.0,meal,comfort,3833.0
2800,3836.0,comfort,comfort,3836.0
