,id,Off-flight service,Aspect,id_updated
1,2946,check,facility,2946
1,2946,us,facility,2946
1,2946,in,facility,2946
2,2946,operational,operations,2946
2,2946,problems,operations,2946
3,2946,desk,facility,2946
4,2946,mail,facility,2946
4,2946,communication,facility,2946
5,2946,delayed,operations,2946
6,2946,barred,general,2946
7,2946,disorganization,general,2946
8,2946,hotlines,facility,2946
9,2946,call,facility,2946
9,2946,center,facility,2946
11,2947,long,general,2947
11,2947,route,general,2947
12,2947,mobile,facility,2947
12,2947,app,facility,2947
13,2947,user,facility,2947
13,2947,interface,facility,2947
15,2948,check,facility,2948
15,2948,in,facility,2948
20,2950,checkin,facility,2950
21,2950,streamlined,operations,2950
21,2950,security,operations,2950
22,2950,clean,general,2950
22,2950,wellserviced,general,2950
23,2950,lounges,facility,2950
41,2954,website,facility,2954
42,2954,atrocious,general,2954
43,2954,lost,facility,2954
43,2954,and,facility,2954
43,2954,found,facility,2954
43,2954,service,facility,2954
44,2954,outsourced,operations,2954
45,2955,no,operations,2955
45,2955,facility,operations,2955
46,2955,website,facility,2955
47,2956,claims,facility,2956
47,2956,department,facility,2956
48,2956,claims,facility,2956
48,2956,department,facility,2956
49,2956,delivery,general,2956
49,2956,company,general,2956
50,2956,central,facility,2956
50,2956,baggage,facility,2956
50,2956,services,facility,2956
51,2956,agency,general,2956
54,2957,updates,general,2957
55,2957,display,facility,2957
55,2957,boards,facility,2957
56,2957,unacceptable,general,2957
56,2957,customer,general,2957
56,2957,service,general,2957
57,2957,desk,facility,2957
58,2957,customer,general,2957
58,2957,service,general,2957
58,2957,disaster,general,2957
59,2957,boarding,facility,2957
59,2957,passes,facility,2957
60,2958,checkin,facility,2958
61,2958,online,general,2958
62,2958,boarding,facility,2958
62,2958,passes,facility,2958
63,2958,kiosk,facility,2958
64,2958,check,facility,2958
64,2958,in,facility,2958
65,2958,checkin,facility,2958
66,2958,checkin,facility,2958
66,2958,online,facility,2958
67,2958,customer,general,2958
67,2958,service,general,2958
68,2958,print,facility,2958
68,2958,my,facility,2958
68,2958,boarding,facility,2958
68,2958,passes,facility,2958
69,2958,customer,general,2958
69,2958,service,general,2958
70,2958,unapologetically,general,2958
71,2958,customer,general,2958
71,2958,service,general,2958
72,2958,printing,facility,2958
72,2958,boarding,facility,2958
72,2958,passes,facility,2958
73,2958,paperless,general,2958
74,2958,kiosks,facility,2958
75,2958,checkin,facility,2958
76,2958,boarding,facility,2958
76,2958,passes,facility,2958
77,2958,email,facility,2958
78,2958,mobile,facility,2958
78,2958,app,facility,2958
79,2958,customer,general,2958
79,2958,service,general,2958
80,2958,ignored,general,2958
81,2958,boarding,facility,2958
81,2958,passes,facility,2958
82,2959,flight,general,2959
83,2959,delayed,operations,2959
84,2959,information,facility,2959
84,2959,desk,facility,2959
85,2959,customer,general,2959
85,2959,service,general,2959
86,2959,useless,general,2959
87,2959,customer,general,2959
87,2959,service,general,2959
88,2959,different,general,2959
88,2959,information,general,2959
89,2959,customer,general,2959
89,2959,service,general,2959
96,2961,layover,operations,2961
97,2961,delayed,operations,2961
98,2961,customer,general,2961
98,2961,service,general,2961
98,2961,was,general,2961
98,2961,useless,general,2961
99,2961,nothing,general,2961
99,2961,from,general,2961
99,2961,customer,general,2961
99,2961,service,general,2961
100,2961,emails,facility,2961
101,2961,struggling,general,2961
101,2961,with,general,2961
101,2961,customer,general,2961
101,2961,service,general,2961
110,2963,checkin,facility,2963
111,2963,boarding,operations,2963
112,2963,expertly,general,2963
112,2963,handled,general,2963
113,2964,check,facility,2964
113,2964,in,facility,2964
118,2965,checkin,facility,2965
119,2965,procedurefocused,general,2965
120,2966,expensive,general,2966
121,2966,flight,general,2966
124,2967,email,facility,2967
125,2967,coach,general,2967
126,2967,email,facility,2967
127,2967,company,general,2967
128,2968,airline,general,2968
129,2968,website,facility,2968
131,2969,customer,general,2969
131,2969,is,general,2969
131,2969,service,general,2969
132,2969,very,general,2969
132,2969,sorry,general,2969
134,2970,online,facility,2970
134,2970,checkin,facility,2970
140,2971,carousel,general,2971
141,2971,call,facility,2971
141,2971,center,facility,2971
142,2971,service,general,2971
152,2972,email,facility,2972
153,2972,web,general,2972
153,2972,site,general,2972
154,2972,no,general,2972
154,2972,portal,general,2972
155,2972,online,general,2972
156,2972,telephone,general,2972
157,2972,service,general,2972
157,2972,options,general,2972
157,2972,online,general,2972
163,2973,lounge,facility,2973
164,2973,lounge,facility,2973
165,2973,boarding,operations,2973
166,2973,onboard,operations,2973
167,2974,lounge,facility,2974
168,2974,lounge,facility,2974
169,2974,email,facility,2974
173,2975,flight,operations,2975
173,2975,was,operations,2975
173,2975,delaye,operations,2975
177,2976,customer,general,2976
177,2976,service,general,2976
178,2976,website,facility,2976
179,2976,email,facility,2976
180,2976,customer,general,2976
180,2976,support,general,2976
181,2976,phone,general,2976
182,2976,disconnected,general,2976
183,2976,waiting,general,2976
184,2976,checked,facility,2976
184,2976,in,facility,2976
185,2976,check,facility,2976
185,2976,in,facility,2976
186,2976,desk,facility,2976
187,2976,boarding,facility,2976
187,2976,pass,facility,2976
188,2976,board,operations,2976
189,2976,support,general,2976
189,2976,line,general,2976
190,2976,help,general,2976
191,2977,huge,general,2977
191,2977,queue,general,2977
192,2977,security,operations,2977
192,2977,lines,operations,2977
193,2977,on,operations,2977
193,2977,board,operations,2977
194,2977,customer,general,2977
194,2977,service,general,2977
195,2977,not,general,2977
195,2977,available,general,2977
196,2978,terrible,general,2978
197,2978,customer,general,2978
197,2978,service,general,2978
198,2978,call,operations,2978
198,2978,back,operations,2978
205,2980,call,facility,2980
205,2980,centre,facility,2980
206,2980,checkin,facility,2980
206,2980,online,facility,2980
207,2980,signage,general,2980
208,2980,better,general,2980
217,2981,unprofessional,general,2981
217,2981,service,general,2981
219,2982,emails,facility,2982
220,2982,claims,facility,2982
221,2982,website,facility,2982
222,2982,unsure,general,2982
223,2982,bad,general,2982
223,2982,service,general,2982
230,2983,checked,facility,2983
230,2983,in,facility,2983
231,2983,check,facility,2983
231,2983,in,facility,2983
231,2983,desk,facility,2983
232,2983,check,facility,2983
232,2983,in,facility,2983
232,2983,desk,facility,2983
233,2983,delayed,operations,2983
243,2986,checkin,facility,2986
243,2986,desk,facility,2986
244,2986,customer,general,2986
244,2986,service,general,2986
244,2986,line,general,2986
245,2986,worthless,general,2986
246,2986,desk,facility,2986
247,2986,checked,facility,2986
247,2986,in,facility,2986
248,2986,system,general,2986
249,2986,ridiculous,general,2986
250,2986,annoyance,general,2986
251,2986,boarding,facility,2986
251,2986,pass,facility,2986
252,2986,boarding,facility,2986
252,2986,pass,facility,2986
253,2986,delayed,operations,2986
254,2986,terrible,general,2986
254,2986,service,general,2986
260,2988,customer,general,2988
260,2988,service,general,2988
261,2988,pathetic,general,2988
262,2988,unacceptable,general,2988
263,2988,badly,general,2988
265,2989,kiosk,facility,2989
266,2989,boarding,facility,2989
266,2989,pass,facility,2989
268,2989,boarding,facility,2989
268,2989,pass,facility,2989
268,2989,print,facility,2989
269,2989,automated,general,2989
269,2989,line,general,2989
270,2989,business,general,2989
270,2989,class,general,2989
270,2989,assistance,general,2989
271,2989,boarding,facility,2989
271,2989,pass,facility,2989
272,2989,emailed,general,2989
272,2989,customer,general,2989
272,2989,service,general,2989
273,2989,far,facility,2989
273,2989,better,facility,2989
273,2989,lounge,facility,2989
274,2989,worst,general,2989
274,2989,customer,general,2989
274,2989,service,general,2989
275,2990,lounges,facility,2990
276,2990,good,general,2990
276,2990,experience,general,2990
277,2990,far,facility,2990
277,2990,better,facility,2990
277,2990,lounge,facility,2990
278,2990,checked,facility,2990
278,2990,in,facility,2990
279,2990,customer,general,2990
279,2990,support,general,2990
287,2991,lost,general,2991
287,2991,our,general,2991
287,2991,buggy,general,2991
295,2993,checked,facility,2993
295,2993,in,facility,2993
299,2994,poor,general,2994
299,2994,customer,general,2994
299,2994,service,general,2994
309,2995,phone,facility,2995
309,2995,call,facility,2995
322,2997,customs,general,2997
322,2997,shuttles,general,2997
323,2997,check,facility,2997
323,2997,in,facility,2997
323,2997,online,facility,2997
324,2997,could,general,2997
324,2997,not,general,2997
326,2998,check,facility,2998
326,2998,in,facility,2998
327,2998,boarding,operations,2998
327,2998,process,operations,2998
328,2998,good,general,2998
329,2998,quick,general,2998
330,2999,board,operations,2999
331,2999,counter,facility,2999
332,2999,counter,facility,2999
333,2999,no,general,2999
333,2999,access,general,2999
334,2999,check,facility,2999
334,2999,in,facility,2999
335,2999,counter,facility,2999
336,2999,customer,general,2999
336,2999,service,general,2999
350,3001,customer,general,3001
350,3001,service,general,3001
352,3002,email,facility,3002
353,3002,guest,general,3002
353,3002,services,general,3002
354,3002,apologized,general,3002
355,3002,inconvenience,general,3002
357,3003,frequent,general,3003
357,3003,flyer,general,3003
357,3003,service,general,3003
358,3003,shocking,general,3003
359,3003,email,facility,3003
360,3003,frequent,general,3003
360,3003,flyer,general,3003
360,3003,customer,general,3003
360,3003,service,general,3003
361,3003,poor,general,3003
369,3006,appalling,general,3006
370,3006,call,facility,3006
370,3006,center,facility,3006
373,3007,emailing,facility,3007
373,3007,guest,facility,3007
373,3007,relations,facility,3007
374,3007,not,general,3007
374,3007,bothered,general,3007
385,3011,online,operations,3011
385,3011,seat,operations,3011
385,3011,selection,operations,3011
385,3011,plan,operations,3011
399,3015,wrong,operations,3015
399,3015,on,operations,3015
399,3015,board,operations,3015
400,3016,website,facility,3016
401,3016,website,facility,3016
402,3016,checked,facility,3016
402,3016,in,facility,3016
403,3016,website,facility,3016
404,3016,warned,general,3016
405,3016,website,facility,3016
406,3016,check,facility,3016
406,3016,in,facility,3016
407,3017,facebook,facility,3017
407,3017,page,facility,3017
408,3018,app,facility,3018
417,3019,checkin,facility,3019
418,3019,straightforward,general,3019
419,3019,delayed,operations,3019
431,3021,checkin,facility,3021
432,3021,selfservice,general,3021
433,3021,good,general,3021
434,3021,economy,general,3021
434,3021,class,general,3021
435,3022,lounge,facility,3022
435,3022,access,facility,3022
436,3022,delayed,operations,3022
437,3022,customer,general,3022
437,3022,service,general,3022
438,3022,almost,general,3022
438,3022,nonexistent,general,3022
439,3022,service,general,3022
440,3023,missing,facility,3023
440,3023,baggage,facility,3023
440,3023,department,facility,3023
441,3023,call,facility,3023
441,3023,center,facility,3023
450,3026,boarded,operations,3026
454,3027,check,facility,3027
454,3027,in,facility,3027
455,3027,fast,general,3027
455,3027,track,general,3027
473,3030,reimbursement,operations,3030
473,3030,claim,operations,3030
474,3030,website,facility,3030
475,3030,acknowledged,general,3030
475,3030,receipt,general,3030
476,3031,frequent,general,3031
476,3031,flyer,general,3031
477,3031,checkin,facility,3031
477,3031,online,facility,3031
483,3032,counter,facility,3032
484,3032,call,facility,3032
484,3032,center,facility,3032
487,3033,lounge,facility,3033
487,3033,invitation,facility,3033
488,3033,silver,facility,3033
488,3033,aerclub,facility,3033
488,3033,member,facility,3033
489,3033,desk,facility,3033
490,3033,refused,general,3033
490,3033,entrance,general,3033
491,3033,boarding,facility,3033
491,3033,pass,facility,3033
493,3035,customer,general,3035
493,3035,service,general,3035
494,3035,frequent,operations,3035
494,3035,flyer,operations,3035
494,3035,program,operations,3035
495,3035,horrible,general,3035
503,3037,transfer,facility,3037
503,3037,into,facility,3037
503,3037,lounge,facility,3037
504,3037,lounge,facility,3037
505,3037,quite,general,3037
505,3037,new,general,3037
511,3039,boarded,operations,3039
512,3039,website,facility,3039
513,3039,response,general,3039
514,3039,guest,facility,3039
514,3039,relations,facility,3039
514,3039,team,facility,3039
515,3039,review,general,3039
515,3039,your,general,3039
515,3039,request,general,3039
517,3040,customer,facility,3040
517,3040,service,facility,3040
517,3040,desk,facility,3040
518,3040,counter,facility,3040
519,3040,customer,facility,3040
519,3040,service,facility,3040
519,3040,desk,facility,3040
520,3040,closed,general,3040
521,3040,customer,general,3040
521,3040,service,general,3040
522,3040,customer,general,3040
522,3040,service,general,3040
529,3042,liability,general,3042
529,3042,letter,general,3042
530,3042,online,operations,3042
530,3042,forms,operations,3042
531,3042,customer,general,3042
531,3042,services,general,3042
536,3043,terrible,general,3043
537,3043,customer,general,3043
537,3043,service,general,3043
538,3043,good,general,3043
538,3043,customer,general,3043
538,3043,service,general,3043
543,3044,website,facility,3044
544,3044,phone,general,3044
544,3044,line,general,3044
547,3045,self,facility,3045
547,3045,check,facility,3045
547,3045,in,facility,3045
548,3045,laggy,general,3045
764,3249,flight,operations,3249
764,3249,was,operations,3249
764,3249,delayed,operations,3249
765,3250,online,general,3250
765,3250,service,general,3250
766,3250,bank,general,3250
766,3250,error,general,3250
768,3251,automatic,facility,3251
768,3251,check,facility,3251
768,3251,in,facility,3251
769,3251,machine,general,3251
769,3251,worked,general,3251
770,3251,counter,facility,3251
774,3253,extensive,operations,3253
774,3253,delays,operations,3253
789,3258,checkedin,facility,3258
793,3259,delaying,operations,3259
793,3259,flights,operations,3259
795,3260,checkin,facility,3260
797,3260,selfservice,general,3260
798,3260,boarding,operations,3260
798,3260,time,operations,3260
798,3260,was,operations,3260
798,3260,delayed,operations,3260
799,3261,flights,operations,3261
799,3261,were,operations,3261
799,3261,delayed,operations,3261
801,3262,flight,operations,3262
801,3262,was,operations,3262
801,3262,delayed,operations,3262
803,3263,flight,operations,3263
803,3263,delayed,operations,3263
806,3265,counter,facility,3265
807,3265,check,facility,3265
807,3265,in,facility,3265
808,3266,check,facility,3266
808,3266,in,facility,3266
809,3267,customer,general,3267
809,3267,service,general,3267
809,3267,chat,general,3267
810,3267,chat,general,3267
810,3267,service,general,3267
811,3267,call,facility,3267
811,3267,centers,facility,3267
812,3267,unhelpful,general,3267
813,3267,stressful,general,3267
814,3267,not,general,3267
814,3267,good,general,3267
814,3267,customer,general,3267
814,3267,service,general,3267
818,3269,customer,general,3269
818,3269,service,general,3269
819,3269,unhelpful,general,3269
820,3269,no,general,3269
820,3269,systemic,general,3269
820,3269,connection,general,3269
821,3269,customer,general,3269
821,3269,service,general,3269
822,3269,unhelpful,general,3269
823,3270,chat,general,3270
823,3270,line,general,3270
824,3270,expensive,general,3270
824,3270,and,general,3270
824,3270,their,general,3270
824,3270,customer,general,3270
824,3270,service,general,3270
824,3270,is,general,3270
824,3270,a,general,3270
824,3270,joke,general,3270
825,3271,no,operations,3271
825,3271,problems,operations,3271
825,3271,boarding,operations,3271
826,3272,good,general,3272
827,3272,boarding,operations,3272
829,3274,no,operations,3274
829,3274,delay,operations,3274
832,3276,flight,operations,3276
832,3276,might,operations,3276
832,3276,be,operations,3276
832,3276,delayed,operations,3276
833,3277,ground,general,3277
833,3277,service,general,3277
834,3277,normal,general,3277
835,3277,checkin,facility,3277
836,3277,baggage,facility,3277
836,3277,drop,facility,3277
837,3277,quick,general,3277
838,3277,delayed,operations,3277
838,3277,takeoff,operations,3277
840,3279,terrible,general,3279
840,3279,customer,general,3279
840,3279,service,general,3279
842,3280,canceled,operations,3280
844,3281,facebook,facility,3281
844,3281,and,facility,3281
844,3281,message,facility,3281
845,3281,customer,general,3281
845,3281,service,general,3281
845,3281,is,general,3281
845,3281,terrible,general,3281
850,3284,customer,general,3284
850,3284,telephone,general,3284
850,3284,number,general,3284
851,3284,killed,general,3284
852,3285,check,facility,3285
852,3285,in,facility,3285
852,3285,kiosk,facility,3285
853,3285,boarding,facility,3285
853,3285,pass,facility,3285
854,3286,email,facility,3286
855,3286,email,facility,3286
856,3286,website,facility,3286
862,3288,delayed,operations,3288
869,3290,bad,general,3290
869,3290,customer,general,3290
869,3290,service,general,3290
869,3290,b,general,3290
876,3292,disability,general,3292
876,3292,do,general,3292
876,3292,not,general,3292
876,3292,travel,general,3292
877,3292,climb,general,3292
877,3292,the,general,3292
877,3292,stairs,general,3292
878,3292,wheelchair,facility,3292
878,3292,service,facility,3292
879,3292,stops,general,3292
902,3299,flight,general,3299
903,3299,is,operations,3299
903,3299,not,operations,3299
903,3299,delayed,operations,3299
904,3299,worse,operations,3299
904,3299,cancelled,operations,3299
905,3300,flight,operations,3300
905,3300,was,operations,3300
905,3300,cancelled,operations,3300
906,3301,worst,general,3301
906,3301,customer,general,3301
906,3301,service,general,3301
908,3302,took,operations,3302
908,3302,off,operations,3302
908,3302,on,operations,3302
908,3302,time,operations,3302
909,3303,checkedin,facility,3303
917,3305,flight,operations,3305
917,3305,is,operations,3305
917,3305,delayed,operations,3305
918,3306,no,general,3306
918,3306,bussing,general,3306
928,3311,seamlessly,general,3311
929,3311,checkin,facility,3311
930,3311,pretty,general,3311
930,3311,seamless,general,3311
934,3313,self,facility,3313
934,3313,service,facility,3313
934,3313,bag,facility,3313
934,3313,drops,facility,3313
957,3321,swift,facility,3321
957,3321,checkin,facility,3321
958,3321,orderly,facility,3321
958,3321,boarding,facility,3321
959,3322,boarding,operations,3322
960,3322,painless,general,3322
961,3323,check,facility,3323
961,3323,in,facility,3323
961,3323,counter,facility,3323
962,3323,no,general,3323
962,3323,compensatio,general,3323
963,3324,checkin,facility,3324
963,3324,was,facility,3324
963,3324,fast,facility,3324
965,3325,flight,operations,3325
965,3325,was,operations,3325
965,3325,punctual,operations,3325
969,3327,counter,facility,3327
970,3327,not,general,3327
970,3327,yet,general,3327
970,3327,open,general,3327
972,3329,issue,general,3329
972,3329,to,general,3329
972,3329,management,general,3329
979,3332,flights,operations,3332
979,3332,were,operations,3332
979,3332,ontime,operations,3332
980,3332,very,facility,3332
980,3332,good,facility,3332
980,3332,checkins,facility,3332
987,3337,checked,facility,3337
987,3337,in,facility,3337
988,3337,cheap,general,3337
989,3338,customer,general,3338
989,3338,support,general,3338
989,3338,system,general,3338
990,3338,live,facility,3338
990,3338,chat,facility,3338
991,3338,call,facility,3338
991,3338,centre,facility,3338
992,3338,live,facility,3338
992,3338,chat,facility,3338
993,3338,emails,facility,3338
994,3339,check,facility,3339
994,3339,in,facility,3339
995,3339,plane,operations,3339
995,3339,slightly,operations,3339
995,3339,delayed,operations,3339
997,3340,exclusive,facility,3340
997,3340,check,facility,3340
997,3340,in,facility,3340
997,3340,counter,facility,3340
1006,3342,delayed,operations,3342
1007,3342,flight,operations,3342
1007,3342,being,operations,3342
1007,3342,delayed,operations,3342
1008,3343,delayed,operations,3343
1009,3344,very,general,3344
1009,3344,unpunctual,general,3344
1010,3344,flight,operations,3344
1010,3344,was,operations,3344
1010,3344,delayed,operations,3344
1011,3345,front,facility,3345
1011,3345,desk,facility,3345
1012,3345,check,facility,3345
1012,3345,in,facility,3345
1017,3347,flight,operations,3347
1017,3347,got,operations,3347
1017,3347,delayed,operations,3347
1021,3348,system,general,3348
1021,3348,error,general,3348
1022,3348,web,facility,3348
1022,3348,check,facility,3348
1022,3348,in,facility,3348
1033,3351,boarded,operations,3351
1034,3351,on,operations,3351
1034,3351,time,operations,3351
1035,3351,delay,operations,3351
1036,3351,connecting,operations,3351
1036,3351,flight,operations,3351
1037,3351,on,operations,3351
1037,3351,time,operations,3351
1038,3352,app,facility,3352
1039,3352,check,facility,3352
1039,3352,in,facility,3352
1039,3352,notifications,facility,3352
1040,3352,unacceptable,general,3352
1040,3352,service,general,3352
1046,3355,delayed,operations,3355
1048,3356,online,operations,3356
1048,3356,claim,operations,3356
1050,3357,checkin,facility,3357
1050,3357,machines,facility,3357
1052,3357,desk,facility,3357
1053,3357,checkin,facility,3357
1063,3359,helpful,general,3359
1063,3359,service,general,3359
1076,3361,website,facility,3361
1077,3361,website,facility,3361
1078,3361,website,facility,3361
1078,3361,malfunction,facility,3361
1079,3361,inability,general,3361
1080,3361,website,facility,3361
1080,3361,failing,facility,3361
1100,3369,flight,operations,3369
1100,3369,was,operations,3369
1100,3369,delayed,operations,3369
1101,3369,customer,general,3369
1101,3369,service,general,3369
1102,3369,shrugged,general,3369
1103,3369,canceled,operations,3369
1103,3369,my,operations,3369
1103,3369,connection,operations,3369
1104,3369,no,general,3369
1104,3369,sense,general,3369
1104,3369,of,general,3369
1104,3369,remorse,general,3369
1105,3370,boarded,operations,3370
1106,3370,quickly,general,3370
1110,3371,premium,operations,3371
1110,3371,economy,operations,3371
1111,3371,business,operations,3371
1112,3371,good,general,3371
1113,3371,bad,general,3371
1123,3374,checkin,facility,3374
1123,3374,desk,facility,3374
1138,3378,stuck,general,3378
1138,3378,with,general,3378
1138,3378,the,general,3378
1138,3378,customer,general,3378
1138,3378,service,general,3378
1140,3380,ustomer,general,3380
1140,3380,services,general,3380
1141,3380,ticketing,facility,3380
1141,3380,office,facility,3380
1142,3380,ticketing,facility,3380
1142,3380,counter,facility,3380
1143,3380,callous,general,3380
1147,3382,customer,general,3382
1147,3382,service,general,3382
1147,3382,on,general,3382
1147,3382,the,general,3382
1147,3382,phone,general,3382
1148,3382,horrible,general,3382
1149,3382,call,facility,3382
1149,3382,centre,facility,3382
1150,3382,disappointed,general,3382
1160,3386,check,facility,3386
1160,3386,in,facility,3386
1160,3386,so,facility,3386
1160,3386,smooth,facility,3386
1160,3386,and,facility,3386
1160,3386,easy,facility,3386
1165,3388,boarding,operations,3388
1165,3388,experience,operations,3388
1166,3388,pleasant,general,3388
1173,3390,reward,general,3390
1173,3390,system,general,3390
1174,3390,amazing,general,3390
1184,3392,boarding,operations,3392
1184,3392,zone,operations,3392
1185,3392,no,general,3392
1185,3392,consolation,general,3392
1186,3393,flight,operations,3393
1186,3393,was,operations,3393
1186,3393,cancelled,operations,3393
1187,3393,mechanical,general,3393
1187,3393,failures,general,3393
1189,3395,delayed,operations,3395
1190,3395,flight,operations,3395
1190,3395,delayed,operations,3395
1191,3395,disappointing,general,3395
1199,3397,change,operations,3397
1199,3397,my,operations,3397
1199,3397,flight,operations,3397
1200,3397,change,operations,3397
1200,3397,my,operations,3397
1200,3397,flight,operations,3397
1201,3397,inbound,operations,3397
1201,3397,flight,operations,3397
1209,3400,desk,facility,3400
1210,3400,serving,general,3400
1211,3400,did,facility,3400
1211,3400,not,facility,3400
1211,3400,print,facility,3400
1211,3400,me,facility,3400
1211,3400,a,facility,3400
1211,3400,boarding,facility,3400
1211,3400,pass,facility,3400
1212,3400,call,facility,3400
1212,3400,the,facility,3400
1212,3400,help,facility,3400
1212,3400,line,facility,3400
1213,3400,print,facility,3400
1213,3400,my,facility,3400
1213,3400,boarding,facility,3400
1213,3400,pass,facility,3400
1214,3400,delayed,operations,3400
1215,3401,transfer,general,3401
1216,3401,cancelled,operations,3401
1217,3401,connecting,operations,3401
1217,3401,flight,operations,3401
1221,3403,late,operations,3403
1222,3403,broken,operations,3403
1222,3403,connections,operations,3403
1223,3404,customer,general,3404
1223,3404,service,general,3404
1224,3404,great,operations,3404
1233,3406,check,facility,3406
1233,3406,in,facility,3406
1233,3406,online,facility,3406
1234,3406,kiosk,facility,3406
1235,3406,counters,facility,3406
1236,3406,long,facility,3406
1236,3406,check,facility,3406
1236,3406,in,facility,3406
1236,3406,line,facility,3406
1237,3406,flight,operations,3406
1237,3406,was,operations,3406
1237,3406,cancelled,operations,3406
1238,3406,kiosk,facility,3406
1257,3408,customer,general,3408
1257,3408,services,general,3408
1258,3408,wait,general,3408
1259,3408,their,general,3408
1259,3408,web,general,3408
1259,3408,page,general,3408
1260,3409,delayed,operations,3409
1263,3410,email,facility,3410
1284,3414,delayed,operations,3414
1285,3414,customer,general,3414
1285,3414,service,general,3414
1288,3416,delayed,operations,3416
1293,3418,excellent,facility,3418
1293,3418,check,facility,3418
1293,3418,in,facility,3418
1293,3418,process,facility,3418
1299,3419,delayed,operations,3419
1300,3419,connection,general,3419
1301,3419,no,operations,3419
1301,3419,more,operations,3419
1301,3419,flights,operations,3419
1302,3419,delayed,operations,3419
1303,3419,missed,general,3419
1303,3419,my,general,3419
1303,3419,connection,general,3419
1305,3421,boarding,operations,3421
1305,3421,zones,operations,3421
1305,3421,assigned,operations,3421
1309,3422,flight,operations,3422
1309,3422,is,operations,3422
1309,3422,cancelled,operations,3422
1310,3422,info,facility,3422
1310,3422,desk,facility,3422
1316,3425,suitcase,facility,3425
1316,3425,was,facility,3425
1316,3425,checked,facility,3425
1316,3425,in,facility,3425
1321,3426,on,operations,3426
1321,3426,time,operations,3426
1321,3426,departure,operations,3426
1323,3427,flight,operations,3427
1323,3427,was,operations,3427
1323,3427,delayed,operations,3427
1324,3428,trip,operations,3428
1324,3428,was,operations,3428
1324,3428,delayed,operations,3428
1325,3428,substantial,operations,3428
1325,3428,delays,operations,3428
1330,3429,operational,operations,3429
1330,3429,reasons,operations,3429
1331,3430,boarded,operations,3430
1335,3431,flight,operations,3431
1335,3431,was,operations,3431
1335,3431,cancelled,operations,3431
1336,3431,customer,general,3431
1336,3431,service,general,3431
1340,3432,delayed,operations,3432
1342,3432,boarding,facility,3432
1342,3432,pass,facility,3432
1345,3434,cancelled,operations,3434
1345,3434,the,operations,3434
1345,3434,flight,operations,3434
1346,3434,unhappy,general,3434
1347,3434,customer,general,3434
1347,3434,services,general,3434
1352,3436,flight,operations,3436
1352,3436,was,operations,3436
1352,3436,on,operations,3436
1352,3436,time,operations,3436
1353,3436,baggage,facility,3436
1353,3436,reclaim,facility,3436
1355,3437,delayed,operations,3437
1356,3437,delayed,operations,3437
1358,3437,delayed,operations,3437
1360,3439,delay,operations,3439
1373,3444,check,facility,3444
1373,3444,in,facility,3444
1374,3444,flight,operations,3444
1374,3444,had,operations,3444
1374,3444,been,operations,3444
1374,3444,cancelled,operations,3444
1375,3445,delayed,operations,3445
1376,3445,miss,general,3445
1376,3445,my,general,3445
1376,3445,bus,general,3445
1377,3445,flights,operations,3445
1377,3445,been,operations,3445
1377,3445,delayed,operations,3445
1378,3446,flight,operations,3446
1378,3446,was,operations,3446
1378,3446,cancelled,operations,3446
1385,3449,connecting,operations,3449
1385,3449,flight,operations,3449
1386,3449,lost,facility,3449
1386,3449,and,facility,3449
1386,3449,found,facility,3449
1387,3449,lost,facility,3449
1387,3449,and,facility,3449
1387,3449,found,facility,3449
1395,3453,numerous,operations,3453
1395,3453,online,operations,3453
1395,3453,forms,operations,3453
1396,3453,endless,general,3453
1396,3453,follow,general,3453
1396,3453,up,general,3453
1396,3453,phone,general,3453
1396,3453,calls,general,3453
1398,3454,flight,operations,3454
1398,3454,was,operations,3454
1398,3454,cancelled,operations,3454
1399,3455,good,general,3455
1404,3457,early,facility,3457
1404,3457,onboard,facility,3457
1404,3457,service,facility,3457
1409,3459,late,general,3459
1410,3459,miss,general,3459
1410,3459,my,general,3459
1410,3459,connection,general,3459
1410,3459,flight,general,3459
1411,3459,poor,general,3459
1411,3459,service,general,3459
1416,3462,bag,facility,3462
1416,3462,drop,facility,3462
1417,3462,slower,general,3462
1418,3462,transit,general,3462
1418,3462,area,general,3462
1419,3462,lobby,general,3462
1424,3463,correspondence,facility,3463
1424,3463,and,facility,3463
1424,3463,emails,facility,3463
1434,3466,cancelled,operations,3466
1435,3466,on,operations,3466
1435,3466,time,operations,3466
1440,3468,boarding,operations,3468
1444,3470,security,operations,3470
1444,3470,screening,operations,3470
1445,3470,lounge,facility,3470
1447,3471,delay,operations,3471
1451,3473,heavily,operations,3473
1451,3473,delayed,operations,3473
1458,3476,superb,facility,3476
1458,3476,lounge,facility,3476
1463,3478,check,facility,3478
1463,3478,in,facility,3478
1467,3479,on,operations,3479
1467,3479,time,operations,3479
1471,3481,lost,facility,3481
1471,3481,and,facility,3481
1471,3481,found,facility,3481
1478,3484,checkin,facility,3484
1479,3485,new,operations,3485
1479,3485,boarding,operations,3485
1490,3490,usiness,operations,3490
1490,3490,class,operations,3490
1493,3491,worst,general,3491
1493,3491,customer,general,3491
1493,3491,service,general,3491
1494,3491,email,facility,3491
1501,3495,apology,facility,3495
1501,3495,email,facility,3495
1502,3496,checked,facility,3496
1502,3496,in,facility,3496
1502,3496,online,facility,3496
1503,3496,app,facility,3496
1507,3497,detour,operations,3497
1508,3497,amazing,general,3497
1508,3497,service,general,3497
1509,3498,checkin,facility,3498
1510,3498,on,operations,3498
1510,3498,board,operations,3498
1511,3499,business,operations,3499
1511,3499,class,operations,3499
1512,3500,ios,facility,3500
1512,3500,app,facility,3500
1513,3500,check,facility,3500
1513,3500,in,facility,3500
1513,3500,was,facility,3500
1513,3500,smooth,facility,3500
1523,3504,multilingual,general,3504
1523,3504,service,general,3504
1525,3505,delayed,operations,3505
1526,3505,transit,operations,3505
1526,3505,time,operations,3505
1527,3506,glaring,general,3506
1527,3506,discrepancies,general,3506
1532,3507,terrible,general,3507
1532,3507,customer,general,3507
1532,3507,service,general,3507
1540,3510,customer,general,3510
1540,3510,service,general,3510
1540,3510,is,general,3510
1540,3510,the,general,3510
1540,3510,worst,general,3510
1541,3510,delayed,operations,3510
1542,3510,delay,operations,3510
1543,3511,priority,facility,3511
1543,3511,checkin,facility,3511
1544,3511,quick,general,3511
1545,3511,easy,operations,3511
1545,3511,boarding,operations,3511
1564,3517,lounge,facility,3517
1564,3517,too,facility,3517
1564,3517,was,facility,3517
1564,3517,a,facility,3517
1564,3517,bit,facility,3517
1564,3517,underwhelming,facility,3517
1568,3518,app,facility,3518
1571,3519,cold,general,3519
1571,3519,tarmac,general,3519
1571,3519,and,general,3519
1571,3519,stairwell,general,3519
1572,3519,delayed,operations,3519
1573,3520,denied,operations,3520
1573,3520,boarding,operations,3520
1574,3520,flight,operations,3520
1574,3520,was,operations,3520
1574,3520,canceled,operations,3520
1575,3520,check,facility,3520
1575,3520,in,facility,3520
1575,3520,online,facility,3520
1576,3520,flight,operations,3520
1576,3520,took,operations,3520
1576,3520,off,operations,3520
1577,3520,flight,general,3520
1577,3520,is,general,3520
1577,3520,full,general,3520
1578,3520,denied,operations,3520
1578,3520,boarding,operations,3520
1579,3521,boarding,operations,3521
1579,3521,on,operations,3521
1579,3521,time,operations,3521
1591,3525,online,general,3525
1591,3525,booking,general,3525
1591,3525,was,general,3525
1591,3525,not,general,3525
1591,3525,working,general,3525
1592,3525,booking,facility,3525
1592,3525,via,facility,3525
1592,3525,a,facility,3525
1592,3525,telephone,facility,3525
1593,3525,check,facility,3525
1593,3525,in,facility,3525
1594,3525,very,general,3525
1594,3525,fast,general,3525
1594,3525,and,general,3525
1594,3525,efficient,general,3525
1595,3526,boarding,operations,3526
1595,3526,was,operations,3526
1595,3526,chaotic,operations,3526
1599,3527,cancelled,operations,3527
1600,3527,new,facility,3527
1600,3527,boarding,facility,3527
1600,3527,passes,facility,3527
1606,3529,trouble,general,3529
1606,3529,finding,general,3529
1607,3529,useless,general,3529
1607,3529,telephone,general,3529
1607,3529,calls,general,3529
1612,3531,fabulous,facility,3531
1612,3531,lounge,facility,3531
1613,3531,efficient,operations,3531
1613,3531,boarding,operations,3531
1614,3532,boarding,operations,3532
1614,3532,was,operations,3532
1614,3532,fast,operations,3532
1618,3534,lounge,facility,3534
1619,3534,comfortable,general,3534
1620,3534,little,general,3534
1620,3534,service,general,3534
1621,3534,delayed,operations,3534
1623,3535,executive,facility,3535
1623,3535,lounge,facility,3535
1633,3537,satisfactory,operations,3537
1633,3537,business,operations,3537
1633,3537,class,operations,3537
1646,3540,boarding,operations,3540
1646,3540,cards,operations,3540
1693,3552,cancelling,operations,3552
1694,3552,chaotic,facility,3552
1694,3552,checkin,facility,3552
1695,3552,endless,general,3552
1695,3552,queues,general,3552
1697,3554,flights,operations,3554
1697,3554,were,operations,3554
1697,3554,delayed,operations,3554
1698,3554,delayed,operations,3554
1699,3554,disorganised,general,3554
1700,3555,journey,general,3555
1700,3555,was,general,3555
1700,3555,unbearable,general,3555
1703,3556,rude,general,3556
1703,3556,customer,general,3556
1703,3556,service,general,3556
1704,3556,technical,general,3556
1704,3556,problem,general,3556
1718,3561,flight,operations,3561
1718,3561,delayed,operations,3561
1719,3561,fake,operations,3561
1719,3561,timings,operations,3561
1720,3562,check,facility,3562
1720,3562,in,facility,3562
1728,3564,cancelled,operations,3564
1729,3564,eticket,facility,3564
1729,3564,message,facility,3564
1730,3564,cancellation,facility,3564
1730,3564,message,facility,3564
1731,3565,delayed,operations,3565
1732,3565,delayed,operations,3565
1744,3569,plane,operations,3569
1744,3569,was,operations,3569
1744,3569,delayed,operations,3569
1745,3569,delay,operations,3569
1748,3570,check,facility,3570
1748,3570,in,facility,3570
1749,3570,check,facility,3570
1749,3570,in,facility,3570
1749,3570,counter,facility,3570
1753,3572,kiosk,facility,3572
1762,3575,boarding,operations,3575
1762,3575,pass,operations,3575
1763,3575,no,general,3575
1763,3575,zone,general,3575
1764,3575,decent,operations,3575
1764,3575,boarding,operations,3575
1765,3576,fully,facility,3576
1765,3576,automated,facility,3576
1765,3576,self,facility,3576
1765,3576,checking,facility,3576
1766,3577,flight,operations,3577
1766,3577,was,operations,3577
1766,3577,slightly,operations,3577
1766,3577,delayed,operations,3577
1770,3578,delayed,operations,3578
1775,3581,telephone,general,3581
1776,3581,check,facility,3581
1776,3581,in,facility,3581
1777,3581,desks,facility,3581
1781,3582,online,facility,3582
1781,3582,checkin,facility,3582
1782,3582,not,general,3582
1782,3582,working,general,3582
1783,3582,slow,general,3582
1787,3584,lost,facility,3584
1787,3584,and,facility,3584
1787,3584,found,facility,3584
1792,3586,poor,general,3586
1792,3586,time,general,3586
1792,3586,maintenance,general,3586
1796,3588,information,facility,3588
1796,3588,desk,facility,3588
1801,3590,lounge,facility,3590
1802,3590,lounge,facility,3590
1803,3590,well,general,3590
1803,3590,provisioned,general,3590
1803,3590,and,general,3590
1803,3590,well,general,3590
1803,3590,equipped,general,3590
1804,3591,call,facility,3591
1804,3591,centre,facility,3591
1805,3591,call,general,3591
1805,3591,back,general,3591
1808,3593,checkin,facility,3593
1808,3593,process,facility,3593
1808,3593,was,facility,3593
1808,3593,a,facility,3593
1808,3593,breeze,facility,3593
1810,3594,flight,operations,3594
1810,3594,was,operations,3594
1810,3594,delayed,operations,3594
1811,3594,a,facility,3594
1811,3594,new,facility,3594
1811,3594,boarding,facility,3594
1811,3594,pass,facility,3594
1812,3594,phone,general,3594
1812,3594,operators,general,3594
1813,3594,website,facility,3594
1816,3596,delayed,operations,3596
1817,3596,delayed,operations,3596
1818,3597,checkin,facility,3597
1819,3597,was,general,3597
1819,3597,a,general,3597
1819,3597,breeze,general,3597
1820,3598,baggage,facility,3598
1820,3598,department,facility,3598
1829,3601,technical,general,3601
1829,3601,fault,general,3601
1831,3602,worst,facility,3602
1831,3602,baggage,facility,3602
1831,3602,service,facility,3602
1832,3602,ustomer,general,3602
1832,3602,care,general,3602
1833,3603,gruelling,general,3603
1833,3603,process,general,3603
1834,3603,transit,general,3603
1834,3603,in,general,3603
1835,3603,delayed,operations,3603
1837,3604,schedule,general,3604
1838,3604,customer,general,3604
1838,3604,service,general,3604
1839,3604,waiting,general,3604
1844,3607,flight,operations,3607
1844,3607,was,operations,3607
1844,3607,cancelled,operations,3607
1846,3608,disappointed,general,3608
1846,3608,poor,general,3608
1846,3608,service,general,3608
1847,3608,disorganized,general,3608
1848,3609,moothest,facility,3609
1848,3609,checkin,facility,3609
1849,3609,not,facility,3609
1849,3609,let,facility,3609
1849,3609,me,facility,3609
1849,3609,check,facility,3609
1849,3609,in,facility,3609
1850,3609,delayed,operations,3609
1853,3610,baggage,facility,3610
1853,3610,service,facility,3610
1853,3610,very,facility,3610
1853,3610,poo,facility,3610
1862,3614,lost,facility,3614
1862,3614,my,facility,3614
1862,3614,flight,facility,3614
1863,3614,check,facility,3614
1863,3614,in,facility,3614
1864,3614,delayed,operations,3614
1865,3615,customer,general,3615
1865,3615,service,general,3615
1866,3615,lodge,general,3615
1866,3615,a,general,3615
1866,3615,complaint,general,3615
1867,3615,lounge,facility,3615
1868,3615,worst,general,3615
1868,3615,customer,general,3615
1868,3615,service,general,3615
1870,3617,no,facility,3617
1870,3617,wheelchair,facility,3617
1872,3618,customer,general,3618
1872,3618,service,general,3618
1873,3618,mail,facility,3618
1873,3618,addresses,facility,3618
1876,3619,check,facility,3619
1876,3619,in,facility,3619
1876,3619,was,facility,3619
1876,3619,smooth,facility,3619
1877,3620,delayed,operations,3620
1878,3620,delayed,operations,3620
1879,3620,lounge,facility,3620
1879,3620,access,facility,3620
1880,3620,lounge,facility,3620
1881,3621,checkin,facility,3621
1881,3621,procedure,facility,3621
1881,3621,that,facility,3621
1881,3621,was,facility,3621
1881,3621,not,facility,3621
1881,3621,flightspecific,facility,3621
1886,3623,technical,general,3623
1886,3623,problem,general,3623
1888,3624,boarding,facility,3624
1888,3624,passes,facility,3624
1889,3624,checkin,facility,3624
1889,3624,desk,facility,3624
1893,3625,waiting,general,3625
1899,3629,delay,operations,3629
1903,3630,check,facility,3630
1903,3630,in,facility,3630
1904,3630,desks,facility,3630
1913,3632,boarding,facility,3632
1913,3632,passes,facility,3632
1915,3633,late,general,3633
1915,3633,again,general,3633
1917,3634,flight,operations,3634
1917,3634,got,operations,3634
1917,3634,canceled,operations,3634
1918,3635,delay,operations,3635
1919,3635,poor,general,3635
1919,3635,service,general,3635
1924,3638,pathetic,general,3638
1924,3638,customer,general,3638
1924,3638,service,general,3638
1928,3640,poor,general,3640
1928,3640,customer,general,3640
1928,3640,service,general,3640
1933,3642,delayed,operations,3642
1934,3642,delays,operations,3642
1937,3643,quite,general,3643
1937,3643,empty,general,3643
1943,3644,canceled,operations,3644
1944,3645,connection,operations,3645
1944,3645,was,operations,3645
1944,3645,missed,operations,3645
1945,3645,slightly,operations,3645
1945,3645,delayed,operations,3645
1946,3645,delayed,operations,3645
1948,3646,delayed,operations,3646
1951,3647,website,facility,3647
1952,3647,boarding,operations,3647
1959,3650,web,facility,3650
1959,3650,checkin,facility,3650
1960,3650,boarding,operations,3650
1961,3650,checked,facility,3650
1961,3650,in,facility,3650
1962,3650,good,general,3650
1962,3650,standard,general,3650
1962,3650,flight,general,3650
1963,3651,flight,operations,3651
1964,3651,delayed,operations,3651
1965,3652,americanairlines,general,3652
1966,3653,delayed,operations,3653
1967,3653,service,general,3653
1967,3653,is,general,3653
1967,3653,bad,general,3653
1971,3655,boarding,facility,3655
1971,3655,pass,facility,3655
1972,3655,check,facility,3655
1972,3655,in,facility,3655
1973,3655,front,facility,3655
1973,3655,desk,facility,3655
1974,3655,boarding,operations,3655
1974,3655,pass,operations,3655
1975,3655,missed,general,3655
1975,3655,my,general,3655
1975,3655,flight,general,3655
1976,3656,flight,operations,3656
1976,3656,was,operations,3656
1976,3656,cancelled,operations,3656
1977,3656,customer,facility,3656
1977,3656,support,facility,3656
1977,3656,email,facility,3656
1978,3656,horrible,general,3656
1978,3656,customer,general,3656
1978,3656,service,general,3656
1980,3657,boarded,operations,3657
1980,3657,on,operations,3657
1980,3657,time,operations,3657
1981,3658,miss,general,3658
1981,3658,a,general,3658
1981,3658,flight,general,3658
1985,3659,operational,operations,3659
1985,3659,problems,operations,3659
1986,3660,worst,general,3660
1986,3660,customer,general,3660
1986,3660,service,general,3660
1987,3660,online,facility,3660
1987,3660,app,facility,3660
1989,3660,guest,general,3660
1989,3660,services,general,3660
1990,3661,baggage,facility,3661
1990,3661,counter,facility,3661
1991,3661,baggage,facility,3661
1991,3661,counter,facility,3661
1992,3661,baggage,facility,3661
1992,3661,counter,facility,3661
1993,3662,customer,general,3662
1993,3662,service,general,3662
2000,3665,boarding,operations,3665
2003,3667,delay,operations,3667
2004,3667,delay,operations,3667
2005,3667,customer,general,3667
2005,3667,service,general,3667
2006,3667,customer,general,3667
2006,3667,service,general,3667
2009,3668,customer,general,3668
2009,3668,service,general,3668
2010,3668,customer,general,3668
2010,3668,service,general,3668
2011,3668,customer,general,3668
2011,3668,service,general,3668
2012,3669,delay,operations,3669
2013,3669,delayed,operations,3669
2014,3669,lounge,facility,3669
2014,3669,access,facility,3669
2017,3670,horrible,general,3670
2017,3670,customer,general,3670
2017,3670,service,general,3670
2019,3671,checkin,facility,3671
2024,3672,delayed,operations,3672
2026,3673,missing,general,3673
2026,3673,my,general,3673
2026,3673,flight,general,3673
2027,3673,customer,general,3673
2027,3673,service,general,3673
2028,3674,flight,general,3674
2030,3674,cancellations,operations,3674
2030,3674,and,operations,3674
2030,3674,delays,operations,3674
2031,3675,delayed,operations,3675
2039,3678,call,facility,3678
2039,3678,centers,facility,3678
2041,3679,cancelled,operations,3679
2041,3679,the,operations,3679
2041,3679,flight,operations,3679
2042,3680,delayed,operations,3680
2043,3681,check,facility,3681
2043,3681,in,facility,3681
2044,3681,poor,general,3681
2044,3681,service,general,3681
2045,3682,delayed,operations,3682
2046,3682,delayed,operations,3682
2047,3683,customer,general,3683
2047,3683,service,general,3683
2047,3683,line,general,3683
2053,3685,baggage,facility,3685
2053,3685,claim,facility,3685
2054,3685,awful,general,3685
2054,3685,service,general,3685
2055,3685,customer,general,3685
2055,3685,service,general,3685
2056,3685,worst,general,3685
2056,3685,service,general,3685
2064,3688,lounge,facility,3688
2069,3691,delays,operations,3691
2072,3692,plane,operations,3692
2072,3692,get,operations,3692
2072,3692,delayed,operations,3692
2073,3692,plane,operations,3692
2073,3692,got,operations,3692
2073,3692,delayed,operations,3692
2074,3693,flight,operations,3693
2074,3693,was,operations,3693
2074,3693,delayed,operations,3693
2075,3693,lounge,facility,3693
2076,3693,flight,operations,3693
2076,3693,was,operations,3693
2076,3693,cancelled,operations,3693
2077,3693,plane,operations,3693
2077,3693,was,operations,3693
2077,3693,cancelled,operations,3693
2080,3694,delayed,operations,3694
2086,3697,boarding,facility,3697
2086,3697,pass,facility,3697
2087,3697,customer,general,3697
2087,3697,service,general,3697
2096,3699,missed,general,3699
2096,3699,the,general,3699
2096,3699,flight,general,3699
2101,3701,flight,operations,3701
2101,3701,is,operations,3701
2101,3701,delayed,operations,3701
2114,3704,transfer,operations,3704
2114,3704,flight,operations,3704
2115,3704,delays,operations,3704
2116,3705,delays,operations,3705
2117,3705,delays,operations,3705
2120,3706,app,facility,3706
2121,3706,call,general,3706
2121,3706,customer,general,3706
2121,3706,service,general,3706
2122,3707,boarding,operations,3707
2123,3707,delay,operations,3707
2124,3707,delayed,operations,3707
2125,3707,boarding,operations,3707
2126,3708,lounge,facility,3708
2129,3709,flights,operations,3709
2129,3709,were,operations,3709
2129,3709,late,operations,3709
2133,3710,boarding,facility,3710
2133,3710,pass,facility,3710
2138,3711,flight,operations,3711
2138,3711,was,operations,3711
2138,3711,ontime,operations,3711
2139,3711,kiosk,facility,3711
2140,3711,checking,facility,3711
2140,3711,in,facility,3711
2141,3711,check,facility,3711
2141,3711,in,facility,3711
2141,3711,counter,facility,3711
2142,3712,american,facility,3712
2142,3712,airlines,facility,3712
2142,3712,app,facility,3712
2143,3712,app,facility,3712
2148,3713,flight,operations,3713
2148,3713,was,operations,3713
2148,3713,delayed,operations,3713
2149,3713,delayed,operations,3713
2150,3714,flight,operations,3714
2150,3714,got,operations,3714
2150,3714,canceled,operations,3714
2151,3715,flight,operations,3715
2151,3715,was,operations,3715
2151,3715,canceled,operations,3715
2153,3715,delay,operations,3715
2154,3715,emails,facility,3715
2155,3716,flights,operations,3716
2155,3716,were,operations,3716
2155,3716,delayed,operations,3716
2157,3717,delay,operations,3717
2158,3717,customer,facility,3717
2158,3717,service,facility,3717
2158,3717,desk,facility,3717
2160,3718,flight,general,3718
2160,3718,cancellation,general,3718
2166,3720,boarding,operations,3720
2166,3720,pass,operations,3720
2180,3724,changed,operations,3724
2180,3724,my,operations,3724
2180,3724,flight,operations,3724
2180,3724,time,operations,3724
2181,3725,refused,general,3725
2181,3725,to,general,3725
2181,3725,help,general,3725
2182,3725,flight,general,3725
2182,3725,credit,general,3725
2183,3725,better,general,3725
2183,3725,service,general,3725
2185,3726,flight,operations,3726
2185,3726,has,operations,3726
2185,3726,been,operations,3726
2185,3726,delayed,operations,3726
2186,3727,cancelled,operations,3727
2186,3727,my,operations,3727
2186,3727,flight,operations,3727
2190,3729,delayed,operations,3729
2191,3730,canceled,operations,3730
2191,3730,flights,operations,3730
2192,3730,worst,general,3730
2192,3730,customer,general,3730
2192,3730,care,general,3730
2193,3731,forced,facility,3731
2193,3731,to,facility,3731
2193,3731,checkin,facility,3731
2198,3734,very,general,3734
2198,3734,poor,general,3734
2198,3734,customer,general,3734
2198,3734,service,general,3734
2200,3735,customer,general,3735
2200,3735,service,general,3735
2202,3735,customer,general,3735
2202,3735,service,general,3735
2203,3735,customer,general,3735
2203,3735,service,general,3735
2204,3735,call,general,3735
2204,3735,back,general,3735
2206,3736,customer,general,3736
2206,3736,service,general,3736
2208,3736,delayed,operations,3736
2209,3736,boarded,operations,3736
2209,3736,us,operations,3736
2210,3737,baggage,facility,3737
2210,3737,claim,facility,3737
2219,3739,delays,operations,3739
2220,3739,app,facility,3739
2228,3742,delay,operations,3742
2229,3742,delay,operations,3742
2230,3742,cancelled,operations,3742
2230,3742,our,operations,3742
2230,3742,flight,operations,3742
2242,3745,layover,operations,3745
2243,3745,delay,operations,3745
2245,3745,delay,operations,3745
2247,3745,email,facility,3745
2248,3745,customer,general,3745
2248,3745,service,general,3745
2251,3746,abhorrent,general,3746
2251,3746,customer,general,3746
2251,3746,service,general,3746
2261,3748,customer,general,3748
2261,3748,service,general,3748
2262,3749,lost,facility,3749
2262,3749,found,facility,3749
2265,3752,flight,operations,3752
2265,3752,was,operations,3752
2265,3752,delayed,operations,3752
2274,3856,boarding,facility,3856
2274,3856,pass,facility,3856
2275,3856,delay,operations,3856
2294,3863,flights,operations,3863
2294,3863,were,operations,3863
2294,3863,cancelled,operations,3863
2300,3866,brilliant,general,3866
2300,3866,service,general,3866
2312,3869,delays,operations,3869
2313,3869,delays,operations,3869
2316,3870,delays,operations,3870
2317,3870,service,general,3870
2317,3870,was,general,3870
2317,3870,not,general,3870
2317,3870,bad,general,3870
2324,3955,indigoairlines,general,3955
2326,3957,delayed,operations,3957
2328,3958,on,operations,3958
2328,3958,time,operations,3958
2330,3959,punctuality,general,3959
2330,3959,service,general,3959
2335,3961,not,operations,3961
2335,3961,let,operations,3961
2335,3961,me,operations,3961
2335,3961,board,operations,3961
2337,3963,boarded,operations,3963
2337,3963,very,operations,3963
2337,3963,efficient,operations,3963
2338,3963,lounge,facility,3963
2338,3963,good,facility,3963
2340,3965,kiosk,facility,3965
2341,3965,boarding,facility,3965
2341,3965,pass,facility,3965
2348,3968,checkin,facility,3968
2349,3968,deboarding,operations,3968
2355,3969,checking,facility,3969
2355,3969,in,facility,3969
2361,3971,checkin,facility,3971
2362,3971,customer,general,3971
2362,3971,care,general,3971
2365,3972,flight,operations,3972
2365,3972,is,operations,3972
2365,3972,on,operations,3972
2365,3972,time,operations,3972
2365,3972,t,operations,3972
2366,3973,delay,operations,3973
2369,3974,checkin,facility,3974
2379,3977,flight,operations,3977
2379,3977,was,operations,3977
2379,3977,on,operations,3977
2379,3977,time,operations,3977
2382,3979,extremely,general,3979
2382,3979,poor,general,3979
2382,3979,service,general,3979
2383,3980,boarding,facility,3980
2383,3980,passes,facility,3980
2384,3981,immediately,operations,3981
2384,3981,started,operations,3981
2384,3981,boarding,operations,3981
2385,3981,boarding,facility,3981
2385,3981,pass,facility,3981
2386,3982,flight,operations,3982
2386,3982,got,operations,3982
2386,3982,delayed,operations,3982
2387,3982,delay,operations,3982
2390,3984,baggage,facility,3984
2390,3984,claim,facility,3984
2394,3985,check,facility,3985
2394,3985,in,facility,3985
2397,3986,security,facility,3986
2397,3986,checkpoint,facility,3986
2398,3986,checked,facility,3986
2398,3986,in,facility,3986
2411,3990,web,facility,3990
2411,3990,check,facility,3990
2411,3990,in,facility,3990
2412,3990,boarding,facility,3990
2412,3990,pass,facility,3990
2413,3990,print,facility,3990
2413,3990,the,facility,3990
2413,3990,boarding,facility,3990
2413,3990,pass,facility,3990
2414,3990,boarding,facility,3990
2414,3990,pass,facility,3990
2415,3991,on,operations,3991
2415,3991,time,operations,3991
2424,3994,checkin,facility,3994
2424,3994,desk,facility,3994
2433,3997,delayed,operations,3997
2436,3998,on,operations,3998
2436,3998,time,operations,3998
2437,3999,security,facility,3999
2437,3999,check,facility,3999
2437,3999,line,facility,3999
2438,3999,checking,facility,3999
2439,3999,lost,facility,3999
2439,3999,and,facility,3999
2439,3999,found,facility,3999
2445,4001,checkin,facility,4001
2447,4002,good,facility,4002
2447,4002,check,facility,4002
2447,4002,in,facility,4002
2451,4003,checkin,facility,4003
2452,4003,checkin,facility,4003
2453,4003,lounge,facility,4003
2454,4003,boarded,operations,4003
2457,4005,delay,operations,4005
2458,4005,delay,operations,4005
2459,4006,flight,operations,4006
2459,4006,was,operations,4006
2459,4006,delayed,operations,4006
2461,4007,delay,operations,4007
2462,4007,delayed,operations,4007
2467,4010,checkin,facility,4010
2468,4010,checkin,facility,4010
2469,4010,boarding,operations,4010
2469,4010,pass,operations,4010
2469,4010,printed,operations,4010
2470,4010,good,general,4010
2470,4010,customer,general,4010
2470,4010,service,general,4010
2473,4012,customer,general,4012
2473,4012,service,general,4012
2474,4012,no,facility,4012
2474,4012,transfer,facility,4012
2474,4012,desk,facility,4012
2476,4014,call,facility,4014
2476,4014,center,facility,4014
2480,4015,delayed,operations,4015
2481,4015,delay,operations,4015
2483,4017,flight,operations,4017
2483,4017,was,operations,4017
2483,4017,delayed,operations,4017
2499,4025,lounge,facility,4025
2500,4026,boarded,operations,4026
2502,4027,checkin,facility,4027
2505,4028,boarding,operations,4028
2506,4028,boarding,operations,4028
2523,4033,on,general,4033
2523,4033,time,general,4033
2523,4033,service,general,4033
2527,4035,delayed,operations,4035
2529,4035,boarding,facility,4035
2529,4035,passes,facility,4035
2529,4035,printed,facility,4035
2531,4035,boarding,facility,4035
2531,4035,passes,facility,4035
2532,4035,boarding,facility,4035
2532,4035,passes,facility,4035
2533,4036,excellent,general,4036
2533,4036,service,general,4036
2536,4037,good,general,4037
2536,4037,service,general,4037
2539,4038,checkin,facility,4038
2540,4038,flight,operations,4038
2540,4038,was,operations,4038
2540,4038,delayed,operations,4038
2541,4039,delays,operations,4039
2542,4039,customer,general,4039
2542,4039,service,general,4039
2547,4042,checkin,facility,4042
2557,4048,delayed,operations,4048
2558,4049,check,facility,4049
2558,4049,in,facility,4049
2559,4049,check,facility,4049
2559,4049,us,facility,4049
2559,4049,in,facility,4049
2561,4050,flight,operations,4050
2561,4050,was,operations,4050
2561,4050,delayed,operations,4050
2569,4053,good,general,4053
2569,4053,customer,general,4053
2569,4053,service,general,4053
2573,4055,on,general,4055
2573,4055,time,general,4055
2573,4055,service,general,4055
2577,3755,fficient,operations,3755
2577,3755,boarding,operations,3755
2577,3755,and,operations,3755
2577,3755,deboarding,operations,3755
2578,3756,mails,facility,3756
2582,3757,flight,operations,3757
2582,3757,was,operations,3757
2582,3757,delayed,operations,3757
2596,3762,new,facility,3762
2596,3762,boarding,facility,3762
2596,3762,passes,facility,3762
2598,3762,check,facility,3762
2598,3762,in,facility,3762
2606,3766,boarding,operations,3766
2614,3768,flight,operations,3768
2614,3768,got,operations,3768
2614,3768,delayed,operations,3768
2620,3773,no,facility,3773
2620,3773,lounge,facility,3773
2621,3773,app,facility,3773
2621,3773,works,facility,3773
2625,3776,customer,general,3776
2625,3776,support,general,3776
2628,3778,customer,general,3778
2628,3778,support,general,3778
2628,3778,is,general,3778
2628,3778,worst,general,3778
2628,3778,i,general,3778
2631,3779,great,operations,3779
2631,3779,organized,operations,3779
2631,3779,boarding,operations,3779
2640,3783,outstanding,general,3783
2640,3783,customer,general,3783
2640,3783,service,general,3783
2651,3787,complimentary,facility,3787
2651,3787,lounge,facility,3787
2651,3787,access,facility,3787
2652,3787,boarding,operations,3787
2652,3787,was,operations,3787
2652,3787,quick,operations,3787
2655,3788,swift,facility,3788
2655,3788,checkin,facility,3788
2658,3790,flight,operations,3790
2658,3790,was,operations,3790
2658,3790,delayed,operations,3790
2659,3791,smooth,facility,3791
2659,3791,check,facility,3791
2659,3791,in,facility,3791
2660,3791,flight,operations,3791
2660,3791,on,operations,3791
2660,3791,time,operations,3791
2661,3791,flight,operations,3791
2661,3791,on,operations,3791
2661,3791,time,operations,3791
2662,3792,flight,operations,3792
2662,3792,got,operations,3792
2662,3792,delayed,operations,3792
2663,3792,flight,operations,3792
2663,3792,was,operations,3792
2663,3792,delayed,operations,3792
2672,3796,airline,facility,3796
2672,3796,checkin,facility,3796
2673,3796,flight,operations,3796
2673,3796,was,operations,3796
2673,3796,ontime,operations,3796
2690,3802,website,facility,3802
2690,3802,interface,facility,3802
2690,3802,is,facility,3802
2690,3802,smooth,facility,3802
2691,3802,app,facility,3802
2691,3802,could,facility,3802
2691,3802,be,facility,3802
2691,3802,better,facility,3802
2692,3802,web,facility,3802
2692,3802,checkin,facility,3802
2692,3802,is,facility,3802
2692,3802,smooth,facility,3802
2693,3802,spot,facility,3802
2693,3802,checkin,facility,3802
2693,3802,is,facility,3802
2693,3802,easy,facility,3802
2694,3802,bag,operations,3802
2694,3802,drops,operations,3802
2694,3802,are,operations,3802
2694,3802,always,operations,3802
2694,3802,hassle,operations,3802
2694,3802,free,operations,3802
2705,3807,best,facility,3807
2705,3807,check,facility,3807
2705,3807,in,facility,3807
2709,3808,check,facility,3808
2709,3808,in,facility,3808
2709,3808,boarding,facility,3808
2710,3808,reasonable,general,3808
2711,3808,luggage,facility,3808
2711,3808,belt,facility,3808
2714,3809,cancelled,operations,3809
2714,3809,the,operations,3809
2714,3809,flight,operations,3809
2715,3810,transfer,operations,3810
2715,3810,facility,operations,3810
2718,3811,on,operations,3811
2718,3811,time,operations,3811
2718,3811,performance,operations,3811
2719,3811,website,facility,3811
2719,3811,and,facility,3811
2719,3811,app,facility,3811
2720,3811,simple,general,3811
2721,3811,user,general,3811
2721,3811,friendly,general,3811
2728,3814,boarding,facility,3814
2728,3814,pass,facility,3814
2731,3816,checkin,facility,3816
2736,3818,boarding,operations,3818
2740,3819,smooth,facility,3819
2740,3819,check,facility,3819
2740,3819,in,facility,3819
2743,3821,website,facility,3821
2743,3821,is,facility,3821
2743,3821,easy,facility,3821
2744,3821,web,facility,3821
2744,3821,check,facility,3821
2744,3821,in,facility,3821
2747,3822,delayed,operations,3822
2776,3828,priority,facility,3828
2776,3828,baggage,facility,3828
2785,3832,dedicated,facility,3832
2785,3832,counter,facility,3832
2786,3832,maintained,general,3832
2792,3833,flight,operations,3833
2792,3833,was,operations,3833
2792,3833,punctual,operations,3833
2800,3836,excellent,facility,3836
2800,3836,checkin,facility,3836
1,2946,airport,ticketing,2946
1,2946,booking,ticketing,2946
2,2946,rebook,ticketing,2946
3,2946,rebookings,ticketing,2946
4,2946,rebooking,ticketing,2946
5,2946,rebookings,ticketing,2946
6,2946,compensation,ticketing,2946
7,2946,compensation,ticketing,2946
15,2948,price,ticketing,2948
16,2948,unbeatable,ticketing,2948
45,2955,overbooked,ticketing,2955
46,2955,refund,ticketing,2955
47,2956,refund,ticketing,2956
48,2956,ticket,ticketing,2956
49,2956,refund,ticketing,2956
50,2956,ticket,ticketing,2956
51,2956,refund,ticketing,2956
54,2957,rebooked,ticketing,2957
55,2957,lost,ticketing,2957
55,2957,wages,ticketing,2957
56,2957,booked,ticketing,2957
60,2958,ticket,ticketing,2958
60,2958,counter,ticketing,2958
61,2958,single,ticketing,2958
61,2958,ticket,ticketing,2958
61,2958,counter,ticketing,2958
96,2961,change,ticketing,2961
96,2961,my,ticketing,2961
96,2961,ticket,ticketing,2961
97,2961,reimbursement,ticketing,2961
98,2961,reimbursement,ticketing,2961
99,2961,ticket,ticketing,2961
100,2961,less,ticketing,2961
100,2961,expensive,ticketing,2961
118,2965,cheap,ticketing,2965
118,2965,budget,ticketing,2965
120,2966,replacement,ticketing,2966
124,2967,compensation,ticketing,2967
128,2968,book,ticketing,2968
129,2968,booking,ticketing,2968
134,2970,pay,ticketing,2970
152,2972,tickets,ticketing,2972
167,2974,ticketing,ticketing,2974
168,2974,refund,ticketing,2974
169,2974,nonrefundable,ticketing,2974
175,2976,non,ticketing,2976
175,2976,transparent,ticketing,2976
176,2976,misguiding,ticketing,2976
177,2976,compensation,ticketing,2976
178,2976,refund,ticketing,2976
179,2976,compensation,ticketing,2976
191,2977,refuse,ticketing,2977
192,2977,refund,ticketing,2977
230,2983,compensation,ticketing,2983
231,2983,refund,ticketing,2983
232,2983,inconvenience,ticketing,2983
234,2984,reasonable,ticketing,2984
235,2984,fare,ticketing,2984
243,2986,cost,ticketing,2986
244,2986,convenience,ticketing,2986
245,2986,zero,ticketing,2986
245,2986,compensation,ticketing,2986
246,2986,inconvenience,ticketing,2986
247,2986,price,ticketing,2986
248,2986,significantly,ticketing,2986
248,2986,less,ticketing,2986
265,2989,ticketing,ticketing,2989
265,2989,counter,ticketing,2989
266,2989,purchased,ticketing,2989
267,2989,ticket,ticketing,2989
268,2989,process,ticketing,2989
299,2994,rebooked,ticketing,2994
300,2994,rebooked,ticketing,2994
301,2994,downgraded,ticketing,2994
301,2994,to,ticketing,2994
301,2994,economy,ticketing,2994
302,2994,compensate,ticketing,2994
303,2994,partial,ticketing,2994
303,2994,refund,ticketing,2994
304,2994,complaint,ticketing,2994
304,2994,claims,ticketing,2994
322,2997,booking,ticketing,2997
323,2997,booking,ticketing,2997
323,2997,our,ticketing,2997
323,2997,tickets,ticketing,2997
324,2997,finished,ticketing,2997
324,2997,completing,ticketing,2997
330,2999,paid,ticketing,2999
330,2999,the,ticketing,2999
330,2999,tickets,ticketing,2999
347,3000,rebooked,ticketing,3000
350,3001,rebooking,ticketing,3001
352,3002,upgrades,ticketing,3002
353,3002,not,ticketing,3002
353,3002,refundable,ticketing,3002
354,3002,upgrade,ticketing,3002
355,3002,not,ticketing,3002
355,3002,refundable,ticketing,3002
356,3002,upgraded,ticketing,3002
366,3005,discounted,ticketing,3005
366,3005,rate,ticketing,3005
367,3005,discounted,ticketing,3005
367,3005,rates,ticketing,3005
368,3005,discount,ticketing,3005
373,3007,tickets,ticketing,3007
373,3007,changed,ticketing,3007
400,3016,fare,ticketing,3016
400,3016,i,ticketing,3016
400,3016,chose,ticketing,3016
401,3016,payment,ticketing,3016
401,3016,stage,ticketing,3016
402,3016,purchase,ticketing,3016
402,3016,a,ticketing,3016
402,3016,checked,ticketing,3016
402,3016,bag,ticketing,3016
403,3016,more,ticketing,3016
403,3016,expensive,ticketing,3016
404,3016,refund,ticketing,3016
417,3019,good,ticketing,3019
417,3019,value,ticketing,3019
417,3019,for,ticketing,3019
417,3019,money,ticketing,3019
435,3022,seats,ticketing,3022
435,3022,baggage,ticketing,3022
435,3022,fees,ticketing,3022
436,3022,paid,ticketing,3022
436,3022,additional,ticketing,3022
436,3022,fees,ticketing,3022
437,3022,refund,ticketing,3022
438,3022,policy,ticketing,3022
440,3023,compensation,ticketing,3023
441,3023,compensation,ticketing,3023
473,3030,reimburse,ticketing,3030
476,3031,pay,ticketing,3031
476,3031,extra,ticketing,3031
476,3031,online,ticketing,3031
487,3033,pay,ticketing,3033
487,3033,a,ticketing,3033
487,3033,premium,ticketing,3033
487,3033,fare,ticketing,3033
506,3038,booking,ticketing,3038
506,3038,error,ticketing,3038
507,3038,charged,ticketing,3038
508,3038,more,ticketing,3038
508,3038,than,ticketing,3038
508,3038,double,ticketing,3038
509,3038,roundtrip,ticketing,3038
509,3038,price,ticketing,3038
510,3038,return,ticketing,3038
510,3038,change,ticketing,3038
511,3039,compensation,ticketing,3039
511,3039,options,ticketing,3039
543,3044,choice,ticketing,3044
544,3044,rescheduling,ticketing,3044
545,3044,refund,ticketing,3044
546,3044,pay,ticketing,3044
546,3044,expensive,ticketing,3044
551,3148,charged,ticketing,3148
551,3148,extra,ticketing,3148
552,3148,paid,ticketing,3148
552,3148,extra,ticketing,3148
553,3148,refused,ticketing,3148
553,3148,to,ticketing,3148
553,3148,refund,ticketing,3148
554,3149,ticket,ticketing,3149
554,3149,cost,ticketing,3149
555,3149,no,ticketing,3149
555,3149,ticket,ticketing,3149
556,3149,ticket,ticketing,3149
561,3150,overcharged,ticketing,3150
565,3152,zero,ticketing,3152
565,3152,compensation,ticketing,3152
566,3152,absolutely,ticketing,3152
566,3152,zero,ticketing,3152
569,3154,premium,ticketing,3154
569,3154,cost,ticketing,3154
581,3156,allowance,ticketing,3156
597,3161,paper,ticketing,3161
597,3161,ticket,ticketing,3161
598,3162,cheap,ticketing,3162
598,3162,flight,ticketing,3162
598,3162,tickets,ticketing,3162
600,3163,cancelled,ticketing,3163
601,3163,no,ticketing,3163
601,3163,notice,ticketing,3163
602,3163,no,ticketing,3163
602,3163,reason,ticketing,3163
603,3163,no,ticketing,3163
603,3163,compensation,ticketing,3163
604,3164,change,ticketing,3164
604,3164,baggage,ticketing,3164
604,3164,allowance,ticketing,3164
605,3164,tickets,ticketing,3164
606,3164,cancelled,ticketing,3164
613,3167,pay,ticketing,3167
613,3167,an,ticketing,3167
613,3167,extra,ticketing,3167
614,3167,paid,ticketing,3167
614,3167,beforehand,ticketing,3167
615,3167,cheaper,ticketing,3167
616,3168,refunds,ticketing,3168
617,3168,claiming,ticketing,3168
625,3170,compensated,ticketing,3170
627,3171,refund,ticketing,3171
630,3172,purchase,ticketing,3172
630,3172,additional,ticketing,3172
630,3172,services,ticketing,3172
647,3178,ticket,ticketing,3178
647,3178,cost,ticketing,3178
648,3178,ridiculous,ticketing,3178
669,3184,refund,ticketing,3184
670,3184,no,ticketing,3184
670,3184,refunds,ticketing,3184
673,3186,money,ticketing,3186
674,3186,was,ticketing,3186
674,3186,for,ticketing,3186
674,3186,nothing,ticketing,3186
675,3187,airline,ticketing,3187
675,3187,tickets,ticketing,3187
676,3187,ticket,ticketing,3187
677,3187,cheaper,ticketing,3187
677,3187,airlines,ticketing,3187
677,3187,ticket,ticketing,3187
687,3191,no,ticketing,3191
687,3191,compensation,ticketing,3191
691,3193,only,ticketing,3193
691,3193,payment,ticketing,3193
697,3196,refund,ticketing,3196
704,3197,very,ticketing,3197
704,3197,cheap,ticketing,3197
705,3198,payment,ticketing,3198
706,3198,refunded,ticketing,3198
712,3201,reasonably,ticketing,3201
712,3201,priced,ticketing,3201
715,3202,return,ticketing,3202
765,3250,sells,ticketing,3250
765,3250,expensive,ticketing,3250
765,3250,tickets,ticketing,3250
768,3251,pay,ticketing,3251
768,3251,extra,ticketing,3251
769,3251,buy,ticketing,3251
769,3251,new,ticketing,3251
769,3251,tickets,ticketing,3251
774,3253,low,ticketing,3253
774,3253,price,ticketing,3253
775,3254,extra,ticketing,3254
775,3254,baggage,ticketing,3254
775,3254,fee,ticketing,3254
789,3258,twoway,ticketing,3258
789,3258,ticket,ticketing,3258
799,3261,compensation,ticketing,3261
799,3261,delays,ticketing,3261
804,3264,pay,ticketing,3264
804,3264,extra,ticketing,3264
805,3264,new,ticketing,3264
805,3264,ticket,ticketing,3264
818,3269,pay,ticketing,3269
818,3269,for,ticketing,3269
818,3269,their,ticketing,3269
818,3269,error,ticketing,3269
818,3269,and,ticketing,3269
818,3269,incompetence,ticketing,3269
823,3270,purchase,ticketing,3270
823,3270,another,ticketing,3270
823,3270,ticket,ticketing,3270
824,3270,request,ticketing,3270
824,3270,a,ticketing,3270
824,3270,refund,ticketing,3270
839,3278,partial,ticketing,3278
839,3278,credit,ticketing,3278
840,3279,refund,ticketing,3279
841,3279,refund,ticketing,3279
842,3280,book,ticketing,3280
842,3280,another,ticketing,3280
843,3280,refunded,ticketing,3280
846,3282,flexible,ticketing,3282
846,3282,luggage,ticketing,3282
846,3282,rate,ticketing,3282
847,3283,claim,ticketing,3283
848,3283,pay,ticketing,3283
848,3283,more,ticketing,3283
850,3284,refund,ticketing,3284
854,3286,refund,ticketing,3286
855,3286,refund,ticketing,3286
856,3286,no,ticketing,3286
856,3286,refund,ticketing,3286
856,3286,option,ticketing,3286
862,3288,ticket,ticketing,3288
862,3288,online,ticketing,3288
869,3290,bookings,ticketing,3290
870,3290,different,ticketing,3290
870,3290,bookings,ticketing,3290
871,3290,pay,ticketing,3290
872,3290,full,ticketing,3290
872,3290,amount,ticketing,3290
906,3301,paid,ticketing,3301
907,3301,ended,ticketing,3301
907,3301,up,ticketing,3301
907,3301,paying,ticketing,3301
907,3301,another,ticketing,3301
926,3310,not,ticketing,3310
926,3310,allow,ticketing,3310
926,3310,for,ticketing,3310
926,3310,a,ticketing,3310
926,3310,change,ticketing,3310
927,3310,book,ticketing,3310
927,3310,an,ticketing,3310
927,3310,entirely,ticketing,3310
927,3310,new,ticketing,3310
927,3310,flight,ticketing,3310
931,3312,not,ticketing,3312
931,3312,compensate,ticketing,3312
932,3312,original,ticketing,3312
932,3312,booking,ticketing,3312
933,3312,lose,ticketing,3312
933,3312,out,ticketing,3312
933,3312,on,ticketing,3312
933,3312,money,ticketing,3312
945,3316,book,ticketing,3316
946,3316,ticket,ticketing,3316
947,3317,pay,ticketing,3317
947,3317,right,ticketing,3317
948,3318,cheap,ticketing,3318
948,3318,tickets,ticketing,3318
949,3318,cheap,ticketing,3318
949,3318,ticket,ticketing,3318
954,3319,ticket,ticketing,3319
954,3319,amount,ticketing,3319
954,3319,excludes,ticketing,3319
954,3319,check,ticketing,3319
954,3319,in,ticketing,3319
954,3319,baggage,ticketing,3319
971,3328,value,ticketing,3328
971,3328,for,ticketing,3328
971,3328,money,ticketing,3328
971,3328,pricing,ticketing,3328
972,3329,error,ticketing,3329
973,3329,booking,ticketing,3329
974,3329,impossible,ticketing,3329
974,3329,to,ticketing,3329
974,3329,deal,ticketing,3329
975,3329,declining,ticketing,3329
975,3329,to,ticketing,3329
975,3329,refund,ticketing,3329
987,3337,ticket,ticketing,3337
1006,3342,no,ticketing,3342
1006,3342,compensation,ticketing,3342
1033,3351,rebooked,ticketing,3351
1038,3352,paid,ticketing,3352
1039,3352,ticketing,ticketing,3352
1040,3352,purchase,ticketing,3352
1041,3352,ticket,ticketing,3352
1041,3352,was,ticketing,3352
1041,3352,pending,ticketing,3352
1041,3352,payment,ticketing,3352
1042,3353,booking,ticketing,3353
1042,3353,my,ticketing,3353
1042,3353,ticket,ticketing,3353
1042,3353,i,ticketing,3353
1046,3355,prices,ticketing,3355
1047,3355,pretty,ticketing,3355
1047,3355,reasonable,ticketing,3355
1048,3356,claim,ticketing,3356
1058,3358,charge,ticketing,3358
1058,3358,the,ticketing,3358
1058,3358,change,ticketing,3358
1058,3358,fee,ticketing,3358
1063,3359,purchasing,ticketing,3359
1064,3359,economy,ticketing,3359
1064,3359,fare,ticketing,3359
1065,3359,upgrading,ticketing,3359
1065,3359,to,ticketing,3359
1065,3359,business,ticketing,3359
1066,3360,no,ticketing,3360
1066,3360,extra,ticketing,3360
1066,3360,charge,ticketing,3360
1076,3361,ticket,ticketing,3361
1081,3362,discount,ticketing,3362
1082,3362,discount,ticketing,3362
1082,3362,call,ticketing,3362
1082,3362,back,ticketing,3362
1131,3376,purchase,ticketing,3376
1138,3378,book,ticketing,3378
1138,3378,an,ticketing,3378
1138,3378,alternative,ticketing,3378
1138,3378,flight,ticketing,3378
1139,3378,class,ticketing,3378
1139,3378,of,ticketing,3378
1139,3378,booking,ticketing,3378
1184,3392,new,ticketing,3392
1184,3392,ticket,ticketing,3392
1188,3394,refund,ticketing,3394
1188,3394,for,ticketing,3394
1188,3394,the,ticketing,3394
1188,3394,change,ticketing,3394
1189,3395,rebook,ticketing,3395
1190,3395,pay,ticketing,3395
1190,3395,for,ticketing,3395
1190,3395,an,ticketing,3395
1190,3395,upgrade,ticketing,3395
1192,3396,avoid,ticketing,3396
1192,3396,booking,ticketing,3396
1202,3398,expensive,ticketing,3398
1203,3398,economy,ticketing,3398
1205,3399,compensation,ticketing,3399
1206,3399,downgraded,ticketing,3399
1207,3399,rescheduling,ticketing,3399
1208,3399,without,ticketing,3399
1208,3399,compensation,ticketing,3399
1209,3400,rebooked,ticketing,3400
1210,3400,rebooking,ticketing,3400
1210,3400,charge,ticketing,3400
1223,3404,waive,ticketing,3404
1223,3404,the,ticketing,3404
1223,3404,bag,ticketing,3404
1223,3404,fees,ticketing,3404
1305,3421,price,ticketing,3421
1305,3421,was,ticketing,3421
1305,3421,pretty,ticketing,3421
1305,3421,good,ticketing,3421
1309,3422,refund,ticketing,3422
1309,3422,info,ticketing,3422
1309,3422,card,ticketing,3422
1324,3428,compensation,ticketing,3428
1325,3428,discounted,ticketing,3428
1326,3428,claim,ticketing,3428
1326,3428,for,ticketing,3428
1326,3428,a,ticketing,3428
1326,3428,refund,ticketing,3428
1326,3428,of,ticketing,3428
1326,3428,baggage,ticketing,3428
1326,3428,fees,ticketing,3428
1327,3428,compensation,ticketing,3428
1330,3429,rebooked,ticketing,3429
1330,3429,all,ticketing,3429
1330,3429,of,ticketing,3429
1330,3429,the,ticketing,3429
1330,3429,passengers,ticketing,3429
1339,3432,paying,ticketing,3432
1339,3432,for,ticketing,3432
1339,3432,upgrade,ticketing,3432
1339,3432,to,ticketing,3432
1339,3432,first,ticketing,3432
1339,3432,class,ticketing,3432
1340,3432,refund,ticketing,3432
1345,3434,meaningful,ticketing,3434
1345,3434,compensation,ticketing,3434
1346,3434,compensation,ticketing,3434
1348,3435,full,ticketing,3435
1348,3435,fare,ticketing,3435
1348,3435,economy,ticketing,3435
1349,3435,upgrade,ticketing,3435
1349,3435,from,ticketing,3435
1349,3435,economy,ticketing,3435
1355,3437,compensation,ticketing,3437
1356,3437,upgrade,ticketing,3437
1356,3437,us,ticketing,3437
1356,3437,to,ticketing,3437
1356,3437,premium,ticketing,3437
1356,3437,economy,ticketing,3437
1357,3437,selling,ticketing,3437
1357,3437,us,ticketing,3437
1357,3437,the,ticketing,3437
1357,3437,tickets,ticketing,3437
1368,3441,refund,ticketing,3441
1395,3453,fully,ticketing,3453
1395,3453,refundable,ticketing,3453
1395,3453,in,ticketing,3453
1395,3453,voucher,ticketing,3453
1396,3453,refunded,ticketing,3453
1397,3453,lost,ticketing,3453
1397,3453,my,ticketing,3453
1397,3453,money,ticketing,3453
1398,3454,refund,ticketing,3454
1412,3460,paid,ticketing,3460
1412,3460,for,ticketing,3460
1412,3460,a,ticketing,3460
1412,3460,luggage,ticketing,3460
1413,3460,claim,ticketing,3460
1414,3461,pay,ticketing,3461
1414,3461,excess,ticketing,3461
1414,3461,baggage,ticketing,3461
1414,3461,fees,ticketing,3461
1431,3465,small,ticketing,3465
1431,3465,and,ticketing,3465
1431,3465,reasonable,ticketing,3465
1431,3465,fee,ticketing,3465
1432,3465,upgrade,ticketing,3465
1432,3465,to,ticketing,3465
1432,3465,the,ticketing,3465
1432,3465,upper,ticketing,3465
1432,3465,deck,ticketing,3465
1471,3481,compensations,ticketing,3481
1472,3481,compensated,ticketing,3481
1475,3483,booked,ticketing,3483
1476,3483,booked,ticketing,3483
1476,3483,economy,ticketing,3483
1478,3484,connection,ticketing,3484
1478,3484,changes,ticketing,3484
1501,3495,compensation,ticketing,3495
1502,3496,rebooked,ticketing,3496
1517,3502,upgraded,ticketing,3502
1517,3502,to,ticketing,3502
1517,3502,premium,ticketing,3502
1517,3502,economy,ticketing,3502
1517,3502,service,ticketing,3502
1540,3510,compensation,ticketing,3510
1541,3510,rebooked,ticketing,3510
1541,3510,flight,ticketing,3510
1542,3510,rebooked,ticketing,3510
1542,3510,flight,ticketing,3510
1581,3522,good,ticketing,3522
1581,3522,money,ticketing,3522
1586,3523,tight,ticketing,3523
1586,3523,transfer,ticketing,3523
1586,3523,ticket,ticketing,3523
1587,3523,cheap,ticketing,3523
1587,3523,prices,ticketing,3523
1608,3530,booked,ticketing,3530
1609,3530,changed,ticketing,3530
1609,3530,itinerary,ticketing,3530
1610,3530,original,ticketing,3530
1610,3530,itinerary,ticketing,3530
1611,3530,extra,ticketing,3530
1611,3530,connection,ticketing,3530
1626,3536,premium,ticketing,3536
1626,3536,economy,ticketing,3536
1646,3540,upgraded,ticketing,3540
1646,3540,to,ticketing,3540
1646,3540,premium,ticketing,3540
1646,3540,economy,ticketing,3540
1756,3573,price,ticketing,3573
1785,3583,refund,ticketing,3583
1786,3583,not,ticketing,3583
1786,3583,eligible,ticketing,3583
1786,3583,for,ticketing,3583
1786,3583,a,ticketing,3583
1786,3583,refund,ticketing,3583
1793,3587,hopeless,ticketing,3587
1793,3587,tickets,ticketing,3587
1793,3587,allotment,ticketing,3587
1794,3587,booking,ticketing,3587
1795,3587,preallocating,ticketing,3587
1795,3587,tickets,ticketing,3587
1796,3588,inexpensive,ticketing,3588
1796,3588,flight,ticketing,3588
1810,3594,ticket,ticketing,3594
1811,3594,delayed,ticketing,3594
1811,3594,baggage,ticketing,3594
1811,3594,compensation,ticketing,3594
1854,3611,deduct,ticketing,3611
1854,3611,the,ticketing,3611
1854,3611,total,ticketing,3611
1854,3611,amount,ticketing,3611
1856,3613,seats,ticketing,3613
1856,3613,we,ticketing,3613
1856,3613,purchased,ticketing,3613
1857,3613,hasnâ€™t,ticketing,3613
1857,3613,been,ticketing,3613
1857,3613,reimbursed,ticketing,3613
1870,3617,paid,ticketing,3617
1870,3617,extra,ticketing,3617
1870,3617,for,ticketing,3617
1870,3617,aisle,ticketing,3617
1870,3617,seats,ticketing,3617
1871,3617,reimbursed,ticketing,3617
1872,3618,in,ticketing,3618
1872,3618,transit,ticketing,3618
1873,3618,updated,ticketing,3618
1873,3618,itinerary,ticketing,3618
1874,3618,booked,ticketing,3618
1874,3618,tickets,ticketing,3618
1875,3618,in,ticketing,3618
1875,3618,transit,ticketing,3618
1877,3620,rebooked,ticketing,3620
1886,3623,cost,ticketing,3623
1888,3624,ticket,ticketing,3624
1889,3624,refund,ticketing,3624
1889,3624,back,ticketing,3624
1889,3624,money,ticketing,3624
1890,3624,no,ticketing,3624
1891,3624,compensation,ticketing,3624
1893,3625,lost,ticketing,3625
1893,3625,money,ticketing,3625
1918,3635,compensation,ticketing,3635
1928,3640,mistake,ticketing,3640
1928,3640,in,ticketing,3640
1928,3640,booking,ticketing,3640
1929,3640,charging,ticketing,3640
1929,3640,money,ticketing,3640
1930,3641,booked,ticketing,3641
1931,3641,booked,ticketing,3641
1932,3641,seek,ticketing,3641
1932,3641,an,ticketing,3641
1932,3641,amendment,ticketing,3641
1951,3647,booking,ticketing,3647
1954,3648,overbooked,ticketing,3648
1963,3651,buying,ticketing,3651
1963,3651,a,ticketing,3651
1963,3651,new,ticketing,3651
1963,3651,ticket,ticketing,3651
1976,3656,reimburse,ticketing,3656
1977,3656,refund,ticketing,3656
1978,3656,not,ticketing,3656
1978,3656,refund,ticketing,3656
1979,3656,refund,ticketing,3656
1986,3660,rebooking,ticketing,3660
2000,3665,compensate,ticketing,3665
2001,3666,rebooked,ticketing,3666
2017,3670,compensation,ticketing,3670
2019,3671,paid,ticketing,3671
2019,3671,for,ticketing,3671
2019,3671,a,ticketing,3671
2019,3671,premium,ticketing,3671
2019,3671,economy,ticketing,3671
2019,3671,seat,ticketing,3671
2020,3671,paid,ticketing,3671
2020,3671,extra,ticketing,3671
2021,3671,receive,ticketing,3671
2021,3671,my,ticketing,3671
2021,3671,money,ticketing,3671
2021,3671,back,ticketing,3671
2028,3674,not,ticketing,3674
2028,3674,book,ticketing,3674
2028,3674,my,ticketing,3674
2028,3674,replacement,ticketing,3674
2028,3674,flight,ticketing,3674
2034,3676,flights,ticketing,3676
2034,3676,booked,ticketing,3676
2035,3677,refuse,ticketing,3677
2035,3677,to,ticketing,3677
2035,3677,upgrade,ticketing,3677
2036,3677,tickets,ticketing,3677
2041,3679,booked,ticketing,3679
2041,3679,my,ticketing,3679
2041,3679,flight,ticketing,3679
2043,3681,purchase,ticketing,3681
2043,3681,of,ticketing,3681
2043,3681,tickets,ticketing,3681
2044,3681,no,ticketing,3681
2044,3681,refund,ticketing,3681
2047,3683,new,ticketing,3683
2047,3683,plane,ticketing,3683
2047,3683,ticket,ticketing,3683
2048,3683,zero,ticketing,3683
2048,3683,credit,ticketing,3683
2049,3684,ticket,ticketing,3684
2049,3684,was,ticketing,3684
2049,3684,bought,ticketing,3684
2069,3691,ticket,ticketing,3691
2070,3691,spend,ticketing,3691
2070,3691,your,ticketing,3691
2070,3691,money,ticketing,3691
2080,3694,refunded,ticketing,3694
2112,3703,overbooked,ticketing,3703
2113,3703,overbook,ticketing,3703
2116,3705,full,ticketing,3705
2116,3705,charge,ticketing,3705
2118,3706,rebooking,ticketing,3706
2126,3708,lost,ticketing,3708
2127,3708,booking,ticketing,3708
2132,3710,separate,ticketing,3710
2132,3710,tickets,ticketing,3710
2133,3710,ticket,ticketing,3710
2134,3710,charged,ticketing,3710
2134,3710,me,ticketing,3710
2134,3710,the,ticketing,3710
2134,3710,fee,ticketing,3710
2155,3716,no,ticketing,3716
2155,3716,compensation,ticketing,3716
2156,3717,booked,ticketing,3717
2156,3717,an,ticketing,3717
2156,3717,economy,ticketing,3717
2156,3717,ticket,ticketing,3717
2161,3719,expensive,ticketing,3719
2166,3720,purchased,ticketing,3720
2166,3720,out,ticketing,3720
2166,3720,tickets,ticketing,3720
2177,3722,no,ticketing,3722
2177,3722,extra,ticketing,3722
2177,3722,charge,ticketing,3722
2181,3725,not,ticketing,3725
2181,3725,refund,ticketing,3725
2185,3726,constantly,ticketing,3726
2185,3726,overbooked,ticketing,3726
2194,3732,money,ticketing,3732
2194,3732,grabbers,ticketing,3732
2195,3732,cheap,ticketing,3732
2196,3732,plane,ticketing,3732
2196,3732,ticket,ticketing,3732
2198,3734,purchased,ticketing,3734
2198,3734,tickets,ticketing,3734
2200,3735,reservations,ticketing,3735
2210,3737,paid,ticketing,3737
2210,3737,ticket,ticketing,3737
2226,3741,paid,ticketing,3741
2226,3741,to,ticketing,3741
2226,3741,change,ticketing,3741
2227,3742,fee,ticketing,3742
2231,3743,overpriced,ticketing,3743
2231,3743,ticket,ticketing,3743
2242,3745,bought,ticketing,3745
2242,3745,tickets,ticketing,3745
2251,3746,no,ticketing,3746
2251,3746,compensation,ticketing,3746
2261,3748,booked,ticketing,3748
2263,3750,selling,ticketing,3750
2263,3750,tickets,ticketing,3750
2265,3752,not,ticketing,3752
2265,3752,get,ticketing,3752
2265,3752,any,ticketing,3752
2265,3752,reimbursement,ticketing,3752
2337,3963,reasonable,ticketing,3963
2337,3963,price,ticketing,3963
2339,3964,free,ticketing,3964
2339,3964,upgrade,ticketing,3964
2376,3975,separate,ticketing,3975
2376,3975,reservations,ticketing,3975
2403,3988,rebook,ticketing,3988
2459,4006,rebook,ticketing,4006
2463,4008,full,ticketing,4008
2463,4008,credit,ticketing,4008
2471,4011,hefty,ticketing,4011
2471,4011,amount,ticketing,4011
2471,4011,of,ticketing,4011
2471,4011,service,ticketing,4011
2471,4011,taxes,ticketing,4011
2476,4014,fully,ticketing,4014
2476,4014,flexible,ticketing,4014
2477,4014,ticket,ticketing,4014
2478,4014,booking,ticketing,4014
2478,4014,process,ticketing,4014
2479,4014,extremely,ticketing,4014
2479,4014,cumbersome,ticketing,4014
2480,4015,compensation,ticketing,4015
2482,4016,refund,ticketing,4016
2488,4020,money,ticketing,4020
2489,4020,not,ticketing,4020
2489,4020,compensated,ticketing,4020
2490,4020,compensated,ticketing,4020
2490,4020,as,ticketing,4020
2490,4020,refund,ticketing,4020
2499,4025,compensate,ticketing,4025
2500,4026,fresh,ticketing,4026
2500,4026,ticket,ticketing,4026
2501,4026,ticket,ticketing,4026
2502,4027,charging,ticketing,4027
2505,4028,new,ticketing,4028
2505,4028,tickets,ticketing,4028
2519,4032,cheap,ticketing,4032
2519,4032,ticket,ticketing,4032
2520,4032,cheap,ticketing,4032
2520,4032,ticket,ticketing,4032
2525,4034,student,ticketing,4034
2525,4034,discount,ticketing,4034
2526,4034,student,ticketing,4034
2526,4034,discount,ticketing,4034
2527,4035,change,ticketing,4035
2527,4035,fees,ticketing,4035
2528,4035,ticket,ticketing,4035
2529,4035,tickets,ticketing,4035
2536,4037,charge,ticketing,4037
2545,4041,value,ticketing,4041
2545,4041,for,ticketing,4041
2545,4041,money,ticketing,4041
2557,4048,compensation,ticketing,4048
2562,4051,rebooked,ticketing,4051
2563,4051,rebooking,ticketing,4051
2564,4051,rebooked,ticketing,4051
2573,4055,excellent,ticketing,4055
2573,4055,value,ticketing,4055
2573,4055,for,ticketing,4055
2573,4055,money,ticketing,4055
2575,3754,monetary,ticketing,3754
2575,3754,and,ticketing,3754
2575,3754,unmonetory,ticketing,3754
2575,3754,loss,ticketing,3754
2585,3759,processing,ticketing,3759
2585,3759,ticket,ticketing,3759
2595,3762,upgrade,ticketing,3762
2595,3762,vouchers,ticketing,3762
2596,3762,vouchers,ticketing,3762
2600,3763,value,ticketing,3763
2600,3763,for,ticketing,3763
2600,3763,money,ticketing,3763
2627,3777,paid,ticketing,3777
2627,3777,the,ticketing,3777
2627,3777,premium,ticketing,3777
2627,3777,price,ticketing,3777
2628,3778,did,ticketing,3778
2628,3778,not,ticketing,3778
2628,3778,receive,ticketing,3778
2628,3778,any,ticketing,3778
2628,3778,refund,ticketing,3778
2629,3778,refund,ticketing,3778
2629,3778,amount,ticketing,3778
2631,3779,affordable,ticketing,3779
2635,3780,not,ticketing,3780
2635,3780,able,ticketing,3780
2635,3780,to,ticketing,3780
2635,3780,upgrade,ticketing,3780
2636,3780,not,ticketing,3780
2636,3780,able,ticketing,3780
2636,3780,to,ticketing,3780
2636,3780,upgrade,ticketing,3780
2640,3783,booked,ticketing,3783
2640,3783,the,ticketing,3783
2640,3783,ticket,ticketing,3783
2656,3789,refund,ticketing,3789
2656,3789,for,ticketing,3789
2656,3789,the,ticketing,3789
2656,3789,tickets,ticketing,3789
2657,3789,processed,ticketing,3789
2657,3789,refund,ticketing,3789
2662,3792,compensate,ticketing,3792
2679,3799,slightly,ticketing,3799
2679,3799,more,ticketing,3799
2679,3799,expensive,ticketing,3799
2700,3805,pay,ticketing,3805
2700,3805,extra,ticketing,3805
2700,3805,mone,ticketing,3805
2747,3822,onboard,ticketing,3822
2747,3822,meal,ticketing,3822
2747,3822,is,ticketing,3822
2747,3822,included,ticketing,3822
2747,3822,in,ticketing,3822
2747,3822,ticket,ticketing,3822
2747,3822,price,ticketing,3822
2754,3823,ticket,ticketing,3823
2754,3823,price,ticketing,3823
2785,3832,good,ticketing,3832
2785,3832,deal,ticketing,3832
2786,3832,purchase,ticketing,3832
2795,3834,prices,ticketing,3834
2795,3834,are,ticketing,3834
2795,3834,good,ticketing,3834
