,id,Food,Aspect,id_updated
12,2947.0,taste,taste,2947.0
24,2951.0,refreshments,service,2951.0
25,2951.0,soft,service,2951.0
25,2951.0,drink,service,2951.0
26,2951.0,nonalcoholic,service,2951.0
26,2951.0,beverages,service,2951.0
27,2951.0,complimentary,service,2951.0
28,2951.0,main,service,2951.0
28,2951.0,meal,service,2951.0
29,2951.0,small,service,2951.0
29,2951.0,tub,service,2951.0
29,2951.0,of,service,2951.0
29,2951.0,ice,service,2951.0
29,2951.0,cream,service,2951.0
30,2951.0,soft,service,2951.0
30,2951.0,drinks,service,2951.0
30,2951.0,service,service,2951.0
31,2951.0,liquid,service,2951.0
31,2951.0,refreshmen,service,2951.0
32,2951.0,catering,service,2951.0
33,2951.0,vile,service,2951.0
34,2952.0,on,service,2952.0
34,2952.0,time,service,2952.0
34,2952.0,food,service,2952.0
35,2952.0,delicious,taste,2952.0
36,2952.0,bit,service,2952.0
36,2952.0,expensive,service,2952.0
37,2953.0,buy,service,2953.0
37,2953.0,wine,service,2953.0
37,2953.0,or,service,2953.0
37,2953.0,beer,service,2953.0
38,2953.0,meal,service,2953.0
38,2953.0,breakfast,service,2953.0
47,2956.0,receive,service,2956.0
47,2956.0,food,service,2956.0
106,2962.0,chicken,service,2962.0
106,2962.0,beef,service,2962.0
107,2962.0,veggie,service,2962.0
108,2962.0,option,service,2962.0
109,2962.0,interesting,service,2962.0
109,2962.0,pastry,service,2962.0
118,2965.0,drinks,service,2965.0
118,2965.0,and,service,2965.0
118,2965.0,food,service,2965.0
119,2965.0,sale,service,2965.0
120,2966.0,free,service,2966.0
120,2966.0,drink,service,2966.0
134,2970.0,greasy,taste,2970.0
135,2970.0,nontasty,taste,2970.0
136,2970.0,meals,service,2970.0
163,2973.0,limited,service,2973.0
163,2973.0,food,service,2973.0
164,2973.0,two,service,2973.0
164,2973.0,coffee,service,2973.0
164,2973.0,machines,service,2973.0
165,2973.0,coffee,service,2973.0
165,2973.0,costing,service,2973.0
165,2973.0,extra,service,2973.0
204,2980.0,drinks,service,2980.0
204,2980.0,and,service,2980.0
204,2980.0,snacks,service,2980.0
205,2980.0,available,service,2980.0
205,2980.0,for,service,2980.0
205,2980.0,purchase,service,2980.0
230,2983.0,bottle,service,2983.0
230,2983.0,of,service,2983.0
230,2983.0,water,service,2983.0
231,2983.0,not,service,2983.0
231,2983.0,offered,service,2983.0
240,2985.0,measly,taste,2985.0
241,2985.0,credit,service,2985.0
242,2985.0,food,service,2985.0
260,2988.0,no,service,2988.0
260,2988.0,water,service,2988.0
261,2988.0,no,service,2988.0
261,2988.0,blankets,service,2988.0
275,2990.0,drinks,service,2990.0
276,2990.0,limited,service,2990.0
277,2990.0,no,service,2990.0
277,2990.0,food,service,2990.0
315,2996.0,champagne,service,2996.0
316,2996.0,offered,service,2996.0
317,2996.0,served,service,2996.0
318,2996.0,room,temperature,2996.0
318,2996.0,temperature,temperature,2996.0
319,2996.0,lukewarm,temperature,2996.0
320,2996.0,meal,service,2996.0
321,2996.0,wine,service,2996.0
321,2996.0,top,service,2996.0
321,2996.0,up,service,2996.0
326,2998.0,pay,service,2998.0
326,2998.0,for,service,2998.0
326,2998.0,snacks,service,2998.0
327,2998.0,drinks,service,2998.0
328,2998.0,served,service,2998.0
328,2998.0,fast,service,2998.0
328,2998.0,efficiently,service,2998.0
350,3001.0,cater,service,3001.0
375,3008.0,inflight,service,3008.0
375,3008.0,meal,service,3008.0
376,3008.0,pretty,service,3008.0
376,3008.0,decent,service,3008.0
378,3009.0,food,service,3009.0
394,3013.0,buy,service,3013.0
394,3013.0,a,service,3013.0
394,3013.0,drink,service,3013.0
417,3019.0,meal,service,3019.0
418,3019.0,first,service,3019.0
418,3019.0,meal,service,3019.0
419,3019.0,not,service,3019.0
419,3019.0,served,service,3019.0
422,3020.0,no,service,3020.0
422,3020.0,complimentary,service,3020.0
422,3020.0,snacks,service,3020.0
423,3020.0,drinks,service,3020.0
424,3020.0,not,service,3020.0
424,3020.0,even,service,3020.0
424,3020.0,water,service,3020.0
425,3020.0,full,service,3020.0
425,3020.0,dinner,service,3020.0
425,3020.0,was,service,3020.0
425,3020.0,served,service,3020.0
426,3020.0,choice,service,3020.0
427,3020.0,no,service,3020.0
427,3020.0,vegetarian,service,3020.0
427,3020.0,option,service,3020.0
428,3020.0,soft,service,3020.0
428,3020.0,drinks,service,3020.0
428,3020.0,tea,service,3020.0
428,3020.0,and,service,3020.0
428,3020.0,coffee,service,3020.0
428,3020.0,are,service,3020.0
428,3020.0,complimentary,service,3020.0
429,3020.0,not,service,3020.0
429,3020.0,beer,service,3020.0
429,3020.0,liquor,service,3020.0
429,3020.0,or,service,3020.0
429,3020.0,wine,service,3020.0
430,3020.0,meal,service,3020.0
430,3020.0,good,service,3020.0
430,3020.0,value,service,3020.0
431,3021.0,nice,service,3021.0
431,3021.0,guinness,service,3021.0
431,3021.0,pie,service,3021.0
435,3022.0,upgraded,service,3022.0
435,3022.0,meals,service,3022.0
446,3025.0,supply,service,3025.0
446,3025.0,of,service,3025.0
446,3025.0,food,service,3025.0
447,3025.0,sandwich,service,3025.0
448,3025.0,cake,service,3025.0
448,3025.0,bar,service,3025.0
449,3025.0,food,service,3025.0
450,3026.0,water,service,3026.0
450,3026.0,bottle,service,3026.0
451,3026.0,food,service,3026.0
452,3026.0,best,service,3026.0
453,3026.0,best,service,3026.0
453,3026.0,food,service,3026.0
468,3029.0,offer,service,3029.0
468,3029.0,complimentary,service,3029.0
468,3029.0,water,service,3029.0
469,3029.0,paying,service,3029.0
469,3029.0,for,service,3029.0
469,3029.0,drinks,service,3029.0
469,3029.0,alcoholic,service,3029.0
470,3029.0,nonalcoholic,service,3029.0
471,3029.0,food,service,3029.0
472,3029.0,not,service,3029.0
472,3029.0,to,service,3029.0
472,3029.0,offer,service,3029.0
472,3029.0,free,service,3029.0
472,3029.0,water,service,3029.0
493,3035.0,vegetarian,service,3035.0
493,3035.0,option,service,3035.0
494,3035.0,meal,service,3035.0
495,3035.0,snacks,service,3035.0
496,3035.0,worst,service,3035.0
497,3035.0,no,service,3035.0
497,3035.0,drinks,service,3035.0
497,3035.0,water,service,3035.0
498,3035.0,coffee,service,3035.0
499,3035.0,water,service,3035.0
499,3035.0,and,service,3035.0
499,3035.0,coffee,service,3035.0
500,3036.0,meals,service,3036.0
500,3036.0,frequency,service,3036.0
501,3036.0,snacks,service,3036.0
501,3036.0,and,service,3036.0
501,3036.0,food,service,3036.0
502,3036.0,variety,service,3036.0
503,3037.0,pay,service,3037.0
503,3037.0,for,service,3037.0
503,3037.0,refreshments,service,3037.0
517,3040.0,breakfast,service,3040.0
517,3040.0,tickets,service,3040.0
518,3040.0,breakfast,service,3040.0
518,3040.0,ticket,service,3040.0
519,3040.0,unusable,taste,3040.0
520,3040.0,food,service,3040.0
521,3040.0,buy,service,3040.0
521,3040.0,snacks,service,3040.0
522,3040.0,meal,service,3040.0
522,3040.0,ticket,service,3040.0
523,3040.0,food,service,3040.0
529,3042.0,sour,taste,3042.0
529,3042.0,taste,taste,3042.0
561,3150.0,paid,service,3150.0
561,3150.0,for,service,3150.0
561,3150.0,additional,service,3150.0
561,3150.0,meals,service,3150.0
567,3153.0,beef,service,3153.0
567,3153.0,shawarma,service,3153.0
568,3153.0,extremely,taste,3153.0
568,3153.0,tasty,taste,3153.0
569,3154.0,drink,service,3154.0
569,3154.0,service,service,3154.0
570,3154.0,load,service,3154.0
570,3154.0,of,service,3154.0
570,3154.0,coffee,service,3154.0
571,3154.0,red,service,3154.0
571,3154.0,bull,service,3154.0
572,3154.0,sandwiches,service,3154.0
587,3158.0,prepurchased,service,3158.0
587,3158.0,food,service,3158.0
587,3158.0,and,service,3158.0
587,3158.0,beverages,service,3158.0
588,3158.0,no,service,3158.0
588,3158.0,alcoholic,service,3158.0
588,3158.0,beverages,service,3158.0
591,3159.0,snacks,service,3159.0
592,3159.0,coffee,service,3159.0
597,3161.0,given,service,3161.0
597,3161.0,water,service,3161.0
597,3161.0,and,service,3161.0
597,3161.0,dates,service,3161.0
604,3164.0,add,service,3164.0
604,3164.0,some,service,3164.0
604,3164.0,food,service,3164.0
605,3164.0,no,service,3164.0
605,3164.0,food,service,3164.0
606,3164.0,add,service,3164.0
606,3164.0,food,service,3164.0
606,3164.0,later,service,3164.0
627,3171.0,without,service,3171.0
627,3171.0,any,service,3171.0
627,3171.0,water,service,3171.0
632,3173.0,charging,service,3173.0
632,3173.0,for,service,3173.0
632,3173.0,meals,service,3173.0
632,3173.0,soft,service,3173.0
632,3173.0,drinks,service,3173.0
649,3179.0,dutyfree,service,3179.0
649,3179.0,and,service,3179.0
649,3179.0,skymeal,service,3179.0
649,3179.0,magazine,service,3179.0
650,3179.0,plenty,service,3179.0
650,3179.0,of,service,3179.0
650,3179.0,options,service,3179.0
651,3179.0,food,taste,3179.0
651,3179.0,was,taste,3179.0
651,3179.0,ok,taste,3179.0
653,3180.0,prebook,service,3180.0
653,3180.0,my,service,3180.0
653,3180.0,food,service,3180.0
654,3180.0,change,taste,3180.0
654,3180.0,my,taste,3180.0
654,3180.0,uneatable,taste,3180.0
654,3180.0,meal,taste,3180.0
687,3191.0,buy,service,3191.0
687,3191.0,some,service,3191.0
687,3191.0,food,service,3191.0
691,3193.0,buy,service,3193.0
691,3193.0,even,service,3193.0
691,3193.0,water,service,3193.0
692,3193.0,without,service,3193.0
692,3193.0,water,service,3193.0
695,3195.0,sell,service,3195.0
695,3195.0,you,service,3195.0
695,3195.0,food,service,3195.0
697,3196.0,free,service,3196.0
697,3196.0,meal,service,3196.0
712,3201.0,easy,service,3201.0
712,3201.0,catering,service,3201.0
782,3255.0,taste,taste,3255.0
782,3255.0,of,taste,3255.0
782,3255.0,food,taste,3255.0
782,3255.0,is,taste,3255.0
782,3255.0,good,taste,3255.0
787,3257.0,no,service,3257.0
787,3257.0,free,service,3257.0
787,3257.0,meal,service,3257.0
788,3257.0,no,service,3257.0
788,3257.0,free,service,3257.0
788,3257.0,water,service,3257.0
795,3260.0,teriyaki,service,3260.0
795,3260.0,chicken,service,3260.0
795,3260.0,rice,service,3260.0
795,3260.0,and,service,3260.0
795,3260.0,curry,service,3260.0
795,3260.0,puff,service,3260.0
796,3260.0,average,taste,3260.0
832,3276.0,good,taste,3276.0
832,3276.0,rice,taste,3276.0
832,3276.0,and,taste,3276.0
832,3276.0,chicken,taste,3276.0
832,3276.0,not,taste,3276.0
832,3276.0,dry,taste,3276.0
832,3276.0,well,taste,3276.0
832,3276.0,seasoned,taste,3276.0
834,3277.0,ordered,service,3277.0
835,3277.0,bad,taste,3277.0
836,3277.0,the,taste,3277.0
836,3277.0,rice,taste,3277.0
836,3277.0,and,taste,3277.0
836,3277.0,chicken,taste,3277.0
836,3277.0,were,taste,3277.0
836,3277.0,super,taste,3277.0
836,3277.0,dry,taste,3277.0
836,3277.0,sauce,taste,3277.0
836,3277.0,too,taste,3277.0
836,3277.0,watery,taste,3277.0
836,3277.0,and,taste,3277.0
836,3277.0,taste,taste,3277.0
836,3277.0,like,taste,3277.0
836,3277.0,soy,taste,3277.0
836,3277.0,sauce,taste,3277.0
840,3279.0,extra,service,3279.0
840,3279.0,meal,service,3279.0
841,3279.0,one,service,3279.0
841,3279.0,meal,service,3279.0
841,3279.0,served,service,3279.0
844,3281.0,one,service,3281.0
844,3281.0,meal,service,3281.0
844,3281.0,served,service,3281.0
850,3284.0,purchased,service,3284.0
851,3284.0,meal,service,3284.0
880,3293.0,no,service,3293.0
880,3293.0,free,service,3293.0
880,3293.0,food,service,3293.0
882,3294.0,use,service,3294.0
882,3294.0,paper,service,3294.0
882,3294.0,box,service,3294.0
884,3294.0,reusable,service,3294.0
884,3294.0,spoon,service,3294.0
884,3294.0,and,service,3294.0
884,3294.0,forks,service,3294.0
885,3294.0,taste,taste,3294.0
885,3294.0,good,taste,3294.0
886,3295.0,food,service,3295.0
887,3295.0,pay,service,3295.0
912,3304.0,food,taste,3304.0
912,3304.0,really,taste,3304.0
912,3304.0,tasty,taste,3304.0
913,3304.0,served,temperature,3304.0
913,3304.0,hot,temperature,3304.0
914,3304.0,cheap,service,3304.0
914,3304.0,price,service,3304.0
918,3306.0,decent,service,3306.0
918,3306.0,asian,service,3306.0
918,3306.0,meals,service,3306.0
922,3308.0,tasty,taste,3308.0
922,3308.0,and,taste,3308.0
922,3308.0,very,taste,3308.0
922,3308.0,cheap,taste,3308.0
922,3308.0,food,taste,3308.0
928,3311.0,pasta,taste,3311.0
928,3311.0,was,taste,3311.0
928,3311.0,miserable,taste,3311.0
928,3311.0,and,taste,3311.0
928,3311.0,tasteless,taste,3311.0
948,3318.0,meal,service,3318.0
949,3318.0,preordered,service,3318.0
950,3318.0,pretty,taste,3318.0
950,3318.0,tasty,taste,3318.0
951,3318.0,meal,service,3318.0
951,3318.0,selection,service,3318.0
952,3318.0,meal,service,3318.0
952,3318.0,service,service,3318.0
953,3318.0,quickly,service,3318.0
954,3319.0,no,service,3319.0
954,3319.0,free,service,3319.0
954,3319.0,food,service,3319.0
954,3319.0,and,service,3319.0
954,3319.0,not,service,3319.0
954,3319.0,even,service,3319.0
954,3319.0,a,service,3319.0
954,3319.0,free,service,3319.0
954,3319.0,cup,service,3319.0
954,3319.0,of,service,3319.0
954,3319.0,water,service,3319.0
956,3320.0,tasty,taste,3320.0
956,3320.0,food,taste,3320.0
959,3322.0,meals,service,3322.0
959,3322.0,and,service,3322.0
959,3322.0,drinks,service,3322.0
959,3322.0,available,service,3322.0
959,3322.0,at,service,3322.0
959,3322.0,extra,service,3322.0
959,3322.0,cost,service,3322.0
961,3323.0,no,service,3323.0
961,3323.0,vouchers,service,3323.0
963,3324.0,mall,service,3324.0
963,3324.0,extra,service,3324.0
963,3324.0,charge,service,3324.0
963,3324.0,and,service,3324.0
963,3324.0,food,service,3324.0
963,3324.0,and,service,3324.0
963,3324.0,water,service,3324.0
965,3325.0,good,taste,3325.0
965,3325.0,tasting,taste,3325.0
965,3325.0,food,taste,3325.0
965,3325.0,and,taste,3325.0
965,3325.0,water,taste,3325.0
965,3325.0,as,taste,3325.0
965,3325.0,a,taste,3325.0
965,3325.0,drink,taste,3325.0
971,3328.0,free,service,3328.0
971,3328.0,meals,service,3328.0
976,3330.0,purchase,service,3330.0
976,3330.0,for,service,3330.0
976,3330.0,fooddrinks,service,3330.0
985,3336.0,drinks,service,3336.0
985,3336.0,sales,service,3336.0
985,3336.0,trolley,service,3336.0
985,3336.0,pass,service,3336.0
994,3339.0,chicken,service,3339.0
994,3339.0,rice,service,3339.0
995,3339.0,delicious,taste,3339.0
997,3340.0,free,service,3340.0
997,3340.0,meal,service,3340.0
998,3340.0,preordered,service,3340.0
998,3340.0,meal,service,3340.0
999,3340.0,quite,taste,3340.0
999,3340.0,tasty,taste,3340.0
1011,3345.0,serving,service,3345.0
1011,3345.0,all,service,3345.0
1011,3345.0,the,service,3345.0
1011,3345.0,meals,service,3345.0
1046,3355.0,sufficient,service,3355.0
1048,3356.0,food,service,3356.0
1049,3356.0,great,service,3356.0
1066,3360.0,food,service,3360.0
1067,3360.0,good,service,3360.0
1083,3363.0,food,service,3363.0
1084,3363.0,could,service,3363.0
1084,3363.0,have,service,3363.0
1084,3363.0,been,service,3363.0
1084,3363.0,better,service,3363.0
1085,3363.0,not,service,3363.0
1085,3363.0,appear,service,3363.0
1085,3363.0,to,service,3363.0
1085,3363.0,have,service,3363.0
1085,3363.0,changed,service,3363.0
1085,3363.0,their,service,3363.0
1085,3363.0,menu,service,3363.0
1093,3366.0,meal,service,3366.0
1093,3366.0,was,service,3366.0
1093,3366.0,excellent,service,3366.0
1093,3366.0,full,service,3366.0
1093,3366.0,of,service,3366.0
1093,3366.0,flavour,service,3366.0
1093,3366.0,quality,service,3366.0
1093,3366.0,ingredients,service,3366.0
1094,3366.0,red,service,3366.0
1094,3366.0,wine,service,3366.0
1095,3366.0,delicious,taste,3366.0
1096,3367.0,food,service,3367.0
1097,3367.0,not,taste,3367.0
1097,3367.0,good,taste,3367.0
1105,3370.0,great,taste,3370.0
1105,3370.0,food,taste,3370.0
1110,3371.0,dinner,service,3371.0
1116,3372.0,food,service,3372.0
1144,3381.0,low,service,3381.0
1144,3381.0,quality,service,3381.0
1145,3381.0,hardly,taste,3381.0
1145,3381.0,digestible,taste,3381.0
1146,3381.0,food,service,3381.0
1151,3383.0,food,taste,3383.0
1151,3383.0,options,taste,3383.0
1151,3383.0,were,taste,3383.0
1151,3383.0,suitable,taste,3383.0
1154,3385.0,wo,service,3385.0
1154,3385.0,servings,service,3385.0
1154,3385.0,for,service,3385.0
1154,3385.0,teacoffee,service,3385.0
1155,3385.0,one,service,3385.0
1155,3385.0,for,service,3385.0
1155,3385.0,water,service,3385.0
1156,3385.0,meal,service,3385.0
1156,3385.0,service,service,3385.0
1157,3385.0,bistro,service,3385.0
1157,3385.0,menu,service,3385.0
1158,3385.0,not,service,3385.0
1158,3385.0,great,service,3385.0
1158,3385.0,but,service,3385.0
1158,3385.0,fine,service,3385.0
1159,3385.0,price,service,3385.0
1159,3385.0,reasonable,service,3385.0
1170,3389.0,food,service,3389.0
1170,3389.0,vegan,service,3389.0
1171,3389.0,no,taste,3389.0
1171,3389.0,taste,taste,3389.0
1172,3389.0,awful,service,3389.0
1172,3389.0,salad,service,3389.0
1172,3389.0,and,service,3389.0
1172,3389.0,cheap,service,3389.0
1172,3389.0,chocolate,service,3389.0
1172,3389.0,muffin,service,3389.0
1173,3390.0,food,service,3390.0
1176,3391.0,meals,service,3391.0
1177,3391.0,pathetic,taste,3391.0
1178,3391.0,served,service,3391.0
1179,3391.0,plastic,service,3391.0
1179,3391.0,containers,service,3391.0
1180,3391.0,virtually,taste,3391.0
1180,3391.0,tasteless,taste,3391.0
1181,3391.0,struggle,service,3391.0
1181,3391.0,to,service,3391.0
1181,3391.0,tear,service,3391.0
1182,3391.0,no,service,3391.0
1182,3391.0,drink,service,3391.0
1183,3391.0,only,service,3391.0
1183,3391.0,plastic,service,3391.0
1183,3391.0,bottles,service,3391.0
1192,3396.0,special,service,3396.0
1192,3396.0,meal,service,3396.0
1193,3396.0,prebooked,service,3396.0
1194,3396.0,cold,temperature,3396.0
1195,3396.0,cold,temperature,3396.0
1196,3396.0,frozen,temperature,3396.0
1197,3396.0,frozen,temperature,3396.0
1198,3396.0,slightly,temperature,3396.0
1198,3396.0,cold,temperature,3396.0
1257,3408.0,not,service,3408.0
1257,3408.0,serve,service,3408.0
1257,3408.0,food,service,3408.0
1257,3408.0,or,service,3408.0
1257,3408.0,alcoholic,service,3408.0
1257,3408.0,drink,service,3408.0
1265,3411.0,no,service,3411.0
1265,3411.0,drinks,service,3411.0
1265,3411.0,order,service,3411.0
1266,3411.0,no,service,3411.0
1266,3411.0,champagne,service,3411.0
1267,3411.0,delicious,taste,3411.0
1268,3411.0,chick,service,3411.0
1268,3411.0,pea,service,3411.0
1268,3411.0,curry,service,3411.0
1268,3411.0,mushrooms,service,3411.0
1268,3411.0,steamed,service,3411.0
1268,3411.0,spinach,service,3411.0
1268,3411.0,and,service,3411.0
1268,3411.0,baked,service,3411.0
1268,3411.0,tomato,service,3411.0
1269,3411.0,kitchens,service,3411.0
1270,3411.0,appalling,service,3411.0
1271,3411.0,vegan,service,3411.0
1271,3411.0,food,service,3411.0
1271,3411.0,served,service,3411.0
1272,3411.0,croissant,service,3411.0
1273,3411.0,not,service,3411.0
1273,3411.0,vegan,service,3411.0
1274,3411.0,meal,service,3411.0
1274,3411.0,service,service,3411.0
1275,3411.0,no,service,3411.0
1275,3411.0,drink,service,3411.0
1276,3411.0,red,service,3411.0
1276,3411.0,wine,service,3411.0
1276,3411.0,no,service,3411.0
1276,3411.0,top,service,3411.0
1276,3411.0,up,service,3411.0
1290,3417.0,small,service,3417.0
1290,3417.0,glass,service,3417.0
1290,3417.0,of,service,3417.0
1290,3417.0,orange,service,3417.0
1290,3417.0,juice,service,3417.0
1291,3417.0,water,service,3417.0
1292,3417.0,no,service,3417.0
1292,3417.0,vegetarian,service,3417.0
1292,3417.0,option,service,3417.0
1293,3418.0,no,service,3418.0
1293,3418.0,welcome,service,3418.0
1293,3418.0,drinks,service,3418.0
1294,3418.0,good,service,3418.0
1294,3418.0,selection,service,3418.0
1294,3418.0,of,service,3418.0
1294,3418.0,wine,service,3418.0
1294,3418.0,champagne,service,3418.0
1295,3418.0,dinner,service,3418.0
1295,3418.0,was,service,3418.0
1295,3418.0,acceptable,service,3418.0
1296,3418.0,poorly,service,3418.0
1296,3418.0,presented,service,3418.0
1297,3418.0,excellent,service,3418.0
1297,3418.0,breakfast,service,3418.0
1298,3418.0,freshly,service,3418.0
1298,3418.0,cooked,service,3418.0
1298,3418.0,omelette,service,3418.0
1298,3418.0,service,service,3418.0
1305,3421.0,food,service,3421.0
1305,3421.0,was,service,3421.0
1305,3421.0,good,service,3421.0
1321,3426.0,excellent,service,3426.0
1321,3426.0,meal,service,3426.0
1322,3426.0,good,service,3426.0
1322,3426.0,choice,service,3426.0
1322,3426.0,of,service,3426.0
1322,3426.0,wine,service,3426.0
1322,3426.0,champagne,service,3426.0
1339,3432.0,food,service,3432.0
1339,3432.0,coupon,service,3432.0
1348,3435.0,beef,service,3435.0
1348,3435.0,and,service,3435.0
1348,3435.0,the,service,3435.0
1348,3435.0,salad,service,3435.0
1348,3435.0,dessert,service,3435.0
1348,3435.0,and,service,3435.0
1348,3435.0,cheese,service,3435.0
1348,3435.0,with,service,3435.0
1348,3435.0,a,service,3435.0
1348,3435.0,glass,service,3435.0
1348,3435.0,of,service,3435.0
1348,3435.0,wine,service,3435.0
1348,3435.0,were,service,3435.0
1348,3435.0,memorable,service,3435.0
1352,3436.0,can,service,3436.0
1352,3436.0,buy,service,3436.0
1352,3436.0,food,service,3436.0
1360,3439.0,voucher,service,3439.0
1361,3439.0,buy,service,3439.0
1361,3439.0,on,service,3439.0
1361,3439.0,board,service,3439.0
1361,3439.0,menu,service,3439.0
1362,3439.0,limited,service,3439.0
1362,3439.0,selection,service,3439.0
1375,3445.0,coupon,service,3445.0
1389,3451.0,food,taste,3451.0
1389,3451.0,was,taste,3451.0
1389,3451.0,good,taste,3451.0
1390,3451.0,amazing,taste,3451.0
1392,3452.0,food,service,3452.0
1399,3455.0,ok,service,3455.0
1399,3455.0,snack,service,3455.0
1400,3455.0,good,service,3455.0
1400,3455.0,breakfast,service,3455.0
1401,3455.0,not,service,3455.0
1401,3455.0,a,service,3455.0
1401,3455.0,great,service,3455.0
1401,3455.0,breakfast,service,3455.0
1407,3458.0,food,taste,3458.0
1407,3458.0,quality,taste,3458.0
1407,3458.0,was,taste,3458.0
1407,3458.0,terrible,taste,3458.0
1408,3458.0,no,service,3458.0
1408,3458.0,alcohol,service,3458.0
1426,3464.0,food,taste,3464.0
1426,3464.0,tasted,taste,3464.0
1426,3464.0,amazingly,taste,3464.0
1427,3464.0,bland,service,3464.0
1427,3464.0,appetizers,service,3464.0
1428,3464.0,fresh,service,3464.0
1428,3464.0,fruits,service,3464.0
1438,3467.0,food,service,3467.0
1438,3467.0,was,service,3467.0
1438,3467.0,good,service,3467.0
1447,3471.0,food,service,3471.0
1447,3471.0,was,service,3471.0
1447,3471.0,better,service,3471.0
1449,3472.0,food,taste,3472.0
1449,3472.0,given,taste,3472.0
1449,3472.0,was,taste,3472.0
1449,3472.0,miserable,taste,3472.0
1461,3477.0,food,service,3477.0
1461,3477.0,was,service,3477.0
1461,3477.0,good,service,3477.0
1467,3479.0,food,service,3479.0
1467,3479.0,was,service,3479.0
1467,3479.0,ok,service,3479.0
1473,3482.0,food,taste,3482.0
1473,3482.0,disgusting,taste,3482.0
1479,3485.0,sandwiches,service,3485.0
1479,3485.0,and,service,3485.0
1479,3485.0,beverages,service,3485.0
1482,3487.0,ood,service,3487.0
1482,3487.0,and,service,3487.0
1482,3487.0,drinks,service,3487.0
1482,3487.0,are,service,3487.0
1482,3487.0,very,service,3487.0
1482,3487.0,limited,service,3487.0
1488,3489.0,pretty,service,3489.0
1488,3489.0,fast,service,3489.0
1488,3489.0,food,service,3489.0
1489,3489.0,drink,service,3489.0
1490,3490.0,so,service,3490.0
1490,3490.0,small,service,3490.0
1490,3490.0,meals,service,3490.0
1491,3490.0,overcooked,taste,3490.0
1497,3493.0,snack,service,3493.0
1497,3493.0,and,service,3493.0
1497,3493.0,drink,service,3493.0
1497,3493.0,were,service,3493.0
1497,3493.0,adequate,service,3493.0
1502,3496.0,meals,service,3496.0
1502,3496.0,dinner,service,3496.0
1502,3496.0,and,service,3496.0
1502,3496.0,breakfast,service,3496.0
1502,3496.0,were,service,3496.0
1502,3496.0,of,service,3496.0
1502,3496.0,a,service,3496.0
1502,3496.0,good,service,3496.0
1502,3496.0,quality,service,3496.0
1503,3496.0,a,service,3496.0
1503,3496.0,bit,service,3496.0
1503,3496.0,small,service,3496.0
1509,3498.0,good,service,3498.0
1509,3498.0,choice,service,3498.0
1509,3498.0,of,service,3498.0
1509,3498.0,food,service,3498.0
1512,3500.0,breakfast,service,3500.0
1513,3500.0,ok,service,3500.0
1519,3503.0,meals,service,3503.0
1520,3503.0,one,service,3503.0
1520,3503.0,drink,service,3503.0
1521,3503.0,small,service,3503.0
1521,3503.0,plastic,service,3503.0
1521,3503.0,cups,service,3503.0
1522,3503.0,served,service,3503.0
1522,3503.0,lunch,service,3503.0
1523,3504.0,drink,service,3504.0
1523,3504.0,and,service,3504.0
1523,3504.0,snack,service,3504.0
1523,3504.0,transfers,service,3504.0
1527,3506.0,meal,service,3506.0
1527,3506.0,service,service,3506.0
1528,3506.0,strangest,service,3506.0
1529,3506.0,most,service,3506.0
1529,3506.0,haphazard,service,3506.0
1529,3506.0,manner,service,3506.0
1530,3506.0,room,temperature,3506.0
1530,3506.0,temperature,temperature,3506.0
1530,3506.0,food,temperature,3506.0
1531,3506.0,aroma,temperature,3506.0
1531,3506.0,of,temperature,3506.0
1531,3506.0,food,temperature,3506.0
1532,3507.0,voucher,service,3507.0
1543,3511.0,snack,service,3511.0
1543,3511.0,was,service,3511.0
1543,3511.0,served,service,3511.0
1544,3511.0,micro,service,3511.0
1544,3511.0,tuna,service,3511.0
1544,3511.0,sandwich,service,3511.0
1545,3511.0,breakfast,service,3511.0
1545,3511.0,was,service,3511.0
1545,3511.0,served,service,3511.0
1546,3511.0,choices,service,3511.0
1546,3511.0,were,service,3511.0
1546,3511.0,unmemorable,service,3511.0
1547,3511.0,serve,service,3511.0
1547,3511.0,a,service,3511.0
1547,3511.0,snack,service,3511.0
1547,3511.0,and,service,3511.0
1547,3511.0,drink,service,3511.0
1549,3512.0,drink,service,3512.0
1549,3512.0,and,service,3512.0
1549,3512.0,a,service,3512.0
1549,3512.0,snack,service,3512.0
1550,3512.0,food,service,3512.0
1551,3512.0,very,service,3512.0
1551,3512.0,good,service,3512.0
1552,3512.0,prelanding,service,3512.0
1552,3512.0,snack,service,3512.0
1553,3512.0,smallest,service,3512.0
1564,3517.0,decent,taste,3517.0
1564,3517.0,food,taste,3517.0
1569,3518.0,quite,taste,3518.0
1569,3518.0,good,taste,3518.0
1570,3518.0,champagne,service,3518.0
1570,3518.0,was,service,3518.0
1570,3518.0,available,service,3518.0
1586,3523.0,meal,taste,3523.0
1586,3523.0,was,taste,3523.0
1586,3523.0,decent,taste,3523.0
1588,3524.0,meals,service,3524.0
1588,3524.0,and,service,3524.0
1588,3524.0,beverages,service,3524.0
1591,3525.0,snack,service,3525.0
1592,3525.0,small,service,3525.0
1592,3525.0,muffins,service,3525.0
1593,3525.0,extremely,taste,3525.0
1593,3525.0,tasty,taste,3525.0
1593,3525.0,and,taste,3525.0
1593,3525.0,satisfying,taste,3525.0
1594,3525.0,food,taste,3525.0
1594,3525.0,was,taste,3525.0
1594,3525.0,not,taste,3525.0
1594,3525.0,outstanding,taste,3525.0
1594,3525.0,but,taste,3525.0
1594,3525.0,not,taste,3525.0
1594,3525.0,bad,taste,3525.0
1595,3526.0,snack,service,3526.0
1595,3526.0,and,service,3526.0
1595,3526.0,then,service,3526.0
1595,3526.0,a,service,3526.0
1595,3526.0,breakfast,service,3526.0
1601,3528.0,food,taste,3528.0
1601,3528.0,was,taste,3528.0
1601,3528.0,not,taste,3528.0
1601,3528.0,great,taste,3528.0
1602,3528.0,alcoholic,service,3528.0
1602,3528.0,beverage,service,3528.0
1603,3528.0,drink,service,3528.0
1603,3528.0,with,service,3528.0
1603,3528.0,our,service,3528.0
1603,3528.0,meal,service,3528.0
1604,3528.0,tiny,service,3528.0
1604,3528.0,glass,service,3528.0
1604,3528.0,of,service,3528.0
1604,3528.0,champagne,service,3528.0
1605,3528.0,small,service,3528.0
1605,3528.0,plastic,service,3528.0
1605,3528.0,bottle,service,3528.0
1612,3531.0,nice,service,3531.0
1612,3531.0,breakfast,service,3531.0
1612,3531.0,available,service,3531.0
1614,3532.0,croissants,temperature,3532.0
1614,3532.0,and,temperature,3532.0
1614,3532.0,hot,temperature,3532.0
1614,3532.0,beverages,temperature,3532.0
1618,3534.0,champagne,service,3534.0
1619,3534.0,slow,service,3534.0
1620,3534.0,dinner,service,3534.0
1620,3534.0,service,service,3534.0
1621,3534.0,excellent,service,3534.0
1621,3534.0,food,service,3534.0
1621,3534.0,and,service,3534.0
1621,3534.0,wine,service,3534.0
1622,3534.0,poor,service,3534.0
1622,3534.0,breakfast,service,3534.0
1626,3536.0,vegan,service,3536.0
1626,3536.0,meal,service,3536.0
1627,3536.0,vegetarian,service,3536.0
1627,3536.0,nondairy,service,3536.0
1628,3536.0,meals,service,3536.0
1628,3536.0,offered,service,3536.0
1629,3536.0,vegan,service,3536.0
1630,3536.0,less,service,3536.0
1630,3536.0,food,service,3536.0
1631,3536.0,sandwich,service,3536.0
1631,3536.0,snack,service,3536.0
1632,3536.0,looked,service,3536.0
1632,3536.0,like,service,3536.0
1632,3536.0,a,service,3536.0
1632,3536.0,chicken,service,3536.0
1632,3536.0,sandwich,service,3536.0
1633,3537.0,food,taste,3537.0
1633,3537.0,was,taste,3537.0
1633,3537.0,ok,taste,3537.0
1634,3537.0,food,taste,3537.0
1634,3537.0,ok,taste,3537.0
1635,3537.0,snack,taste,3537.0
1636,3537.0,enjoyed,taste,3537.0
1638,3538.0,food,service,3538.0
1638,3538.0,served,service,3538.0
1641,3539.0,vegetarian,service,3539.0
1641,3539.0,meal,service,3539.0
1642,3539.0,meat,service,3539.0
1643,3539.0,bread,service,3539.0
1643,3539.0,yogurt,service,3539.0
1644,3539.0,second,service,3539.0
1644,3539.0,meal,service,3539.0
1645,3539.0,good,service,3539.0
1645,3539.0,vegetarian,service,3539.0
1645,3539.0,meal,service,3539.0
1645,3539.0,option,service,3539.0
1646,3540.0,food,taste,3540.0
1646,3540.0,was,taste,3540.0
1646,3540.0,disgusting,taste,3540.0
1647,3540.0,drinks,service,3540.0
1647,3540.0,offered,service,3540.0
1648,3540.0,snacks,service,3540.0
1649,3540.0,meals,service,3540.0
1650,3540.0,five,service,3540.0
1650,3540.0,drinks,service,3540.0
1650,3540.0,rounds,service,3540.0
1654,3541.0,dish,service,3541.0
1655,3541.0,terrible,taste,3541.0
1655,3541.0,dry,taste,3541.0
1655,3541.0,tasteless,taste,3541.0
1656,3541.0,inedible,taste,3541.0
1657,3541.0,serving,service,3541.0
1657,3541.0,refreshments,service,3541.0
1658,3541.0,raviolis,service,3541.0
1659,3542.0,food,taste,3542.0
1659,3542.0,quality,taste,3542.0
1659,3542.0,was,taste,3542.0
1659,3542.0,exquisite,taste,3542.0
1669,3544.0,food,taste,3544.0
1669,3544.0,was,taste,3544.0
1669,3544.0,delicious,taste,3544.0
1670,3544.0,flight,service,3544.0
1670,3544.0,drinks,service,3544.0
1670,3544.0,and,service,3544.0
1670,3544.0,snacks,service,3544.0
1671,3544.0,a,service,3544.0
1671,3544.0,drink,service,3544.0
1671,3544.0,and,service,3544.0
1671,3544.0,small,service,3544.0
1671,3544.0,cake,service,3544.0
1672,3545.0,food,service,3545.0
1673,3545.0,very,service,3545.0
1673,3545.0,good,service,3545.0
1674,3545.0,galley,service,3545.0
1674,3545.0,in,service,3545.0
1674,3545.0,kitchen,service,3545.0
1675,3545.0,complimentary,service,3545.0
1675,3545.0,snacks,service,3545.0
1675,3545.0,and,service,3545.0
1675,3545.0,soft,service,3545.0
1675,3545.0,drinks,service,3545.0
1676,3546.0,terrible,taste,3546.0
1676,3546.0,food,taste,3546.0
1677,3547.0,excellent,service,3547.0
1677,3547.0,food,service,3547.0
1677,3547.0,and,service,3547.0
1677,3547.0,drinks,service,3547.0
1679,3548.0,food,taste,3548.0
1679,3548.0,was,taste,3548.0
1679,3548.0,without,taste,3548.0
1679,3548.0,taste,taste,3548.0
1680,3548.0,offering,service,3548.0
1680,3548.0,of,service,3548.0
1680,3548.0,water,service,3548.0
1681,3548.0,breakfast,service,3548.0
1682,3548.0,hot,temperature,3548.0
1683,3548.0,warm,temperature,3548.0
1683,3548.0,yogurt,temperature,3548.0
1684,3548.0,bad,taste,3548.0
1684,3548.0,juice,taste,3548.0
1685,3548.0,great,taste,3548.0
1685,3548.0,coffee,taste,3548.0
1686,3548.0,excellent,taste,3548.0
1686,3548.0,food,taste,3548.0
1686,3548.0,choices,taste,3548.0
1687,3550.0,water,service,3550.0
1687,3550.0,wine,service,3550.0
1700,3555.0,strong,taste,3555.0
1700,3555.0,thick,taste,3555.0
1700,3555.0,curry,taste,3555.0
1700,3555.0,smell,taste,3555.0
1705,3557.0,good,service,3557.0
1705,3557.0,food,service,3557.0
1706,3557.0,super,service,3557.0
1706,3557.0,fruga,service,3557.0
1712,3560.0,quality,service,3560.0
1712,3560.0,was,service,3560.0
1712,3560.0,ok,service,3560.0
1712,3560.0,but,service,3560.0
1712,3560.0,not,service,3560.0
1712,3560.0,great,service,3560.0
1720,3562.0,good,service,3562.0
1720,3562.0,breakfast,service,3562.0
1721,3562.0,hot,temperature,3562.0
1721,3562.0,and,temperature,3562.0
1721,3562.0,fresh,temperature,3562.0
1736,3567.0,not,service,3567.0
1736,3567.0,even,service,3567.0
1736,3567.0,had,service,3567.0
1736,3567.0,biscuits,service,3567.0
1741,3568.0,food,taste,3568.0
1741,3568.0,was,taste,3568.0
1741,3568.0,ridiculous,taste,3568.0
1742,3568.0,small,service,3568.0
1742,3568.0,bottle,service,3568.0
1742,3568.0,of,service,3568.0
1742,3568.0,water,service,3568.0
1745,3569.0,ridiculous,taste,3569.0
1746,3569.0,small,service,3569.0
1746,3569.0,bottle,service,3569.0
1746,3569.0,of,service,3569.0
1746,3569.0,water,service,3569.0
1753,3572.0,served,service,3572.0
1753,3572.0,complimentary,service,3572.0
1753,3572.0,snacks,service,3572.0
1754,3572.0,no,service,3572.0
1754,3572.0,alcohol,service,3572.0
1755,3572.0,only,service,3572.0
1755,3572.0,veg,service,3572.0
1755,3572.0,for,service,3572.0
1755,3572.0,economy,service,3572.0
1756,3573.0,food,taste,3573.0
1756,3573.0,was,taste,3573.0
1756,3573.0,terrible,taste,3573.0
1760,3574.0,breakfast,service,3574.0
1760,3574.0,service,service,3574.0
1762,3575.0,beverage,service,3575.0
1762,3575.0,service,service,3575.0
1763,3575.0,dinner,service,3575.0
1763,3575.0,option,service,3575.0
1764,3575.0,ok,service,3575.0
1766,3577.0,breakfast,service,3577.0
1766,3577.0,served,service,3577.0
1790,3585.0,delicious,taste,3585.0
1791,3585.0,rinks,service,3585.0
1791,3585.0,service,service,3585.0
1791,3585.0,was,service,3585.0
1791,3585.0,limited,service,3585.0
1801,3590.0,food,taste,3590.0
1801,3590.0,was,taste,3590.0
1801,3590.0,great,taste,3590.0
1802,3590.0,wine,service,3590.0
1802,3590.0,free,service,3590.0
1802,3590.0,flowing,service,3590.0
1808,3593.0,light,service,3593.0
1808,3593.0,snack,service,3593.0
1809,3593.0,generous,service,3593.0
1809,3593.0,in,service,3593.0
1809,3593.0,quantity,service,3593.0
1814,3595.0,didnâ€™t,service,3595.0
1814,3595.0,provide,service,3595.0
1814,3595.0,water,service,3595.0
1814,3595.0,and,service,3595.0
1814,3595.0,blankets,service,3595.0
1816,3596.0,biscuit,service,3596.0
1816,3596.0,packet,service,3596.0
1818,3597.0,hot,temperature,3597.0
1818,3597.0,breakfast,temperature,3597.0
1824,3600.0,water,service,3600.0
1826,3600.0,never,service,3600.0
1826,3600.0,offered,service,3600.0
1842,3606.0,no,service,3606.0
1842,3606.0,drinks,service,3606.0
1842,3606.0,provided,service,3606.0
1843,3606.0,need,service,3606.0
1843,3606.0,to,service,3606.0
1843,3606.0,walk,service,3606.0
1843,3606.0,to,service,3606.0
1843,3606.0,kitchen,service,3606.0
1843,3606.0,and,service,3606.0
1843,3606.0,ask,service,3606.0
1843,3606.0,for,service,3606.0
1843,3606.0,my,service,3606.0
1843,3606.0,drink,service,3606.0
1853,3610.0,third,service,3610.0
1853,3610.0,class,service,3610.0
1853,3610.0,food,service,3610.0
1869,3616.0,served,service,3616.0
1869,3616.0,food,service,3616.0
1869,3616.0,boxes,service,3616.0
1870,3617.0,meals,service,3617.0
1871,3617.0,not,service,3617.0
1871,3617.0,been,service,3617.0
1871,3617.0,assigned,service,3617.0
1876,3619.0,serve,service,3619.0
1876,3619.0,sandwiches,service,3619.0
1877,3620.0,complimentary,service,3620.0
1877,3620.0,dinner,service,3620.0
1881,3621.0,food,service,3621.0
1881,3621.0,excellent,service,3621.0
1888,3624.0,no,service,3624.0
1888,3624.0,food,service,3624.0
1894,3626.0,ood,taste,3626.0
1894,3626.0,was,taste,3626.0
1894,3626.0,rubbish,taste,3626.0
1895,3626.0,small,service,3626.0
1895,3626.0,meal,service,3626.0
1895,3626.0,was,service,3626.0
1895,3626.0,served,service,3626.0
1897,3627.0,ood,service,3627.0
1897,3627.0,was,service,3627.0
1897,3627.0,amazing,service,3627.0
1898,3628.0,excellent,service,3628.0
1898,3628.0,food,service,3628.0
1903,3630.0,full,service,3630.0
1903,3630.0,dinner,service,3630.0
1903,3630.0,was,service,3630.0
1903,3630.0,served,service,3630.0
1904,3630.0,tasty,taste,3630.0
1907,3631.0,excellent,service,3631.0
1908,3631.0,breakfast,service,3631.0
1909,3631.0,three,service,3631.0
1909,3631.0,choices,service,3631.0
1910,3631.0,tasty,taste,3631.0
1911,3631.0,good,service,3631.0
1911,3631.0,quality,service,3631.0
1912,3631.0,two,service,3631.0
1912,3631.0,drink,service,3631.0
1913,3632.0,breakfast,service,3632.0
1914,3632.0,very,taste,3632.0
1914,3632.0,tasty,taste,3632.0
1918,3635.0,supplied,service,3635.0
1918,3635.0,food,service,3635.0
1933,3642.0,vegetarian,service,3642.0
1933,3642.0,fare,service,3642.0
1934,3642.0,mixed,service,3642.0
1934,3642.0,vegetables,service,3642.0
1934,3642.0,and,service,3642.0
1934,3642.0,dal,service,3642.0
1934,3642.0,rice,service,3642.0
1935,3642.0,food,service,3642.0
1936,3642.0,sumptuous,taste,3642.0
1937,3643.0,meal,service,3643.0
1937,3643.0,services,service,3643.0
1937,3643.0,offered,service,3643.0
1938,3643.0,refreshments,service,3643.0
1939,3643.0,lunch,service,3643.0
1940,3643.0,dinner,service,3643.0
1941,3643.0,alcoholic,service,3643.0
1941,3643.0,non,service,3643.0
1941,3643.0,alcoholic,service,3643.0
1941,3643.0,beverages,service,3643.0
1942,3643.0,satisfaction,service,3643.0
1944,3645.0,light,service,3645.0
1944,3645.0,snack,service,3645.0
1945,3645.0,drink,service,3645.0
1946,3645.0,provided,service,3645.0
1947,3645.0,snackbox,service,3645.0
1948,3646.0,food,service,3646.0
1948,3646.0,served,service,3646.0
1955,3649.0,food,service,3649.0
1955,3649.0,and,service,3649.0
1955,3649.0,drinks,service,3649.0
1955,3649.0,at,service,3649.0
1955,3649.0,regular,service,3649.0
1955,3649.0,intervals,service,3649.0
1956,3649.0,hot,temperature,3649.0
1956,3649.0,meals,temperature,3649.0
1957,3649.0,refreshments,service,3649.0
1958,3649.0,dinner,service,3649.0
1958,3649.0,breakfast,service,3649.0
1959,3650.0,refreshments,service,3650.0
1959,3650.0,were,service,3650.0
1959,3650.0,served,service,3650.0
1960,3650.0,very,taste,3650.0
1960,3650.0,sumptuous,taste,3650.0
2000,3665.0,meal,service,3665.0
2000,3665.0,voucher,service,3665.0
2001,3666.0,very,service,3666.0
2001,3666.0,good,service,3666.0
2001,3666.0,food,service,3666.0
2019,3671.0,drink,service,3671.0
2019,3671.0,cart,service,3671.0
2019,3671.0,constantly,service,3671.0
2019,3671.0,moving,service,3671.0
2019,3671.0,up,service,3671.0
2019,3671.0,and,service,3671.0
2019,3671.0,down,service,3671.0
2020,3671.0,meal,taste,3671.0
2020,3671.0,was,taste,3671.0
2020,3671.0,quite,taste,3671.0
2020,3671.0,delicious,taste,3671.0
2024,3672.0,meal,service,3672.0
2024,3672.0,vouchers,service,3672.0
2031,3675.0,food,taste,3675.0
2031,3675.0,was,taste,3675.0
2031,3675.0,horrible,taste,3675.0
2032,3675.0,food,service,3675.0
2035,3677.0,tea,service,3677.0
2035,3677.0,room,service,3677.0
2045,3682.0,no,service,3682.0
2045,3682.0,meal,service,3682.0
2045,3682.0,voucher,service,3682.0
2049,3684.0,food,service,3684.0
2049,3684.0,was,service,3684.0
2049,3684.0,nice,service,3684.0
2064,3688.0,great,service,3688.0
2064,3688.0,food,service,3688.0
2065,3688.0,food,taste,3688.0
2065,3688.0,awful,taste,3688.0
2065,3688.0,terrible,taste,3688.0
2065,3688.0,presentation,taste,3688.0
2065,3688.0,overcooked,taste,3688.0
2065,3688.0,and,taste,3688.0
2065,3688.0,tasteless,taste,3688.0
2069,3691.0,paying,service,3691.0
2069,3691.0,for,service,3691.0
2069,3691.0,her,service,3691.0
2069,3691.0,meals,service,3691.0
2100,3700.0,cup,service,3700.0
2100,3700.0,of,service,3700.0
2100,3700.0,coffee,service,3700.0
2138,3711.0,hot,temperature,3711.0
2138,3711.0,coffee,temperature,3711.0
2142,3712.0,average,service,3712.0
2142,3712.0,food,service,3712.0
2143,3712.0,food,taste,3712.0
2143,3712.0,was,taste,3712.0
2143,3712.0,barely,taste,3712.0
2143,3712.0,edible,taste,3712.0
2155,3716.0,canned,service,3716.0
2155,3716.0,drinks,service,3716.0
2193,3731.0,no,service,3731.0
2193,3731.0,food,service,3731.0
2193,3731.0,and,service,3731.0
2193,3731.0,drink,service,3731.0
2214,3738.0,drink,service,3738.0
2214,3738.0,and,service,3738.0
2214,3738.0,a,service,3738.0
2214,3738.0,snack,service,3738.0
2219,3739.0,alcohol,service,3739.0
2219,3739.0,perks,service,3739.0
2263,3750.0,food,service,3750.0
2263,3750.0,voucher,service,3750.0
2267,3855.0,inflight,service,3855.0
2267,3855.0,meal,service,3855.0
2268,3855.0,slapped,service,3855.0
2268,3855.0,some,service,3855.0
2268,3855.0,leftovers,service,3855.0
2269,3855.0,pathetic,taste,3855.0
2269,3855.0,excuse,taste,3855.0
2269,3855.0,for,taste,3855.0
2269,3855.0,a,taste,3855.0
2269,3855.0,meal,taste,3855.0
2270,3855.0,hardly,taste,3855.0
2270,3855.0,tolerable,taste,3855.0
2274,3856.0,meal,service,3856.0
2274,3856.0,was,service,3856.0
2274,3856.0,promptly,service,3856.0
2274,3856.0,served,service,3856.0
2275,3856.0,meal,service,3856.0
2276,3856.0,smaller,service,3856.0
2276,3856.0,portion,service,3856.0
2277,3857.0,meal,service,3857.0
2277,3857.0,is,service,3857.0
2277,3857.0,better,service,3857.0
2278,3857.0,meal,service,3857.0
2278,3857.0,choice,service,3857.0
2279,3857.0,downgrading,service,3857.0
2280,3857.0,street,service,3857.0
2280,3857.0,cafe,service,3857.0
2280,3857.0,cookie,service,3857.0
2281,3857.0,not,taste,3857.0
2281,3857.0,tastefu,taste,3857.0
2282,3858.0,no,service,3858.0
2282,3858.0,drinks,service,3858.0
2284,3859.0,deliver,service,3859.0
2284,3859.0,a,service,3859.0
2284,3859.0,bottle,service,3859.0
2284,3859.0,of,service,3859.0
2284,3859.0,water,service,3859.0
2285,3860.0,food,service,3860.0
2285,3860.0,was,service,3860.0
2285,3860.0,served,service,3860.0
2285,3860.0,in,service,3860.0
2285,3860.0,a,service,3860.0
2285,3860.0,box,service,3860.0
2286,3860.0,fresh,service,3860.0
2286,3860.0,beverage,service,3860.0
2286,3860.0,cart,service,3860.0
2286,3860.0,service,service,3860.0
2286,3860.0,is,service,3860.0
2286,3860.0,not,service,3860.0
2286,3860.0,available,service,3860.0
2291,3862.0,fficient,service,3862.0
2291,3862.0,special,service,3862.0
2291,3862.0,meals,service,3862.0
2292,3862.0,lowlactose,service,3862.0
2292,3862.0,me,service,3862.0
2293,3862.0,wellprepared,service,3862.0
2293,3862.0,fish,service,3862.0
2294,3863.0,meal,taste,3863.0
2294,3863.0,is,taste,3863.0
2294,3863.0,good,taste,3863.0
2295,3864.0,no,service,3864.0
2295,3864.0,drinks,service,3864.0
2295,3864.0,options,service,3864.0
2296,3864.0,snack,service,3864.0
2296,3864.0,box,service,3864.0
2297,3865.0,bottled,service,3865.0
2297,3865.0,water,service,3865.0
2297,3865.0,is,service,3865.0
2297,3865.0,provided,service,3865.0
2298,3865.0,hot,temperature,3865.0
2298,3865.0,items,temperature,3865.0
2299,3865.0,breakfast,service,3865.0
2299,3865.0,service,service,3865.0
2300,3866.0,good,service,3866.0
2300,3866.0,food,service,3866.0
2301,3866.0,food,temperature,3866.0
2301,3866.0,presented,temperature,3866.0
2301,3866.0,piping,temperature,3866.0
2301,3866.0,hot,temperature,3866.0
2302,3866.0,tasty,taste,3866.0
2306,3867.0,good,service,3867.0
2306,3867.0,breakfast,service,3867.0
2307,3867.0,hot,temperature,3867.0
2307,3867.0,items,temperature,3867.0
2308,3868.0,wine,service,3868.0
2309,3868.0,not,service,3868.0
2309,3868.0,served,service,3868.0
2310,3868.0,welcome,service,3868.0
2310,3868.0,juice,service,3868.0
2310,3868.0,service,service,3868.0
2311,3868.0,meals,service,3868.0
2311,3868.0,were,service,3868.0
2311,3868.0,served,service,3868.0
2311,3868.0,immediately,service,3868.0
2318,3871.0,inflight,service,3871.0
2318,3871.0,meals,service,3871.0
2318,3871.0,were,service,3871.0
2318,3871.0,served,service,3871.0
2319,3871.0,given,service,3871.0
2319,3871.0,a,service,3871.0
2319,3871.0,choice,service,3871.0
2320,3871.0,beverages,service,3871.0
2320,3871.0,only,service,3871.0
2320,3871.0,coffee,service,3871.0
2320,3871.0,tea,service,3871.0
2321,3871.0,mineral,service,3871.0
2321,3871.0,water,service,3871.0
2322,3871.0,variety,service,3871.0
2322,3871.0,of,service,3871.0
2322,3871.0,juices,service,3871.0
2322,3871.0,are,service,3871.0
2322,3871.0,served,service,3871.0
2337,3963.0,food,service,3963.0
2337,3963.0,and,service,3963.0
2337,3963.0,drink,service,3963.0
2337,3963.0,was,service,3963.0
2337,3963.0,available,service,3963.0
2340,3965.0,food,service,3965.0
2340,3965.0,and,service,3965.0
2340,3965.0,non,service,3965.0
2340,3965.0,alcoholic,service,3965.0
2340,3965.0,beverages,service,3965.0
2340,3965.0,are,service,3965.0
2340,3965.0,available,service,3965.0
2361,3971.0,food,taste,3971.0
2361,3971.0,is,taste,3971.0
2361,3971.0,horrible,taste,3971.0
2366,3973.0,water,service,3973.0
2366,3973.0,is,service,3973.0
2366,3973.0,provided,service,3973.0
2367,3973.0,t,service,3973.0
2367,3973.0,food,service,3973.0
2367,3973.0,only,service,3973.0
2367,3973.0,provided,service,3973.0
2367,3973.0,by,service,3973.0
2367,3973.0,payment,service,3973.0
2368,3973.0,small,service,3973.0
2368,3973.0,bottle,service,3973.0
2368,3973.0,of,service,3973.0
2368,3973.0,water,service,3973.0
2377,3976.0,food,service,3976.0
2377,3976.0,served,service,3976.0
2378,3976.0,very,taste,3976.0
2378,3976.0,tasty,taste,3976.0
2386,3982.0,tea,service,3982.0
2386,3982.0,or,service,3982.0
2386,3982.0,coffee,service,3982.0
2388,3983.0,tea,service,3983.0
2388,3983.0,was,service,3983.0
2388,3983.0,replaced,service,3983.0
2388,3983.0,with,service,3983.0
2388,3983.0,a,service,3983.0
2388,3983.0,fresh,service,3983.0
2388,3983.0,cup,service,3983.0
2394,3985.0,not,service,3985.0
2394,3985.0,get,service,3985.0
2394,3985.0,free,service,3985.0
2394,3985.0,meals,service,3985.0
2395,3985.0,very,taste,3985.0
2395,3985.0,tasty,taste,3985.0
2399,3987.0,inflight,service,3987.0
2399,3987.0,meal,service,3987.0
2399,3987.0,options,service,3987.0
2399,3987.0,were,service,3987.0
2399,3987.0,limited,service,3987.0
2405,3989.0,hot,temperature,3989.0
2405,3989.0,meals,temperature,3989.0
2406,3989.0,no,service,3989.0
2406,3989.0,options,service,3989.0
2407,3989.0,best,service,3989.0
2407,3989.0,food,service,3989.0
2408,3989.0,cup,service,3989.0
2408,3989.0,noodles,service,3989.0
2409,3989.0,hot,temperature,3989.0
2409,3989.0,water,temperature,3989.0
2410,3989.0,hot,temperature,3989.0
2410,3989.0,meals,temperature,3989.0
2417,3992.0,refreshments,service,3992.0
2418,3992.0,hot,temperature,3992.0
2418,3992.0,beverage,temperature,3992.0
2419,3992.0,meal,service,3992.0
2420,3992.0,meal,service,3992.0
2420,3992.0,was,service,3992.0
2420,3992.0,served,service,3992.0
2421,3992.0,box,service,3992.0
2421,3992.0,of,service,3992.0
2421,3992.0,cashew,service,3992.0
2421,3992.0,nuts,service,3992.0
2422,3993.0,food,service,3993.0
2422,3993.0,drinks,service,3993.0
2433,3997.0,offering,service,3997.0
2433,3997.0,snacks,service,3997.0
2445,4001.0,inflight,service,4001.0
2445,4001.0,snacks,service,4001.0
2447,4002.0,wings,service,4002.0
2447,4002.0,meal,service,4002.0
2448,4002.0,perk,service,4002.0
2448,4002.0,food,service,4002.0
2449,4002.0,ok,service,4002.0
2450,4002.0,cup,service,4002.0
2450,4002.0,of,service,4002.0
2450,4002.0,tea,service,4002.0
2451,4003.0,ood,service,4003.0
2451,4003.0,was,service,4003.0
2451,4003.0,nice,service,4003.0
2451,4003.0,tea,service,4003.0
2465,4009.0,breakfast,service,4009.0
2471,4011.0,food,service,4011.0
2472,4011.0,ordered,service,4011.0
2491,4021.0,refreshments,service,4021.0
2523,4033.0,great,service,4033.0
2523,4033.0,food,service,4033.0
2523,4033.0,options,service,4033.0
2524,4033.0,limited,service,4033.0
2536,4037.0,free,service,4037.0
2536,4037.0,meal,service,4037.0
2536,4037.0,snacks,service,4037.0
2537,4037.0,meal,service,4037.0
2538,4037.0,ok,service,4037.0
2545,4041.0,inflight,service,4041.0
2545,4041.0,menu,service,4041.0
2546,4041.0,bit,service,4041.0
2546,4041.0,expensive,service,4041.0
2555,4046.0,no,service,4046.0
2555,4046.0,food,service,4046.0
2569,4053.0,provided,service,4053.0
2569,4053.0,with,service,4053.0
2569,4053.0,soft,service,4053.0
2569,4053.0,drinks,service,4053.0
2577,3755.0,served,service,3755.0
2577,3755.0,welcome,service,3755.0
2577,3755.0,drinks,service,3755.0
2582,3757.0,food,taste,3757.0
2582,3757.0,was,taste,3757.0
2582,3757.0,very,taste,3757.0
2582,3757.0,delicious,taste,3757.0
2588,3760.0,nack,service,3760.0
2588,3760.0,boxes,service,3760.0
2588,3760.0,with,service,3760.0
2588,3760.0,options,service,3760.0
2589,3760.0,delicious,taste,3760.0
2590,3760.0,water,service,3760.0
2590,3760.0,bottle,service,3760.0
2591,3760.0,cookie,service,3760.0
2591,3760.0,packet,service,3760.0
2592,3760.0,delicious,taste,3760.0
2593,3761.0,food,service,3761.0
2593,3761.0,wow,service,3761.0
2600,3763.0,food,taste,3763.0
2600,3763.0,is,taste,3763.0
2600,3763.0,marvellous,taste,3763.0
2604,3765.0,serving,service,3765.0
2604,3765.0,water,service,3765.0
2604,3765.0,in,service,3765.0
2604,3765.0,paper,service,3765.0
2604,3765.0,cups,service,3765.0
2605,3765.0,meal,service,3765.0
2605,3765.0,options,service,3765.0
2606,3766.0,full,service,3766.0
2606,3766.0,meal,service,3766.0
2617,3771.0,excellent,taste,3771.0
2617,3771.0,quality,taste,3771.0
2617,3771.0,food,taste,3771.0
2623,3774.0,tasty,taste,3774.0
2623,3774.0,quality,taste,3774.0
2623,3774.0,food,taste,3774.0
2625,3776.0,food,service,3776.0
2625,3776.0,was,service,3776.0
2625,3776.0,okay,service,3776.0
2627,3777.0,free,service,3777.0
2627,3777.0,meal,service,3777.0
2631,3779.0,great,service,3779.0
2631,3779.0,snacks,service,3779.0
2635,3780.0,voucher,service,3780.0
2635,3780.0,upgrade,service,3780.0
2637,3781.0,tasty,taste,3781.0
2638,3781.0,served,temperature,3781.0
2638,3781.0,hot,temperature,3781.0
2640,3783.0,glass,service,3783.0
2640,3783.0,of,service,3783.0
2640,3783.0,water,service,3783.0
2641,3783.0,bottle,service,3783.0
2641,3783.0,of,service,3783.0
2641,3783.0,water,service,3783.0
2642,3783.0,served,service,3783.0
2642,3783.0,complimentary,service,3783.0
2642,3783.0,breakfast,service,3783.0
2643,3784.0,welcome,service,3784.0
2643,3784.0,drink,service,3784.0
2644,3784.0,quality,service,3784.0
2644,3784.0,of,service,3784.0
2644,3784.0,refreshment,service,3784.0
2644,3784.0,was,service,3784.0
2644,3784.0,not,service,3784.0
2644,3784.0,good,service,3784.0
2645,3785.0,food,service,3785.0
2645,3785.0,trolleys,service,3785.0
2646,3785.0,serving,service,3785.0
2646,3785.0,food,service,3785.0
2647,3785.0,food,service,3785.0
2647,3785.0,was,service,3785.0
2647,3785.0,good,service,3785.0
2650,3786.0,food,service,3786.0
2650,3786.0,was,service,3786.0
2650,3786.0,good,service,3786.0
2651,3787.0,breakfast,service,3787.0
2651,3787.0,time,service,3787.0
2651,3787.0,meals,service,3787.0
2652,3787.0,pleasure,service,3787.0
2654,3788.0,awesome,service,3788.0
2654,3788.0,evening,service,3788.0
2654,3788.0,snack,service,3788.0
2659,3791.0,served,service,3791.0
2659,3791.0,a,service,3791.0
2659,3791.0,nice,service,3791.0
2659,3791.0,snack,service,3791.0
2660,3791.0,best,service,3791.0
2660,3791.0,coffee,service,3791.0
2662,3792.0,offered,service,3792.0
2662,3792.0,meals,service,3792.0
2663,3792.0,offer,service,3792.0
2663,3792.0,a,service,3792.0
2663,3792.0,glass,service,3792.0
2663,3792.0,of,service,3792.0
2663,3792.0,water,service,3792.0
2663,3792.0,or,service,3792.0
2663,3792.0,juice,service,3792.0
2664,3792.0,inflight,service,3792.0
2664,3792.0,meal,service,3792.0
2665,3792.0,meals,taste,3792.0
2665,3792.0,were,taste,3792.0
2665,3792.0,delicious,taste,3792.0
2666,3793.0,food,service,3793.0
2667,3793.0,very,taste,3793.0
2667,3793.0,delicious,taste,3793.0
2668,3794.0,ost,service,3794.0
2668,3794.0,amazing,service,3794.0
2668,3794.0,breakfast,service,3794.0
2669,3794.0,food,taste,3794.0
2669,3794.0,tasty,taste,3794.0
2670,3794.0,the,temperature,3794.0
2670,3794.0,aromatic,temperature,3794.0
2670,3794.0,hot,temperature,3794.0
2670,3794.0,tea,temperature,3794.0
2671,3795.0,great,service,3795.0
2671,3795.0,food,service,3795.0
2671,3795.0,choices,service,3795.0
2677,3798.0,food,service,3798.0
2677,3798.0,option,service,3798.0
2677,3798.0,was,service,3798.0
2677,3798.0,both,service,3798.0
2677,3798.0,veg,service,3798.0
2677,3798.0,and,service,3798.0
2677,3798.0,non,service,3798.0
2677,3798.0,veg,service,3798.0
2678,3798.0,local,service,3798.0
2678,3798.0,delicacies,service,3798.0
2678,3798.0,were,service,3798.0
2678,3798.0,served,service,3798.0
2679,3799.0,snack,service,3799.0
2679,3799.0,a,service,3799.0
2679,3799.0,large,service,3799.0
2680,3799.0,decent,service,3799.0
2680,3799.0,coffee,service,3799.0
2681,3799.0,small,service,3799.0
2681,3799.0,water,service,3799.0
2681,3799.0,bottle,service,3799.0
2682,3799.0,free,service,3799.0
2683,3799.0,very,taste,3799.0
2683,3799.0,delicious,taste,3799.0
2686,3801.0,food,service,3801.0
2687,3801.0,included,service,3801.0
2687,3801.0,in,service,3801.0
2687,3801.0,fare,service,3801.0
2688,3801.0,food,service,3801.0
2688,3801.0,box,service,3801.0
2689,3801.0,offered,service,3801.0
2689,3801.0,me,service,3801.0
2689,3801.0,some,service,3801.0
2689,3801.0,fruits,service,3801.0
2689,3801.0,cookies,service,3801.0
2690,3802.0,food,service,3802.0
2690,3802.0,options,service,3802.0
2691,3802.0,decent,taste,3802.0
2697,3804.0,food,service,3804.0
2697,3804.0,was,service,3804.0
2697,3804.0,alright,service,3804.0
2698,3804.0,offered,service,3804.0
2698,3804.0,bunch,service,3804.0
2698,3804.0,of,service,3804.0
2698,3804.0,drinks,service,3804.0
2698,3804.0,all,service,3804.0
2698,3804.0,were,service,3804.0
2698,3804.0,nonalcoholic,service,3804.0
2705,3807.0,served,service,3807.0
2705,3807.0,food,service,3807.0
2706,3807.0,dessert,service,3807.0
2707,3807.0,best,service,3807.0
2707,3807.0,dessert,service,3807.0
2708,3807.0,yummy,service,3807.0
2709,3808.0,catering,service,3808.0
2709,3808.0,vegetarian,service,3808.0
2709,3808.0,option,service,3808.0
2710,3808.0,quite,service,3808.0
2710,3808.0,average,service,3808.0
2710,3808.0,tasting,service,3808.0
2711,3808.0,little,service,3808.0
2711,3808.0,bland,service,3808.0
2718,3811.0,good,service,3811.0
2718,3811.0,food,service,3811.0
2719,3811.0,food,service,3811.0
2719,3811.0,served,service,3811.0
2719,3811.0,is,service,3811.0
2719,3811.0,nice,service,3811.0
2720,3811.0,hot,temperature,3811.0
2723,3813.0,food,taste,3813.0
2723,3813.0,tasted,taste,3813.0
2723,3813.0,fantastic,taste,3813.0
2728,3814.0,food,service,3814.0
2728,3814.0,served,service,3814.0
2728,3814.0,was,service,3814.0
2728,3814.0,ok,service,3814.0
2729,3815.0,food,service,3815.0
2729,3815.0,served,service,3815.0
2733,3817.0,meal,taste,3817.0
2733,3817.0,was,taste,3817.0
2733,3817.0,delicious,taste,3817.0
2736,3818.0,meal,service,3818.0
2736,3818.0,offerings,service,3818.0
2737,3818.0,meal,service,3818.0
2737,3818.0,options,service,3818.0
2737,3818.0,were,service,3818.0
2737,3818.0,nice,service,3818.0
2738,3818.0,meal,service,3818.0
2738,3818.0,was,service,3818.0
2738,3818.0,accompanied,service,3818.0
2738,3818.0,with,service,3818.0
2738,3818.0,orange,service,3818.0
2738,3818.0,juice,service,3818.0
2739,3818.0,coffeetea,service,3818.0
2739,3818.0,service,service,3818.0
2740,3819.0,meal,service,3819.0
2740,3819.0,in,service,3819.0
2740,3819.0,a,service,3819.0
2740,3819.0,box,service,3819.0
2741,3819.0,not,service,3819.0
2741,3819.0,of,service,3819.0
2741,3819.0,that,service,3819.0
2741,3819.0,good,service,3819.0
2741,3819.0,quality,service,3819.0
2742,3820.0,complimentry,service,3820.0
2743,3821.0,food,service,3821.0
2744,3821.0,served,taste,3821.0
2744,3821.0,was,taste,3821.0
2744,3821.0,delicious,taste,3821.0
2745,3821.0,snack,service,3821.0
2745,3821.0,box,service,3821.0
2745,3821.0,was,service,3821.0
2745,3821.0,served,service,3821.0
2746,3821.0,option,service,3821.0
2747,3822.0,tasted,service,3822.0
2747,3822.0,below,service,3822.0
2747,3822.0,average,service,3822.0
2754,3823.0,food,service,3823.0
2754,3823.0,and,service,3823.0
2754,3823.0,beverages,service,3823.0
2754,3823.0,offered,service,3823.0
2755,3823.0,better,service,3823.0
2755,3823.0,meal,service,3823.0
2761,3824.0,erved,service,3824.0
2761,3824.0,a,service,3824.0
2761,3824.0,snack,service,3824.0
2761,3824.0,box,service,3824.0
2761,3824.0,with,service,3824.0
2761,3824.0,juice,service,3824.0
2762,3824.0,delicious,taste,3824.0
2763,3824.0,options,service,3824.0
2764,3824.0,delicious,taste,3824.0
2764,3824.0,cookies,taste,3824.0
2769,3826.0,snack,service,3826.0
2769,3826.0,box,service,3826.0
2770,3826.0,juice,service,3826.0
2771,3826.0,hot,temperature,3826.0
2772,3826.0,tomato,service,3826.0
2772,3826.0,ketchup,service,3826.0
2773,3826.0,bottle,service,3826.0
2773,3826.0,of,service,3826.0
2773,3826.0,water,service,3826.0
2774,3826.0,very,taste,3826.0
2774,3826.0,tasty,taste,3826.0
2775,3827.0,proper,service,3827.0
2775,3827.0,lunch,service,3827.0
2775,3827.0,and,service,3827.0
2775,3827.0,snacks,service,3827.0
2776,3828.0,complimentary,service,3828.0
2776,3828.0,drinks,service,3828.0
2777,3828.0,meal,temperature,3828.0
2777,3828.0,was,temperature,3828.0
2777,3828.0,hot,temperature,3828.0
2778,3829.0,quality,service,3829.0
2778,3829.0,of,service,3829.0
2778,3829.0,food,service,3829.0
2778,3829.0,served,service,3829.0
2779,3829.0,area,service,3829.0
2779,3829.0,for,service,3829.0
2779,3829.0,improvement,service,3829.0
2782,3830.0,amazing,service,3830.0
2783,3831.0,hot,temperature,3831.0
2783,3831.0,food,temperature,3831.0
2785,3832.0,great,service,3832.0
2785,3832.0,food,service,3832.0
2785,3832.0,presented,service,3832.0
2792,3833.0,tasty,taste,3833.0
2795,3834.0,meals,service,3834.0
2795,3834.0,are,service,3834.0
2795,3834.0,perfect,service,3834.0
2796,3835.0,served,service,3835.0
2796,3835.0,drinks,service,3835.0
2796,3835.0,food,service,3835.0
