,id,Staff,Aspect,id_updated
2,2946.0,explanation,behaviour,2946.0
3,2946.0,employees,general,2946.0
4,2946.0,front,general,2946.0
4,2946.0,desk,general,2946.0
4,2946.0,people,general,2946.0
11,2947.0,flight,general,2947.0
11,2947.0,staff,general,2947.0
12,2947.0,very,behaviour,2947.0
12,2947.0,friendly,behaviour,2947.0
20,2950.0,excellent,behaviour,2950.0
20,2950.0,polite,behaviour,2950.0
20,2950.0,wellmannered,behaviour,2950.0
21,2950.0,cabin,general,2950.0
21,2950.0,crew,general,2950.0
22,2950.0,friendly,behaviour,2950.0
24,2951.0,interaction,behaviour,2951.0
25,2951.0,crew,general,2951.0
26,2951.0,crew,general,2951.0
37,2953.0,little,behaviour,2953.0
37,2953.0,interaction,behaviour,2953.0
38,2953.0,cabin,general,2953.0
38,2953.0,staff,general,2953.0
47,2956.0,agent,general,2956.0
54,2957.0,information,general,2957.0
55,2957.0,person,general,2957.0
56,2957.0,announcement,behaviour,2957.0
57,2957.0,person,general,2957.0
60,2958.0,staffing,general,2958.0
61,2958.0,rep,general,2958.0
82,2959.0,airport,general,2959.0
82,2959.0,personnel,general,2959.0
94,2960.0,person,general,2960.0
95,2960.0,paged,general,2960.0
110,2963.0,cabin,general,2963.0
110,2963.0,crew,general,2963.0
111,2963.0,friendly,behaviour,2963.0
112,2963.0,professional,behaviour,2963.0
114,2964.0,extremely,behaviour,2964.0
114,2964.0,slow,behaviour,2964.0
115,2964.0,no,behaviour,2964.0
115,2964.0,apologies,behaviour,2964.0
116,2964.0,not,behaviour,2964.0
116,2964.0,upskilled,behaviour,2964.0
120,2966.0,flight,general,2966.0
120,2966.0,attendant,general,2966.0
124,2967.0,representative,general,2967.0
128,2968.0,very,behaviour,2968.0
128,2968.0,rude,behaviour,2968.0
128,2968.0,agents,behaviour,2968.0
129,2968.0,supervisor,general,2968.0
131,2969.0,rude,behaviour,2969.0
134,2970.0,unfriendly,behaviour,2970.0
135,2970.0,cabin,general,2970.0
135,2970.0,crew,general,2970.0
140,2971.0,reps,general,2971.0
141,2971.0,clueless,behaviour,2971.0
142,2971.0,rep,general,2971.0
143,2971.0,rep,general,2971.0
144,2971.0,rep,general,2971.0
152,2972.0,assurances,general,2972.0
153,2972.0,silent,behaviour,2972.0
154,2972.0,service,general,2972.0
154,2972.0,agents,general,2972.0
155,2972.0,service,general,2972.0
155,2972.0,agent,general,2972.0
156,2972.0,cabin,general,2972.0
156,2972.0,staff,general,2972.0
157,2972.0,assure,behaviour,2972.0
159,2972.0,advise,behaviour,2972.0
160,2972.0,agent,general,2972.0
161,2972.0,force,behaviour,2972.0
162,2972.0,assist,behaviour,2972.0
164,2973.0,agitated,behaviour,2973.0
165,2973.0,agent,general,2973.0
166,2973.0,pleasant,behaviour,2973.0
167,2974.0,agent,general,2974.0
173,2975.0,no,behaviour,2975.0
173,2975.0,one,behaviour,2975.0
173,2975.0,took,behaviour,2975.0
173,2975.0,any,behaviour,2975.0
173,2975.0,responsibility,behaviour,2975.0
174,2975.0,supervisor,general,2975.0
175,2976.0,customer,general,2976.0
175,2976.0,service,general,2976.0
175,2976.0,agent,general,2976.0
176,2976.0,rude,behaviour,2976.0
177,2976.0,agent,general,2976.0
178,2976.0,agent,general,2976.0
179,2976.0,rude,behaviour,2976.0
180,2976.0,humiliating,behaviour,2976.0
199,2979.0,good,behaviour,2979.0
199,2979.0,attitude,behaviour,2979.0
200,2979.0,cabin,general,2979.0
200,2979.0,crew,general,2979.0
201,2979.0,matures,behaviour,2979.0
201,2979.0,well,behaviour,2979.0
202,2979.0,professional,behaviour,2979.0
203,2979.0,better,behaviour,2979.0
203,2979.0,hostesses,behaviour,2979.0
204,2980.0,assistance,general,2980.0
205,2980.0,not,general,2980.0
205,2980.0,see,general,2980.0
205,2980.0,any,general,2980.0
206,2980.0,cabin,general,2980.0
206,2980.0,crew,general,2980.0
207,2980.0,friendly,behaviour,2980.0
208,2980.0,safety,behaviour,2980.0
208,2980.0,routine,behaviour,2980.0
209,2980.0,captain,behaviour,2980.0
210,2980.0,spoke,general,2980.0
210,2980.0,so,general,2980.0
210,2980.0,rapidly,general,2980.0
211,2980.0,cabin,behaviour,2980.0
211,2980.0,crew,behaviour,2980.0
212,2980.0,did,behaviour,2980.0
212,2980.0,little,behaviour,2980.0
213,2980.0,friendly,behaviour,2980.0
214,2980.0,hardworking,behaviour,2980.0
215,2980.0,staff,behaviour,2980.0
216,2980.0,improve,general,2980.0
216,2980.0,their,general,2980.0
216,2980.0,communication,general,2980.0
217,2981.0,rude,behaviour,2981.0
218,2981.0,lady,general,2981.0
219,2982.0,team,general,2982.0
220,2982.0,lied,behaviour,2982.0
221,2982.0,unprofessional,behaviour,2982.0
222,2982.0,bad,behaviour,2982.0
222,2982.0,communication,behaviour,2982.0
223,2982.0,unprofessionalism,behaviour,2982.0
235,2984.0,warm,behaviour,2984.0
235,2984.0,friendly,behaviour,2984.0
236,2984.0,flight,general,2984.0
236,2984.0,crew,general,2984.0
237,2984.0,courteous,behaviour,2984.0
238,2984.0,smiling,behaviour,2984.0
239,2984.0,friendly,behaviour,2984.0
243,2986.0,colleagues,general,2986.0
244,2986.0,life,general,2986.0
244,2986.0,savers,general,2986.0
245,2986.0,agent,general,2986.0
246,2986.0,print,general,2986.0
246,2986.0,out,general,2986.0
255,2987.0,rude,behaviour,2987.0
256,2987.0,flight,general,2987.0
256,2987.0,attendants,general,2987.0
261,2988.0,not,behaviour,2988.0
261,2988.0,acknowledge,behaviour,2988.0
262,2988.0,communication,behaviour,2988.0
263,2988.0,clarification,behaviour,2988.0
264,2988.0,sparse,behaviour,2988.0
265,2989.0,help,behaviour,2989.0
266,2989.0,unhelpful,behaviour,2989.0
267,2989.0,supervisor,general,2989.0
268,2989.0,supervisor,general,2989.0
269,2989.0,topped,general,2989.0
269,2989.0,responding,general,2989.0
275,2990.0,communicate,general,2990.0
276,2990.0,ground,general,2990.0
276,2990.0,staff,general,2990.0
277,2990.0,ground,general,2990.0
277,2990.0,staff,general,2990.0
278,2990.0,associate,general,2990.0
279,2990.0,supervisor,general,2990.0
280,2990.0,supervisor,general,2990.0
282,2990.0,resolved,behaviour,2990.0
283,2990.0,supervisor,general,2990.0
284,2990.0,incompetent,behaviour,2990.0
285,2990.0,supervisor,general,2990.0
288,2991.0,too,behaviour,2991.0
288,2991.0,busy,behaviour,2991.0
290,2991.0,customer,general,2991.0
290,2991.0,service,general,2991.0
290,2991.0,training,general,2991.0
292,2992.0,helpful,behaviour,2992.0
293,2992.0,nice,behaviour,2992.0
294,2992.0,managed,behaviour,2992.0
295,2993.0,no,general,2993.0
295,2993.0,information,general,2993.0
296,2993.0,communication,behaviour,2993.0
297,2993.0,unfriendly,behaviour,2993.0
298,2993.0,improve,general,2993.0
298,2993.0,staff,general,2993.0
298,2993.0,training,general,2993.0
299,2994.0,information,general,2994.0
300,2994.0,caring,general,2994.0
300,2994.0,staff,general,2994.0
309,2995.0,not,general,2995.0
309,2995.0,answer,general,2995.0
310,2995.0,no,general,2995.0
310,2995.0,response,general,2995.0
322,2997.0,no,general,2997.0
322,2997.0,employees,general,2997.0
323,2997.0,available,behaviour,2997.0
324,2997.0,employee,general,2997.0
325,2997.0,little,general,2997.0
325,2997.0,information,general,2997.0
326,2998.0,smile,behaviour,2998.0
328,2998.0,professionalism,behaviour,2998.0
329,2998.0,customer,general,2998.0
329,2998.0,care,general,2998.0
332,2999.0,cannot,behaviour,2999.0
332,2999.0,help,behaviour,2999.0
333,2999.0,cannot,behaviour,2999.0
333,2999.0,help,behaviour,2999.0
334,2999.0,rudely,behaviour,2999.0
335,2999.0,crew,general,2999.0
336,2999.0,crew,general,2999.0
336,2999.0,members,general,2999.0
337,2999.0,unfriendly,behaviour,2999.0
338,2999.0,no,behaviour,2999.0
338,2999.0,one,behaviour,2999.0
338,2999.0,helped,behaviour,2999.0
339,2999.0,no,behaviour,2999.0
339,2999.0,one,behaviour,2999.0
339,2999.0,cared,behaviour,2999.0
340,2999.0,crew,general,2999.0
340,2999.0,member,general,2999.0
341,2999.0,cannot,behaviour,2999.0
341,2999.0,stand,behaviour,2999.0
342,2999.0,cabin,general,2999.0
342,2999.0,manager,general,2999.0
343,2999.0,communicate,behaviour,2999.0
344,2999.0,respond,behaviour,2999.0
345,2999.0,no,general,2999.0
345,2999.0,one,general,2999.0
345,2999.0,is,general,2999.0
345,2999.0,willing,general,2999.0
345,2999.0,to,general,2999.0
345,2999.0,take,general,2999.0
345,2999.0,responsibility,general,2999.0
348,3000.0,very,behaviour,3000.0
348,3000.0,calm,behaviour,3000.0
349,3000.0,professional,behaviour,3000.0
350,3001.0,no,behaviour,3001.0
350,3001.0,instruction,behaviour,3001.0
352,3002.0,supervisor,general,3002.0
357,3003.0,explanation,behaviour,3003.0
363,3004.0,polite,behaviour,3004.0
364,3004.0,attentive,behaviour,3004.0
366,3005.0,sympathetic,behaviour,3005.0
369,3006.0,supervisor,general,3006.0
369,3006.0,manager,general,3006.0
370,3006.0,poorly,behaviour,3006.0
371,3006.0,agent,general,3006.0
372,3006.0,hung,general,3006.0
372,3006.0,up,general,3006.0
373,3007.0,no,general,3007.0
373,3007.0,apology,general,3007.0
376,3008.0,friendly,behaviour,3008.0
377,3008.0,very,behaviour,3008.0
377,3008.0,helpful,behaviour,3008.0
382,3010.0,friendly,behaviour,3010.0
383,3010.0,offered,behaviour,3010.0
383,3010.0,help,behaviour,3010.0
384,3010.0,good,behaviour,3010.0
384,3010.0,mood,behaviour,3010.0
385,3011.0,steward,general,3011.0
386,3011.0,no,behaviour,3011.0
386,3011.0,apology,behaviour,3011.0
392,3012.0,cabin,general,3012.0
392,3012.0,crew,general,3012.0
393,3012.0,nice,behaviour,3012.0
396,3014.0,stewards,general,3014.0
397,3014.0,most,behaviour,3014.0
397,3014.0,attentive,behaviour,3014.0
398,3014.0,friendly,behaviour,3014.0
399,3015.0,personal,behaviour,3015.0
400,3016.0,attendant,general,3016.0
401,3016.0,refused,behaviour,3016.0
407,3017.0,refused,behaviour,3017.0
407,3017.0,to,behaviour,3017.0
407,3017.0,help,behaviour,3017.0
417,3019.0,cabincrew,general,3019.0
418,3019.0,confused,behaviour,3019.0
419,3019.0,cabincrew,general,3019.0
420,3019.0,polite,behaviour,3019.0
421,3019.0,friendly,behaviour,3019.0
422,3020.0,flight,general,3020.0
422,3020.0,attendants,general,3020.0
423,3020.0,friendly,behaviour,3020.0
424,3020.0,too,behaviour,3020.0
424,3020.0,many,behaviour,3020.0
424,3020.0,announcements,behaviour,3020.0
440,3023.0,cheap,behaviour,3023.0
440,3023.0,amateurish,behaviour,3023.0
442,3024.0,praise,behaviour,3024.0
447,3025.0,great,general,3025.0
447,3025.0,care,general,3025.0
450,3026.0,flight,general,3026.0
450,3026.0,attendants,general,3026.0
454,3027.0,supervisor,general,3027.0
455,3027.0,help,behaviour,3027.0
456,3027.0,patience,behaviour,3027.0
457,3027.0,supervisor,general,3027.0
458,3027.0,staff,general,3027.0
459,3027.0,helpful,behaviour,3027.0
460,3027.0,nice,behaviour,3027.0
460,3027.0,people,behaviour,3027.0
461,3028.0,cabin,general,3028.0
461,3028.0,crew,general,3028.0
462,3028.0,assist,behaviour,3028.0
463,3028.0,assistance,behaviour,3028.0
464,3028.0,attitude,behaviour,3028.0
465,3028.0,shocked,behaviour,3028.0
466,3028.0,customer,general,3028.0
466,3028.0,service,general,3028.0
467,3028.0,lack,behaviour,3028.0
467,3028.0,of,behaviour,3028.0
467,3028.0,concern,behaviour,3028.0
467,3028.0,or,behaviour,3028.0
467,3028.0,interest,behaviour,3028.0
476,3031.0,no,general,3031.0
476,3031.0,uniformed,general,3031.0
476,3031.0,staff,general,3031.0
477,3031.0,cabin,general,3031.0
477,3031.0,crew,general,3031.0
478,3031.0,captain,general,3031.0
479,3031.0,robotic,behaviour,3031.0
480,3031.0,crew,general,3031.0
481,3031.0,tired,behaviour,3031.0
482,3031.0,disinterested,behaviour,3031.0
493,3035.0,convenience,behaviour,3035.0
495,3035.0,immediately,behaviour,3035.0
496,3035.0,flight,general,3035.0
496,3035.0,attendant,general,3035.0
500,3036.0,ground,general,3036.0
500,3036.0,crew,general,3036.0
501,3036.0,very,behaviour,3036.0
501,3036.0,attentive,behaviour,3036.0
502,3036.0,helpful,behaviour,3036.0
503,3037.0,lack,behaviour,3037.0
503,3037.0,of,behaviour,3037.0
503,3037.0,attention,behaviour,3037.0
503,3037.0,to,behaviour,3037.0
503,3037.0,detail,behaviour,3037.0
504,3037.0,friendly,behaviour,3037.0
506,3038.0,customer,general,3038.0
506,3038.0,representative,general,3038.0
507,3038.0,treated,behaviour,3038.0
508,3038.0,unfairly,behaviour,3038.0
511,3039.0,crew,general,3039.0
512,3039.0,communicate,behaviour,3039.0
514,3039.0,no,behaviour,3039.0
514,3039.0,written,behaviour,3039.0
514,3039.0,communication,behaviour,3039.0
515,3039.0,serious,behaviour,3039.0
515,3039.0,work,behaviour,3039.0
516,3039.0,customer,behaviour,3039.0
516,3039.0,relations,behaviour,3039.0
518,3040.0,managers,general,3040.0
519,3040.0,managers,general,3040.0
520,3040.0,provided,behaviour,3040.0
520,3040.0,a,behaviour,3040.0
520,3040.0,solution,behaviour,3040.0
521,3040.0,helpful,behaviour,3040.0
521,3040.0,constructive,behaviour,3040.0
522,3040.0,unhelpful,behaviour,3040.0
522,3040.0,response,behaviour,3040.0
523,3040.0,horrible,behaviour,3040.0
524,3040.0,employees,general,3040.0
525,3040.0,very,behaviour,3040.0
525,3040.0,rude,behaviour,3040.0
526,3040.0,no,behaviour,3040.0
526,3040.0,responsibilities,behaviour,3040.0
536,3043.0,rude,behaviour,3043.0
537,3043.0,unhelpful,behaviour,3043.0
538,3043.0,no,behaviour,3043.0
538,3043.0,responsibility,behaviour,3043.0
539,3043.0,incredibly,behaviour,3043.0
539,3043.0,rude,behaviour,3043.0
540,3043.0,unhelpful,behaviour,3043.0
541,3043.0,rude,behaviour,3043.0
542,3043.0,unhelpful,behaviour,3043.0
543,3044.0,staff,general,3044.0
544,3044.0,very,behaviour,3044.0
544,3044.0,poorly,behaviour,3044.0
547,3045.0,assistance,behaviour,3045.0
549,3045.0,great,behaviour,3045.0
549,3045.0,staff,behaviour,3045.0
555,3149.0,wait,behaviour,3149.0
556,3149.0,irresponsible,behaviour,3149.0
556,3149.0,behavior,behaviour,3149.0
557,3149.0,complete,behaviour,3149.0
557,3149.0,mismanagement,behaviour,3149.0
558,3149.0,irresponsible,behaviour,3149.0
558,3149.0,behavior,behaviour,3149.0
561,3150.0,cabin,general,3150.0
561,3150.0,crew,general,3150.0
562,3150.0,ignored,behaviour,3150.0
563,3151.0,service,behaviour,3151.0
564,3151.0,helpless,behaviour,3151.0
569,3154.0,cabin,general,3154.0
569,3154.0,crew,general,3154.0
570,3154.0,cabin,general,3154.0
570,3154.0,crew,general,3154.0
571,3154.0,cabin,general,3154.0
571,3154.0,crew,general,3154.0
572,3154.0,shrugged,behaviour,3154.0
573,3154.0,cabin,general,3154.0
573,3154.0,crew,general,3154.0
573,3154.0,supervisor,general,3154.0
574,3154.0,shenanigans,behaviour,3154.0
575,3154.0,casual,behaviour,3154.0
575,3154.0,dismissal,behaviour,3154.0
576,3154.0,belligerence,behaviour,3154.0
577,3154.0,unfettered,behaviour,3154.0
578,3154.0,uncivilized,behaviour,3154.0
580,3155.0,covered,behaviour,3155.0
580,3155.0,the,behaviour,3155.0
580,3155.0,tags,behaviour,3155.0
582,3156.0,unacceptable,behaviour,3156.0
583,3156.0,unprofessional,behaviour,3156.0
585,3157.0,friendly,behaviour,3157.0
586,3157.0,attendants,general,3157.0
587,3158.0,crew,general,3158.0
588,3158.0,friendly,behaviour,3158.0
589,3158.0,quick,behaviour,3158.0
590,3158.0,serve,behaviour,3158.0
591,3159.0,cabin,general,3159.0
591,3159.0,crew,general,3159.0
592,3159.0,very,behaviour,3159.0
592,3159.0,well,behaviour,3159.0
592,3159.0,presented,behaviour,3159.0
593,3159.0,polite,behaviour,3159.0
594,3159.0,dignity,behaviour,3159.0
594,3159.0,and,behaviour,3159.0
594,3159.0,respect,behaviour,3159.0
595,3159.0,treated,behaviour,3159.0
598,3162.0,horrible,behaviour,3162.0
598,3162.0,attitude,behaviour,3162.0
599,3162.0,worst,behaviour,3162.0
599,3162.0,hospitality,behaviour,3162.0
600,3163.0,communications,behaviour,3163.0
601,3163.0,absolute,behaviour,3163.0
601,3163.0,disaster,behaviour,3163.0
604,3164.0,not,behaviour,3164.0
604,3164.0,work,behaviour,3164.0
610,3166.0,disinterested,behaviour,3166.0
611,3166.0,disinterested,behaviour,3166.0
612,3166.0,no,behaviour,3166.0
612,3166.0,consistency,behaviour,3166.0
616,3168.0,never,behaviour,3168.0
616,3168.0,replied,behaviour,3168.0
618,3169.0,employees,general,3169.0
619,3169.0,very,behaviour,3169.0
619,3169.0,rude,behaviour,3169.0
625,3170.0,rude,behaviour,3170.0
627,3171.0,absence,behaviour,3171.0
628,3171.0,information,general,3171.0
629,3171.0,treated,behaviour,3171.0
629,3171.0,us,behaviour,3171.0
629,3171.0,was,behaviour,3171.0
629,3171.0,awful,behaviour,3171.0
630,3172.0,announcements,behaviour,3172.0
631,3172.0,not,behaviour,3172.0
631,3172.0,understandable,behaviour,3172.0
632,3173.0,rude,behaviour,3173.0
633,3173.0,attendants,general,3173.0
634,3173.0,not,behaviour,3173.0
634,3173.0,so,behaviour,3173.0
634,3173.0,friendly,behaviour,3173.0
636,3174.0,bad,behaviour,3174.0
636,3174.0,treatment,behaviour,3174.0
638,3174.0,bad,behaviour,3174.0
639,3174.0,not,behaviour,3174.0
639,3174.0,supporting,behaviour,3174.0
641,3175.0,pleasant,behaviour,3175.0
642,3176.0,duty,general,3176.0
642,3176.0,manager,general,3176.0
643,3176.0,not,behaviour,3176.0
643,3176.0,listen,behaviour,3176.0
644,3176.0,smile,behaviour,3176.0
645,3176.0,non,behaviour,3176.0
645,3176.0,professiona,behaviour,3176.0
650,3179.0,helpful,behaviour,3179.0
651,3179.0,always,behaviour,3179.0
651,3179.0,smiling,behaviour,3179.0
653,3180.0,ground,general,3180.0
653,3180.0,staff,general,3180.0
654,3180.0,flight,general,3180.0
654,3180.0,attendants,general,3180.0
655,3180.0,least,behaviour,3180.0
655,3180.0,bothered,behaviour,3180.0
656,3180.0,do,behaviour,3180.0
656,3180.0,not,behaviour,3180.0
656,3180.0,care,behaviour,3180.0
671,3185.0,no,behaviour,3185.0
671,3185.0,explanation,behaviour,3185.0
673,3186.0,costumers,general,3186.0
673,3186.0,service,general,3186.0
674,3186.0,did,behaviour,3186.0
674,3186.0,not,behaviour,3186.0
674,3186.0,know,behaviour,3186.0
674,3186.0,how,behaviour,3186.0
674,3186.0,to,behaviour,3186.0
674,3186.0,speak,behaviour,3186.0
674,3186.0,english,behaviour,3186.0
678,3188.0,lack,behaviour,3188.0
678,3188.0,of,behaviour,3188.0
678,3188.0,communication,behaviour,3188.0
679,3188.0,lied,behaviour,3188.0
681,3189.0,supportive,behaviour,3189.0
682,3189.0,helping,behaviour,3189.0
683,3190.0,horrible,behaviour,3190.0
684,3190.0,rude,behaviour,3190.0
684,3190.0,and,behaviour,3190.0
684,3190.0,unhelpful,behaviour,3190.0
685,3190.0,treated,behaviour,3190.0
685,3190.0,worse,behaviour,3190.0
686,3190.0,dissatisfied,general,3190.0
686,3190.0,customer,general,3190.0
687,3191.0,information,general,3191.0
688,3191.0,responsible,behaviour,3191.0
689,3192.0,rude,behaviour,3192.0
690,3192.0,unhelpful,behaviour,3192.0
691,3193.0,show,general,3193.0
692,3193.0,safety,general,3193.0
692,3193.0,video,general,3193.0
693,3194.0,false,general,3194.0
693,3194.0,information,general,3194.0
694,3194.0,no,general,3194.0
694,3194.0,any,general,3194.0
694,3194.0,clear,general,3194.0
694,3194.0,explanation,general,3194.0
698,3196.0,clear,general,3196.0
698,3196.0,information,general,3196.0
700,3196.0,nobody,general,3196.0
700,3196.0,present,general,3196.0
701,3196.0,boarding,general,3196.0
701,3196.0,assistant,general,3196.0
702,3196.0,explaining,behaviour,3196.0
703,3196.0,hopeless,behaviour,3196.0
703,3196.0,attitude,behaviour,3196.0
704,3197.0,agent,general,3197.0
705,3198.0,busy,behaviour,3198.0
707,3199.0,without,general,3199.0
707,3199.0,any,general,3199.0
707,3199.0,proper,general,3199.0
707,3199.0,information,general,3199.0
709,3199.0,details,general,3199.0
712,3201.0,flight,general,3201.0
712,3201.0,attendants,general,3201.0
713,3201.0,professional,behaviour,3201.0
713,3201.0,friendly,behaviour,3201.0
714,3201.0,smiling,behaviour,3201.0
714,3201.0,boarding,behaviour,3201.0
715,3202.0,cabin,general,3202.0
715,3202.0,crews,general,3202.0
716,3202.0,very,behaviour,3202.0
716,3202.0,friendly,behaviour,3202.0
716,3202.0,and,behaviour,3202.0
716,3202.0,helpful,behaviour,3202.0
764,3249.0,no,general,3249.0
764,3249.0,alternative,general,3249.0
764,3249.0,was,general,3249.0
764,3249.0,given,general,3249.0
765,3250.0,rudely,behaviour,3250.0
771,3252.0,talented,behaviour,3252.0
771,3252.0,steward,behaviour,3252.0
772,3252.0,most,general,3252.0
772,3252.0,lovely,general,3252.0
772,3252.0,original,general,3252.0
772,3252.0,song,general,3252.0
773,3252.0,personal,behaviour,3252.0
773,3252.0,touch,behaviour,3252.0
775,3254.0,extremely,behaviour,3254.0
775,3254.0,gimmicky,behaviour,3254.0
776,3254.0,unprofessional,behaviour,3254.0
777,3254.0,unprofessional,behaviour,3254.0
777,3254.0,treatment,behaviour,3254.0
778,3254.0,utterly,behaviour,3254.0
778,3254.0,unprofessional,behaviour,3254.0
779,3254.0,customer,general,3254.0
779,3254.0,service,general,3254.0
779,3254.0,agent,general,3254.0
780,3254.0,enforce,general,3254.0
781,3254.0,stupid,general,3254.0
781,3254.0,policy,general,3254.0
790,3258.0,rude,behaviour,3258.0
791,3258.0,no,behaviour,3258.0
791,3258.0,greetings,behaviour,3258.0
792,3258.0,embarrassing,general,3258.0
795,3260.0,crew,general,3260.0
796,3260.0,quite,behaviour,3260.0
796,3260.0,young,behaviour,3260.0
799,3261.0,no,general,3261.0
799,3261.0,personnel,general,3261.0
802,3262.0,humorous,behaviour,3262.0
805,3264.0,explanation,behaviour,3264.0
806,3265.0,no,general,3265.0
806,3265.0,sign,general,3265.0
808,3266.0,ground,general,3266.0
808,3266.0,staff,general,3266.0
808,3266.0,refused,general,3266.0
809,3267.0,agent,general,3267.0
815,3268.0,ground,general,3268.0
815,3268.0,crew,general,3268.0
816,3268.0,excuse,behaviour,3268.0
817,3268.0,inform,general,3268.0
818,3269.0,rude,behaviour,3269.0
819,3269.0,condescending,behaviour,3269.0
823,3270.0,not,behaviour,3270.0
823,3270.0,accommodate,behaviour,3270.0
824,3270.0,unhelpful,behaviour,3270.0
831,3275.0,charge,general,3275.0
831,3275.0,people,general,3275.0
831,3275.0,fees,general,3275.0
839,3278.0,lack,behaviour,3278.0
839,3278.0,of,behaviour,3278.0
839,3278.0,compassion,behaviour,3278.0
842,3280.0,congratulations,general,3280.0
857,3287.0,cabin,general,3287.0
857,3287.0,crew,general,3287.0
858,3287.0,smiled,behaviour,3287.0
859,3287.0,throw,general,3287.0
860,3287.0,uncaring,behaviour,3287.0
869,3290.0,customer,general,3290.0
869,3290.0,service,general,3290.0
869,3290.0,representative,general,3290.0
870,3290.0,template,general,3290.0
870,3290.0,answer,general,3290.0
871,3290.0,sorry,general,3290.0
880,3293.0,attendant,general,3293.0
881,3293.0,attitude,behaviour,3293.0
882,3294.0,attendants,general,3294.0
883,3294.0,friendly,behaviour,3294.0
884,3294.0,very,behaviour,3294.0
884,3294.0,helpful,behaviour,3294.0
889,3296.0,friendliest,behaviour,3296.0
890,3296.0,helpful,behaviour,3296.0
891,3297.0,impressed,behaviour,3297.0
892,3297.0,energy,behaviour,3297.0
893,3297.0,inflight,general,3297.0
893,3297.0,crew,general,3297.0
894,3297.0,focussed,behaviour,3297.0
895,3297.0,guest,behaviour,3297.0
895,3297.0,centric,behaviour,3297.0
896,3297.0,smiling,behaviour,3297.0
896,3297.0,and,behaviour,3297.0
896,3297.0,well,behaviour,3297.0
896,3297.0,groomed,behaviour,3297.0
898,3298.0,not,behaviour,3298.0
898,3298.0,very,behaviour,3298.0
898,3298.0,comfortable,behaviour,3298.0
899,3298.0,cabin,general,3298.0
899,3298.0,crew,general,3298.0
900,3298.0,ok,general,3298.0
901,3299.0,crew,general,3299.0
902,3299.0,professional,behaviour,3299.0
912,3304.0,cabin,general,3304.0
912,3304.0,crew,general,3304.0
913,3304.0,hospitable,behaviour,3304.0
913,3304.0,friendly,behaviour,3304.0
914,3304.0,professional,behaviour,3304.0
915,3304.0,ground,general,3304.0
915,3304.0,staff,general,3304.0
918,3306.0,attractive,general,3306.0
918,3306.0,but,general,3306.0
918,3306.0,welltrained,general,3306.0
918,3306.0,crew,general,3306.0
921,3307.0,no,general,3307.0
921,3307.0,information,general,3307.0
922,3308.0,very,behaviour,3308.0
922,3308.0,friendly,behaviour,3308.0
923,3308.0,serviceable,general,3308.0
923,3308.0,staff,general,3308.0
925,3309.0,very,behaviour,3309.0
925,3309.0,friendly,behaviour,3309.0
928,3311.0,cabin,general,3311.0
928,3311.0,crew,general,3311.0
929,3311.0,extremely,behaviour,3311.0
929,3311.0,friendly,behaviour,3311.0
934,3313.0,friendly,behaviour,3313.0
936,3313.0,helping,behaviour,3313.0
939,3313.0,cabin,general,3313.0
939,3313.0,crew,general,3313.0
942,3314.0,friendly,behaviour,3314.0
944,3315.0,good,behaviour,3315.0
944,3315.0,looking,behaviour,3315.0
944,3315.0,and,behaviour,3315.0
944,3315.0,very,behaviour,3315.0
944,3315.0,neat,behaviour,3315.0
947,3317.0,cabin,behaviour,3317.0
947,3317.0,crew,behaviour,3317.0
947,3317.0,are,behaviour,3317.0
947,3317.0,all,behaviour,3317.0
947,3317.0,very,behaviour,3317.0
947,3317.0,nice,behaviour,3317.0
947,3317.0,and,behaviour,3317.0
947,3317.0,informative,behaviour,3317.0
956,3320.0,reasonable,behaviour,3320.0
956,3320.0,crew,behaviour,3320.0
961,3323.0,outrageous,behaviour,3323.0
963,3324.0,ground,behaviour,3324.0
963,3324.0,staff,behaviour,3324.0
963,3324.0,friendly,behaviour,3324.0
966,3326.0,cabin,general,3326.0
966,3326.0,crew,general,3326.0
968,3326.0,unwelcome,behaviour,3326.0
970,3327.0,not,behaviour,3327.0
970,3327.0,helpful,behaviour,3327.0
970,3327.0,nor,behaviour,3327.0
970,3327.0,accommodating,behaviour,3327.0
976,3330.0,cabin,general,3330.0
976,3330.0,crew,general,3330.0
977,3331.0,cabin,general,3331.0
977,3331.0,crew,general,3331.0
978,3331.0,courteous,behaviour,3331.0
979,3332.0,fast,behaviour,3332.0
979,3332.0,and,behaviour,3332.0
979,3332.0,efficient,behaviour,3332.0
985,3336.0,professional,behaviour,3336.0
986,3336.0,crew,general,3336.0
987,3337.0,bad,general,3337.0
990,3338.0,no,general,3338.0
990,3338.0,reply,general,3338.0
994,3339.0,crew,general,3339.0
997,3340.0,attractive,behaviour,3340.0
998,3340.0,pleasantly,behaviour,3340.0
1000,3340.0,courteous,behaviour,3340.0
1001,3340.0,cabin,general,3340.0
1001,3340.0,crew,general,3340.0
1002,3340.0,energetic,behaviour,3340.0
1003,3341.0,smile,behaviour,3341.0
1004,3341.0,not,general,3341.0
1004,3341.0,assist,general,3341.0
1005,3341.0,attendant,general,3341.0
1008,3343.0,no,behaviour,3343.0
1008,3343.0,explanation,behaviour,3343.0
1011,3345.0,was,behaviour,3345.0
1011,3345.0,great,behaviour,3345.0
1011,3345.0,and,behaviour,3345.0
1011,3345.0,efficient,behaviour,3345.0
1012,3345.0,fantastic,behaviour,3345.0
1013,3345.0,crew,general,3345.0
1014,3345.0,quick,behaviour,3345.0
1015,3345.0,efficient,behaviour,3345.0
1018,3347.0,not,general,3347.0
1018,3347.0,apologise,general,3347.0
1019,3347.0,staff,general,3347.0
1019,3347.0,member,general,3347.0
1020,3347.0,got,behaviour,3347.0
1020,3347.0,very,behaviour,3347.0
1020,3347.0,rude,behaviour,3347.0
1022,3348.0,bad,behaviour,3348.0
1023,3348.0,attitude,behaviour,3348.0
1025,3348.0,unwilling,behaviour,3348.0
1026,3348.0,assist,general,3348.0
1028,3350.0,excellent,behaviour,3350.0
1028,3350.0,staff,behaviour,3350.0
1029,3350.0,cabin,general,3350.0
1029,3350.0,crew,general,3350.0
1030,3350.0,friendly,behaviour,3350.0
1031,3350.0,supportive,behaviour,3350.0
1032,3350.0,serving,behaviour,3350.0
1034,3351.0,lied,behaviour,3351.0
1036,3351.0,rude,behaviour,3351.0
1037,3351.0,no,behaviour,3351.0
1037,3351.0,regard,behaviour,3351.0
1038,3352.0,rectify,behaviour,3352.0
1039,3352.0,inconvenienced,general,3352.0
1040,3352.0,poor,general,3352.0
1040,3352.0,communication,general,3352.0
1042,3353.0,turned,general,3353.0
1042,3353.0,away,general,3353.0
1043,3353.0,rectify,general,3353.0
1051,3357.0,rude,behaviour,3357.0
1052,3357.0,management,general,3357.0
1052,3357.0,staff,general,3357.0
1053,3357.0,nice,behaviour,3357.0
1054,3357.0,accommodating,behaviour,3357.0
1055,3357.0,abin,general,3357.0
1055,3357.0,crew,general,3357.0
1056,3357.0,very,behaviour,3357.0
1056,3357.0,good,behaviour,3357.0
1057,3357.0,welcoming,behaviour,3357.0
1059,3358.0,not,behaviour,3358.0
1059,3358.0,welcoming,behaviour,3358.0
1060,3358.0,crew,general,3358.0
1061,3358.0,very,behaviour,3358.0
1061,3358.0,disinterested,behaviour,3358.0
1062,3358.0,unenthusiastic,behaviour,3358.0
1063,3359.0,incredible,behaviour,3359.0
1063,3359.0,service,behaviour,3359.0
1064,3359.0,assist,general,3359.0
1066,3360.0,crew,general,3360.0
1068,3360.0,friendly,behaviour,3360.0
1069,3360.0,genuinely,behaviour,3360.0
1069,3360.0,helpful,behaviour,3360.0
1070,3360.0,attendants,general,3360.0
1072,3360.0,attendants,general,3360.0
1073,3360.0,amazing,behaviour,3360.0
1075,3360.0,pleasant,behaviour,3360.0
1076,3361.0,unhelpful,behaviour,3361.0
1077,3361.0,refused,behaviour,3361.0
1077,3361.0,to,behaviour,3361.0
1077,3361.0,change,behaviour,3361.0
1088,3364.0,attendants,general,3364.0
1091,3365.0,rude,behaviour,3365.0
1091,3365.0,staff,behaviour,3365.0
1092,3365.0,too,behaviour,3365.0
1092,3365.0,rude,behaviour,3365.0
1093,3366.0,crew,general,3366.0
1096,3367.0,attendants,general,3367.0
1098,3368.0,stewardess,general,3368.0
1099,3368.0,not,behaviour,3368.0
1099,3368.0,quite,behaviour,3368.0
1099,3368.0,so,behaviour,3368.0
1099,3368.0,friendly,behaviour,3368.0
1100,3369.0,dismissive,behaviour,3369.0
1100,3369.0,attitude,behaviour,3369.0
1106,3370.0,wonderful,behaviour,3370.0
1107,3370.0,captain,general,3370.0
1108,3370.0,very,behaviour,3370.0
1108,3370.0,proud,behaviour,3370.0
1109,3370.0,multiple,behaviour,3370.0
1109,3370.0,announcements,behaviour,3370.0
1110,3371.0,air,general,3371.0
1110,3371.0,hostess,general,3371.0
1111,3371.0,unprofessional,behaviour,3371.0
1112,3371.0,unpleasant,behaviour,3371.0
1113,3371.0,unprofessional,behaviour,3371.0
1114,3371.0,smile,behaviour,3371.0
1115,3371.0,courtesies,behaviour,3371.0
1116,3372.0,notifying,general,3372.0
1116,3372.0,the,general,3372.0
1116,3372.0,cabin,general,3372.0
1116,3372.0,crew,general,3372.0
1125,3374.0,humble,behaviour,3374.0
1125,3374.0,and,behaviour,3374.0
1125,3374.0,helpful,behaviour,3374.0
1126,3374.0,efforts,behaviour,3374.0
1127,3375.0,flight,general,3375.0
1127,3375.0,crew,general,3375.0
1127,3375.0,were,general,3375.0
1128,3375.0,professional,behaviour,3375.0
1128,3375.0,and,behaviour,3375.0
1128,3375.0,attentive,behaviour,3375.0
1131,3376.0,assistance,general,3376.0
1132,3376.0,crew,general,3376.0
1132,3376.0,member,general,3376.0
1133,3376.0,notifying,general,3376.0
1134,3376.0,entertaining,behaviour,3376.0
1135,3377.0,flight,general,3377.0
1135,3377.0,attendant,general,3377.0
1136,3377.0,called,general,3377.0
1136,3377.0,nurse,general,3377.0
1137,3377.0,assisted,behaviour,3377.0
1140,3380.0,no,behaviour,3380.0
1140,3380.0,operator,behaviour,3380.0
1145,3381.0,machines,general,3381.0
1147,3382.0,crew,general,3382.0
1148,3382.0,nice,behaviour,3382.0
1151,3383.0,greeted,behaviour,3383.0
1152,3383.0,cabin,general,3383.0
1152,3383.0,crew,general,3383.0
1154,3385.0,crew,general,3385.0
1155,3385.0,extremely,behaviour,3385.0
1155,3385.0,friendly,behaviour,3385.0
1156,3385.0,attentive,behaviour,3385.0
1157,3385.0,greeted,behaviour,3385.0
1158,3385.0,attendants,general,3385.0
1158,3385.0,and,general,3385.0
1158,3385.0,captain,general,3385.0
1160,3386.0,accommodating,general,3386.0
1161,3386.0,lovely,behaviour,3386.0
1165,3388.0,extremely,behaviour,3388.0
1165,3388.0,rude,behaviour,3388.0
1166,3388.0,attendant,general,3388.0
1167,3388.0,appalled,behaviour,3388.0
1168,3388.0,agent,general,3388.0
1173,3390.0,friendliness,behaviour,3390.0
1175,3390.0,chatty,behaviour,3390.0
1176,3391.0,uncomfortable,behaviour,3391.0
1177,3391.0,smaller,behaviour,3391.0
1186,3393.0,reassured,behaviour,3393.0
1187,3393.0,exhausted,behaviour,3393.0
1189,3395.0,no,behaviour,3395.0
1189,3395.0,courtesy,behaviour,3395.0
1190,3395.0,lovely,behaviour,3395.0
1192,3396.0,flight,general,3396.0
1192,3396.0,attendants,general,3396.0
1193,3396.0,no,general,3396.0
1193,3396.0,apologies,general,3396.0
1199,3397.0,representative,general,3397.0
1200,3397.0,told,general,3397.0
1201,3397.0,trying,general,3397.0
1202,3398.0,attendants,general,3398.0
1203,3398.0,joyce,behaviour,3398.0
1204,3398.0,amazing,behaviour,3398.0
1205,3399.0,supervisor,general,3399.0
1206,3399.0,refused,general,3399.0
1206,3399.0,my,general,3399.0
1206,3399.0,request,general,3399.0
1216,3401.0,indifferent,behaviour,3401.0
1218,3402.0,staffing,general,3402.0
1219,3402.0,issues,general,3402.0
1220,3402.0,poor,behaviour,3402.0
1220,3402.0,training,behaviour,3402.0
1223,3404.0,attendant,general,3404.0
1224,3404.0,not,behaviour,3404.0
1224,3404.0,very,behaviour,3404.0
1224,3404.0,friendly,behaviour,3404.0
1225,3404.0,smiles,behaviour,3404.0
1226,3404.0,super,behaviour,3404.0
1226,3404.0,friendly,behaviour,3404.0
1227,3404.0,attendants,general,3404.0
1228,3404.0,great,behaviour,3404.0
1233,3406.0,agent,general,3406.0
1234,3406.0,special,behaviour,3406.0
1234,3406.0,assistance,behaviour,3406.0
1235,3406.0,rude,behaviour,3406.0
1236,3406.0,barked,behaviour,3406.0
1236,3406.0,at,behaviour,3406.0
1236,3406.0,me,behaviour,3406.0
1237,3406.0,rude,behaviour,3406.0
1238,3406.0,arrogant,behaviour,3406.0
1239,3406.0,agent,general,3406.0
1240,3406.0,very,behaviour,3406.0
1240,3406.0,rude,behaviour,3406.0
1241,3406.0,no,general,3406.0
1241,3406.0,apologies,general,3406.0
1242,3406.0,no,behaviour,3406.0
1242,3406.0,explanations,behaviour,3406.0
1243,3406.0,rude,behaviour,3406.0
1244,3406.0,condescending,behaviour,3406.0
1244,3406.0,attitude,behaviour,3406.0
1245,3406.0,no,behaviour,3406.0
1245,3406.0,effort,behaviour,3406.0
1247,3406.0,rude,behaviour,3406.0
1248,3406.0,slow,behaviour,3406.0
1249,3406.0,inefficient,behaviour,3406.0
1250,3406.0,crew,general,3406.0
1251,3406.0,nice,behaviour,3406.0
1252,3406.0,friendly,behaviour,3406.0
1257,3408.0,not,general,3408.0
1257,3408.0,help,general,3408.0
1260,3409.0,careless,behaviour,3409.0
1263,3410.0,representative,general,3410.0
1264,3410.0,informed,behaviour,3410.0
1265,3411.0,crew,general,3411.0
1266,3411.0,scarce,behaviour,3411.0
1280,3413.0,crew,general,3413.0
1281,3413.0,handed,general,3413.0
1281,3413.0,out,general,3413.0
1281,3413.0,coupons,general,3413.0
1282,3413.0,crew,general,3413.0
1283,3413.0,good,behaviour,3413.0
1283,3413.0,looking,behaviour,3413.0
1286,3415.0,passenger,general,3415.0
1286,3415.0,comfort,general,3415.0
1288,3416.0,crew,general,3416.0
1289,3416.0,apologizing,general,3416.0
1291,3417.0,donâ€™t,behaviour,3417.0
1291,3417.0,know,behaviour,3417.0
1291,3417.0,how,behaviour,3417.0
1291,3417.0,to,behaviour,3417.0
1291,3417.0,smile,behaviour,3417.0
1293,3418.0,courteous,behaviour,3418.0
1294,3418.0,efficient,behaviour,3418.0
1295,3418.0,but,behaviour,3418.0
1295,3418.0,lacked,behaviour,3418.0
1295,3418.0,charm,behaviour,3418.0
1296,3418.0,cabin,general,3418.0
1296,3418.0,crew,general,3418.0
1297,3418.0,going,behaviour,3418.0
1297,3418.0,through,behaviour,3418.0
1297,3418.0,the,behaviour,3418.0
1297,3418.0,motions,behaviour,3418.0
1299,3419.0,agent,general,3419.0
1300,3419.0,unhelpful,behaviour,3419.0
1301,3419.0,rude,behaviour,3419.0
1305,3421.0,staff,behaviour,3421.0
1305,3421.0,were,behaviour,3421.0
1305,3421.0,very,behaviour,3421.0
1305,3421.0,friendly,behaviour,3421.0
1306,3421.0,and,behaviour,3421.0
1306,3421.0,spoke,behaviour,3421.0
1306,3421.0,multiple,behaviour,3421.0
1306,3421.0,languages,behaviour,3421.0
1309,3422.0,very,general,3422.0
1309,3422.0,poorly,general,3422.0
1311,3423.0,lack,general,3423.0
1311,3423.0,of,general,3423.0
1311,3423.0,sufficient,general,3423.0
1311,3423.0,staff,general,3423.0
1312,3423.0,staff,behaviour,3423.0
1312,3423.0,very,behaviour,3423.0
1312,3423.0,unhelpful,behaviour,3423.0
1313,3424.0,not,behaviour,3424.0
1313,3424.0,friendly,behaviour,3424.0
1316,3425.0,steward,general,3425.0
1317,3425.0,will,behaviour,3425.0
1317,3425.0,take,behaviour,3425.0
1317,3425.0,care,behaviour,3425.0
1321,3426.0,professional,behaviour,3426.0
1321,3426.0,courteous,behaviour,3426.0
1322,3426.0,competent,behaviour,3426.0
1324,3428.0,terribly,behaviour,3428.0
1331,3430.0,pilot,general,3430.0
1332,3430.0,gentlemen,general,3430.0
1345,3434.0,rude,behaviour,3434.0
1346,3434.0,unprofessional,behaviour,3434.0
1349,3435.0,attentive,behaviour,3435.0
1350,3435.0,friendly,behaviour,3435.0
1351,3435.0,treat,behaviour,3435.0
1351,3435.0,you,behaviour,3435.0
1351,3435.0,like,behaviour,3435.0
1351,3435.0,gold,behaviour,3435.0
1353,3436.0,lovely,behaviour,3436.0
1355,3437.0,employees,general,3437.0
1360,3439.0,attendant,general,3439.0
1361,3439.0,amazing,behaviour,3439.0
1362,3439.0,unresponsive,behaviour,3439.0
1363,3440.0,no,behaviour,3440.0
1363,3440.0,communication,behaviour,3440.0
1364,3440.0,official,behaviour,3440.0
1364,3440.0,announcements,behaviour,3440.0
1365,3440.0,communications,behaviour,3440.0
1367,3440.0,short,behaviour,3440.0
1367,3440.0,and,behaviour,3440.0
1367,3440.0,rude,behaviour,3440.0
1369,3442.0,not,general,3442.0
1369,3442.0,apologize,general,3442.0
1374,3444.0,ould,general,3444.0
1374,3444.0,not,general,3444.0
1374,3444.0,care,general,3444.0
1374,3444.0,less,general,3444.0
1379,3446.0,frustrated,behaviour,3446.0
1380,3446.0,armed,general,3446.0
1380,3446.0,security,general,3446.0
1380,3446.0,guard,general,3446.0
1381,3446.0,threatened,behaviour,3446.0
1382,3446.0,arrest,general,3446.0
1383,3446.0,rude,behaviour,3446.0
1386,3449.0,send,behaviour,3449.0
1386,3449.0,message,behaviour,3449.0
1389,3451.0,flight,general,3451.0
1389,3451.0,attendants,general,3451.0
1390,3451.0,very,behaviour,3451.0
1390,3451.0,attentive,behaviour,3451.0
1390,3451.0,friendly,behaviour,3451.0
1391,3451.0,professional,behaviour,3451.0
1392,3452.0,crew,behaviour,3452.0
1392,3452.0,attitude,behaviour,3452.0
1393,3452.0,friendly,behaviour,3452.0
1394,3452.0,professional,behaviour,3452.0
1395,3453.0,customer,behaviour,3453.0
1395,3453.0,service,behaviour,3453.0
1395,3453.0,representative,behaviour,3453.0
1398,3454.0,rude,behaviour,3454.0
1403,3456.0,slow,behaviour,3456.0
1403,3456.0,and,behaviour,3456.0
1403,3456.0,carelessly,behaviour,3456.0
1404,3457.0,very,behaviour,3457.0
1404,3457.0,helpful,behaviour,3457.0
1404,3457.0,crews,behaviour,3457.0
1407,3458.0,rude,behaviour,3458.0
1407,3458.0,staff,behaviour,3458.0
1417,3462.0,nonexistent,behaviour,3462.0
1424,3463.0,poor,behaviour,3463.0
1424,3463.0,accommodation,behaviour,3463.0
1425,3463.0,no,general,3463.0
1425,3463.0,understanding,general,3463.0
1434,3466.0,rapidly,behaviour,3466.0
1434,3466.0,to,behaviour,3466.0
1434,3466.0,offer,behaviour,3466.0
1435,3466.0,friendly,behaviour,3466.0
1436,3466.0,professional,behaviour,3466.0
1437,3466.0,very,behaviour,3466.0
1437,3466.0,friendly,behaviour,3466.0
1437,3466.0,crew,behaviour,3466.0
1438,3467.0,attendants,general,3467.0
1439,3467.0,polite,behaviour,3467.0
1439,3467.0,and,behaviour,3467.0
1439,3467.0,professional,behaviour,3467.0
1440,3468.0,stewardess,general,3468.0
1441,3468.0,no,general,3468.0
1441,3468.0,coordination,general,3468.0
1442,3469.0,no,general,3469.0
1442,3469.0,coordination,general,3469.0
1443,3469.0,bad,general,3469.0
1443,3469.0,staff,general,3469.0
1444,3470.0,staff,behaviour,3470.0
1444,3470.0,was,behaviour,3470.0
1444,3470.0,kind,behaviour,3470.0
1449,3472.0,crew,general,3472.0
1449,3472.0,professional,general,3472.0
1451,3473.0,unprofessional,behaviour,3473.0
1451,3473.0,attitude,behaviour,3473.0
1452,3473.0,steward,behaviour,3473.0
1452,3473.0,was,behaviour,3473.0
1452,3473.0,helpful,behaviour,3473.0
1454,3474.0,rude,behaviour,3474.0
1455,3475.0,flight,general,3475.0
1455,3475.0,attendants,general,3475.0
1457,3475.0,help,behaviour,3475.0
1461,3477.0,attendants,general,3477.0
1462,3477.0,perfect,general,3477.0
1467,3479.0,very,behaviour,3479.0
1467,3479.0,good,behaviour,3479.0
1467,3479.0,cabin,behaviour,3479.0
1467,3479.0,crew,behaviour,3479.0
1470,3480.0,rude,behaviour,3480.0
1470,3480.0,staff,behaviour,3480.0
1479,3485.0,cabin,general,3485.0
1479,3485.0,crew,general,3485.0
1480,3485.0,polite,behaviour,3485.0
1480,3485.0,and,behaviour,3485.0
1480,3485.0,professional,behaviour,3485.0
1482,3487.0,crew,behaviour,3487.0
1483,3487.0,nice,behaviour,3487.0
1484,3487.0,friendly,behaviour,3487.0
1490,3490.0,professionalism,behaviour,3490.0
1495,3492.0,flight,general,3492.0
1495,3492.0,attendant,general,3492.0
1496,3492.0,food,behaviour,3492.0
1496,3492.0,was,behaviour,3492.0
1496,3492.0,so,behaviour,3492.0
1496,3492.0,delicious,behaviour,3492.0
1499,3494.0,terrible,general,3494.0
1499,3494.0,communication,general,3494.0
1501,3495.0,unsatisfactory,behaviour,3495.0
1502,3496.0,cabin,behaviour,3496.0
1502,3496.0,crew,behaviour,3496.0
1502,3496.0,was,behaviour,3496.0
1502,3496.0,very,behaviour,3496.0
1502,3496.0,professional,behaviour,3496.0
1502,3496.0,proactive,behaviour,3496.0
1502,3496.0,and,behaviour,3496.0
1502,3496.0,polite,behaviour,3496.0
1507,3497.0,delightful,behaviour,3497.0
1508,3497.0,pleasant,behaviour,3497.0
1509,3498.0,stewardess,general,3498.0
1510,3498.0,lovely,behaviour,3498.0
1510,3498.0,gesture,behaviour,3498.0
1515,3501.0,friendliness,general,3501.0
1516,3501.0,welcome,behaviour,3501.0
1523,3504.0,staff,behaviour,3504.0
1523,3504.0,friendly,behaviour,3504.0
1525,3505.0,friendly,behaviour,3505.0
1527,3506.0,quite,behaviour,3506.0
1527,3506.0,nice,behaviour,3506.0
1527,3506.0,crew,behaviour,3506.0
1528,3506.0,cabin,general,3506.0
1528,3506.0,crew,general,3506.0
1528,3506.0,disappeared,general,3506.0
1529,3506.0,never,behaviour,3506.0
1529,3506.0,notified,behaviour,3506.0
1529,3506.0,or,behaviour,3506.0
1529,3506.0,served,behaviour,3506.0
1532,3507.0,rude,behaviour,3507.0
1535,3508.0,arrogant,general,3508.0
1535,3508.0,to,general,3508.0
1535,3508.0,speak,general,3508.0
1535,3508.0,english,general,3508.0
1538,3509.0,flight,general,3509.0
1538,3509.0,attendants,general,3509.0
1539,3509.0,outraged,behaviour,3509.0
1541,3510.0,nothing,general,3510.0
1541,3510.0,to,general,3510.0
1541,3510.0,worry,general,3510.0
1543,3511.0,crew,general,3511.0
1544,3511.0,grumpy,behaviour,3511.0
1544,3511.0,bordering,behaviour,3511.0
1544,3511.0,rude,behaviour,3511.0
1549,3512.0,crew,behaviour,3512.0
1549,3512.0,was,behaviour,3512.0
1549,3512.0,friendly,behaviour,3512.0
1549,3512.0,and,behaviour,3512.0
1549,3512.0,attentive,behaviour,3512.0
1554,3513.0,flight,general,3513.0
1554,3513.0,attendants,general,3513.0
1555,3513.0,pleasant,behaviour,3513.0
1556,3513.0,staff,behaviour,3513.0
1556,3513.0,was,behaviour,3513.0
1556,3513.0,smiling,behaviour,3513.0
1557,3514.0,barely,general,3514.0
1557,3514.0,speak,general,3514.0
1557,3514.0,english,general,3514.0
1560,3515.0,impolite,behaviour,3515.0
1561,3515.0,never,general,3515.0
1561,3515.0,really,general,3515.0
1561,3515.0,solve,general,3515.0
1561,3515.0,your,general,3515.0
1561,3515.0,problem,general,3515.0
1562,3516.0,very,behaviour,3516.0
1562,3516.0,inefficient,behaviour,3516.0
1562,3516.0,and,behaviour,3516.0
1562,3516.0,bad,behaviour,3516.0
1562,3516.0,communication,behaviour,3516.0
1563,3516.0,limited,general,3516.0
1563,3516.0,english,general,3516.0
1564,3517.0,service,behaviour,3517.0
1564,3517.0,attitude,behaviour,3517.0
1565,3517.0,deteriorate,behaviour,3517.0
1567,3517.0,lounge,general,3517.0
1567,3517.0,attendant,general,3517.0
1567,3517.0,apologizing,general,3517.0
1568,3518.0,very,behaviour,3518.0
1568,3518.0,polite,behaviour,3518.0
1568,3518.0,friendly,behaviour,3518.0
1569,3518.0,cabin,general,3518.0
1569,3518.0,crews,general,3518.0
1570,3518.0,professional,behaviour,3518.0
1572,3519.0,terribly,behaviour,3519.0
1572,3519.0,rude,behaviour,3519.0
1573,3520.0,rude,behaviour,3520.0
1574,3520.0,never,behaviour,3520.0
1574,3520.0,apologetic,behaviour,3520.0
1575,3520.0,rude,behaviour,3520.0
1575,3520.0,staff,behaviour,3520.0
1580,3521.0,kids,behaviour,3521.0
1580,3521.0,friendly,behaviour,3521.0
1581,3522.0,very,behaviour,3522.0
1581,3522.0,rude,behaviour,3522.0
1582,3522.0,not,general,3522.0
1582,3522.0,wanting,general,3522.0
1582,3522.0,to,general,3522.0
1582,3522.0,help,general,3522.0
1583,3522.0,sorry,general,3522.0
1588,3524.0,friendly,behaviour,3524.0
1589,3524.0,professional,behaviour,3524.0
1590,3524.0,excellent,behaviour,3524.0
1590,3524.0,service,behaviour,3524.0
1591,3525.0,good,general,3525.0
1592,3525.0,round,general,3525.0
1592,3525.0,staff,general,3525.0
1592,3525.0,and,general,3525.0
1592,3525.0,the,general,3525.0
1592,3525.0,pilots,general,3525.0
1593,3525.0,friendly,behaviour,3525.0
1593,3525.0,steward,behaviour,3525.0
1594,3525.0,nice,behaviour,3525.0
1594,3525.0,crew,behaviour,3525.0
1594,3525.0,members,behaviour,3525.0
1596,3526.0,secure,general,3526.0
1596,3526.0,peace,general,3526.0
1597,3526.0,crew,behaviour,3526.0
1598,3526.0,fine,general,3526.0
1600,3527.0,not,behaviour,3527.0
1600,3527.0,helpful,behaviour,3527.0
1606,3529.0,no,general,3529.0
1606,3529.0,further,general,3529.0
1606,3529.0,communication,general,3529.0
1612,3531.0,friendly,behaviour,3531.0
1612,3531.0,staff,behaviour,3531.0
1614,3532.0,friendly,behaviour,3532.0
1614,3532.0,staff,behaviour,3532.0
1618,3534.0,cabin,behaviour,3534.0
1618,3534.0,crew,behaviour,3534.0
1619,3534.0,stylish,behaviour,3534.0
1620,3534.0,but,behaviour,3534.0
1620,3534.0,a,behaviour,3534.0
1620,3534.0,little,behaviour,3534.0
1620,3534.0,aloof,behaviour,3534.0
1623,3535.0,flight,general,3535.0
1623,3535.0,attendant,general,3535.0
1624,3535.0,kind,behaviour,3535.0
1625,3535.0,remorseful,behaviour,3535.0
1633,3537.0,friendly,behaviour,3537.0
1634,3537.0,young,general,3537.0
1634,3537.0,crew,general,3537.0
1635,3537.0,efficient,behaviour,3537.0
1635,3537.0,friendly,behaviour,3537.0
1638,3538.0,flight,general,3538.0
1638,3538.0,attendants,general,3538.0
1639,3538.0,polite,behaviour,3538.0
1639,3538.0,friendly,behaviour,3538.0
1640,3538.0,helpful,behaviour,3538.0
1648,3540.0,rude,behaviour,3540.0
1650,3540.0,rude,behaviour,3540.0
1652,3540.0,friendly,behaviour,3540.0
1654,3541.0,no,general,3541.0
1654,3541.0,cabin,general,3541.0
1654,3541.0,crew,general,3541.0
1659,3542.0,cabin,general,3542.0
1659,3542.0,crew,general,3542.0
1660,3542.0,very,behaviour,3542.0
1660,3542.0,caring,behaviour,3542.0
1661,3542.0,funny,behaviour,3542.0
1672,3545.0,cabin,general,3545.0
1672,3545.0,crew,general,3545.0
1676,3546.0,inattentive,behaviour,3546.0
1676,3546.0,flight,behaviour,3546.0
1676,3546.0,crew,behaviour,3546.0
1677,3547.0,professional,behaviour,3547.0
1678,3547.0,good,behaviour,3547.0
1678,3547.0,mood,behaviour,3547.0
1678,3547.0,and,behaviour,3547.0
1678,3547.0,humour,behaviour,3547.0
1688,3550.0,very,behaviour,3550.0
1688,3550.0,rude,behaviour,3550.0
1689,3550.0,no,behaviour,3550.0
1689,3550.0,smiles,behaviour,3550.0
1690,3550.0,flight,general,3550.0
1690,3550.0,attandants,general,3550.0
1691,3550.0,ignored,general,3550.0
1691,3550.0,the,general,3550.0
1691,3550.0,button,general,3550.0
1691,3550.0,calls,general,3550.0
1697,3554.0,hostess,behaviour,3554.0
1697,3554.0,was,behaviour,3554.0
1697,3554.0,rude,behaviour,3554.0
1700,3555.0,attendants,general,3555.0
1701,3555.0,crew,general,3555.0
1710,3559.0,flight,general,3559.0
1710,3559.0,attendant,general,3559.0
1711,3559.0,rude,behaviour,3559.0
1713,3560.0,crew,general,3560.0
1714,3560.0,very,behaviour,3560.0
1714,3560.0,courteous,behaviour,3560.0
1715,3560.0,crew,general,3560.0
1716,3560.0,helpful,behaviour,3560.0
1720,3562.0,agent,general,3562.0
1721,3562.0,happy,behaviour,3562.0
1722,3562.0,crew,general,3562.0
1723,3562.0,very,behaviour,3562.0
1723,3562.0,friendly,behaviour,3562.0
1724,3563.0,crew,general,3563.0
1725,3563.0,excellent,behaviour,3563.0
1726,3563.0,extremely,behaviour,3563.0
1726,3563.0,helpful,behaviour,3563.0
1727,3563.0,unhelpful,behaviour,3563.0
1727,3563.0,staff,behaviour,3563.0
1728,3564.0,no,general,3564.0
1728,3564.0,staff,general,3564.0
1728,3564.0,available,general,3564.0
1729,3564.0,treated,behaviour,3564.0
1730,3564.0,very,behaviour,3564.0
1730,3564.0,badly,behaviour,3564.0
1733,3566.0,crew,general,3566.0
1736,3567.0,crew,general,3567.0
1737,3567.0,not,behaviour,3567.0
1737,3567.0,helpful,behaviour,3567.0
1738,3567.0,sarcastic,behaviour,3567.0
1739,3567.0,unprofessional,behaviour,3567.0
1740,3567.0,ignore,general,3567.0
1740,3567.0,customers,general,3567.0
1741,3568.0,o,general,3568.0
1741,3568.0,flight,general,3568.0
1741,3568.0,attendant,general,3568.0
1744,3569.0,attendants,general,3569.0
1745,3569.0,help,general,3569.0
1750,3571.0,hostess,general,3571.0
1751,3571.0,too,behaviour,3571.0
1751,3571.0,harsh,behaviour,3571.0
1753,3572.0,crew,general,3572.0
1756,3573.0,crewâ€™s,behaviour,3573.0
1756,3573.0,on,behaviour,3573.0
1756,3573.0,board,behaviour,3573.0
1756,3573.0,safety,behaviour,3573.0
1756,3573.0,was,behaviour,3573.0
1756,3573.0,awful,behaviour,3573.0
1760,3574.0,flight,general,3574.0
1760,3574.0,attendants,general,3574.0
1761,3574.0,quite,behaviour,3574.0
1761,3574.0,nice,behaviour,3574.0
1765,3576.0,crew,general,3576.0
1765,3576.0,was,general,3576.0
1765,3576.0,ok,general,3576.0
1766,3577.0,crew,general,3577.0
1767,3577.0,communicated,general,3577.0
1767,3577.0,well,general,3577.0
1768,3577.0,crew,general,3577.0
1769,3577.0,fairly,behaviour,3577.0
1769,3577.0,warm,behaviour,3577.0
1769,3577.0,and,behaviour,3577.0
1769,3577.0,receptive,behaviour,3577.0
1786,3583.0,extremely,behaviour,3583.0
1786,3583.0,rude,behaviour,3583.0
1788,3584.0,unprofessional,behaviour,3584.0
1789,3585.0,crew,general,3585.0
1790,3585.0,kind,general,3585.0
1790,3585.0,and,general,3585.0
1790,3585.0,helpful,general,3585.0
1796,3588.0,staff,behaviour,3588.0
1796,3588.0,were,behaviour,3588.0
1796,3588.0,rude,behaviour,3588.0
1798,3589.0,crew,general,3589.0
1799,3589.0,kind,behaviour,3589.0
1799,3589.0,and,behaviour,3589.0
1799,3589.0,dedicated,behaviour,3589.0
1800,3589.0,hospitality,behaviour,3589.0
1802,3590.0,riendly,behaviour,3590.0
1802,3590.0,and,behaviour,3590.0
1802,3590.0,attentive,behaviour,3590.0
1803,3590.0,unhelpful,behaviour,3590.0
1806,3592.0,rudeness,behaviour,3592.0
1807,3592.0,extremely,behaviour,3592.0
1807,3592.0,rude,behaviour,3592.0
1808,3593.0,crew,general,3593.0
1809,3593.0,friendly,behaviour,3593.0
1809,3593.0,and,behaviour,3593.0
1809,3593.0,engaging,behaviour,3593.0
1815,3595.0,argued,behaviour,3595.0
1816,3596.0,very,behaviour,3596.0
1816,3596.0,bad,behaviour,3596.0
1816,3596.0,communication,behaviour,3596.0
1816,3596.0,skills,behaviour,3596.0
1817,3596.0,false,general,3596.0
1817,3596.0,information,general,3596.0
1818,3597.0,attendants,general,3597.0
1819,3597.0,attentive,behaviour,3597.0
1824,3600.0,offered,behaviour,3600.0
1824,3600.0,no,behaviour,3600.0
1824,3600.0,support,behaviour,3600.0
1825,3600.0,hostess,behaviour,3600.0
1826,3600.0,useless,behaviour,3600.0
1829,3601.0,very,behaviour,3601.0
1829,3601.0,fussy,behaviour,3601.0
1830,3601.0,announcement,general,3601.0
1833,3603.0,ridiculous,behaviour,3603.0
1834,3603.0,agent,general,3603.0
1835,3603.0,no,general,3603.0
1835,3603.0,announcements,general,3603.0
1836,3603.0,flimsy,behaviour,3603.0
1836,3603.0,assurance,behaviour,3603.0
1845,3607.0,no,general,3607.0
1845,3607.0,intentions,general,3607.0
1845,3607.0,to,general,3607.0
1845,3607.0,help,general,3607.0
1848,3609.0,unprofessionally,behaviour,3609.0
1854,3611.0,unable,behaviour,3611.0
1854,3611.0,to,behaviour,3611.0
1854,3611.0,help,behaviour,3611.0
1858,3613.0,attendants,general,3613.0
1859,3613.0,raised,general,3613.0
1859,3613.0,a,general,3613.0
1859,3613.0,tantrum,general,3613.0
1860,3613.0,forced,general,3613.0
1860,3613.0,us,general,3613.0
1860,3613.0,back,general,3613.0
1860,3613.0,to,general,3613.0
1860,3613.0,the,general,3613.0
1860,3613.0,seats,general,3613.0
1861,3613.0,lack,general,3613.0
1861,3613.0,of,general,3613.0
1861,3613.0,coordination,general,3613.0
1865,3615.0,very,behaviour,3615.0
1865,3615.0,rude,behaviour,3615.0
1865,3615.0,and,behaviour,3615.0
1865,3615.0,arrogant,behaviour,3615.0
1872,3618.0,offer,general,3618.0
1883,3622.0,accountability,behaviour,3622.0
1884,3622.0,responsibility,behaviour,3622.0
1885,3622.0,explanation,behaviour,3622.0
1886,3623.0,agent,general,3623.0
1886,3623.0,ignored,general,3623.0
1887,3623.0,assistance,general,3623.0
1888,3624.0,rude,behaviour,3624.0
1889,3624.0,rude,behaviour,3624.0
1891,3624.0,staff,general,3624.0
1891,3624.0,members,general,3624.0
1892,3624.0,rude,behaviour,3624.0
1898,3628.0,staff,behaviour,3628.0
1898,3628.0,were,behaviour,3628.0
1898,3628.0,rude,behaviour,3628.0
1899,3629.0,no,general,3629.0
1899,3629.0,announcement,general,3629.0
1900,3629.0,most,behaviour,3629.0
1900,3629.0,disrespectful,behaviour,3629.0
1901,3629.0,apologised,general,3629.0
1902,3629.0,irresponsible,behaviour,3629.0
1902,3629.0,behaviour,behaviour,3629.0
1903,3630.0,crew,general,3630.0
1904,3630.0,enforcing,general,3630.0
1904,3630.0,the,general,3630.0
1904,3630.0,rules,general,3630.0
1905,3630.0,quite,behaviour,3630.0
1905,3630.0,positive,behaviour,3630.0
1906,3631.0,crew,behaviour,3631.0
1906,3631.0,was,behaviour,3631.0
1906,3631.0,responsive,behaviour,3631.0
1907,3631.0,courteous,behaviour,3631.0
1908,3631.0,happy,behaviour,3631.0
1908,3631.0,to,behaviour,3631.0
1908,3631.0,assist,behaviour,3631.0
1913,3632.0,crew,general,3632.0
1914,3632.0,lively,general,3632.0
1914,3632.0,engaging,general,3632.0
1916,3633.0,poor,behaviour,3633.0
1916,3633.0,social,behaviour,3633.0
1916,3633.0,skills,behaviour,3633.0
1918,3635.0,limited,behaviour,3635.0
1918,3635.0,english,behaviour,3635.0
1918,3635.0,speaking,behaviour,3635.0
1920,3636.0,reckless,behaviour,3636.0
1921,3637.0,not,behaviour,3637.0
1921,3637.0,see,behaviour,3637.0
1921,3637.0,the,behaviour,3637.0
1921,3637.0,slightest,behaviour,3637.0
1921,3637.0,smile,behaviour,3637.0
1922,3637.0,crew,general,3637.0
1924,3638.0,crew,general,3638.0
1925,3638.0,negligent,behaviour,3638.0
1928,3640.0,not,behaviour,3640.0
1928,3640.0,supportive,behaviour,3640.0
1929,3640.0,not,behaviour,3640.0
1929,3640.0,clear,behaviour,3640.0
1943,3644.0,lack,behaviour,3644.0
1943,3644.0,of,behaviour,3644.0
1943,3644.0,seriousness,behaviour,3644.0
1944,3645.0,very,general,3645.0
1944,3645.0,helpful,general,3645.0
1948,3646.0,terrible,behaviour,3646.0
1949,3646.0,no,general,3646.0
1949,3646.0,help,general,3646.0
1955,3649.0,crew,general,3649.0
1963,3651.0,unhelpful,behaviour,3651.0
1963,3651.0,lazy,behaviour,3651.0
1963,3651.0,staff,behaviour,3651.0
1966,3653.0,unprofessional,behaviour,3653.0
1968,3654.0,greeted,behaviour,3654.0
1968,3654.0,with,behaviour,3654.0
1968,3654.0,smiles,behaviour,3654.0
1969,3654.0,flight,general,3654.0
1969,3654.0,attendant,general,3654.0
1970,3654.0,crew,general,3654.0
1971,3655.0,poorly,general,3655.0
1971,3655.0,trained,general,3655.0
1971,3655.0,staff,general,3655.0
1972,3655.0,staff,general,3655.0
1984,3659.0,appalling,general,3659.0
1994,3663.0,personnel,general,3663.0
1995,3663.0,vastly,general,3663.0
1995,3663.0,different,general,3663.0
1995,3663.0,answers,general,3663.0
1996,3664.0,friendly,behaviour,3664.0
1997,3664.0,helpful,general,3664.0
1998,3664.0,stewardess,behaviour,3664.0
1998,3664.0,were,behaviour,3664.0
1998,3664.0,condescending,behaviour,3664.0
1999,3664.0,rude,behaviour,3664.0
2001,3666.0,assistance,behaviour,3666.0
2002,3666.0,attentive,behaviour,3666.0
2003,3667.0,flight,general,3667.0
2003,3667.0,attendant,general,3667.0
2004,3667.0,flight,general,3667.0
2004,3667.0,attendant,general,3667.0
2005,3667.0,calm,behaviour,3667.0
2006,3667.0,no,general,3667.0
2006,3667.0,apology,general,3667.0
2007,3667.0,no,general,3667.0
2007,3667.0,help,general,3667.0
2008,3667.0,rude,behaviour,3667.0
2009,3668.0,supervisor,behaviour,3668.0
2009,3668.0,refused,behaviour,3668.0
2010,3668.0,upervisor,behaviour,3668.0
2010,3668.0,refused,behaviour,3668.0
2012,3669.0,mediocrity,behaviour,3669.0
2013,3669.0,poor,behaviour,3669.0
2013,3669.0,understanding,behaviour,3669.0
2014,3669.0,announcement,general,3669.0
2015,3669.0,no,behaviour,3669.0
2015,3669.0,support,behaviour,3669.0
2016,3669.0,no,general,3669.0
2016,3669.0,one,general,3669.0
2016,3669.0,took,general,3669.0
2016,3669.0,responsibility,general,3669.0
2019,3671.0,crew,general,3671.0
2020,3671.0,extremely,general,3671.0
2020,3671.0,helpful,general,3671.0
2021,3671.0,attendants,general,3671.0
2024,3672.0,representative,general,3672.0
2025,3672.0,disappointment,behaviour,3672.0
2026,3673.0,unbelievably,general,3673.0
2026,3673.0,helpful,general,3673.0
2028,3674.0,attendant,general,3674.0
2029,3674.0,late,behaviour,3674.0
2034,3676.0,nonpet,behaviour,3676.0
2034,3676.0,friendly,behaviour,3676.0
2035,3677.0,crew,general,3677.0
2036,3677.0,pilots,general,3677.0
2037,3677.0,announce,behaviour,3677.0
2038,3677.0,refused,behaviour,3677.0
2039,3678.0,mistreated,behaviour,3678.0
2040,3678.0,lied,behaviour,3678.0
2042,3680.0,communication,behaviour,3680.0
2042,3680.0,is,behaviour,3680.0
2042,3680.0,horrible,behaviour,3680.0
2049,3684.0,staff,behaviour,3684.0
2049,3684.0,were,behaviour,3684.0
2049,3684.0,nice,behaviour,3684.0
2050,3684.0,pleasant,behaviour,3684.0
2051,3684.0,flight,general,3684.0
2051,3684.0,attendants,general,3684.0
2051,3684.0,were,general,3684.0
2051,3684.0,nice,general,3684.0
2052,3684.0,seat,behaviour,3684.0
2052,3684.0,was,behaviour,3684.0
2052,3684.0,comfortable,behaviour,3684.0
2057,3686.0,flight,behaviour,3686.0
2057,3686.0,attendant,behaviour,3686.0
2057,3686.0,lied,behaviour,3686.0
2058,3686.0,not,behaviour,3686.0
2058,3686.0,helpful,behaviour,3686.0
2059,3686.0,rude,behaviour,3686.0
2060,3687.0,very,behaviour,3687.0
2060,3687.0,pleasant,behaviour,3687.0
2061,3687.0,very,behaviour,3687.0
2061,3687.0,nice,behaviour,3687.0
2062,3687.0,polite,behaviour,3687.0
2063,3687.0,friendly,behaviour,3687.0
2064,3688.0,helpful,behaviour,3688.0
2064,3688.0,personnel,behaviour,3688.0
2066,3689.0,cranky,behaviour,3689.0
2066,3689.0,stewardesses,behaviour,3689.0
2069,3691.0,rudeness,behaviour,3691.0
2070,3691.0,rude,behaviour,3691.0
2071,3691.0,agents,general,3691.0
2074,3693.0,super,behaviour,3693.0
2074,3693.0,rude,behaviour,3693.0
2075,3693.0,condescending,behaviour,3693.0
2076,3693.0,yelling,behaviour,3693.0
2077,3693.0,mean,behaviour,3693.0
2078,3693.0,no,behaviour,3693.0
2078,3693.0,reassurance,behaviour,3693.0
2079,3693.0,super,behaviour,3693.0
2079,3693.0,unprofessional,behaviour,3693.0
2080,3694.0,assistant,behaviour,3694.0
2081,3694.0,ery,behaviour,3694.0
2081,3694.0,disappointed,behaviour,3694.0
2085,3696.0,rude,behaviour,3696.0
2086,3697.0,kind,behaviour,3697.0
2087,3697.0,captain,general,3697.0
2088,3697.0,assist,behaviour,3697.0
2089,3697.0,counter,general,3697.0
2089,3697.0,rep,general,3697.0
2090,3697.0,ignored,behaviour,3697.0
2091,3697.0,ignored,behaviour,3697.0
2096,3699.0,no,general,3699.0
2096,3699.0,announcement,general,3699.0
2097,3699.0,horribly,behaviour,3699.0
2097,3699.0,rude,behaviour,3699.0
2098,3699.0,disgusting,behaviour,3699.0
2099,3699.0,disrespect,behaviour,3699.0
2100,3700.0,refuse,behaviour,3700.0
2101,3701.0,stupid,behaviour,3701.0
2102,3702.0,unpleasant,behaviour,3702.0
2103,3702.0,flight,general,3702.0
2103,3702.0,attendant,general,3702.0
2104,3702.0,attendant,general,3702.0
2105,3702.0,attendant,general,3702.0
2106,3702.0,not,behaviour,3702.0
2106,3702.0,reply,behaviour,3702.0
2107,3702.0,attendant,general,3702.0
2108,3702.0,rude,behaviour,3702.0
2109,3702.0,condescending,behaviour,3702.0
2110,3702.0,attendant,general,3702.0
2111,3702.0,denied,behaviour,3702.0
2126,3708.0,rudest,behaviour,3708.0
2127,3708.0,laziest,behaviour,3708.0
2128,3708.0,obnoxious,behaviour,3708.0
2128,3708.0,people,behaviour,3708.0
2129,3709.0,attendant,general,3709.0
2130,3709.0,cared,behaviour,3709.0
2130,3709.0,less,behaviour,3709.0
2131,3709.0,acted,behaviour,3709.0
2131,3709.0,dumb,behaviour,3709.0
2131,3709.0,and,behaviour,3709.0
2131,3709.0,confused,behaviour,3709.0
2132,3710.0,laziness,behaviour,3710.0
2133,3710.0,not,behaviour,3710.0
2133,3710.0,allow,behaviour,3710.0
2134,3710.0,dishonest,behaviour,3710.0
2135,3710.0,deceptive,behaviour,3710.0
2136,3710.0,stewardess,general,3710.0
2138,3711.0,agent,general,3711.0
2139,3711.0,no,behaviour,3711.0
2139,3711.0,help,behaviour,3711.0
2140,3711.0,flight,general,3711.0
2140,3711.0,attendant,general,3711.0
2141,3711.0,condescendingly,behaviour,3711.0
2148,3713.0,no,general,3713.0
2148,3713.0,consequences,general,3713.0
2149,3713.0,poor,general,3713.0
2149,3713.0,leadership,general,3713.0
2149,3713.0,and,general,3713.0
2149,3713.0,management,general,3713.0
2150,3714.0,rude,behaviour,3714.0
2151,3715.0,poor,behaviour,3715.0
2151,3715.0,communication,behaviour,3715.0
2159,3718.0,not,behaviour,3718.0
2159,3718.0,offered,behaviour,3718.0
2166,3720.0,no,general,3720.0
2166,3720.0,attendants,general,3720.0
2167,3720.0,attendant,general,3720.0
2168,3720.0,upset,behaviour,3720.0
2169,3720.0,furious,behaviour,3720.0
2170,3721.0,rude,behaviour,3721.0
2171,3721.0,reps,general,3721.0
2172,3721.0,constant,behaviour,3721.0
2172,3721.0,attitude,behaviour,3721.0
2173,3721.0,agent,general,3721.0
2174,3721.0,rude,behaviour,3721.0
2175,3721.0,with,behaviour,3721.0
2175,3721.0,attitude,behaviour,3721.0
2176,3721.0,not,behaviour,3721.0
2176,3721.0,willing,behaviour,3721.0
2176,3721.0,to,behaviour,3721.0
2176,3721.0,help,behaviour,3721.0
2177,3722.0,kind,behaviour,3722.0
2177,3722.0,and,behaviour,3722.0
2177,3722.0,courteous,behaviour,3722.0
2181,3725.0,very,behaviour,3725.0
2181,3725.0,generous,behaviour,3725.0
2182,3725.0,representative,general,3725.0
2183,3725.0,very,behaviour,3725.0
2183,3725.0,rude,behaviour,3725.0
2184,3725.0,not,behaviour,3725.0
2184,3725.0,accommodating,behaviour,3725.0
2186,3727.0,employees,behaviour,3727.0
2186,3727.0,lack,behaviour,3727.0
2186,3727.0,empathy,behaviour,3727.0
2187,3727.0,professionalism,behaviour,3727.0
2188,3728.0,crew,general,3728.0
2189,3728.0,late,general,3728.0
2193,3731.0,several,general,3731.0
2193,3731.0,announcements,general,3731.0
2198,3734.0,refused,behaviour,3734.0
2199,3734.0,refused,behaviour,3734.0
2200,3735.0,supervisor,general,3735.0
2201,3735.0,ridiculous,behaviour,3735.0
2206,3736.0,lack,behaviour,3736.0
2206,3736.0,of,behaviour,3736.0
2206,3736.0,communication,behaviour,3736.0
2207,3736.0,employee,general,3736.0
2208,3736.0,annoyed,behaviour,3736.0
2209,3736.0,apologies,behaviour,3736.0
2214,3738.0,crew,general,3738.0
2215,3738.0,very,behaviour,3738.0
2215,3738.0,friendly,behaviour,3738.0
2216,3738.0,flight,general,3738.0
2216,3738.0,attendant,general,3738.0
2217,3738.0,never,behaviour,3738.0
2217,3738.0,smiled,behaviour,3738.0
2218,3738.0,efficient,behaviour,3738.0
2220,3739.0,friendly,behaviour,3739.0
2221,3739.0,unfriendly,behaviour,3739.0
2221,3739.0,crew,behaviour,3739.0
2224,3740.0,staff,behaviour,3740.0
2224,3740.0,is,behaviour,3740.0
2224,3740.0,rude,behaviour,3740.0
2225,3740.0,not,behaviour,3740.0
2225,3740.0,helpful,behaviour,3740.0
2226,3741.0,no,behaviour,3741.0
2226,3741.0,accountability,behaviour,3741.0
2231,3743.0,consistent,behaviour,3743.0
2231,3743.0,inability,behaviour,3743.0
2232,3743.0,rudeness,behaviour,3743.0
2233,3743.0,lack,behaviour,3743.0
2233,3743.0,of,behaviour,3743.0
2233,3743.0,basic,behaviour,3743.0
2233,3743.0,customer,behaviour,3743.0
2233,3743.0,service,behaviour,3743.0
2233,3743.0,skills,behaviour,3743.0
2234,3744.0,flight,general,3744.0
2234,3744.0,attendant,general,3744.0
2235,3744.0,kind,behaviour,3744.0
2236,3744.0,flight,general,3744.0
2236,3744.0,attendant,general,3744.0
2237,3744.0,most,behaviour,3744.0
2237,3744.0,fabulous,behaviour,3744.0
2238,3744.0,flight,general,3744.0
2238,3744.0,attendants,general,3744.0
2239,3744.0,exemplary,behaviour,3744.0
2240,3744.0,genuinely,behaviour,3744.0
2240,3744.0,positive,behaviour,3744.0
2241,3744.0,caring,behaviour,3744.0
2241,3744.0,attitude,behaviour,3744.0
2242,3745.0,employees,general,3745.0
2243,3745.0,crew,general,3745.0
2243,3745.0,members,general,3745.0
2244,3745.0,very,behaviour,3745.0
2244,3745.0,little,behaviour,3745.0
2244,3745.0,communication,behaviour,3745.0
2245,3745.0,no,behaviour,3745.0
2245,3745.0,apologies,behaviour,3745.0
2246,3745.0,apology,behaviour,3745.0
2248,3745.0,lovely,behaviour,3745.0
2249,3745.0,very,behaviour,3745.0
2249,3745.0,friendly,behaviour,3745.0
2250,3745.0,little,behaviour,3745.0
2250,3745.0,regard,behaviour,3745.0
2250,3745.0,to,behaviour,3745.0
2250,3745.0,showing,behaviour,3745.0
2250,3745.0,care,behaviour,3745.0
2250,3745.0,and,behaviour,3745.0
2250,3745.0,compassion,behaviour,3745.0
2251,3746.0,rude,behaviour,3746.0
2252,3746.0,uncaring,behaviour,3746.0
2253,3746.0,uncaring,behaviour,3746.0
2254,3747.0,rudely,behaviour,3747.0
2255,3747.0,harassed,behaviour,3747.0
2256,3747.0,rude,behaviour,3747.0
2258,3747.0,miscommunication,behaviour,3747.0
2259,3747.0,employee,general,3747.0
2260,3747.0,remind,behaviour,3747.0
2261,3748.0,rude,behaviour,3748.0
2262,3749.0,kindly,behaviour,3749.0
2263,3750.0,awful,behaviour,3750.0
2264,3751.0,announcements,general,3751.0
2265,3752.0,ignored,behaviour,3752.0
2265,3752.0,us,behaviour,3752.0
2267,3855.0,air,general,3855.0
2267,3855.0,hostesses,general,3855.0
2268,3855.0,horrible,behaviour,3855.0
2269,3855.0,very,behaviour,3855.0
2269,3855.0,rude,behaviour,3855.0
2269,3855.0,inconsiderate,behaviour,3855.0
2270,3855.0,unprofessional,behaviour,3855.0
2271,3855.0,incomprehensible,behaviour,3855.0
2272,3855.0,hospitality,behaviour,3855.0
2273,3855.0,not,general,3855.0
2273,3855.0,good,general,3855.0
2274,3856.0,apology,behaviour,3856.0
2275,3856.0,crew,general,3856.0
2278,3857.0,no,behaviour,3857.0
2278,3857.0,longer,behaviour,3857.0
2278,3857.0,bother,behaviour,3857.0
2278,3857.0,to,behaviour,3857.0
2278,3857.0,greet,behaviour,3857.0
2283,3858.0,ok,general,3858.0
2284,3859.0,crew,behaviour,3859.0
2284,3859.0,are,behaviour,3859.0
2284,3859.0,very,behaviour,3859.0
2284,3859.0,nice,behaviour,3859.0
2285,3860.0,crew,general,3860.0
2286,3860.0,very,behaviour,3860.0
2286,3860.0,courteous,behaviour,3860.0
2288,3861.0,cabin,general,3861.0
2288,3861.0,crew,general,3861.0
2289,3861.0,help,behaviour,3861.0
2290,3861.0,shouted,behaviour,3861.0
2291,3862.0,service,behaviour,3862.0
2291,3862.0,was,behaviour,3862.0
2291,3862.0,friendly,behaviour,3862.0
2300,3866.0,fantastic,behaviour,3866.0
2301,3866.0,cabin,general,3866.0
2301,3866.0,crew,general,3866.0
2302,3866.0,greeted,behaviour,3866.0
2302,3866.0,with,behaviour,3866.0
2302,3866.0,smiles,behaviour,3866.0
2303,3866.0,crew,general,3866.0
2304,3866.0,very,behaviour,3866.0
2304,3866.0,fast,behaviour,3866.0
2305,3866.0,caring,behaviour,3866.0
2306,3867.0,no,behaviour,3867.0
2306,3867.0,greeting,behaviour,3867.0
2312,3869.0,good,behaviour,3869.0
2312,3869.0,friendly,behaviour,3869.0
2312,3869.0,staff,behaviour,3869.0
2313,3869.0,spoke,behaviour,3869.0
2313,3869.0,good,behaviour,3869.0
2313,3869.0,english,behaviour,3869.0
2314,3869.0,good,general,3869.0
2315,3869.0,crew,general,3869.0
2318,3871.0,apology,behaviour,3871.0
2319,3871.0,crew,general,3871.0
2320,3871.0,very,behaviour,3871.0
2320,3871.0,attentive,behaviour,3871.0
2321,3871.0,helpful,behaviour,3871.0
2322,3871.0,crew,general,3871.0
2323,3871.0,professionalism,behaviour,3871.0
2326,3957.0,announcing,behaviour,3957.0
2330,3959.0,not,behaviour,3959.0
2330,3959.0,accomodating,behaviour,3959.0
2336,3962.0,good,general,3962.0
2336,3962.0,staff,general,3962.0
2340,3965.0,courteous,behaviour,3965.0
2341,3965.0,helpful,behaviour,3965.0
2342,3965.0,crew,general,3965.0
2343,3966.0,ground,general,3966.0
2343,3966.0,staff,general,3966.0
2344,3966.0,extraordinarily,behaviour,3966.0
2345,3966.0,flexible,behaviour,3966.0
2346,3967.0,find,general,3967.0
2347,3967.0,co,behaviour,3967.0
2347,3967.0,oparated,behaviour,3967.0
2348,3968.0,courteous,behaviour,3968.0
2349,3968.0,fast,behaviour,3968.0
2350,3968.0,efficient,behaviour,3968.0
2351,3968.0,inflight,general,3968.0
2351,3968.0,crew,general,3968.0
2352,3968.0,better,behaviour,3968.0
2353,3968.0,acting,behaviour,3968.0
2353,3968.0,pleasant,behaviour,3968.0
2354,3968.0,welcoming,behaviour,3968.0
2356,3969.0,agents,general,3969.0
2357,3969.0,announcements,general,3969.0
2358,3970.0,crews,general,3970.0
2359,3970.0,well,behaviour,3970.0
2359,3970.0,trained,behaviour,3970.0
2359,3970.0,and,behaviour,3970.0
2359,3970.0,pleasant,behaviour,3970.0
2360,3970.0,behaviour,behaviour,3970.0
2360,3970.0,of,behaviour,3970.0
2360,3970.0,the,behaviour,3970.0
2360,3970.0,cabin,behaviour,3970.0
2360,3970.0,crew,behaviour,3970.0
2361,3971.0,courtesy,behaviour,3971.0
2363,3971.0,very,general,3971.0
2363,3971.0,poor,general,3971.0
2364,3971.0,rude,behaviour,3971.0
2370,3974.0,intervention,behaviour,3974.0
2372,3974.0,professionalism,behaviour,3974.0
2373,3974.0,support,behaviour,3974.0
2374,3974.0,customer,general,3974.0
2374,3974.0,centric,general,3974.0
2375,3974.0,enthusiastic,behaviour,3974.0
2387,3982.0,provide,behaviour,3982.0
2388,3983.0,cabin,behaviour,3983.0
2388,3983.0,crew,behaviour,3983.0
2389,3983.0,very,general,3983.0
2389,3983.0,polite,general,3983.0
2390,3984.0,representative,behaviour,3984.0
2391,3984.0,crosschecked,behaviour,3984.0
2393,3984.0,no,general,3984.0
2393,3984.0,information,general,3984.0
2396,3986.0,supervisor,general,3986.0
2399,3987.0,ground,general,3987.0
2399,3987.0,staff,general,3987.0
2400,3987.0,cabin,general,3987.0
2400,3987.0,crew,general,3987.0
2401,3987.0,really,behaviour,3987.0
2401,3987.0,helpful,behaviour,3987.0
2402,3987.0,welcoming,behaviour,3987.0
2403,3988.0,helpful,behaviour,3988.0
2404,3988.0,so,behaviour,3988.0
2404,3988.0,patient,behaviour,3988.0
2415,3991.0,crew,general,3991.0
2416,3991.0,courteous,behaviour,3991.0
2417,3992.0,crew,general,3992.0
2418,3992.0,serving,behaviour,3992.0
2419,3992.0,cabin,general,3992.0
2419,3992.0,crew,general,3992.0
2420,3992.0,crew,general,3992.0
2422,3993.0,crew,general,3993.0
2423,3993.0,is,behaviour,3993.0
2423,3993.0,very,behaviour,3993.0
2423,3993.0,nice,behaviour,3993.0
2425,3994.0,smiled,behaviour,3994.0
2427,3994.0,aggressive,behaviour,3994.0
2428,3994.0,rude,behaviour,3994.0
2429,3995.0,very,behaviour,3995.0
2429,3995.0,unprofessional,behaviour,3995.0
2430,3996.0,really,behaviour,3996.0
2430,3996.0,helpful,behaviour,3996.0
2431,3996.0,helped,behaviour,3996.0
2432,3996.0,pleasant,behaviour,3996.0
2433,3997.0,cabin,general,3997.0
2433,3997.0,crew,general,3997.0
2434,3997.0,crew,behaviour,3997.0
2434,3997.0,behavior,behaviour,3997.0
2436,3998.0,welcoming,behaviour,3998.0
2437,3999.0,very,behaviour,3999.0
2437,3999.0,pleasant,behaviour,3999.0
2438,3999.0,helpful,behaviour,3999.0
2439,3999.0,accomodate,general,3999.0
2440,3999.0,very,behaviour,3999.0
2440,3999.0,pleasant,behaviour,3999.0
2441,3999.0,helpful,behaviour,3999.0
2443,4000.0,accommodation,general,4000.0
2444,4000.0,apologizes,behaviour,4000.0
2445,4001.0,crew,general,4001.0
2446,4001.0,very,behaviour,4001.0
2446,4001.0,pleasant,behaviour,4001.0
2451,4003.0,staff,behaviour,4003.0
2451,4003.0,were,behaviour,4003.0
2451,4003.0,smiling,behaviour,4003.0
2456,4004.0,very,behaviour,4004.0
2456,4004.0,friendly,behaviour,4004.0
2460,4007.0,crew,general,4007.0
2465,4009.0,ground,general,4009.0
2465,4009.0,service,general,4009.0
2465,4009.0,crew,general,4009.0
2466,4009.0,respect,behaviour,4009.0
2467,4010.0,agents,general,4010.0
2468,4010.0,agent,general,4010.0
2473,4012.0,unprofessional,behaviour,4012.0
2483,4017.0,no,behaviour,4017.0
2483,4017.0,announcements,behaviour,4017.0
2485,4018.0,no,behaviour,4018.0
2485,4018.0,time,behaviour,4018.0
2485,4018.0,management,behaviour,4018.0
2485,4018.0,skills,behaviour,4018.0
2486,4018.0,no,behaviour,4018.0
2486,4018.0,announcements,behaviour,4018.0
2487,4019.0,extremely,behaviour,4019.0
2487,4019.0,unprofessional,behaviour,4019.0
2487,4019.0,service,behaviour,4019.0
2491,4021.0,served,behaviour,4021.0
2492,4022.0,good,behaviour,4022.0
2492,4022.0,in,behaviour,4022.0
2492,4022.0,time,behaviour,4022.0
2492,4022.0,management,behaviour,4022.0
2493,4022.0,staff,behaviour,4022.0
2493,4022.0,is,behaviour,4022.0
2493,4022.0,rude,behaviour,4022.0
2494,4022.0,not,behaviour,4022.0
2494,4022.0,friendly,behaviour,4022.0
2495,4023.0,crew,behaviour,4023.0
2495,4023.0,were,behaviour,4023.0
2495,4023.0,super,behaviour,4023.0
2495,4023.0,friendly,behaviour,4023.0
2496,4023.0,attendants,general,4023.0
2497,4023.0,very,behaviour,4023.0
2497,4023.0,professional,behaviour,4023.0
2500,4026.0,unprofessional,behaviour,4026.0
2505,4028.0,announced,general,4028.0
2507,4029.0,captain,general,4029.0
2509,4030.0,calmly,behaviour,4030.0
2510,4030.0,professionally,behaviour,4030.0
2511,4030.0,crew,general,4030.0
2512,4030.0,announcement,behaviour,4030.0
2513,4030.0,professional,behaviour,4030.0
2514,4030.0,caring,general,4030.0
2514,4030.0,organization,general,4030.0
2515,4031.0,polite,behaviour,4031.0
2516,4031.0,courteous,behaviour,4031.0
2520,4032.0,rude,behaviour,4032.0
2522,4032.0,very,behaviour,4032.0
2522,4032.0,good,behaviour,4032.0
2527,4035.0,very,behaviour,4035.0
2527,4035.0,helpful,behaviour,4035.0
2529,4035.0,fast,behaviour,4035.0
2534,4036.0,polite,behaviour,4036.0
2535,4036.0,helpful,behaviour,4036.0
2543,4040.0,unprofessional,behaviour,4040.0
2544,4040.0,impolite,behaviour,4040.0
2545,4041.0,crews,behaviour,4041.0
2547,4042.0,very,behaviour,4042.0
2547,4042.0,helpful,behaviour,4042.0
2548,4042.0,sweet,behaviour,4042.0
2548,4042.0,gesture,behaviour,4042.0
2551,4044.0,hostess,general,4044.0
2552,4044.0,proper,behaviour,4044.0
2552,4044.0,care,behaviour,4044.0
2559,4049.0,poor,behaviour,4049.0
2559,4049.0,quality,behaviour,4049.0
2561,4050.0,assist,general,4050.0
2568,4052.0,appreciation,general,4052.0
2569,4053.0,hostess,general,4053.0
2570,4054.0,cabin,behaviour,4054.0
2570,4054.0,crew,behaviour,4054.0
2571,4054.0,exemplary,behaviour,4054.0
2572,4054.0,nurturing,behaviour,4054.0
2575,3754.0,ground,general,3754.0
2575,3754.0,staff,general,3754.0
2576,3754.0,not,behaviour,3754.0
2576,3754.0,be,behaviour,3754.0
2576,3754.0,accepting,behaviour,3754.0
2578,3756.0,poor,behaviour,3756.0
2578,3756.0,response,behaviour,3756.0
2582,3757.0,smiling,behaviour,3757.0
2582,3757.0,and,behaviour,3757.0
2582,3757.0,courteous,behaviour,3757.0
2582,3757.0,crew,behaviour,3757.0
2584,3758.0,help,behaviour,3758.0
2585,3759.0,ground,behaviour,3759.0
2585,3759.0,staff,behaviour,3759.0
2585,3759.0,is,behaviour,3759.0
2585,3759.0,very,behaviour,3759.0
2585,3759.0,helpful,behaviour,3759.0
2586,3759.0,cooperative,behaviour,3759.0
2587,3759.0,very,behaviour,3759.0
2587,3759.0,fast,behaviour,3759.0
2588,3760.0,ground,behaviour,3760.0
2588,3760.0,staff,behaviour,3760.0
2588,3760.0,was,behaviour,3760.0
2588,3760.0,very,behaviour,3760.0
2588,3760.0,courteous,behaviour,3760.0
2589,3760.0,cabin,behaviour,3760.0
2589,3760.0,crew,behaviour,3760.0
2589,3760.0,was,behaviour,3760.0
2589,3760.0,nice,behaviour,3760.0
2590,3760.0,attentive,behaviour,3760.0
2593,3761.0,cabin,general,3761.0
2593,3761.0,crew,general,3761.0
2594,3761.0,best,behaviour,3761.0
2594,3761.0,very,behaviour,3761.0
2594,3761.0,friendly,behaviour,3761.0
2594,3761.0,and,behaviour,3761.0
2594,3761.0,professional,behaviour,3761.0
2595,3762.0,lied,behaviour,3762.0
2596,3762.0,nice,behaviour,3762.0
2596,3762.0,enough,behaviour,3762.0
2597,3762.0,miscommunication,behaviour,3762.0
2599,3762.0,no,behaviour,3762.0
2599,3762.0,miscommunication,behaviour,3762.0
2600,3763.0,staff,behaviour,3763.0
2600,3763.0,is,behaviour,3763.0
2600,3763.0,so,behaviour,3763.0
2600,3763.0,professional,behaviour,3763.0
2600,3763.0,and,behaviour,3763.0
2600,3763.0,courteous,behaviour,3763.0
2602,3764.0,cabin,general,3764.0
2602,3764.0,crew,general,3764.0
2603,3764.0,most,behaviour,3764.0
2603,3764.0,kind,behaviour,3764.0
2603,3764.0,and,behaviour,3764.0
2603,3764.0,helpfull,behaviour,3764.0
2604,3765.0,cabin,general,3765.0
2604,3765.0,crew,general,3765.0
2605,3765.0,announced,behaviour,3765.0
2606,3766.0,apology,behaviour,3766.0
2607,3766.0,not,general,3766.0
2607,3766.0,bad,general,3766.0
2607,3766.0,staff,general,3766.0
2608,3766.0,very,behaviour,3766.0
2608,3766.0,professional,behaviour,3766.0
2609,3766.0,helpful,behaviour,3766.0
2611,3767.0,member,behaviour,3767.0
2613,3767.0,do,behaviour,3767.0
2613,3767.0,not,behaviour,3767.0
2613,3767.0,behave,behaviour,3767.0
2613,3767.0,like,behaviour,3767.0
2613,3767.0,a,behaviour,3767.0
2613,3767.0,robots,behaviour,3767.0
2615,3769.0,cabin,general,3769.0
2615,3769.0,crew,general,3769.0
2616,3770.0,very,behaviour,3770.0
2616,3770.0,friendly,behaviour,3770.0
2616,3770.0,staff,behaviour,3770.0
2617,3771.0,very,behaviour,3771.0
2617,3771.0,helpful,behaviour,3771.0
2617,3771.0,cabin,behaviour,3771.0
2617,3771.0,crew,behaviour,3771.0
2618,3771.0,ood,general,3771.0
2618,3771.0,ground,general,3771.0
2618,3771.0,staff,general,3771.0
2619,3772.0,air,behaviour,3772.0
2619,3772.0,hostess,behaviour,3772.0
2619,3772.0,service,behaviour,3772.0
2619,3772.0,are,behaviour,3772.0
2619,3772.0,very,behaviour,3772.0
2619,3772.0,helpful,behaviour,3772.0
2625,3776.0,staff,behaviour,3776.0
2625,3776.0,was,behaviour,3776.0
2625,3776.0,impolite,behaviour,3776.0
2626,3776.0,improper,behaviour,3776.0
2626,3776.0,demeneor,behaviour,3776.0
2631,3779.0,agents,general,3779.0
2632,3779.0,help,behaviour,3779.0
2633,3779.0,genuinely,behaviour,3779.0
2633,3779.0,cared,behaviour,3779.0
2634,3779.0,friendly,behaviour,3779.0
2634,3779.0,airline,behaviour,3779.0
2634,3779.0,attendants,behaviour,3779.0
2637,3781.0,very,behaviour,3781.0
2637,3781.0,cooperative,behaviour,3781.0
2638,3781.0,crew,general,3781.0
2638,3781.0,members,general,3781.0
2643,3784.0,staff,behaviour,3784.0
2643,3784.0,is,behaviour,3784.0
2643,3784.0,friendly,behaviour,3784.0
2644,3784.0,helpful,behaviour,3784.0
2645,3785.0,not,behaviour,3785.0
2645,3785.0,allowed,behaviour,3785.0
2646,3785.0,flight,general,3785.0
2646,3785.0,attendants,general,3785.0
2648,3785.0,quite,behaviour,3785.0
2648,3785.0,efficient,behaviour,3785.0
2649,3785.0,courteous,behaviour,3785.0
2654,3788.0,supportive,behaviour,3788.0
2654,3788.0,ground,behaviour,3788.0
2654,3788.0,staff,behaviour,3788.0
2655,3788.0,well,behaviour,3788.0
2655,3788.0,trained,behaviour,3788.0
2655,3788.0,and,behaviour,3788.0
2655,3788.0,supportive,behaviour,3788.0
2655,3788.0,cabin,behaviour,3788.0
2655,3788.0,crew,behaviour,3788.0
2656,3789.0,good,general,3789.0
2656,3789.0,people,general,3789.0
2658,3790.0,ill,behaviour,3790.0
2658,3790.0,mannered,behaviour,3790.0
2658,3790.0,and,behaviour,3790.0
2658,3790.0,untrained,behaviour,3790.0
2659,3791.0,excellent,general,3791.0
2660,3791.0,crew,general,3791.0
2661,3791.0,service,general,3791.0
2661,3791.0,is,general,3791.0
2661,3791.0,very,general,3791.0
2661,3791.0,good,general,3791.0
2662,3792.0,personalised,behaviour,3792.0
2662,3792.0,apology,behaviour,3792.0
2662,3792.0,letter,behaviour,3792.0
2663,3792.0,immediate,behaviour,3792.0
2663,3792.0,response,behaviour,3792.0
2664,3792.0,commendable,behaviour,3792.0
2666,3793.0,crew,behaviour,3793.0
2666,3793.0,is,behaviour,3793.0
2666,3793.0,kind,behaviour,3793.0
2666,3793.0,and,behaviour,3793.0
2666,3793.0,helpful,behaviour,3793.0
2668,3794.0,cordial,behaviour,3794.0
2668,3794.0,staff,behaviour,3794.0
2671,3795.0,well,general,3795.0
2671,3795.0,trained,general,3795.0
2671,3795.0,staff,general,3795.0
2674,3797.0,extremely,behaviour,3797.0
2674,3797.0,professional,behaviour,3797.0
2675,3797.0,courteous,behaviour,3797.0
2676,3797.0,helpful,behaviour,3797.0
2677,3798.0,staff,behaviour,3798.0
2677,3798.0,was,behaviour,3798.0
2677,3798.0,friendly,behaviour,3798.0
2678,3798.0,attendants,behaviour,3798.0
2678,3798.0,were,behaviour,3798.0
2678,3798.0,helpful,behaviour,3798.0
2679,3799.0,staff,behaviour,3799.0
2679,3799.0,had,behaviour,3799.0
2679,3799.0,great,behaviour,3799.0
2679,3799.0,manners,behaviour,3799.0
2684,3800.0,cabin,general,3800.0
2684,3800.0,crew,general,3800.0
2684,3800.0,members,general,3800.0
2685,3800.0,cooperative,behaviour,3800.0
2686,3801.0,air,general,3801.0
2686,3801.0,hostess,general,3801.0
2687,3801.0,trained,general,3801.0
2688,3801.0,air,general,3801.0
2688,3801.0,hostess,general,3801.0
2691,3802.0,very,behaviour,3802.0
2691,3802.0,helpful,behaviour,3802.0
2696,3803.0,amazing,behaviour,3803.0
2696,3803.0,support,behaviour,3803.0
2697,3804.0,cabin,behaviour,3804.0
2697,3804.0,crew,behaviour,3804.0
2697,3804.0,were,behaviour,3804.0
2697,3804.0,very,behaviour,3804.0
2697,3804.0,polite,behaviour,3804.0
2698,3804.0,helpful,behaviour,3804.0
2699,3804.0,courteous,behaviour,3804.0
2700,3805.0,unprofessional,behaviour,3805.0
2700,3805.0,behaviour,behaviour,3805.0
2704,3806.0,good,behaviour,3806.0
2704,3806.0,care,behaviour,3806.0
2710,3808.0,conscientious,behaviour,3808.0
2711,3808.0,courteous,behaviour,3808.0
2712,3808.0,quality,general,3808.0
2712,3808.0,of,general,3808.0
2712,3808.0,their,general,3808.0
2712,3808.0,training,general,3808.0
2713,3808.0,attention,behaviour,3808.0
2713,3808.0,to,behaviour,3808.0
2713,3808.0,detail,behaviour,3808.0
2716,3810.0,fell,behaviour,3810.0
2716,3810.0,on,behaviour,3810.0
2716,3810.0,deaf,behaviour,3810.0
2716,3810.0,ears,behaviour,3810.0
2717,3810.0,manager,general,3810.0
2719,3811.0,courteous,behaviour,3811.0
2723,3813.0,cabin,general,3813.0
2723,3813.0,crew,general,3813.0
2724,3813.0,smile,behaviour,3813.0
2729,3815.0,staff,general,3815.0
2729,3815.0,provides,general,3815.0
2729,3815.0,excellent,general,3815.0
2730,3815.0,special,behaviour,3815.0
2730,3815.0,attention,behaviour,3815.0
2732,3816.0,wellgroomed,behaviour,3816.0
2732,3816.0,efficient,behaviour,3816.0
2732,3816.0,and,behaviour,3816.0
2732,3816.0,warm,behaviour,3816.0
2733,3817.0,crew,behaviour,3817.0
2734,3817.0,warm,behaviour,3817.0
2734,3817.0,goodbye,behaviour,3817.0
2735,3817.0,crew,behaviour,3817.0
2736,3818.0,professional,behaviour,3818.0
2740,3819.0,attendants,general,3819.0
2741,3819.0,helpful,behaviour,3819.0
2741,3819.0,and,behaviour,3819.0
2741,3819.0,warm,behaviour,3819.0
2747,3822.0,friendly,behaviour,3822.0
2747,3822.0,ground,behaviour,3822.0
2747,3822.0,staff,behaviour,3822.0
2748,3822.0,cabin,general,3822.0
2748,3822.0,crew,general,3822.0
2749,3822.0,friendly,behaviour,3822.0
2750,3822.0,and,behaviour,3822.0
2750,3822.0,welcoming,behaviour,3822.0
2751,3822.0,cabin,general,3822.0
2751,3822.0,crew,general,3822.0
2751,3822.0,uniform,general,3822.0
2752,3822.0,not,behaviour,3822.0
2752,3822.0,appealing,behaviour,3822.0
2753,3822.0,no,behaviour,3822.0
2753,3822.0,announcing,behaviour,3822.0
2754,3823.0,decent,behaviour,3823.0
2756,3823.0,cabin,general,3823.0
2756,3823.0,staff,general,3823.0
2757,3823.0,not,behaviour,3823.0
2757,3823.0,speak,behaviour,3823.0
2757,3823.0,proper,behaviour,3823.0
2757,3823.0,english,behaviour,3823.0
2758,3823.0,forget,behaviour,3823.0
2758,3823.0,smiling,behaviour,3823.0
2758,3823.0,faces,behaviour,3823.0
2759,3823.0,taff,general,3823.0
2759,3823.0,outsourced,general,3823.0
2760,3823.0,no,general,3823.0
2760,3823.0,avail,general,3823.0
2770,3826.0,excellent,behaviour,3826.0
2771,3826.0,cleaning,general,3826.0
2771,3826.0,staff,general,3826.0
2772,3826.0,cabin,general,3826.0
2772,3826.0,crew,general,3826.0
2775,3827.0,staff,behaviour,3827.0
2775,3827.0,was,behaviour,3827.0
2775,3827.0,courteous,behaviour,3827.0
2781,3830.0,crew,general,3830.0
2781,3830.0,service,general,3830.0
2783,3831.0,courteous,behaviour,3831.0
2784,3831.0,well,general,3831.0
2784,3831.0,dressed,general,3831.0
2784,3831.0,staff,general,3831.0
2785,3832.0,efficient,behaviour,3832.0
2786,3832.0,warm,behaviour,3832.0
2787,3832.0,engaging,behaviour,3832.0
2789,3832.0,generous,behaviour,3832.0
2790,3832.0,cabin,behaviour,3832.0
2790,3832.0,crew,behaviour,3832.0
2790,3832.0,were,behaviour,3832.0
2790,3832.0,friendly,behaviour,3832.0
2791,3832.0,attendants,general,3832.0
2793,3833.0,warm,behaviour,3833.0
2794,3833.0,helpful,behaviour,3833.0
2796,3835.0,fabulous,behaviour,3835.0
2797,3835.0,hostess,general,3835.0
2798,3835.0,outstanding,behaviour,3835.0
2799,3835.0,collected,behaviour,3835.0
2799,3835.0,garbage,behaviour,3835.0
