,id,Cabin,Aspect,id_updated
134,2970.0,dirty,condition,2970.0
135,2970.0,cabin,condition,2970.0
136,2970.0,uncomfortably,condition,2970.0
137,2970.0,cold,temperature,2970.0
139,2970.0,temperature,temperature,2970.0
205,2980.0,spotlessly,condition,2980.0
205,2980.0,clean,condition,2980.0
234,2984.0,overhead,size,2984.0
234,2984.0,space,size,2984.0
235,2984.0,plenty,size,2984.0
260,2988.0,smelt,fragrance,2988.0
261,2988.0,so,fragrance,2988.0
261,2988.0,bad,fragrance,2988.0
330,2999.0,cabin,condition,2999.0
330,2999.0,change,condition,2999.0
348,3000.0,very,size,3000.0
348,3000.0,tight,size,3000.0
362,3004.0,too,temperature,3004.0
362,3004.0,cold,temperature,3004.0
394,3013.0,small,size,3013.0
461,3028.0,overhead,condition,3028.0
461,3028.0,locker,condition,3028.0
476,3031.0,overhead,condition,3031.0
476,3031.0,locker,condition,3031.0
503,3037.0,business,condition,3037.0
503,3037.0,cabins,condition,3037.0
504,3037.0,user,condition,3037.0
504,3037.0,friendly,condition,3037.0
630,3172.0,not,condition,3172.0
630,3172.0,clean,condition,3172.0
632,3173.0,smell,fragrance,3173.0
632,3173.0,was,fragrance,3173.0
632,3173.0,horrible,fragrance,3173.0
649,3179.0,clean,condition,3179.0
649,3179.0,condition,condition,3179.0
653,3180.0,really,condition,3180.0
653,3180.0,dirty,condition,3180.0
657,3181.0,no,size,3181.0
657,3181.0,leg,size,3181.0
657,3181.0,room,size,3181.0
680,3189.0,very,condition,3189.0
680,3189.0,clean,condition,3189.0
689,3192.0,additional,size,3192.0
689,3192.0,underseat,size,3192.0
689,3192.0,bag,size,3192.0
695,3195.0,kids,temperature,3195.0
695,3195.0,are,temperature,3195.0
695,3195.0,freezing,temperature,3195.0
696,3195.0,sell,condition,3195.0
696,3195.0,you,condition,3195.0
696,3195.0,blankets,condition,3195.0
710,3200.0,cabin,condition,3200.0
710,3200.0,toilets,condition,3200.0
711,3200.0,restricted,condition,3200.0
782,3255.0,toilets,condition,3255.0
783,3255.0,very,size,3255.0
783,3255.0,small,size,3255.0
787,3257.0,renting,condition,3257.0
787,3257.0,a,condition,3257.0
787,3257.0,blanket,condition,3257.0
803,3263.0,flight,condition,3263.0
803,3263.0,was,condition,3263.0
803,3263.0,comfortable,condition,3263.0
857,3287.0,seatbelt,condition,3287.0
857,3287.0,signs,condition,3287.0
897,3298.0,extremely,temperature,3298.0
897,3298.0,strong,temperature,3298.0
897,3298.0,ac,temperature,3298.0
922,3308.0,temperature,temperature,3308.0
948,3318.0,degree,condition,3318.0
948,3318.0,of,condition,3318.0
948,3318.0,comfort,condition,3318.0
963,3324.0,wellkept,condition,3324.0
964,3324.0,wellmaintained,condition,3324.0
981,3333.0,added,condition,3333.0
981,3333.0,comfort,condition,3333.0
983,3334.0,very,condition,3334.0
983,3334.0,comfortable,condition,3334.0
1058,3358.0,old,condition,3358.0
1083,3363.0,aisles,size,3363.0
1083,3363.0,very,size,3363.0
1083,3363.0,narrow,size,3363.0
1083,3363.0,and,size,3363.0
1088,3364.0,tighter,size,3364.0
1088,3364.0,the,size,3364.0
1088,3364.0,space,size,3364.0
1096,3367.0,clean,condition,3367.0
1096,3367.0,plane,condition,3367.0
1116,3372.0,air,temperature,3372.0
1116,3372.0,conditioning,temperature,3372.0
1116,3372.0,was,temperature,3372.0
1116,3372.0,leaking,temperature,3372.0
1151,3383.0,general,size,3383.0
1151,3383.0,space,size,3383.0
1152,3383.0,cabin,condition,3383.0
1152,3383.0,was,condition,3383.0
1152,3383.0,well,condition,3383.0
1152,3383.0,lit,condition,3383.0
1165,3388.0,overhead,size,3388.0
1165,3388.0,storage,size,3388.0
1166,3388.0,full,size,3388.0
1167,3388.0,storage,size,3388.0
1167,3388.0,compartments,size,3388.0
1168,3388.0,wide,size,3388.0
1168,3388.0,open,size,3388.0
1169,3388.0,cabin,size,3388.0
1169,3388.0,overheads,size,3388.0
1170,3389.0,space,size,3389.0
1170,3389.0,optimization,size,3389.0
1171,3389.0,very,size,3389.0
1171,3389.0,bad,size,3389.0
1218,3402.0,fleet,condition,3402.0
1219,3402.0,aging,condition,3402.0
1233,3406.0,old,condition,3406.0
1253,3407.0,space,size,3407.0
1253,3407.0,between,size,3407.0
1253,3407.0,the,size,3407.0
1253,3407.0,bed,size,3407.0
1253,3407.0,and,size,3407.0
1253,3407.0,the,size,3407.0
1253,3407.0,table,size,3407.0
1253,3407.0,is,size,3407.0
1253,3407.0,very,size,3407.0
1253,3407.0,limited,size,3407.0
1277,3412.0,find,size,3412.0
1277,3412.0,space,size,3412.0
1277,3412.0,for,size,3412.0
1277,3412.0,everyoneâ€™s,size,3412.0
1277,3412.0,hand,size,3412.0
1277,3412.0,luggage,size,3412.0
1278,3412.0,old,condition,3412.0
1278,3412.0,plane,condition,3412.0
1279,3412.0,hadnâ€™t,condition,3412.0
1279,3412.0,been,condition,3412.0
1279,3412.0,fully,condition,3412.0
1279,3412.0,cleaned,condition,3412.0
1280,3413.0,very,condition,3413.0
1280,3413.0,dated,condition,3413.0
1280,3413.0,and,condition,3413.0
1280,3413.0,tatty,condition,3413.0
1280,3413.0,cabin,condition,3413.0
1335,3431.0,hot,temperature,3431.0
1335,3431.0,plane,temperature,3431.0
1343,3433.0,very,temperature,3433.0
1343,3433.0,old,temperature,3433.0
1344,3433.0,broken,temperature,3433.0
1344,3433.0,airconditioning,temperature,3433.0
1360,3439.0,clean,condition,3439.0
1369,3442.0,old,condition,3442.0
1369,3442.0,and,condition,3442.0
1369,3442.0,uncomfortable,condition,3442.0
1407,3458.0,extremely,temperature,3458.0
1407,3458.0,cold,temperature,3458.0
1426,3464.0,smaller,size,3464.0
1426,3464.0,planes,size,3464.0
1444,3470.0,smooth,condition,3470.0
1447,3471.0,do,condition,3471.0
1447,3471.0,not,condition,3471.0
1447,3471.0,dim,condition,3471.0
1447,3471.0,the,condition,3471.0
1447,3471.0,cabin,condition,3471.0
1447,3471.0,lights,condition,3471.0
1448,3471.0,cabin,temperature,3471.0
1448,3471.0,was,temperature,3471.0
1448,3471.0,very,temperature,3471.0
1448,3471.0,cold,temperature,3471.0
1449,3472.0,not,fragrance,3472.0
1449,3472.0,fresh,fragrance,3472.0
1449,3472.0,cabin,fragrance,3472.0
1455,3475.0,nice,condition,3475.0
1455,3475.0,and,condition,3475.0
1455,3475.0,comfortable,condition,3475.0
1479,3485.0,the,condition,3485.0
1479,3485.0,aircraft,condition,3485.0
1479,3485.0,was,condition,3485.0
1479,3485.0,clean,condition,3485.0
1482,3487.0,cabin,condition,3487.0
1482,3487.0,is,condition,3487.0
1482,3487.0,clean,condition,3487.0
1488,3489.0,very,condition,3489.0
1488,3489.0,clean,condition,3489.0
1502,3496.0,mperature,temperature,3496.0
1502,3496.0,on,temperature,3496.0
1502,3496.0,board,temperature,3496.0
1503,3496.0,extremely,temperature,3496.0
1503,3496.0,hot,temperature,3496.0
1512,3500.0,cabin,condition,3500.0
1512,3500.0,was,condition,3500.0
1512,3500.0,clean,condition,3500.0
1517,3502.0,old,condition,3502.0
1518,3502.0,air,temperature,3502.0
1518,3502.0,conditioner,temperature,3502.0
1518,3502.0,broke,temperature,3502.0
1519,3503.0,interior,condition,3503.0
1519,3503.0,of,condition,3503.0
1519,3503.0,the,condition,3503.0
1519,3503.0,plane,condition,3503.0
1519,3503.0,was,condition,3503.0
1519,3503.0,very,condition,3503.0
1519,3503.0,dated,condition,3503.0
1520,3503.0,cabin,condition,3503.0
1520,3503.0,spilling,condition,3503.0
1520,3503.0,trays,condition,3503.0
1523,3504.0,aircraft,condition,3504.0
1523,3504.0,clean,condition,3504.0
1527,3506.0,faded,condition,3506.0
1527,3506.0,cabin,condition,3506.0
1527,3506.0,lighting,condition,3506.0
1528,3506.0,oldest,condition,3506.0
1528,3506.0,and,condition,3506.0
1528,3506.0,in,condition,3506.0
1528,3506.0,quite,condition,3506.0
1528,3506.0,poor,condition,3506.0
1528,3506.0,condition,condition,3506.0
1543,3511.0,cabin,fragrance,3511.0
1543,3511.0,was,fragrance,3511.0
1543,3511.0,in,fragrance,3511.0
1543,3511.0,need,fragrance,3511.0
1543,3511.0,of,fragrance,3511.0
1543,3511.0,a,fragrance,3511.0
1543,3511.0,refresh,fragrance,3511.0
1544,3511.0,clean,condition,3511.0
1545,3511.0,was,condition,3511.0
1545,3511.0,showing,condition,3511.0
1545,3511.0,its,condition,3511.0
1545,3511.0,age,condition,3511.0
1549,3512.0,cabin,condition,3512.0
1549,3512.0,looked,condition,3512.0
1549,3512.0,very,condition,3512.0
1549,3512.0,tired,condition,3512.0
1568,3518.0,aircraft,condition,3518.0
1568,3518.0,was,condition,3518.0
1568,3518.0,looking,condition,3518.0
1568,3518.0,clean,condition,3518.0
1579,3521.0,aircraft,condition,3521.0
1579,3521.0,clean,condition,3521.0
1612,3531.0,new,condition,3531.0
1612,3531.0,comfortable,condition,3531.0
1612,3531.0,aircraft,condition,3531.0
1623,3535.0,without,temperature,3535.0
1623,3535.0,air,temperature,3535.0
1623,3535.0,conditioning,temperature,3535.0
1638,3538.0,aircraft,condition,3538.0
1638,3538.0,looked,condition,3538.0
1638,3538.0,new,condition,3538.0
1638,3538.0,and,condition,3538.0
1638,3538.0,clean,condition,3538.0
1646,3540.0,plane,condition,3540.0
1646,3540.0,was,condition,3540.0
1646,3540.0,immaculate,condition,3540.0
1654,3541.0,worn,condition,3541.0
1654,3541.0,out,condition,3541.0
1655,3541.0,out,condition,3541.0
1655,3541.0,of,condition,3541.0
1655,3541.0,date,condition,3541.0
1664,3543.0,lay,condition,3543.0
1664,3543.0,out,condition,3543.0
1665,3543.0,old,condition,3543.0
1665,3543.0,style,condition,3543.0
1665,3543.0,aircraft,condition,3543.0
1666,3543.0,space,size,3543.0
1666,3543.0,was,size,3543.0
1666,3543.0,very,size,3543.0
1666,3543.0,cramped,size,3543.0
1668,3543.0,significantly,condition,3543.0
1668,3543.0,more,condition,3543.0
1668,3543.0,people,condition,3543.0
1696,3553.0,washroom,condition,3553.0
1696,3553.0,was,condition,3553.0
1696,3553.0,not,condition,3553.0
1696,3553.0,even,condition,3553.0
1696,3553.0,clean,condition,3553.0
1703,3556.0,not,condition,3556.0
1703,3556.0,a,condition,3556.0
1703,3556.0,clean,condition,3556.0
1703,3556.0,maintained,condition,3556.0
1709,3558.0,temperature,temperature,3558.0
1709,3558.0,was,temperature,3558.0
1709,3558.0,very,temperature,3558.0
1709,3558.0,low,temperature,3558.0
1733,3566.0,cabin,condition,3566.0
1733,3566.0,was,condition,3566.0
1733,3566.0,completely,condition,3566.0
1733,3566.0,full,condition,3566.0
1748,3570.0,too,condition,3570.0
1748,3570.0,crowded,condition,3570.0
1753,3572.0,improve,condition,3572.0
1753,3572.0,cleanliness,condition,3572.0
1765,3576.0,shabby,condition,3576.0
1765,3576.0,condition,condition,3576.0
1770,3578.0,non,temperature,3578.0
1770,3578.0,working,temperature,3578.0
1770,3578.0,air,temperature,3578.0
1770,3578.0,conditioning,temperature,3578.0
1770,3578.0,cabins,temperature,3578.0
1771,3578.0,minimum,temperature,3578.0
1771,3578.0,air,temperature,3578.0
1771,3578.0,venting,temperature,3578.0
1772,3578.0,very,temperature,3578.0
1772,3578.0,warm,temperature,3578.0
1773,3579.0,ac,temperature,3579.0
1773,3579.0,was,temperature,3579.0
1773,3579.0,having,temperature,3579.0
1773,3579.0,issues,temperature,3579.0
1789,3585.0,not,condition,3585.0
1789,3585.0,much,condition,3585.0
1789,3585.0,privacy,condition,3585.0
1808,3593.0,lighter,size,3593.0
1808,3593.0,side,size,3593.0
1818,3597.0,flight,size,3597.0
1818,3597.0,was,size,3597.0
1818,3597.0,not,size,3597.0
1818,3597.0,full,size,3597.0
1881,3621.0,new,condition,3621.0
1881,3621.0,and,condition,3621.0
1881,3621.0,clean,condition,3621.0
1894,3626.0,interiors,condition,3626.0
1894,3626.0,were,condition,3626.0
1894,3626.0,outdated,condition,3626.0
1894,3626.0,and,condition,3626.0
1895,3626.0,in,condition,3626.0
1895,3626.0,tatters,condition,3626.0
1896,3626.0,cabin,fragrance,3626.0
1896,3626.0,was,fragrance,3626.0
1896,3626.0,very,fragrance,3626.0
1896,3626.0,smelly,fragrance,3626.0
1913,3632.0,cabin,fragrance,3632.0
1913,3632.0,was,fragrance,3632.0
1913,3632.0,very,fragrance,3632.0
1913,3632.0,fresh,fragrance,3632.0
1913,3632.0,and,fragrance,3632.0
1913,3632.0,clean,fragrance,3632.0
2138,3711.0,very,condition,3711.0
2138,3711.0,bad,condition,3711.0
2142,3712.0,cramped,size,3712.0
2193,3731.0,no,size,3731.0
2193,3731.0,carryon,size,3731.0
2193,3731.0,overhead,size,3731.0
2193,3731.0,space,size,3731.0
2197,3733.0,runs,size,3733.0
2197,3733.0,out,size,3733.0
2197,3733.0,of,size,3733.0
2197,3733.0,overhead,size,3733.0
2197,3733.0,baggage,size,3733.0
2197,3733.0,space,size,3733.0
2214,3738.0,looked,condition,3738.0
2214,3738.0,brand,condition,3738.0
2220,3739.0,well,condition,3739.0
2220,3739.0,worth,condition,3739.0
2221,3739.0,pretty,condition,3739.0
2221,3739.0,modern,condition,3739.0
2222,3739.0,tight,size,3739.0
2222,3739.0,pitch,size,3739.0
2223,3739.0,cheesy,fragrance,3739.0
2223,3739.0,smell,fragrance,3739.0
2224,3740.0,air,temperature,3740.0
2224,3740.0,is,temperature,3740.0
2224,3740.0,still,temperature,3740.0
2224,3740.0,not,temperature,3740.0
2224,3740.0,working,temperature,3740.0
2242,3745.0,stuffy,size,3745.0
2242,3745.0,small,size,3745.0
2264,3751.0,plenty,size,3751.0
2264,3751.0,of,size,3751.0
2264,3751.0,room,size,3751.0
2264,3751.0,for,size,3751.0
2264,3751.0,more,size,3751.0
2264,3751.0,bags,size,3751.0
2282,3858.0,cabin,condition,3858.0
2282,3858.0,clean,condition,3858.0
2300,3866.0,clean,condition,3866.0
2300,3866.0,fresh,condition,3866.0
2300,3866.0,and,condition,3866.0
2300,3866.0,well,condition,3866.0
2300,3866.0,looked,condition,3866.0
2318,3871.0,refurbished,condition,3871.0
2329,3958.0,cleanliness,condition,3958.0
2358,3970.0,ambience,condition,3970.0
2376,3975.0,fairly,condition,3975.0
2376,3975.0,nice,condition,3975.0
2379,3977.0,mighty,condition,3977.0
2379,3977.0,clean,condition,3977.0
2383,3980.0,clean,condition,3980.0
2383,3980.0,up,condition,3980.0
2383,3980.0,the,condition,3980.0
2383,3980.0,deck,condition,3980.0
2384,3981.0,unhygienic,condition,3981.0
2399,3987.0,tidy,condition,3987.0
2405,3989.0,hot,temperature,3989.0
2405,3989.0,desert,temperature,3989.0
2405,3989.0,winds,temperature,3989.0
2451,4003.0,clean,condition,4003.0
2556,4047.0,plenty,size,4047.0
2556,4047.0,of,size,4047.0
2556,4047.0,space,size,4047.0
2573,4055.0,clean,condition,4055.0
2577,3755.0,seperate,size,3755.0
2577,3755.0,the,size,3755.0
2577,3755.0,cabins,size,3755.0
2588,3760.0,clean,condition,3760.0
2601,3764.0,very,condition,3764.0
2601,3764.0,clean,condition,3764.0
2604,3765.0,environment,condition,3765.0
2604,3765.0,friendly,condition,3765.0
2615,3769.0,inflight,condition,3769.0
2615,3769.0,comfort,condition,3769.0
2617,3771.0,cleanliness,condition,3771.0
2617,3771.0,to,condition,3771.0
2617,3771.0,comfort,condition,3771.0
2617,3771.0,perfect,condition,3771.0
2623,3774.0,colourful,condition,3774.0
2623,3774.0,and,condition,3774.0
2623,3774.0,beautiful,condition,3774.0
2627,3777.0,cabin,size,3777.0
2627,3777.0,was,size,3777.0
2627,3777.0,cramped,size,3777.0
2631,3779.0,calming,size,3779.0
2644,3784.0,interior,condition,3784.0
2644,3784.0,is,condition,3784.0
2644,3784.0,fresh,condition,3784.0
2650,3786.0,well,condition,3786.0
2650,3786.0,maintained,condition,3786.0
2650,3786.0,and,condition,3786.0
2650,3786.0,clean,condition,3786.0
2651,3787.0,cramped,condition,3787.0
2662,3792.0,decor,condition,3792.0
2663,3792.0,amazed,condition,3792.0
2666,3793.0,interior,condition,3793.0
2666,3793.0,is,condition,3793.0
2666,3793.0,spacious,condition,3793.0
2674,3797.0,modern,condition,3797.0
2677,3798.0,good,condition,3798.0
2678,3798.0,clean,condition,3798.0
2678,3798.0,and,condition,3798.0
2678,3798.0,tidy,condition,3798.0
2690,3802.0,cleanliness,condition,3802.0
2691,3802.0,offputting,condition,3802.0
2697,3804.0,looked,condition,3804.0
2697,3804.0,like,condition,3804.0
2697,3804.0,old,condition,3804.0
2703,3806.0,clean,condition,3806.0
2709,3808.0,colour,condition,3808.0
2709,3808.0,scheme,condition,3808.0
2718,3811.0,new,condition,3811.0
2718,3811.0,and,condition,3811.0
2718,3811.0,clean,condition,3811.0
2723,3813.0,interior,condition,3813.0
2723,3813.0,was,condition,3813.0
2723,3813.0,fantastically,condition,3813.0
2723,3813.0,decorated,condition,3813.0
2729,3815.0,new,condition,3815.0
2729,3815.0,cabins,condition,3815.0
2731,3816.0,cabins,condition,3816.0
2731,3816.0,are,condition,3816.0
2731,3816.0,clean,condition,3816.0
2736,3818.0,clean,condition,3818.0
2740,3819.0,refreshingly,fragrance,3819.0
2741,3819.0,lean,size,3819.0
2741,3819.0,cabins,size,3819.0
2754,3823.0,quite,temperature,3823.0
2754,3823.0,warm,temperature,3823.0
2755,3823.0,reduce,temperature,3823.0
2755,3823.0,the,temperature,3823.0
2755,3823.0,temperature,temperature,3823.0
2765,3825.0,beautiful,condition,3825.0
2765,3825.0,colours,condition,3825.0
2769,3826.0,cabin,fragrance,3826.0
2769,3826.0,smells,fragrance,3826.0
2769,3826.0,good,fragrance,3826.0
2770,3826.0,cleaned,condition,3826.0
2770,3826.0,thoroughly,condition,3826.0
2778,3829.0,wellmaintained,condition,3829.0
2778,3829.0,interiors,condition,3829.0
2783,3831.0,clean,condition,3831.0
2783,3831.0,cabins,condition,3831.0
2785,3832.0,cabin,condition,3832.0
2785,3832.0,baggage,condition,3832.0
2786,3832.0,smells,fragrance,3832.0
2786,3832.0,good,fragrance,3832.0
2787,3832.0,appears,condition,3832.0
2787,3832.0,clean,condition,3832.0
