,Reviews,body_len,Punct_count
0,march two flight from syd to cns was a typical domestic flight but erroll charles and kate were really great ! virgin is pretty famous for its long haul routes but this was just another boring domestic flight no seat back entertainment but the engaging crew team helped pass the time with friendly chat,302,1
1,i just want to let everyone know about my experience with a company called covermore insurance a travel insurance subsidiary of zurich insurance australia i was sold a policy by flight centre to cover unforeseen circumstances back in february of this year long before state,273,0
2,like a number of recent reviews regarding cancellations i experienced appalling customer service in unsuccessfully attempting to secure a refund following virgin australia ’ s cancellation of my family ’ s flight to bali as we purchased our tickets prior to the covid-19 crisis i incorrectly assumed that it would be a simple matter of being granted a refund due to virgin ’ s decision to cancel our flight after only being offered the option of a flight credit it took three weeks for a response regarding a refund to my astonishment i was offered a refund less a six hundred cancellation fee when i sought clarification regarding this the representative from one of virgin australia ’ s overseas contact centres explained that whilst virgin could not be held liable for the flight cancellation i could i was gobsmacked by this unethical and blatantly money grabbing position airline should be rebadged as virgin unaustralia as these actions are the complete antithesis of what we as a country represent there is such total hypocrisy here with their ceo pleading for a government bail-out whilst our more reasonable claims are ignored what a farce ! my family for one will never fly this airline again and i have strongly encouraged my business colleagues to do likewise,1271,1
3,i was booked on flight va2 from los angeles to sydney and the virgin australia team exceeded my expectations as usual from check-in to landing the crew were friendly attentive and professional cabin crew india and klaus went above and beyond providing exceptional service,271,0
4,our flight to sydney was cancelled due to the travel ban and instead we were assigned a flight to salt lake city utah because we booked on the travelocity website virgin won ’ t answer any of my questions about cancelling they just refer me back to travelocity meanwhile,270,0
5,had booked a trip from melbourne to sydney cruise up and fly back but all travel has been postponed due to government requirements asked for a refund but have only been given credit till december two thousand and twenty-one no at all happy with this arrangement,261,0
6,extremely useless customer service i had a flight booked with them for my probably once in a lifetime vacation to australia i live in canada they cancelled my flight from so not only did i have to spend and unexpected six hundred and fifty to rent a car and drive six hours to get me from,288,0
7,travelled to hobart with virgin and then they cancelled our return trip ! ! no refunds ! ! ! ! had to try to organise our own return ! just don ’ t fly with them ! ! !,167,10
8,really like the appearance of their brand new aircrafts but no real access to internet instead you connect your device with their wifi provider two out or four planes that we flew did not work also they charge with a high market profit for sodas we flew more than the,267,0
9,travel often to visit family in north nsw and we like virgin as there always seem on time and flight crew are always good,121,0
10,my flight was to fly at four on the twenty-four of march so i checked in on line and dropped of my bag all done by twelve upstairs i go through customs and duty free ok ill have some lunch -- - all food outlets are closed -- - no seats anywhere taped off -- -no idea what gate i m,280,0
11,first and foremost the leg space was superior this airline ensures that its passengers are comfortable it was nice to be able to really fall asleep due to the ample room between passengers too the food was good but the movies were stellar i watched two of my favorite,267,0
12,boarding the flight to denpasar was delayed with no explanation given we were seated the the economy xtra seats on the flight which gave us more space the inflight meal was a real disappointment both us did not eat the meal that we had selected from the two choices drinks were provided with the meal after that there was not mush cabin service at all had to ask for water twice there was not any wifi available on this flight so no inflight entertainment available ! i would not recommend virgin short haul international flights better to go with jetstar and pay for the extras,578,1
13,on monday twenty-three march i had been advised to leave hospital in sydney and fly home to maroochydore asap due to the coronavirus i was fortunate to obtain a seat on the twelve flight to the sunshine coast airport when i arrived at check in - i was very anxious as i was not well,282,0
14,please avoid this highly unethical airline at all costs on my flight from perth to melbourne there were no amenity kits duvets pillows or any turn down service as advertised by virgin australia on coast-to-coast flights in the business although the flight was scheduled to,272,0
15,i understand how all company ’ s are under immense pressure at the moment – but to have rude call centre staff not interested in trying to help and just reading from a script without actually listening to what you are saying is disgraceful – with staff like this i really don ’ t see,283,0
16,although the flight was delayed by a catering truck breaking down whilst servicing the plane that caused a forty-five minute delay the staff kept all the passengers upo to date with what was going on and shared a bit of humour with us all once airbourne the flight was smooth and the,283,0
17,a really nice first experiance with virgin australia they seem an efficient and yound airline with plenty of little touches to help a long haul flight go well due to the coronavirus pandemic the plane was only half full so easing the pressure on the staff but they were great food was pretty good and i was lucky enough to enjoy the flat bed,341,0
18,flying in such an unsure time is very difficult and the staff are feeling it the flight itself was all the correct things on time no delays in landing etc leg room is adequate for someone one hundred and eighty or smaller however the seats are uncomfortable no real reason as to why but,286,0
19,travelling home ten days earlier than expected was made simple and the changes were free with virgin once the inevitable difficulties making the phone change were overcome staff very courteous and professional as always would highly recommend them,247,0
20,flight over to perth was good the choice of hot meals was delicious choice of alcohol other drinks provided we had individual tv screens however it was very cold on the plane so if you feel the cold make sure you rug up no blankets provided in economy coming back was,267,0
21,all staff very attentive and helpful wheelchair and special parking pre booked for twelve hr while she was booked in,116,0
22,my wife and i used our points to upgrade to premium economy on a return flight flight to chc was trouble free and really good our return flight was changed to a couple of days earlier than scheduled due to corona i was given a premium econ seat but we were told there was only one available however we took off with at least four vacant seats in premium i have to wonder why one of those seats was not made available for my wife as we had paid already and will now lose the points for the original journey tried to contact virgin to ask the question but understandably their systems are tied up with more urgent matters trying to get others home b4 borders are totally closed apart from that issue no complaints with virgin on a trans-tasman flight,748,0
23,we flew virgin to and from adelaide to attend womad and we were delighted with the quality of the seven hundred and thirty-seven planes both ways as well as the service before and on board the planes gave the impression of being relatively new and we liked the leather seats good leg room and plenty of,302,0
24,flight was a little bumpy but all good they really need to someting about what they serve you for a snack as we had a choice of sweet potato dip and bickys or granola and fig bar which did not sound that good,208,0
25,flew virgin for the first time usually stick to qantas and i was very impressed ! the food was very nice we were very comfortable considering we were in economy and the movie selection was pretty good i would definitely recommend and fly with virgin again !,257,2
26,it was a nice short flight staff was professional cabin clean comfy we were with a tour company which made all the flight arrangements for us we trust gate one travel to choose safe high integrity and economical services for us,227,0
27,flight was delayed in wellington by twenty-five minutes but we arrived in brisbane fifteen minutes before scheduled landing time,128,0
28,only a short flight up from sydney to the gold coast boarding was quick cabin crew on hand to help where help was needed to get hand luggage into overhead lockers the plane was clean and tidy drink and snack service was very quick all in all a very good fight excellent,269,0
29,adelaide service for check in is subpar attendees had us literally running around from one place to another each with a different statement on how to check in we were premier brisbane was our next connection and you have to exit the terminal take a bus to another terminal,272,0
30,hi there i find virgin airline to be the best domestic way to fly theyhave a good number of flight times to choose from,119,0
31,so the toyota virus is amongst us ! my wife wanted to cancel our domestic flight should be easy have this wrapped up while the billy boiled not so ! nothing on the internet and just a message on the phone press one and sorry were busynand dead line.. second mistake i rang,272,2
32,we flew economy x lots more leg room priority screening and boarding i think it cost about ninety point zero zero extra,119,0
33,i was booked on va214 from adl to melbourne on march five two thousand and twenty the aircraft operating the flight arrived on time from melbourne however after a delay in boarding the flight was cancelled due to mechanical reason i was rebooked to va218 which was delayed two hours during,289,0
34,i tried premium economy going to singapore and return seating was a bit wider and being one point eight six m tall i appreciated the extra legroom,146,0
35,virgin domestic airlines has managed to skewer us for seven hundred point zero zero canadian dollars and they did it with ease ! as a result of the world issue with corvonavirus we had to return to canada on short notice we called virgin aus numerous times while still in australia and could never get,301,1
36,if i ever go to zero again i will fly virgin australia way better than delta more leg room comfy seats better food way better than delta,136,0
37,we have never had a problem with virgin australia flying with them for work and leisure great communication for all flights,123,0
38,look i know a lot of people complain about flying economy but if that is your only option then go with it i have flown with a lot of different companies here in australia and overseas and i have always found virgin to be reasonably comfortable and the staff are very helpful,274,0
39,we traveled from sydney to melbourne and return both ways we had an excellent take off and landing the service was prompt and friendly,134,0
40,virgin hands down have some of the best staff working for them from assisting with checking in to boarding to in flight everyone is so friendly professional and helpful the staff make the business ! plane was clean flight enjoyable and communication always great,262,1
41,although the flight was delayed awaiting staff to arrive onboard we were kept informed and the flight was brilliant leg room could be a little wider but that is the same with all airlines !,189,1
42,no fuss service efficient respectful staff / cabin crew virgin is my choice of airlines for domestic travel their customer service is very good and not arrogant,160,0
43,my husband and i travelled with our two sons aged nine and eleven on virgin airlines from sydney to bali return paid for full service with checked luggage an hour after take off before we were offered a drink by the time the food got to us there were only vegetarian meals left which,283,0
44,work trip traveling home friday morning of long weekend takeoff in canberra was delayed due to storm at sydney airport as a consequence i missed connecting virgin direct flight to darwin to their credit they were able to fly me out that day via melbourne alice springs,268,0
45,we flow from melbourne to queenstown return in march two thousand and twenty point the flights were on time the service was exellent and the lounges in melbourne and queenstown were very good for me virgin is the best airline in australia,238,0
46,flew from tullamarine to darwin return in march two thousand and twenty point good price on fares no inflight meal which was a surprise downloaded the inflight entertainment app prior to departure which worked effectively staff friendly and flight was on time,259,0
47,great staff and service from check in right through to flying although checked in online staff in chc were great especially with onward flight info - transit international to domestic in melbourne air stewards were lovely on all flights and apologetic during meal service was not expecting meals on all flights as so short so was a great bonus would easily fly with them again,376,0
48,from a first class perspective almost everything looks better ! having flown first class on many long hauls i feel qualified to compare this flight to others that said - i would say this was `` upper middle '' in regards to ranking based on my experiences the three best i,272,1
49,went to melbourne from canberra for the australian open less than a two hour flight but virgin is a great domestic airline really nice staff and a small snack is pretty good too i feel there is more room between rows with virgin,228,0
50,staff are friendly helpful and generally want to help you communication is good especially if service is running late,117,0
51,this is the only airline to fly from hervey bay to sydney direct the service is great onboard highly recommend the food served is tasty and pre flight drinks are cold,166,0
52,had this journey booked for a month or so check in was slow with only three desks manned and no opportunity to change seat allocation.flight took off on time.service onboard was adequate but the complementary meal was pretty tasteless and bland and it was supposed to be a curry.landing was a bit bouncy at melbourne with lots of braking enfolded..this was a typical budget basement level flight,395,0
53,flights leaving at six am as per normal delayed for departure when will airlines learn to supply their customers with food at meal times virgin please an oatmeal cookie at six thirty am,185,0
54,i have flown regularly with virgin australia from gold coast airport both provide excellent service and convenience catch the seven hundred and seventy-seven bus to the airport terminal entrance quick checkin at the virgin kiosk i only have a carry on short walk to security and waiting lounge short,299,0
55,no problems at all check in simple flight on time service on board excellent i will fly with virgin again,105,0
56,very good airline they treat customers very well the service and food served is top notch ! we will return !,108,2
57,overall our flight from perth to brisbane was trouble free from check in to baggage collection at our destination however i feel there is room for improvement with the meal service provided on the flight there used to be two carts serving but this has been cut back to one we were seated in row eighteen and by the time it reached us they had already ran out of the most popular choice of meal and the meal that was served was just warm the drinks cart follows the food one but was quite a way behind by the time it reached us we had finished our meal and the tea also was not hot my advice would be to take some food with you in case you can ’ t get a choice of meal you like especially if you are seated towards the rear of the plane,735,0
58,we travelled from dunedin to brisbane and upon arrival at six we were asked about the eight hour delay which we did not know however we were given vouchers for the day and everyone was generously kind this of course made delays to our final destination to cairns and were given hotel accommodation and dinner and breakfast credits so all very considerate and generous,367,0
59,was on the flight with my young family heading on holiday my three year old was very anxious about flying and the flight attendants made her feel very welcome and at ease during the flight when descending her ears began to hurt and they gave her some lollies that helped once,275,0
60,first class cabin service experience in premium economy seats are limited so this area feels special the service level was above an beyond expectations very professional attentive staff,185,0
61,we paid extra for premium economy worth it service was great and food was nice we will certainly fly again with virgin,118,0
62,quite a pleasant tuesday four flight as usual i fly four class economy ] rather than paying more for a three class premium economy ] or two class business ] as i can not justify the large extra cost neither can the airlines ] i still got a nice coffee some chocolates,267,0
63,a smooth flight landed on time as usual the flight was as good as qantas but a bit cheaper caught the expensive `` private '' train about fifteen one way to central ] not much more to catch a cab if there are two or more of you,227,0
64,title says it all i ’ ve travelled with heaps of airlines but never come across such arrogant staff/hostesses and worst part that they are selective in greeting and smiling to customers maybe based on your colour ! also crappy meals will avoid flying with this airline,268,1
65,reasonable and unremarkable flight at a convenient time service was reasonable and aircraft clean and tidy,106,0
66,the check in was easy great service on time good flight coffee was ok seats confortable easy trip,97,0
67,we booked premium economy seat for the extra legroom the cabin crew were very welcoming the seat were comfortable as we left at eight the snack on the way up was nice our return flight was at seven the snack offered was overly underwhelming at seven most people would be,270,0
68,always a pleasure flying domestic and international with va affordable staff are always accommodating and friendly without even asking made sure my niece and nephew were comfortable and entered throughout the flight even though we had a full flight full of families with young children even the ground staff maintained professional customer service because flights were rescheduled we had to spend an extra night the amount of unhappy customers they had to deal with they still worked hard to make sure our needs were met as best as possible,541,0
69,we have travelled with virgin australia at many times over the years and are always happy to do so flight leaving sydney was delayed coming into mascot as pilot had to travel around turbulent weather before landing our return journey was right on time arriving at hervey bay,274,0
70,was travelling back home from brisbane to sydney booked economy x seating which i always do if available and would highly recommend as it just gives you a bit more space and you also get priority boarding as usual the staff were friendly ad although the flight left a little,274,0
71,a comfortable flight and enjoyed our meal no delays and we arrived on time in melbourne flight attendants were courteous,120,0
72,on leaving ship at circular key virgin had a bag check in on the wharf so that left us hands free to look around sydney,119,0
73,only a short flight a take off and landing snack was awful hard crisps used to get a muffin or a club sandwich finger,117,0
74,you know when your booked transport five is really forty-five late your driver is then slow traffic heavy your husband forgets his laptop and leaves it in the van and you 're racing to the check in huge crowds you have two kids two bicycles in big bike bags and a golf bag,272,0
75,"i never review airlines as i hate flying at the best of times but the pilot on this flight on twenty-six thousand, two hundred and twenty was fabulous when we landed in la you could not even feel the plane touch the ground i have never had a landing so smooth i had to peer out of the window to make sure we",307,0
76,the service was good and a comfortable flight the food was normal airline food just ok but large enough the big downfall is only one alcohol drink on a long flight is crazy and miserable qantas for the same fare price offer a much better deal,242,0
77,love flying virgin service is always good and food is always good .the crew as always very helpful if you needed a top up or anything you need,142,0
78,i have to say i was not impressed staff were to busy talking to each other just found the over all experience ruddish will not fly again with them normally fly quantas which i can not fault at all,196,0
79,virgin flight was very late over an hour we were not kept up to date and no apologies or reasons were given my husband and i did not get a seat beside each other we sat beside strangers in different area and they tried to blame the booking system yet qantas got it right,270,0
80,flight left and arrived on time staff were professional still received food and drinks service on a short flight and complimentary food was very good love the complimentary wine they serve flight was not full so had a vacant seat next to me too,244,0
81,we were very satisfied with this airline the customer service was great and we were very comfortable staff were attentive and friendly would definitely fly with virgin again the staff at both checkin and the flight were lovely,226,0
82,great service cabin crew pleasant and well presented new aircraft very confortable seats and llegroom,101,0
83,great service cabin crew pleasant and well presented new aircraft very confortable seats and llegroom,101,0
84,great service cabin crew pleasant and well presented new aircraft very confortable seats and llegroom,101,0
85,great service cabin crew pleasant and well presented new aircraft very confortable seats and llegroom,101,0
86,great service cabin crew pleasant and well presented new aircraft very confortable seats and llegroom,101,0
87,great service cabin crew pleasant and well presented new aircraft very confortable seats and llegroom,101,0
88,great service cabin crew pleasant and well presented new aircraft very confortable seats and llegroom,101,0
89,great service cabin crew pleasant and well presented new aircraft very confortable seats and llegroom,101,0
90,great service cabin crew pleasant and well presented new aircraft very confortable seats and llegroom,101,0
91,great service cabin crew pleasant and well presented new aircraft very confortable seats and llegroom,101,0
92,great service cabin crew pleasant and well presented new aircraft very confortable seats and llegroom,101,0
93,great service cabin crew pleasant and well presented new aircraft very confortable seats and llegroom,101,0
94,great service cabin crew pleasant and well presented new aircraft very confortable seats and llegroom,101,0
95,great service cabin crew pleasant and well presented new aircraft very confortable seats and llegroom,101,0
96,great service cabin crew pleasant and well presented new aircraft very confortable seats and llegroom,101,0
97,great service cabin crew pleasant and well presented new aircraft very confortable seats and llegroom,101,0
98,great service cabin crew pleasant and well presented new aircraft very confortable seats and llegroom,101,0
99,great service cabin crew pleasant and well presented new aircraft very confortable seats and llegroom,101,0
100,great service cabin crew pleasant and well presented new aircraft very confortable seats and llegroom,101,0
101,great service cabin crew pleasant and well presented new aircraft very confortable seats and llegroom,101,0
102,great service cabin crew pleasant and well presented new aircraft very confortable seats and llegroom,101,0
103,great service cabin crew pleasant and well presented new aircraft very confortable seats and llegroom,101,0
104,great service cabin crew pleasant and well presented new aircraft very confortable seats and llegroom,101,0
105,great service cabin crew pleasant and well presented new aircraft very confortable seats and llegroom,101,0
106,great service cabin crew pleasant and well presented new aircraft very confortable seats and llegroom,101,0
107,great service cabin crew pleasant and well presented new aircraft very confortable seats and llegroom,101,0
108,great service cabin crew pleasant and well presented new aircraft very confortable seats and llegroom,101,0
109,great service cabin crew pleasant and well presented new aircraft very confortable seats and llegroom,101,0
110,great service cabin crew pleasant and well presented new aircraft very confortable seats and llegroom,101,0
111,great service cabin crew pleasant and well presented new aircraft very confortable seats and llegroom,101,0
112,great service cabin crew pleasant and well presented new aircraft very confortable seats and llegroom,101,0
113,great service cabin crew pleasant and well presented new aircraft very confortable seats and llegroom,101,0
114,great service cabin crew pleasant and well presented new aircraft very confortable seats and llegroom,101,0
115,great service cabin crew pleasant and well presented new aircraft very confortable seats and llegroom,101,0
116,great service cabin crew pleasant and well presented new aircraft very confortable seats and llegroom,101,0
117,great service cabin crew pleasant and well presented new aircraft very confortable seats and llegroom,101,0
118,great service cabin crew pleasant and well presented new aircraft very confortable seats and llegroom,101,0
119,great service cabin crew pleasant and well presented new aircraft very confortable seats and llegroom,101,0
120,great service cabin crew pleasant and well presented new aircraft very confortable seats and llegroom,101,0
121,great service cabin crew pleasant and well presented new aircraft very confortable seats and llegroom,101,0
122,great service cabin crew pleasant and well presented new aircraft very confortable seats and llegroom,101,0
123,great service cabin crew pleasant and well presented new aircraft very confortable seats and llegroom,101,0
124,great service cabin crew pleasant and well presented new aircraft very confortable seats and llegroom,101,0
125,great service cabin crew pleasant and well presented new aircraft very confortable seats and llegroom,101,0
126,great service cabin crew pleasant and well presented new aircraft very confortable seats and llegroom,101,0
127,great service cabin crew pleasant and well presented new aircraft very confortable seats and llegroom,101,0
128,great service cabin crew pleasant and well presented new aircraft very confortable seats and llegroom,101,0
129,great service cabin crew pleasant and well presented new aircraft very confortable seats and llegroom,101,0
130,great service cabin crew pleasant and well presented new aircraft very confortable seats and llegroom,101,0
131,great service cabin crew pleasant and well presented new aircraft very confortable seats and llegroom,101,0
132,great service cabin crew pleasant and well presented new aircraft very confortable seats and llegroom,101,0
133,great service cabin crew pleasant and well presented new aircraft very confortable seats and llegroom,101,0
134,great service cabin crew pleasant and well presented new aircraft very confortable seats and llegroom,101,0
135,great service cabin crew pleasant and well presented new aircraft very confortable seats and llegroom,101,0
136,great service cabin crew pleasant and well presented new aircraft very confortable seats and llegroom,101,0
137,great service cabin crew pleasant and well presented new aircraft very confortable seats and llegroom,101,0
138,great service cabin crew pleasant and well presented new aircraft very confortable seats and llegroom,101,0
139,great service cabin crew pleasant and well presented new aircraft very confortable seats and llegroom,101,0
140,great service cabin crew pleasant and well presented new aircraft very confortable seats and llegroom,101,0
141,great service cabin crew pleasant and well presented new aircraft very confortable seats and llegroom,101,0
142,great service cabin crew pleasant and well presented new aircraft very confortable seats and llegroom,101,0
143,great service cabin crew pleasant and well presented new aircraft very confortable seats and llegroom,101,0
144,great service cabin crew pleasant and well presented new aircraft very confortable seats and llegroom,101,0
145,great service cabin crew pleasant and well presented new aircraft very confortable seats and llegroom,101,0
146,great service cabin crew pleasant and well presented new aircraft very confortable seats and llegroom,101,0
147,great service cabin crew pleasant and well presented new aircraft very confortable seats and llegroom,101,0
148,great service cabin crew pleasant and well presented new aircraft very confortable seats and llegroom,101,0
149,great service cabin crew pleasant and well presented new aircraft very confortable seats and llegroom,101,0
150,great service cabin crew pleasant and well presented new aircraft very confortable seats and llegroom,101,0
151,great service cabin crew pleasant and well presented new aircraft very confortable seats and llegroom,101,0
152,great service cabin crew pleasant and well presented new aircraft very confortable seats and llegroom,101,0
153,great service cabin crew pleasant and well presented new aircraft very confortable seats and llegroom,101,0
154,great service cabin crew pleasant and well presented new aircraft very confortable seats and llegroom,101,0
155,great service cabin crew pleasant and well presented new aircraft very confortable seats and llegroom,101,0
156,great service cabin crew pleasant and well presented new aircraft very confortable seats and llegroom,101,0
157,great service cabin crew pleasant and well presented new aircraft very confortable seats and llegroom,101,0
158,great service cabin crew pleasant and well presented new aircraft very confortable seats and llegroom,101,0
159,great service cabin crew pleasant and well presented new aircraft very confortable seats and llegroom,101,0
160,great service cabin crew pleasant and well presented new aircraft very confortable seats and llegroom,101,0
161,great service cabin crew pleasant and well presented new aircraft very confortable seats and llegroom,101,0
162,great service cabin crew pleasant and well presented new aircraft very confortable seats and llegroom,101,0
163,great service cabin crew pleasant and well presented new aircraft very confortable seats and llegroom,101,0
164,great service cabin crew pleasant and well presented new aircraft very confortable seats and llegroom,101,0
165,great service cabin crew pleasant and well presented new aircraft very confortable seats and llegroom,101,0
166,great service cabin crew pleasant and well presented new aircraft very confortable seats and llegroom,101,0
167,great service cabin crew pleasant and well presented new aircraft very confortable seats and llegroom,101,0
168,great service cabin crew pleasant and well presented new aircraft very confortable seats and llegroom,101,0
169,great service cabin crew pleasant and well presented new aircraft very confortable seats and llegroom,101,0
170,great service cabin crew pleasant and well presented new aircraft very confortable seats and llegroom,101,0
171,great service cabin crew pleasant and well presented new aircraft very confortable seats and llegroom,101,0
172,great service cabin crew pleasant and well presented new aircraft very confortable seats and llegroom,101,0
173,great service cabin crew pleasant and well presented new aircraft very confortable seats and llegroom,101,0
174,great service cabin crew pleasant and well presented new aircraft very confortable seats and llegroom,101,0
175,great service cabin crew pleasant and well presented new aircraft very confortable seats and llegroom,101,0
176,great service cabin crew pleasant and well presented new aircraft very confortable seats and llegroom,101,0
177,great service cabin crew pleasant and well presented new aircraft very confortable seats and llegroom,101,0
178,great service cabin crew pleasant and well presented new aircraft very confortable seats and llegroom,101,0
179,great service cabin crew pleasant and well presented new aircraft very confortable seats and llegroom,101,0
180,great service cabin crew pleasant and well presented new aircraft very confortable seats and llegroom,101,0
181,great service cabin crew pleasant and well presented new aircraft very confortable seats and llegroom,101,0
182,great service cabin crew pleasant and well presented new aircraft very confortable seats and llegroom,101,0
183,great service cabin crew pleasant and well presented new aircraft very confortable seats and llegroom,101,0
184,great service cabin crew pleasant and well presented new aircraft very confortable seats and llegroom,101,0
185,great service cabin crew pleasant and well presented new aircraft very confortable seats and llegroom,101,0
186,great service cabin crew pleasant and well presented new aircraft very confortable seats and llegroom,101,0
187,great service cabin crew pleasant and well presented new aircraft very confortable seats and llegroom,101,0
188,great service cabin crew pleasant and well presented new aircraft very confortable seats and llegroom,101,0
189,great service cabin crew pleasant and well presented new aircraft very confortable seats and llegroom,101,0
190,great service cabin crew pleasant and well presented new aircraft very confortable seats and llegroom,101,0
191,great service cabin crew pleasant and well presented new aircraft very confortable seats and llegroom,101,0
192,great service cabin crew pleasant and well presented new aircraft very confortable seats and llegroom,101,0
193,great service cabin crew pleasant and well presented new aircraft very confortable seats and llegroom,101,0
194,great service cabin crew pleasant and well presented new aircraft very confortable seats and llegroom,101,0
195,great service cabin crew pleasant and well presented new aircraft very confortable seats and llegroom,101,0
196,great service cabin crew pleasant and well presented new aircraft very confortable seats and llegroom,101,0
197,great service cabin crew pleasant and well presented new aircraft very confortable seats and llegroom,101,0
198,great service cabin crew pleasant and well presented new aircraft very confortable seats and llegroom,101,0
199,great service cabin crew pleasant and well presented new aircraft very confortable seats and llegroom,101,0
200,great service cabin crew pleasant and well presented new aircraft very confortable seats and llegroom,101,0
201,great service cabin crew pleasant and well presented new aircraft very confortable seats and llegroom,101,0
202,great service cabin crew pleasant and well presented new aircraft very confortable seats and llegroom,101,0
203,great service cabin crew pleasant and well presented new aircraft very confortable seats and llegroom,101,0
204,great service cabin crew pleasant and well presented new aircraft very confortable seats and llegroom,101,0
205,great service cabin crew pleasant and well presented new aircraft very confortable seats and llegroom,101,0
206,great service cabin crew pleasant and well presented new aircraft very confortable seats and llegroom,101,0
207,great service cabin crew pleasant and well presented new aircraft very confortable seats and llegroom,101,0
208,great service cabin crew pleasant and well presented new aircraft very confortable seats and llegroom,101,0
209,great service cabin crew pleasant and well presented new aircraft very confortable seats and llegroom,101,0
210,great service cabin crew pleasant and well presented new aircraft very confortable seats and llegroom,101,0
211,great service cabin crew pleasant and well presented new aircraft very confortable seats and llegroom,101,0
212,great service cabin crew pleasant and well presented new aircraft very confortable seats and llegroom,101,0
213,great service cabin crew pleasant and well presented new aircraft very confortable seats and llegroom,101,0
214,great service cabin crew pleasant and well presented new aircraft very confortable seats and llegroom,101,0
215,great service cabin crew pleasant and well presented new aircraft very confortable seats and llegroom,101,0
216,great service cabin crew pleasant and well presented new aircraft very confortable seats and llegroom,101,0
217,great service cabin crew pleasant and well presented new aircraft very confortable seats and llegroom,101,0
218,great service cabin crew pleasant and well presented new aircraft very confortable seats and llegroom,101,0
219,great service cabin crew pleasant and well presented new aircraft very confortable seats and llegroom,101,0
220,great service cabin crew pleasant and well presented new aircraft very confortable seats and llegroom,101,0
221,great service cabin crew pleasant and well presented new aircraft very confortable seats and llegroom,101,0
222,great service cabin crew pleasant and well presented new aircraft very confortable seats and llegroom,101,0
223,great service cabin crew pleasant and well presented new aircraft very confortable seats and llegroom,101,0
224,great service cabin crew pleasant and well presented new aircraft very confortable seats and llegroom,101,0
225,great service cabin crew pleasant and well presented new aircraft very confortable seats and llegroom,101,0
226,great service cabin crew pleasant and well presented new aircraft very confortable seats and llegroom,101,0
227,great service cabin crew pleasant and well presented new aircraft very confortable seats and llegroom,101,0
228,great service cabin crew pleasant and well presented new aircraft very confortable seats and llegroom,101,0
229,great service cabin crew pleasant and well presented new aircraft very confortable seats and llegroom,101,0
230,great service cabin crew pleasant and well presented new aircraft very confortable seats and llegroom,101,0
231,great service cabin crew pleasant and well presented new aircraft very confortable seats and llegroom,101,0
232,great service cabin crew pleasant and well presented new aircraft very confortable seats and llegroom,101,0
233,great service cabin crew pleasant and well presented new aircraft very confortable seats and llegroom,101,0
234,great service cabin crew pleasant and well presented new aircraft very confortable seats and llegroom,101,0
235,great service cabin crew pleasant and well presented new aircraft very confortable seats and llegroom,101,0
236,great service cabin crew pleasant and well presented new aircraft very confortable seats and llegroom,101,0
237,great service cabin crew pleasant and well presented new aircraft very confortable seats and llegroom,101,0
238,great service cabin crew pleasant and well presented new aircraft very confortable seats and llegroom,101,0
239,great service cabin crew pleasant and well presented new aircraft very confortable seats and llegroom,101,0
240,great service cabin crew pleasant and well presented new aircraft very confortable seats and llegroom,101,0
241,great service cabin crew pleasant and well presented new aircraft very confortable seats and llegroom,101,0
242,great service cabin crew pleasant and well presented new aircraft very confortable seats and llegroom,101,0
243,great service cabin crew pleasant and well presented new aircraft very confortable seats and llegroom,101,0
244,great service cabin crew pleasant and well presented new aircraft very confortable seats and llegroom,101,0
245,great service cabin crew pleasant and well presented new aircraft very confortable seats and llegroom,101,0
246,great service cabin crew pleasant and well presented new aircraft very confortable seats and llegroom,101,0
247,great service cabin crew pleasant and well presented new aircraft very confortable seats and llegroom,101,0
248,great service cabin crew pleasant and well presented new aircraft very confortable seats and llegroom,101,0
249,great service cabin crew pleasant and well presented new aircraft very confortable seats and llegroom,101,0
250,great service cabin crew pleasant and well presented new aircraft very confortable seats and llegroom,101,0
251,great service cabin crew pleasant and well presented new aircraft very confortable seats and llegroom,101,0
252,great service cabin crew pleasant and well presented new aircraft very confortable seats and llegroom,101,0
253,great service cabin crew pleasant and well presented new aircraft very confortable seats and llegroom,101,0
254,great service cabin crew pleasant and well presented new aircraft very confortable seats and llegroom,101,0
255,great service cabin crew pleasant and well presented new aircraft very confortable seats and llegroom,101,0
256,great service cabin crew pleasant and well presented new aircraft very confortable seats and llegroom,101,0
257,great service cabin crew pleasant and well presented new aircraft very confortable seats and llegroom,101,0
258,great service cabin crew pleasant and well presented new aircraft very confortable seats and llegroom,101,0
259,great service cabin crew pleasant and well presented new aircraft very confortable seats and llegroom,101,0
260,great service cabin crew pleasant and well presented new aircraft very confortable seats and llegroom,101,0
261,great service cabin crew pleasant and well presented new aircraft very confortable seats and llegroom,101,0
262,great service cabin crew pleasant and well presented new aircraft very confortable seats and llegroom,101,0
263,great service cabin crew pleasant and well presented new aircraft very confortable seats and llegroom,101,0
264,great service cabin crew pleasant and well presented new aircraft very confortable seats and llegroom,101,0
265,great service cabin crew pleasant and well presented new aircraft very confortable seats and llegroom,101,0
266,great service cabin crew pleasant and well presented new aircraft very confortable seats and llegroom,101,0
267,great service cabin crew pleasant and well presented new aircraft very confortable seats and llegroom,101,0
268,great service cabin crew pleasant and well presented new aircraft very confortable seats and llegroom,101,0
269,great service cabin crew pleasant and well presented new aircraft very confortable seats and llegroom,101,0
270,great service cabin crew pleasant and well presented new aircraft very confortable seats and llegroom,101,0
271,great service cabin crew pleasant and well presented new aircraft very confortable seats and llegroom,101,0
272,great service cabin crew pleasant and well presented new aircraft very confortable seats and llegroom,101,0
273,great service cabin crew pleasant and well presented new aircraft very confortable seats and llegroom,101,0
274,great service cabin crew pleasant and well presented new aircraft very confortable seats and llegroom,101,0
275,great service cabin crew pleasant and well presented new aircraft very confortable seats and llegroom,101,0
276,great service cabin crew pleasant and well presented new aircraft very confortable seats and llegroom,101,0
277,great service cabin crew pleasant and well presented new aircraft very confortable seats and llegroom,101,0
278,great service cabin crew pleasant and well presented new aircraft very confortable seats and llegroom,101,0
279,great service cabin crew pleasant and well presented new aircraft very confortable seats and llegroom,101,0
280,great service cabin crew pleasant and well presented new aircraft very confortable seats and llegroom,101,0
281,great service cabin crew pleasant and well presented new aircraft very confortable seats and llegroom,101,0
282,great service cabin crew pleasant and well presented new aircraft very confortable seats and llegroom,101,0
283,great service cabin crew pleasant and well presented new aircraft very confortable seats and llegroom,101,0
284,great service cabin crew pleasant and well presented new aircraft very confortable seats and llegroom,101,0
285,great service cabin crew pleasant and well presented new aircraft very confortable seats and llegroom,101,0
286,great service cabin crew pleasant and well presented new aircraft very confortable seats and llegroom,101,0
287,great service cabin crew pleasant and well presented new aircraft very confortable seats and llegroom,101,0
288,great service cabin crew pleasant and well presented new aircraft very confortable seats and llegroom,101,0
289,great service cabin crew pleasant and well presented new aircraft very confortable seats and llegroom,101,0
290,great service cabin crew pleasant and well presented new aircraft very confortable seats and llegroom,101,0
291,great service cabin crew pleasant and well presented new aircraft very confortable seats and llegroom,101,0
292,great service cabin crew pleasant and well presented new aircraft very confortable seats and llegroom,101,0
293,great service cabin crew pleasant and well presented new aircraft very confortable seats and llegroom,101,0
294,great service cabin crew pleasant and well presented new aircraft very confortable seats and llegroom,101,0
295,great service cabin crew pleasant and well presented new aircraft very confortable seats and llegroom,101,0
296,great service cabin crew pleasant and well presented new aircraft very confortable seats and llegroom,101,0
297,great service cabin crew pleasant and well presented new aircraft very confortable seats and llegroom,101,0
298,great service cabin crew pleasant and well presented new aircraft very confortable seats and llegroom,101,0
299,great service cabin crew pleasant and well presented new aircraft very confortable seats and llegroom,101,0
300,great service cabin crew pleasant and well presented new aircraft very confortable seats and llegroom,101,0
301,great service cabin crew pleasant and well presented new aircraft very confortable seats and llegroom,101,0
302,great service cabin crew pleasant and well presented new aircraft very confortable seats and llegroom,101,0
303,great service cabin crew pleasant and well presented new aircraft very confortable seats and llegroom,101,0
304,great service cabin crew pleasant and well presented new aircraft very confortable seats and llegroom,101,0
305,great service cabin crew pleasant and well presented new aircraft very confortable seats and llegroom,101,0
306,great service cabin crew pleasant and well presented new aircraft very confortable seats and llegroom,101,0
307,great service cabin crew pleasant and well presented new aircraft very confortable seats and llegroom,101,0
308,great service cabin crew pleasant and well presented new aircraft very confortable seats and llegroom,101,0
309,great service cabin crew pleasant and well presented new aircraft very confortable seats and llegroom,101,0
310,great service cabin crew pleasant and well presented new aircraft very confortable seats and llegroom,101,0
311,great service cabin crew pleasant and well presented new aircraft very confortable seats and llegroom,101,0
312,great service cabin crew pleasant and well presented new aircraft very confortable seats and llegroom,101,0
313,great service cabin crew pleasant and well presented new aircraft very confortable seats and llegroom,101,0
314,great service cabin crew pleasant and well presented new aircraft very confortable seats and llegroom,101,0
315,great service cabin crew pleasant and well presented new aircraft very confortable seats and llegroom,101,0
316,great service cabin crew pleasant and well presented new aircraft very confortable seats and llegroom,101,0
317,great service cabin crew pleasant and well presented new aircraft very confortable seats and llegroom,101,0
318,great service cabin crew pleasant and well presented new aircraft very confortable seats and llegroom,101,0
319,great service cabin crew pleasant and well presented new aircraft very confortable seats and llegroom,101,0
320,great service cabin crew pleasant and well presented new aircraft very confortable seats and llegroom,101,0
321,great service cabin crew pleasant and well presented new aircraft very confortable seats and llegroom,101,0
322,great service cabin crew pleasant and well presented new aircraft very confortable seats and llegroom,101,0
323,great service cabin crew pleasant and well presented new aircraft very confortable seats and llegroom,101,0
324,great service cabin crew pleasant and well presented new aircraft very confortable seats and llegroom,101,0
325,great service cabin crew pleasant and well presented new aircraft very confortable seats and llegroom,101,0
326,great service cabin crew pleasant and well presented new aircraft very confortable seats and llegroom,101,0
327,great service cabin crew pleasant and well presented new aircraft very confortable seats and llegroom,101,0
328,great service cabin crew pleasant and well presented new aircraft very confortable seats and llegroom,101,0
329,great service cabin crew pleasant and well presented new aircraft very confortable seats and llegroom,101,0
330,great service cabin crew pleasant and well presented new aircraft very confortable seats and llegroom,101,0
331,great service cabin crew pleasant and well presented new aircraft very confortable seats and llegroom,101,0
332,great service cabin crew pleasant and well presented new aircraft very confortable seats and llegroom,101,0
333,great service cabin crew pleasant and well presented new aircraft very confortable seats and llegroom,101,0
334,great service cabin crew pleasant and well presented new aircraft very confortable seats and llegroom,101,0
335,great service cabin crew pleasant and well presented new aircraft very confortable seats and llegroom,101,0
336,great service cabin crew pleasant and well presented new aircraft very confortable seats and llegroom,101,0
337,great service cabin crew pleasant and well presented new aircraft very confortable seats and llegroom,101,0
338,great service cabin crew pleasant and well presented new aircraft very confortable seats and llegroom,101,0
339,great service cabin crew pleasant and well presented new aircraft very confortable seats and llegroom,101,0
340,great service cabin crew pleasant and well presented new aircraft very confortable seats and llegroom,101,0
341,great service cabin crew pleasant and well presented new aircraft very confortable seats and llegroom,101,0
342,great service cabin crew pleasant and well presented new aircraft very confortable seats and llegroom,101,0
343,great service cabin crew pleasant and well presented new aircraft very confortable seats and llegroom,101,0
344,great service cabin crew pleasant and well presented new aircraft very confortable seats and llegroom,101,0
345,great service cabin crew pleasant and well presented new aircraft very confortable seats and llegroom,101,0
346,great service cabin crew pleasant and well presented new aircraft very confortable seats and llegroom,101,0
347,great service cabin crew pleasant and well presented new aircraft very confortable seats and llegroom,101,0
348,great service cabin crew pleasant and well presented new aircraft very confortable seats and llegroom,101,0
349,great service cabin crew pleasant and well presented new aircraft very confortable seats and llegroom,101,0
350,great service cabin crew pleasant and well presented new aircraft very confortable seats and llegroom,101,0
351,great service cabin crew pleasant and well presented new aircraft very confortable seats and llegroom,101,0
352,great service cabin crew pleasant and well presented new aircraft very confortable seats and llegroom,101,0
353,great service cabin crew pleasant and well presented new aircraft very confortable seats and llegroom,101,0
354,great service cabin crew pleasant and well presented new aircraft very confortable seats and llegroom,101,0
355,great service cabin crew pleasant and well presented new aircraft very confortable seats and llegroom,101,0
356,great service cabin crew pleasant and well presented new aircraft very confortable seats and llegroom,101,0
357,great service cabin crew pleasant and well presented new aircraft very confortable seats and llegroom,101,0
358,great service cabin crew pleasant and well presented new aircraft very confortable seats and llegroom,101,0
359,great service cabin crew pleasant and well presented new aircraft very confortable seats and llegroom,101,0
360,great service cabin crew pleasant and well presented new aircraft very confortable seats and llegroom,101,0
361,great service cabin crew pleasant and well presented new aircraft very confortable seats and llegroom,101,0
362,great service cabin crew pleasant and well presented new aircraft very confortable seats and llegroom,101,0
363,great service cabin crew pleasant and well presented new aircraft very confortable seats and llegroom,101,0
364,great service cabin crew pleasant and well presented new aircraft very confortable seats and llegroom,101,0
365,great service cabin crew pleasant and well presented new aircraft very confortable seats and llegroom,101,0
366,great service cabin crew pleasant and well presented new aircraft very confortable seats and llegroom,101,0
367,great service cabin crew pleasant and well presented new aircraft very confortable seats and llegroom,101,0
368,great service cabin crew pleasant and well presented new aircraft very confortable seats and llegroom,101,0
369,great service cabin crew pleasant and well presented new aircraft very confortable seats and llegroom,101,0
370,great service cabin crew pleasant and well presented new aircraft very confortable seats and llegroom,101,0
371,great service cabin crew pleasant and well presented new aircraft very confortable seats and llegroom,101,0
372,great service cabin crew pleasant and well presented new aircraft very confortable seats and llegroom,101,0
373,great service cabin crew pleasant and well presented new aircraft very confortable seats and llegroom,101,0
374,great service cabin crew pleasant and well presented new aircraft very confortable seats and llegroom,101,0
375,great service cabin crew pleasant and well presented new aircraft very confortable seats and llegroom,101,0
376,great service cabin crew pleasant and well presented new aircraft very confortable seats and llegroom,101,0
377,great service cabin crew pleasant and well presented new aircraft very confortable seats and llegroom,101,0
378,great service cabin crew pleasant and well presented new aircraft very confortable seats and llegroom,101,0
379,great service cabin crew pleasant and well presented new aircraft very confortable seats and llegroom,101,0
380,great service cabin crew pleasant and well presented new aircraft very confortable seats and llegroom,101,0
381,great service cabin crew pleasant and well presented new aircraft very confortable seats and llegroom,101,0
382,great service cabin crew pleasant and well presented new aircraft very confortable seats and llegroom,101,0
383,great service cabin crew pleasant and well presented new aircraft very confortable seats and llegroom,101,0
384,great service cabin crew pleasant and well presented new aircraft very confortable seats and llegroom,101,0
385,great service cabin crew pleasant and well presented new aircraft very confortable seats and llegroom,101,0
386,great service cabin crew pleasant and well presented new aircraft very confortable seats and llegroom,101,0
387,great service cabin crew pleasant and well presented new aircraft very confortable seats and llegroom,101,0
388,great service cabin crew pleasant and well presented new aircraft very confortable seats and llegroom,101,0
389,great service cabin crew pleasant and well presented new aircraft very confortable seats and llegroom,101,0
390,great service cabin crew pleasant and well presented new aircraft very confortable seats and llegroom,101,0
391,great service cabin crew pleasant and well presented new aircraft very confortable seats and llegroom,101,0
392,great service cabin crew pleasant and well presented new aircraft very confortable seats and llegroom,101,0
393,great service cabin crew pleasant and well presented new aircraft very confortable seats and llegroom,101,0
394,great service cabin crew pleasant and well presented new aircraft very confortable seats and llegroom,101,0
395,great service cabin crew pleasant and well presented new aircraft very confortable seats and llegroom,101,0
396,great service cabin crew pleasant and well presented new aircraft very confortable seats and llegroom,101,0
397,great service cabin crew pleasant and well presented new aircraft very confortable seats and llegroom,101,0
398,great service cabin crew pleasant and well presented new aircraft very confortable seats and llegroom,101,0
399,great service cabin crew pleasant and well presented new aircraft very confortable seats and llegroom,101,0
400,great service cabin crew pleasant and well presented new aircraft very confortable seats and llegroom,101,0
401,great service cabin crew pleasant and well presented new aircraft very confortable seats and llegroom,101,0
402,great service cabin crew pleasant and well presented new aircraft very confortable seats and llegroom,101,0
403,great service cabin crew pleasant and well presented new aircraft very confortable seats and llegroom,101,0
404,great service cabin crew pleasant and well presented new aircraft very confortable seats and llegroom,101,0
405,great service cabin crew pleasant and well presented new aircraft very confortable seats and llegroom,101,0
406,great service cabin crew pleasant and well presented new aircraft very confortable seats and llegroom,101,0
407,great service cabin crew pleasant and well presented new aircraft very confortable seats and llegroom,101,0
408,great service cabin crew pleasant and well presented new aircraft very confortable seats and llegroom,101,0
409,great service cabin crew pleasant and well presented new aircraft very confortable seats and llegroom,101,0
410,great service cabin crew pleasant and well presented new aircraft very confortable seats and llegroom,101,0
411,great service cabin crew pleasant and well presented new aircraft very confortable seats and llegroom,101,0
412,great service cabin crew pleasant and well presented new aircraft very confortable seats and llegroom,101,0
413,great service cabin crew pleasant and well presented new aircraft very confortable seats and llegroom,101,0
414,great service cabin crew pleasant and well presented new aircraft very confortable seats and llegroom,101,0
415,great service cabin crew pleasant and well presented new aircraft very confortable seats and llegroom,101,0
416,great service cabin crew pleasant and well presented new aircraft very confortable seats and llegroom,101,0
417,great service cabin crew pleasant and well presented new aircraft very confortable seats and llegroom,101,0
418,great service cabin crew pleasant and well presented new aircraft very confortable seats and llegroom,101,0
419,great service cabin crew pleasant and well presented new aircraft very confortable seats and llegroom,101,0
420,great service cabin crew pleasant and well presented new aircraft very confortable seats and llegroom,101,0
421,great service cabin crew pleasant and well presented new aircraft very confortable seats and llegroom,101,0
422,great service cabin crew pleasant and well presented new aircraft very confortable seats and llegroom,101,0
423,great service cabin crew pleasant and well presented new aircraft very confortable seats and llegroom,101,0
424,great service cabin crew pleasant and well presented new aircraft very confortable seats and llegroom,101,0
425,great service cabin crew pleasant and well presented new aircraft very confortable seats and llegroom,101,0
426,great service cabin crew pleasant and well presented new aircraft very confortable seats and llegroom,101,0
427,great service cabin crew pleasant and well presented new aircraft very confortable seats and llegroom,101,0
428,great service cabin crew pleasant and well presented new aircraft very confortable seats and llegroom,101,0
429,great service cabin crew pleasant and well presented new aircraft very confortable seats and llegroom,101,0
430,great service cabin crew pleasant and well presented new aircraft very confortable seats and llegroom,101,0
431,great service cabin crew pleasant and well presented new aircraft very confortable seats and llegroom,101,0
432,great service cabin crew pleasant and well presented new aircraft very confortable seats and llegroom,101,0
433,great service cabin crew pleasant and well presented new aircraft very confortable seats and llegroom,101,0
434,great service cabin crew pleasant and well presented new aircraft very confortable seats and llegroom,101,0
435,great service cabin crew pleasant and well presented new aircraft very confortable seats and llegroom,101,0
436,great service cabin crew pleasant and well presented new aircraft very confortable seats and llegroom,101,0
437,great service cabin crew pleasant and well presented new aircraft very confortable seats and llegroom,101,0
438,great service cabin crew pleasant and well presented new aircraft very confortable seats and llegroom,101,0
439,great service cabin crew pleasant and well presented new aircraft very confortable seats and llegroom,101,0
440,great service cabin crew pleasant and well presented new aircraft very confortable seats and llegroom,101,0
441,great service cabin crew pleasant and well presented new aircraft very confortable seats and llegroom,101,0
442,great service cabin crew pleasant and well presented new aircraft very confortable seats and llegroom,101,0
443,great service cabin crew pleasant and well presented new aircraft very confortable seats and llegroom,101,0
444,great service cabin crew pleasant and well presented new aircraft very confortable seats and llegroom,101,0
445,great service cabin crew pleasant and well presented new aircraft very confortable seats and llegroom,101,0
446,great service cabin crew pleasant and well presented new aircraft very confortable seats and llegroom,101,0
447,great service cabin crew pleasant and well presented new aircraft very confortable seats and llegroom,101,0
448,great service cabin crew pleasant and well presented new aircraft very confortable seats and llegroom,101,0
449,great service cabin crew pleasant and well presented new aircraft very confortable seats and llegroom,101,0
450,great service cabin crew pleasant and well presented new aircraft very confortable seats and llegroom,101,0
451,great service cabin crew pleasant and well presented new aircraft very confortable seats and llegroom,101,0
452,great service cabin crew pleasant and well presented new aircraft very confortable seats and llegroom,101,0
453,great service cabin crew pleasant and well presented new aircraft very confortable seats and llegroom,101,0
454,great service cabin crew pleasant and well presented new aircraft very confortable seats and llegroom,101,0
455,great service cabin crew pleasant and well presented new aircraft very confortable seats and llegroom,101,0
456,great service cabin crew pleasant and well presented new aircraft very confortable seats and llegroom,101,0
457,great service cabin crew pleasant and well presented new aircraft very confortable seats and llegroom,101,0
458,great service cabin crew pleasant and well presented new aircraft very confortable seats and llegroom,101,0
459,great service cabin crew pleasant and well presented new aircraft very confortable seats and llegroom,101,0
460,great service cabin crew pleasant and well presented new aircraft very confortable seats and llegroom,101,0
461,great service cabin crew pleasant and well presented new aircraft very confortable seats and llegroom,101,0
462,great service cabin crew pleasant and well presented new aircraft very confortable seats and llegroom,101,0
463,great service cabin crew pleasant and well presented new aircraft very confortable seats and llegroom,101,0
464,great service cabin crew pleasant and well presented new aircraft very confortable seats and llegroom,101,0
465,great service cabin crew pleasant and well presented new aircraft very confortable seats and llegroom,101,0
466,great service cabin crew pleasant and well presented new aircraft very confortable seats and llegroom,101,0
467,great service cabin crew pleasant and well presented new aircraft very confortable seats and llegroom,101,0
468,great service cabin crew pleasant and well presented new aircraft very confortable seats and llegroom,101,0
469,great service cabin crew pleasant and well presented new aircraft very confortable seats and llegroom,101,0
470,great service cabin crew pleasant and well presented new aircraft very confortable seats and llegroom,101,0
471,great service cabin crew pleasant and well presented new aircraft very confortable seats and llegroom,101,0
472,great service cabin crew pleasant and well presented new aircraft very confortable seats and llegroom,101,0
473,great service cabin crew pleasant and well presented new aircraft very confortable seats and llegroom,101,0
474,great service cabin crew pleasant and well presented new aircraft very confortable seats and llegroom,101,0
475,great service cabin crew pleasant and well presented new aircraft very confortable seats and llegroom,101,0
476,great service cabin crew pleasant and well presented new aircraft very confortable seats and llegroom,101,0
477,great service cabin crew pleasant and well presented new aircraft very confortable seats and llegroom,101,0
478,great service cabin crew pleasant and well presented new aircraft very confortable seats and llegroom,101,0
479,great service cabin crew pleasant and well presented new aircraft very confortable seats and llegroom,101,0
480,great service cabin crew pleasant and well presented new aircraft very confortable seats and llegroom,101,0
481,great service cabin crew pleasant and well presented new aircraft very confortable seats and llegroom,101,0
482,great service cabin crew pleasant and well presented new aircraft very confortable seats and llegroom,101,0
483,great service cabin crew pleasant and well presented new aircraft very confortable seats and llegroom,101,0
484,great service cabin crew pleasant and well presented new aircraft very confortable seats and llegroom,101,0
485,great service cabin crew pleasant and well presented new aircraft very confortable seats and llegroom,101,0
486,great service cabin crew pleasant and well presented new aircraft very confortable seats and llegroom,101,0
487,great service cabin crew pleasant and well presented new aircraft very confortable seats and llegroom,101,0
488,great service cabin crew pleasant and well presented new aircraft very confortable seats and llegroom,101,0
489,great service cabin crew pleasant and well presented new aircraft very confortable seats and llegroom,101,0
490,great service cabin crew pleasant and well presented new aircraft very confortable seats and llegroom,101,0
491,great service cabin crew pleasant and well presented new aircraft very confortable seats and llegroom,101,0
492,great service cabin crew pleasant and well presented new aircraft very confortable seats and llegroom,101,0
493,great service cabin crew pleasant and well presented new aircraft very confortable seats and llegroom,101,0
494,great service cabin crew pleasant and well presented new aircraft very confortable seats and llegroom,101,0
495,great service cabin crew pleasant and well presented new aircraft very confortable seats and llegroom,101,0
496,great service cabin crew pleasant and well presented new aircraft very confortable seats and llegroom,101,0
497,great service cabin crew pleasant and well presented new aircraft very confortable seats and llegroom,101,0
498,great service cabin crew pleasant and well presented new aircraft very confortable seats and llegroom,101,0
499,great service cabin crew pleasant and well presented new aircraft very confortable seats and llegroom,101,0
500,great service cabin crew pleasant and well presented new aircraft very confortable seats and llegroom,101,0
501,great service cabin crew pleasant and well presented new aircraft very confortable seats and llegroom,101,0
502,great service cabin crew pleasant and well presented new aircraft very confortable seats and llegroom,101,0
503,great service cabin crew pleasant and well presented new aircraft very confortable seats and llegroom,101,0
504,great service cabin crew pleasant and well presented new aircraft very confortable seats and llegroom,101,0
505,great service cabin crew pleasant and well presented new aircraft very confortable seats and llegroom,101,0
506,great service cabin crew pleasant and well presented new aircraft very confortable seats and llegroom,101,0
507,great service cabin crew pleasant and well presented new aircraft very confortable seats and llegroom,101,0
508,great service cabin crew pleasant and well presented new aircraft very confortable seats and llegroom,101,0
509,great service cabin crew pleasant and well presented new aircraft very confortable seats and llegroom,101,0
510,great service cabin crew pleasant and well presented new aircraft very confortable seats and llegroom,101,0
511,great service cabin crew pleasant and well presented new aircraft very confortable seats and llegroom,101,0
512,great service cabin crew pleasant and well presented new aircraft very confortable seats and llegroom,101,0
513,great service cabin crew pleasant and well presented new aircraft very confortable seats and llegroom,101,0
514,great service cabin crew pleasant and well presented new aircraft very confortable seats and llegroom,101,0
515,great service cabin crew pleasant and well presented new aircraft very confortable seats and llegroom,101,0
516,great service cabin crew pleasant and well presented new aircraft very confortable seats and llegroom,101,0
517,great service cabin crew pleasant and well presented new aircraft very confortable seats and llegroom,101,0
518,great service cabin crew pleasant and well presented new aircraft very confortable seats and llegroom,101,0
519,great service cabin crew pleasant and well presented new aircraft very confortable seats and llegroom,101,0
520,great service cabin crew pleasant and well presented new aircraft very confortable seats and llegroom,101,0
521,great service cabin crew pleasant and well presented new aircraft very confortable seats and llegroom,101,0
522,great service cabin crew pleasant and well presented new aircraft very confortable seats and llegroom,101,0
523,great service cabin crew pleasant and well presented new aircraft very confortable seats and llegroom,101,0
524,great service cabin crew pleasant and well presented new aircraft very confortable seats and llegroom,101,0
525,great service cabin crew pleasant and well presented new aircraft very confortable seats and llegroom,101,0
526,great service cabin crew pleasant and well presented new aircraft very confortable seats and llegroom,101,0
527,great service cabin crew pleasant and well presented new aircraft very confortable seats and llegroom,101,0
528,great service cabin crew pleasant and well presented new aircraft very confortable seats and llegroom,101,0
529,great service cabin crew pleasant and well presented new aircraft very confortable seats and llegroom,101,0
530,great service cabin crew pleasant and well presented new aircraft very confortable seats and llegroom,101,0
531,great service cabin crew pleasant and well presented new aircraft very confortable seats and llegroom,101,0
532,great service cabin crew pleasant and well presented new aircraft very confortable seats and llegroom,101,0
533,great service cabin crew pleasant and well presented new aircraft very confortable seats and llegroom,101,0
534,great service cabin crew pleasant and well presented new aircraft very confortable seats and llegroom,101,0
535,great service cabin crew pleasant and well presented new aircraft very confortable seats and llegroom,101,0
536,great service cabin crew pleasant and well presented new aircraft very confortable seats and llegroom,101,0
537,great service cabin crew pleasant and well presented new aircraft very confortable seats and llegroom,101,0
538,great service cabin crew pleasant and well presented new aircraft very confortable seats and llegroom,101,0
539,great service cabin crew pleasant and well presented new aircraft very confortable seats and llegroom,101,0
540,great service cabin crew pleasant and well presented new aircraft very confortable seats and llegroom,101,0
541,great service cabin crew pleasant and well presented new aircraft very confortable seats and llegroom,101,0
542,great service cabin crew pleasant and well presented new aircraft very confortable seats and llegroom,101,0
543,great service cabin crew pleasant and well presented new aircraft very confortable seats and llegroom,101,0
544,great service cabin crew pleasant and well presented new aircraft very confortable seats and llegroom,101,0
545,great service cabin crew pleasant and well presented new aircraft very confortable seats and llegroom,101,0
546,great service cabin crew pleasant and well presented new aircraft very confortable seats and llegroom,101,0
547,great service cabin crew pleasant and well presented new aircraft very confortable seats and llegroom,101,0
548,great service cabin crew pleasant and well presented new aircraft very confortable seats and llegroom,101,0
549,great service cabin crew pleasant and well presented new aircraft very confortable seats and llegroom,101,0
550,great service cabin crew pleasant and well presented new aircraft very confortable seats and llegroom,101,0
551,great service cabin crew pleasant and well presented new aircraft very confortable seats and llegroom,101,0
552,great service cabin crew pleasant and well presented new aircraft very confortable seats and llegroom,101,0
553,great service cabin crew pleasant and well presented new aircraft very confortable seats and llegroom,101,0
554,great service cabin crew pleasant and well presented new aircraft very confortable seats and llegroom,101,0
555,great service cabin crew pleasant and well presented new aircraft very confortable seats and llegroom,101,0
556,great service cabin crew pleasant and well presented new aircraft very confortable seats and llegroom,101,0
557,great service cabin crew pleasant and well presented new aircraft very confortable seats and llegroom,101,0
558,great service cabin crew pleasant and well presented new aircraft very confortable seats and llegroom,101,0
559,great service cabin crew pleasant and well presented new aircraft very confortable seats and llegroom,101,0
560,great service cabin crew pleasant and well presented new aircraft very confortable seats and llegroom,101,0
561,great service cabin crew pleasant and well presented new aircraft very confortable seats and llegroom,101,0
562,great service cabin crew pleasant and well presented new aircraft very confortable seats and llegroom,101,0
563,great service cabin crew pleasant and well presented new aircraft very confortable seats and llegroom,101,0
564,great service cabin crew pleasant and well presented new aircraft very confortable seats and llegroom,101,0
565,great service cabin crew pleasant and well presented new aircraft very confortable seats and llegroom,101,0
566,great service cabin crew pleasant and well presented new aircraft very confortable seats and llegroom,101,0
567,great service cabin crew pleasant and well presented new aircraft very confortable seats and llegroom,101,0
568,great service cabin crew pleasant and well presented new aircraft very confortable seats and llegroom,101,0
569,great service cabin crew pleasant and well presented new aircraft very confortable seats and llegroom,101,0
570,great service cabin crew pleasant and well presented new aircraft very confortable seats and llegroom,101,0
571,great service cabin crew pleasant and well presented new aircraft very confortable seats and llegroom,101,0
572,great service cabin crew pleasant and well presented new aircraft very confortable seats and llegroom,101,0
573,great service cabin crew pleasant and well presented new aircraft very confortable seats and llegroom,101,0
574,great service cabin crew pleasant and well presented new aircraft very confortable seats and llegroom,101,0
575,great service cabin crew pleasant and well presented new aircraft very confortable seats and llegroom,101,0
576,great service cabin crew pleasant and well presented new aircraft very confortable seats and llegroom,101,0
577,great service cabin crew pleasant and well presented new aircraft very confortable seats and llegroom,101,0
578,great service cabin crew pleasant and well presented new aircraft very confortable seats and llegroom,101,0
579,great service cabin crew pleasant and well presented new aircraft very confortable seats and llegroom,101,0
580,great service cabin crew pleasant and well presented new aircraft very confortable seats and llegroom,101,0
581,great service cabin crew pleasant and well presented new aircraft very confortable seats and llegroom,101,0
582,great service cabin crew pleasant and well presented new aircraft very confortable seats and llegroom,101,0
583,great service cabin crew pleasant and well presented new aircraft very confortable seats and llegroom,101,0
584,great service cabin crew pleasant and well presented new aircraft very confortable seats and llegroom,101,0
585,great service cabin crew pleasant and well presented new aircraft very confortable seats and llegroom,101,0
586,great service cabin crew pleasant and well presented new aircraft very confortable seats and llegroom,101,0
587,great service cabin crew pleasant and well presented new aircraft very confortable seats and llegroom,101,0
588,great service cabin crew pleasant and well presented new aircraft very confortable seats and llegroom,101,0
589,great service cabin crew pleasant and well presented new aircraft very confortable seats and llegroom,101,0
590,great service cabin crew pleasant and well presented new aircraft very confortable seats and llegroom,101,0
591,great service cabin crew pleasant and well presented new aircraft very confortable seats and llegroom,101,0
592,great service cabin crew pleasant and well presented new aircraft very confortable seats and llegroom,101,0
593,great service cabin crew pleasant and well presented new aircraft very confortable seats and llegroom,101,0
594,great service cabin crew pleasant and well presented new aircraft very confortable seats and llegroom,101,0
595,great service cabin crew pleasant and well presented new aircraft very confortable seats and llegroom,101,0
596,great service cabin crew pleasant and well presented new aircraft very confortable seats and llegroom,101,0
597,great service cabin crew pleasant and well presented new aircraft very confortable seats and llegroom,101,0
598,great service cabin crew pleasant and well presented new aircraft very confortable seats and llegroom,101,0
599,great service cabin crew pleasant and well presented new aircraft very confortable seats and llegroom,101,0
600,great service cabin crew pleasant and well presented new aircraft very confortable seats and llegroom,101,0
601,great service cabin crew pleasant and well presented new aircraft very confortable seats and llegroom,101,0
602,great service cabin crew pleasant and well presented new aircraft very confortable seats and llegroom,101,0
603,great service cabin crew pleasant and well presented new aircraft very confortable seats and llegroom,101,0
604,great service cabin crew pleasant and well presented new aircraft very confortable seats and llegroom,101,0
605,great service cabin crew pleasant and well presented new aircraft very confortable seats and llegroom,101,0
606,great service cabin crew pleasant and well presented new aircraft very confortable seats and llegroom,101,0
607,great service cabin crew pleasant and well presented new aircraft very confortable seats and llegroom,101,0
608,great service cabin crew pleasant and well presented new aircraft very confortable seats and llegroom,101,0
609,great service cabin crew pleasant and well presented new aircraft very confortable seats and llegroom,101,0
610,great service cabin crew pleasant and well presented new aircraft very confortable seats and llegroom,101,0
611,great service cabin crew pleasant and well presented new aircraft very confortable seats and llegroom,101,0
612,great service cabin crew pleasant and well presented new aircraft very confortable seats and llegroom,101,0
613,great service cabin crew pleasant and well presented new aircraft very confortable seats and llegroom,101,0
614,great service cabin crew pleasant and well presented new aircraft very confortable seats and llegroom,101,0
615,great service cabin crew pleasant and well presented new aircraft very confortable seats and llegroom,101,0
616,great service cabin crew pleasant and well presented new aircraft very confortable seats and llegroom,101,0
617,great service cabin crew pleasant and well presented new aircraft very confortable seats and llegroom,101,0
618,great service cabin crew pleasant and well presented new aircraft very confortable seats and llegroom,101,0
619,great service cabin crew pleasant and well presented new aircraft very confortable seats and llegroom,101,0
620,great service cabin crew pleasant and well presented new aircraft very confortable seats and llegroom,101,0
621,great service cabin crew pleasant and well presented new aircraft very confortable seats and llegroom,101,0
622,great service cabin crew pleasant and well presented new aircraft very confortable seats and llegroom,101,0
623,great service cabin crew pleasant and well presented new aircraft very confortable seats and llegroom,101,0
624,great service cabin crew pleasant and well presented new aircraft very confortable seats and llegroom,101,0
625,great service cabin crew pleasant and well presented new aircraft very confortable seats and llegroom,101,0
626,great service cabin crew pleasant and well presented new aircraft very confortable seats and llegroom,101,0
627,great service cabin crew pleasant and well presented new aircraft very confortable seats and llegroom,101,0
628,great service cabin crew pleasant and well presented new aircraft very confortable seats and llegroom,101,0
629,great service cabin crew pleasant and well presented new aircraft very confortable seats and llegroom,101,0
630,great service cabin crew pleasant and well presented new aircraft very confortable seats and llegroom,101,0
631,great service cabin crew pleasant and well presented new aircraft very confortable seats and llegroom,101,0
632,great service cabin crew pleasant and well presented new aircraft very confortable seats and llegroom,101,0
633,great service cabin crew pleasant and well presented new aircraft very confortable seats and llegroom,101,0
634,great service cabin crew pleasant and well presented new aircraft very confortable seats and llegroom,101,0
635,great service cabin crew pleasant and well presented new aircraft very confortable seats and llegroom,101,0
636,great service cabin crew pleasant and well presented new aircraft very confortable seats and llegroom,101,0
637,great service cabin crew pleasant and well presented new aircraft very confortable seats and llegroom,101,0
638,great service cabin crew pleasant and well presented new aircraft very confortable seats and llegroom,101,0
639,great service cabin crew pleasant and well presented new aircraft very confortable seats and llegroom,101,0
640,great service cabin crew pleasant and well presented new aircraft very confortable seats and llegroom,101,0
641,great service cabin crew pleasant and well presented new aircraft very confortable seats and llegroom,101,0
642,great service cabin crew pleasant and well presented new aircraft very confortable seats and llegroom,101,0
643,great service cabin crew pleasant and well presented new aircraft very confortable seats and llegroom,101,0
644,great service cabin crew pleasant and well presented new aircraft very confortable seats and llegroom,101,0
645,great service cabin crew pleasant and well presented new aircraft very confortable seats and llegroom,101,0
646,great service cabin crew pleasant and well presented new aircraft very confortable seats and llegroom,101,0
647,great service cabin crew pleasant and well presented new aircraft very confortable seats and llegroom,101,0
648,great service cabin crew pleasant and well presented new aircraft very confortable seats and llegroom,101,0
649,great service cabin crew pleasant and well presented new aircraft very confortable seats and llegroom,101,0
650,great service cabin crew pleasant and well presented new aircraft very confortable seats and llegroom,101,0
651,great service cabin crew pleasant and well presented new aircraft very confortable seats and llegroom,101,0
652,great service cabin crew pleasant and well presented new aircraft very confortable seats and llegroom,101,0
653,great service cabin crew pleasant and well presented new aircraft very confortable seats and llegroom,101,0
654,great service cabin crew pleasant and well presented new aircraft very confortable seats and llegroom,101,0
655,great service cabin crew pleasant and well presented new aircraft very confortable seats and llegroom,101,0
656,great service cabin crew pleasant and well presented new aircraft very confortable seats and llegroom,101,0
657,great service cabin crew pleasant and well presented new aircraft very confortable seats and llegroom,101,0
658,great service cabin crew pleasant and well presented new aircraft very confortable seats and llegroom,101,0
659,great service cabin crew pleasant and well presented new aircraft very confortable seats and llegroom,101,0
660,great service cabin crew pleasant and well presented new aircraft very confortable seats and llegroom,101,0
661,great service cabin crew pleasant and well presented new aircraft very confortable seats and llegroom,101,0
662,great service cabin crew pleasant and well presented new aircraft very confortable seats and llegroom,101,0
663,great service cabin crew pleasant and well presented new aircraft very confortable seats and llegroom,101,0
664,great service cabin crew pleasant and well presented new aircraft very confortable seats and llegroom,101,0
665,great service cabin crew pleasant and well presented new aircraft very confortable seats and llegroom,101,0
666,great service cabin crew pleasant and well presented new aircraft very confortable seats and llegroom,101,0
667,great service cabin crew pleasant and well presented new aircraft very confortable seats and llegroom,101,0
668,great service cabin crew pleasant and well presented new aircraft very confortable seats and llegroom,101,0
669,great service cabin crew pleasant and well presented new aircraft very confortable seats and llegroom,101,0
670,great service cabin crew pleasant and well presented new aircraft very confortable seats and llegroom,101,0
671,great service cabin crew pleasant and well presented new aircraft very confortable seats and llegroom,101,0
672,great service cabin crew pleasant and well presented new aircraft very confortable seats and llegroom,101,0
673,great service cabin crew pleasant and well presented new aircraft very confortable seats and llegroom,101,0
674,great service cabin crew pleasant and well presented new aircraft very confortable seats and llegroom,101,0
675,great service cabin crew pleasant and well presented new aircraft very confortable seats and llegroom,101,0
676,great service cabin crew pleasant and well presented new aircraft very confortable seats and llegroom,101,0
677,great service cabin crew pleasant and well presented new aircraft very confortable seats and llegroom,101,0
678,great service cabin crew pleasant and well presented new aircraft very confortable seats and llegroom,101,0
679,great service cabin crew pleasant and well presented new aircraft very confortable seats and llegroom,101,0
680,great service cabin crew pleasant and well presented new aircraft very confortable seats and llegroom,101,0
681,great service cabin crew pleasant and well presented new aircraft very confortable seats and llegroom,101,0
682,great service cabin crew pleasant and well presented new aircraft very confortable seats and llegroom,101,0
683,great service cabin crew pleasant and well presented new aircraft very confortable seats and llegroom,101,0
684,great service cabin crew pleasant and well presented new aircraft very confortable seats and llegroom,101,0
685,great service cabin crew pleasant and well presented new aircraft very confortable seats and llegroom,101,0
686,great service cabin crew pleasant and well presented new aircraft very confortable seats and llegroom,101,0
687,great service cabin crew pleasant and well presented new aircraft very confortable seats and llegroom,101,0
688,great service cabin crew pleasant and well presented new aircraft very confortable seats and llegroom,101,0
689,great service cabin crew pleasant and well presented new aircraft very confortable seats and llegroom,101,0
690,great service cabin crew pleasant and well presented new aircraft very confortable seats and llegroom,101,0
691,great service cabin crew pleasant and well presented new aircraft very confortable seats and llegroom,101,0
692,great service cabin crew pleasant and well presented new aircraft very confortable seats and llegroom,101,0
693,great service cabin crew pleasant and well presented new aircraft very confortable seats and llegroom,101,0
694,great service cabin crew pleasant and well presented new aircraft very confortable seats and llegroom,101,0
695,great service cabin crew pleasant and well presented new aircraft very confortable seats and llegroom,101,0
696,great service cabin crew pleasant and well presented new aircraft very confortable seats and llegroom,101,0
697,great service cabin crew pleasant and well presented new aircraft very confortable seats and llegroom,101,0
698,great service cabin crew pleasant and well presented new aircraft very confortable seats and llegroom,101,0
699,great service cabin crew pleasant and well presented new aircraft very confortable seats and llegroom,101,0
700,great service cabin crew pleasant and well presented new aircraft very confortable seats and llegroom,101,0
701,great service cabin crew pleasant and well presented new aircraft very confortable seats and llegroom,101,0
702,great service cabin crew pleasant and well presented new aircraft very confortable seats and llegroom,101,0
703,great service cabin crew pleasant and well presented new aircraft very confortable seats and llegroom,101,0
704,great service cabin crew pleasant and well presented new aircraft very confortable seats and llegroom,101,0
705,great service cabin crew pleasant and well presented new aircraft very confortable seats and llegroom,101,0
706,great service cabin crew pleasant and well presented new aircraft very confortable seats and llegroom,101,0
707,great service cabin crew pleasant and well presented new aircraft very confortable seats and llegroom,101,0
708,great service cabin crew pleasant and well presented new aircraft very confortable seats and llegroom,101,0
709,great service cabin crew pleasant and well presented new aircraft very confortable seats and llegroom,101,0
710,great service cabin crew pleasant and well presented new aircraft very confortable seats and llegroom,101,0
711,great service cabin crew pleasant and well presented new aircraft very confortable seats and llegroom,101,0
712,great service cabin crew pleasant and well presented new aircraft very confortable seats and llegroom,101,0
713,great service cabin crew pleasant and well presented new aircraft very confortable seats and llegroom,101,0
714,great service cabin crew pleasant and well presented new aircraft very confortable seats and llegroom,101,0
