,Unnamed: 0,id,Cabin,Aspect,id_updated
0,134,2970.0,dirty,condition,2970.0
1,135,2970.0,cabin,condition,2970.0
2,136,2970.0,uncomfortably,condition,2970.0
3,137,2970.0,cold,temperature,2970.0
4,139,2970.0,temperature,temperature,2970.0
5,205,2980.0,spotlessly,condition,2980.0
6,205,2980.0,clean,condition,2980.0
7,234,2984.0,overhead,size,2984.0
8,234,2984.0,space,size,2984.0
9,235,2984.0,plenty,size,2984.0
10,260,2988.0,smelt,fragrance,2988.0
11,261,2988.0,so,fragrance,2988.0
12,261,2988.0,bad,fragrance,2988.0
13,330,2999.0,cabin,condition,2999.0
14,330,2999.0,change,condition,2999.0
15,348,3000.0,very,size,3000.0
16,348,3000.0,tight,size,3000.0
17,362,3004.0,too,temperature,3004.0
18,362,3004.0,cold,temperature,3004.0
19,394,3013.0,small,size,3013.0
20,461,3028.0,overhead,condition,3028.0
21,461,3028.0,locker,condition,3028.0
22,476,3031.0,overhead,condition,3031.0
23,476,3031.0,locker,condition,3031.0
24,503,3037.0,business,condition,3037.0
25,503,3037.0,cabins,condition,3037.0
26,504,3037.0,user,condition,3037.0
27,504,3037.0,friendly,condition,3037.0
28,630,3172.0,not,condition,3172.0
29,630,3172.0,clean,condition,3172.0
30,632,3173.0,smell,fragrance,3173.0
31,632,3173.0,was,fragrance,3173.0
32,632,3173.0,horrible,fragrance,3173.0
33,649,3179.0,clean,condition,3179.0
34,649,3179.0,condition,condition,3179.0
35,653,3180.0,really,condition,3180.0
36,653,3180.0,dirty,condition,3180.0
37,657,3181.0,no,size,3181.0
38,657,3181.0,leg,size,3181.0
39,657,3181.0,room,size,3181.0
40,680,3189.0,very,condition,3189.0
41,680,3189.0,clean,condition,3189.0
42,689,3192.0,additional,size,3192.0
43,689,3192.0,underseat,size,3192.0
44,689,3192.0,bag,size,3192.0
45,695,3195.0,kids,temperature,3195.0
46,695,3195.0,are,temperature,3195.0
47,695,3195.0,freezing,temperature,3195.0
48,696,3195.0,sell,condition,3195.0
49,696,3195.0,you,condition,3195.0
50,696,3195.0,blankets,condition,3195.0
51,710,3200.0,cabin,condition,3200.0
52,710,3200.0,toilets,condition,3200.0
53,711,3200.0,restricted,condition,3200.0
54,782,3255.0,toilets,condition,3255.0
55,783,3255.0,very,size,3255.0
56,783,3255.0,small,size,3255.0
57,787,3257.0,renting,condition,3257.0
58,787,3257.0,a,condition,3257.0
59,787,3257.0,blanket,condition,3257.0
60,803,3263.0,flight,condition,3263.0
61,803,3263.0,was,condition,3263.0
62,803,3263.0,comfortable,condition,3263.0
63,857,3287.0,seatbelt,condition,3287.0
64,857,3287.0,signs,condition,3287.0
65,897,3298.0,extremely,temperature,3298.0
66,897,3298.0,strong,temperature,3298.0
67,897,3298.0,ac,temperature,3298.0
68,922,3308.0,temperature,temperature,3308.0
69,948,3318.0,degree,condition,3318.0
70,948,3318.0,of,condition,3318.0
71,948,3318.0,comfort,condition,3318.0
72,963,3324.0,wellkept,condition,3324.0
73,964,3324.0,wellmaintained,condition,3324.0
74,981,3333.0,added,condition,3333.0
75,981,3333.0,comfort,condition,3333.0
76,983,3334.0,very,condition,3334.0
77,983,3334.0,comfortable,condition,3334.0
78,1058,3358.0,old,condition,3358.0
79,1083,3363.0,aisles,size,3363.0
80,1083,3363.0,very,size,3363.0
81,1083,3363.0,narrow,size,3363.0
82,1083,3363.0,and,size,3363.0
83,1088,3364.0,tighter,size,3364.0
84,1088,3364.0,the,size,3364.0
85,1088,3364.0,space,size,3364.0
86,1096,3367.0,clean,condition,3367.0
87,1096,3367.0,plane,condition,3367.0
88,1116,3372.0,air,temperature,3372.0
89,1116,3372.0,conditioning,temperature,3372.0
90,1116,3372.0,was,temperature,3372.0
91,1116,3372.0,leaking,temperature,3372.0
92,1151,3383.0,general,size,3383.0
93,1151,3383.0,space,size,3383.0
94,1152,3383.0,cabin,condition,3383.0
95,1152,3383.0,was,condition,3383.0
96,1152,3383.0,well,condition,3383.0
97,1152,3383.0,lit,condition,3383.0
98,1165,3388.0,overhead,size,3388.0
99,1165,3388.0,storage,size,3388.0
100,1166,3388.0,full,size,3388.0
101,1167,3388.0,storage,size,3388.0
102,1167,3388.0,compartments,size,3388.0
103,1168,3388.0,wide,size,3388.0
104,1168,3388.0,open,size,3388.0
105,1169,3388.0,cabin,size,3388.0
106,1169,3388.0,overheads,size,3388.0
107,1170,3389.0,space,size,3389.0
108,1170,3389.0,optimization,size,3389.0
109,1171,3389.0,very,size,3389.0
110,1171,3389.0,bad,size,3389.0
111,1218,3402.0,fleet,condition,3402.0
112,1219,3402.0,aging,condition,3402.0
113,1233,3406.0,old,condition,3406.0
114,1253,3407.0,space,size,3407.0
115,1253,3407.0,between,size,3407.0
116,1253,3407.0,the,size,3407.0
117,1253,3407.0,bed,size,3407.0
118,1253,3407.0,and,size,3407.0
119,1253,3407.0,the,size,3407.0
120,1253,3407.0,table,size,3407.0
121,1253,3407.0,is,size,3407.0
122,1253,3407.0,very,size,3407.0
123,1253,3407.0,limited,size,3407.0
124,1277,3412.0,find,size,3412.0
125,1277,3412.0,space,size,3412.0
126,1277,3412.0,for,size,3412.0
127,1277,3412.0,everyoneâ€™s,size,3412.0
128,1277,3412.0,hand,size,3412.0
129,1277,3412.0,luggage,size,3412.0
130,1278,3412.0,old,condition,3412.0
131,1278,3412.0,plane,condition,3412.0
132,1279,3412.0,hadnâ€™t,condition,3412.0
133,1279,3412.0,been,condition,3412.0
134,1279,3412.0,fully,condition,3412.0
135,1279,3412.0,cleaned,condition,3412.0
136,1280,3413.0,very,condition,3413.0
137,1280,3413.0,dated,condition,3413.0
138,1280,3413.0,and,condition,3413.0
139,1280,3413.0,tatty,condition,3413.0
140,1280,3413.0,cabin,condition,3413.0
141,1335,3431.0,hot,temperature,3431.0
142,1335,3431.0,plane,temperature,3431.0
143,1343,3433.0,very,temperature,3433.0
144,1343,3433.0,old,temperature,3433.0
145,1344,3433.0,broken,temperature,3433.0
146,1344,3433.0,airconditioning,temperature,3433.0
147,1360,3439.0,clean,condition,3439.0
148,1369,3442.0,old,condition,3442.0
149,1369,3442.0,and,condition,3442.0
150,1369,3442.0,uncomfortable,condition,3442.0
151,1407,3458.0,extremely,temperature,3458.0
152,1407,3458.0,cold,temperature,3458.0
153,1426,3464.0,smaller,size,3464.0
154,1426,3464.0,planes,size,3464.0
155,1444,3470.0,smooth,condition,3470.0
156,1447,3471.0,do,condition,3471.0
157,1447,3471.0,not,condition,3471.0
158,1447,3471.0,dim,condition,3471.0
159,1447,3471.0,the,condition,3471.0
160,1447,3471.0,cabin,condition,3471.0
161,1447,3471.0,lights,condition,3471.0
162,1448,3471.0,cabin,temperature,3471.0
163,1448,3471.0,was,temperature,3471.0
164,1448,3471.0,very,temperature,3471.0
165,1448,3471.0,cold,temperature,3471.0
166,1449,3472.0,not,fragrance,3472.0
167,1449,3472.0,fresh,fragrance,3472.0
168,1449,3472.0,cabin,fragrance,3472.0
169,1455,3475.0,nice,condition,3475.0
170,1455,3475.0,and,condition,3475.0
171,1455,3475.0,comfortable,condition,3475.0
172,1479,3485.0,the,condition,3485.0
173,1479,3485.0,aircraft,condition,3485.0
174,1479,3485.0,was,condition,3485.0
175,1479,3485.0,clean,condition,3485.0
176,1482,3487.0,cabin,condition,3487.0
177,1482,3487.0,is,condition,3487.0
178,1482,3487.0,clean,condition,3487.0
179,1488,3489.0,very,condition,3489.0
180,1488,3489.0,clean,condition,3489.0
181,1502,3496.0,mperature,temperature,3496.0
182,1502,3496.0,on,temperature,3496.0
183,1502,3496.0,board,temperature,3496.0
184,1503,3496.0,extremely,temperature,3496.0
185,1503,3496.0,hot,temperature,3496.0
186,1512,3500.0,cabin,condition,3500.0
187,1512,3500.0,was,condition,3500.0
188,1512,3500.0,clean,condition,3500.0
189,1517,3502.0,old,condition,3502.0
190,1518,3502.0,air,temperature,3502.0
191,1518,3502.0,conditioner,temperature,3502.0
192,1518,3502.0,broke,temperature,3502.0
193,1519,3503.0,interior,condition,3503.0
194,1519,3503.0,of,condition,3503.0
195,1519,3503.0,the,condition,3503.0
196,1519,3503.0,plane,condition,3503.0
197,1519,3503.0,was,condition,3503.0
198,1519,3503.0,very,condition,3503.0
199,1519,3503.0,dated,condition,3503.0
200,1520,3503.0,cabin,condition,3503.0
201,1520,3503.0,spilling,condition,3503.0
202,1520,3503.0,trays,condition,3503.0
203,1523,3504.0,aircraft,condition,3504.0
204,1523,3504.0,clean,condition,3504.0
205,1527,3506.0,faded,condition,3506.0
206,1527,3506.0,cabin,condition,3506.0
207,1527,3506.0,lighting,condition,3506.0
208,1528,3506.0,oldest,condition,3506.0
209,1528,3506.0,and,condition,3506.0
210,1528,3506.0,in,condition,3506.0
211,1528,3506.0,quite,condition,3506.0
212,1528,3506.0,poor,condition,3506.0
213,1528,3506.0,condition,condition,3506.0
214,1543,3511.0,cabin,fragrance,3511.0
215,1543,3511.0,was,fragrance,3511.0
216,1543,3511.0,in,fragrance,3511.0
217,1543,3511.0,need,fragrance,3511.0
218,1543,3511.0,of,fragrance,3511.0
219,1543,3511.0,a,fragrance,3511.0
220,1543,3511.0,refresh,fragrance,3511.0
221,1544,3511.0,clean,condition,3511.0
222,1545,3511.0,was,condition,3511.0
223,1545,3511.0,showing,condition,3511.0
224,1545,3511.0,its,condition,3511.0
225,1545,3511.0,age,condition,3511.0
226,1549,3512.0,cabin,condition,3512.0
227,1549,3512.0,looked,condition,3512.0
228,1549,3512.0,very,condition,3512.0
229,1549,3512.0,tired,condition,3512.0
230,1568,3518.0,aircraft,condition,3518.0
231,1568,3518.0,was,condition,3518.0
232,1568,3518.0,looking,condition,3518.0
233,1568,3518.0,clean,condition,3518.0
234,1579,3521.0,aircraft,condition,3521.0
235,1579,3521.0,clean,condition,3521.0
236,1612,3531.0,new,condition,3531.0
237,1612,3531.0,comfortable,condition,3531.0
238,1612,3531.0,aircraft,condition,3531.0
239,1623,3535.0,without,temperature,3535.0
240,1623,3535.0,air,temperature,3535.0
241,1623,3535.0,conditioning,temperature,3535.0
242,1638,3538.0,aircraft,condition,3538.0
243,1638,3538.0,looked,condition,3538.0
244,1638,3538.0,new,condition,3538.0
245,1638,3538.0,and,condition,3538.0
246,1638,3538.0,clean,condition,3538.0
247,1646,3540.0,plane,condition,3540.0
248,1646,3540.0,was,condition,3540.0
249,1646,3540.0,immaculate,condition,3540.0
250,1654,3541.0,worn,condition,3541.0
251,1654,3541.0,out,condition,3541.0
252,1655,3541.0,out,condition,3541.0
253,1655,3541.0,of,condition,3541.0
254,1655,3541.0,date,condition,3541.0
255,1664,3543.0,lay,condition,3543.0
256,1664,3543.0,out,condition,3543.0
257,1665,3543.0,old,condition,3543.0
258,1665,3543.0,style,condition,3543.0
259,1665,3543.0,aircraft,condition,3543.0
260,1666,3543.0,space,size,3543.0
261,1666,3543.0,was,size,3543.0
262,1666,3543.0,very,size,3543.0
263,1666,3543.0,cramped,size,3543.0
264,1668,3543.0,significantly,condition,3543.0
265,1668,3543.0,more,condition,3543.0
266,1668,3543.0,people,condition,3543.0
267,1696,3553.0,washroom,condition,3553.0
268,1696,3553.0,was,condition,3553.0
269,1696,3553.0,not,condition,3553.0
270,1696,3553.0,even,condition,3553.0
271,1696,3553.0,clean,condition,3553.0
272,1703,3556.0,not,condition,3556.0
273,1703,3556.0,a,condition,3556.0
274,1703,3556.0,clean,condition,3556.0
275,1703,3556.0,maintained,condition,3556.0
276,1709,3558.0,temperature,temperature,3558.0
277,1709,3558.0,was,temperature,3558.0
278,1709,3558.0,very,temperature,3558.0
279,1709,3558.0,low,temperature,3558.0
280,1733,3566.0,cabin,condition,3566.0
281,1733,3566.0,was,condition,3566.0
282,1733,3566.0,completely,condition,3566.0
283,1733,3566.0,full,condition,3566.0
284,1748,3570.0,too,condition,3570.0
285,1748,3570.0,crowded,condition,3570.0
286,1753,3572.0,improve,condition,3572.0
287,1753,3572.0,cleanliness,condition,3572.0
288,1765,3576.0,shabby,condition,3576.0
289,1765,3576.0,condition,condition,3576.0
290,1770,3578.0,non,temperature,3578.0
291,1770,3578.0,working,temperature,3578.0
292,1770,3578.0,air,temperature,3578.0
293,1770,3578.0,conditioning,temperature,3578.0
294,1770,3578.0,cabins,temperature,3578.0
295,1771,3578.0,minimum,temperature,3578.0
296,1771,3578.0,air,temperature,3578.0
297,1771,3578.0,venting,temperature,3578.0
298,1772,3578.0,very,temperature,3578.0
299,1772,3578.0,warm,temperature,3578.0
300,1773,3579.0,ac,temperature,3579.0
301,1773,3579.0,was,temperature,3579.0
302,1773,3579.0,having,temperature,3579.0
303,1773,3579.0,issues,temperature,3579.0
304,1789,3585.0,not,condition,3585.0
305,1789,3585.0,much,condition,3585.0
306,1789,3585.0,privacy,condition,3585.0
307,1808,3593.0,lighter,size,3593.0
308,1808,3593.0,side,size,3593.0
309,1818,3597.0,flight,size,3597.0
310,1818,3597.0,was,size,3597.0
311,1818,3597.0,not,size,3597.0
312,1818,3597.0,full,size,3597.0
313,1881,3621.0,new,condition,3621.0
314,1881,3621.0,and,condition,3621.0
315,1881,3621.0,clean,condition,3621.0
316,1894,3626.0,interiors,condition,3626.0
317,1894,3626.0,were,condition,3626.0
318,1894,3626.0,outdated,condition,3626.0
319,1894,3626.0,and,condition,3626.0
320,1895,3626.0,in,condition,3626.0
321,1895,3626.0,tatters,condition,3626.0
322,1896,3626.0,cabin,fragrance,3626.0
323,1896,3626.0,was,fragrance,3626.0
324,1896,3626.0,very,fragrance,3626.0
325,1896,3626.0,smelly,fragrance,3626.0
326,1913,3632.0,cabin,fragrance,3632.0
327,1913,3632.0,was,fragrance,3632.0
328,1913,3632.0,very,fragrance,3632.0
329,1913,3632.0,fresh,fragrance,3632.0
330,1913,3632.0,and,fragrance,3632.0
331,1913,3632.0,clean,fragrance,3632.0
332,2138,3711.0,very,condition,3711.0
333,2138,3711.0,bad,condition,3711.0
334,2142,3712.0,cramped,size,3712.0
335,2193,3731.0,no,size,3731.0
336,2193,3731.0,carryon,size,3731.0
337,2193,3731.0,overhead,size,3731.0
338,2193,3731.0,space,size,3731.0
339,2197,3733.0,runs,size,3733.0
340,2197,3733.0,out,size,3733.0
341,2197,3733.0,of,size,3733.0
342,2197,3733.0,overhead,size,3733.0
343,2197,3733.0,baggage,size,3733.0
344,2197,3733.0,space,size,3733.0
345,2214,3738.0,looked,condition,3738.0
346,2214,3738.0,brand,condition,3738.0
347,2220,3739.0,well,condition,3739.0
348,2220,3739.0,worth,condition,3739.0
349,2221,3739.0,pretty,condition,3739.0
350,2221,3739.0,modern,condition,3739.0
351,2222,3739.0,tight,size,3739.0
352,2222,3739.0,pitch,size,3739.0
353,2223,3739.0,cheesy,fragrance,3739.0
354,2223,3739.0,smell,fragrance,3739.0
355,2224,3740.0,air,temperature,3740.0
356,2224,3740.0,is,temperature,3740.0
357,2224,3740.0,still,temperature,3740.0
358,2224,3740.0,not,temperature,3740.0
359,2224,3740.0,working,temperature,3740.0
360,2242,3745.0,stuffy,size,3745.0
361,2242,3745.0,small,size,3745.0
362,2264,3751.0,plenty,size,3751.0
363,2264,3751.0,of,size,3751.0
364,2264,3751.0,room,size,3751.0
365,2264,3751.0,for,size,3751.0
366,2264,3751.0,more,size,3751.0
367,2264,3751.0,bags,size,3751.0
368,2282,3858.0,cabin,condition,3858.0
369,2282,3858.0,clean,condition,3858.0
370,2300,3866.0,clean,condition,3866.0
371,2300,3866.0,fresh,condition,3866.0
372,2300,3866.0,and,condition,3866.0
373,2300,3866.0,well,condition,3866.0
374,2300,3866.0,looked,condition,3866.0
375,2318,3871.0,refurbished,condition,3871.0
376,2329,3958.0,cleanliness,condition,3958.0
377,2358,3970.0,ambience,condition,3970.0
378,2376,3975.0,fairly,condition,3975.0
379,2376,3975.0,nice,condition,3975.0
380,2379,3977.0,mighty,condition,3977.0
381,2379,3977.0,clean,condition,3977.0
382,2383,3980.0,clean,condition,3980.0
383,2383,3980.0,up,condition,3980.0
384,2383,3980.0,the,condition,3980.0
385,2383,3980.0,deck,condition,3980.0
386,2384,3981.0,unhygienic,condition,3981.0
387,2399,3987.0,tidy,condition,3987.0
388,2405,3989.0,hot,temperature,3989.0
389,2405,3989.0,desert,temperature,3989.0
390,2405,3989.0,winds,temperature,3989.0
391,2451,4003.0,clean,condition,4003.0
392,2556,4047.0,plenty,size,4047.0
393,2556,4047.0,of,size,4047.0
394,2556,4047.0,space,size,4047.0
395,2573,4055.0,clean,condition,4055.0
396,2577,3755.0,seperate,size,3755.0
397,2577,3755.0,the,size,3755.0
398,2577,3755.0,cabins,size,3755.0
399,2588,3760.0,clean,condition,3760.0
400,2601,3764.0,very,condition,3764.0
401,2601,3764.0,clean,condition,3764.0
402,2604,3765.0,environment,condition,3765.0
403,2604,3765.0,friendly,condition,3765.0
404,2615,3769.0,inflight,condition,3769.0
405,2615,3769.0,comfort,condition,3769.0
406,2617,3771.0,cleanliness,condition,3771.0
407,2617,3771.0,to,condition,3771.0
408,2617,3771.0,comfort,condition,3771.0
409,2617,3771.0,perfect,condition,3771.0
410,2623,3774.0,colourful,condition,3774.0
411,2623,3774.0,and,condition,3774.0
412,2623,3774.0,beautiful,condition,3774.0
413,2627,3777.0,cabin,size,3777.0
414,2627,3777.0,was,size,3777.0
415,2627,3777.0,cramped,size,3777.0
416,2631,3779.0,calming,size,3779.0
417,2644,3784.0,interior,condition,3784.0
418,2644,3784.0,is,condition,3784.0
419,2644,3784.0,fresh,condition,3784.0
420,2650,3786.0,well,condition,3786.0
421,2650,3786.0,maintained,condition,3786.0
422,2650,3786.0,and,condition,3786.0
423,2650,3786.0,clean,condition,3786.0
424,2651,3787.0,cramped,condition,3787.0
425,2662,3792.0,decor,condition,3792.0
426,2663,3792.0,amazed,condition,3792.0
427,2666,3793.0,interior,condition,3793.0
428,2666,3793.0,is,condition,3793.0
429,2666,3793.0,spacious,condition,3793.0
430,2674,3797.0,modern,condition,3797.0
431,2677,3798.0,good,condition,3798.0
432,2678,3798.0,clean,condition,3798.0
433,2678,3798.0,and,condition,3798.0
434,2678,3798.0,tidy,condition,3798.0
435,2690,3802.0,cleanliness,condition,3802.0
436,2691,3802.0,offputting,condition,3802.0
437,2697,3804.0,looked,condition,3804.0
438,2697,3804.0,like,condition,3804.0
439,2697,3804.0,old,condition,3804.0
440,2703,3806.0,clean,condition,3806.0
441,2709,3808.0,colour,condition,3808.0
442,2709,3808.0,scheme,condition,3808.0
443,2718,3811.0,new,condition,3811.0
444,2718,3811.0,and,condition,3811.0
445,2718,3811.0,clean,condition,3811.0
446,2723,3813.0,interior,condition,3813.0
447,2723,3813.0,was,condition,3813.0
448,2723,3813.0,fantastically,condition,3813.0
449,2723,3813.0,decorated,condition,3813.0
450,2729,3815.0,new,condition,3815.0
451,2729,3815.0,cabins,condition,3815.0
452,2731,3816.0,cabins,condition,3816.0
453,2731,3816.0,are,condition,3816.0
454,2731,3816.0,clean,condition,3816.0
455,2736,3818.0,clean,condition,3818.0
456,2740,3819.0,refreshingly,fragrance,3819.0
457,2741,3819.0,lean,size,3819.0
458,2741,3819.0,cabins,size,3819.0
459,2754,3823.0,quite,temperature,3823.0
460,2754,3823.0,warm,temperature,3823.0
461,2755,3823.0,reduce,temperature,3823.0
462,2755,3823.0,the,temperature,3823.0
463,2755,3823.0,temperature,temperature,3823.0
464,2765,3825.0,beautiful,condition,3825.0
465,2765,3825.0,colours,condition,3825.0
466,2769,3826.0,cabin,fragrance,3826.0
467,2769,3826.0,smells,fragrance,3826.0
468,2769,3826.0,good,fragrance,3826.0
469,2770,3826.0,cleaned,condition,3826.0
470,2770,3826.0,thoroughly,condition,3826.0
471,2778,3829.0,wellmaintained,condition,3829.0
472,2778,3829.0,interiors,condition,3829.0
473,2783,3831.0,clean,condition,3831.0
474,2783,3831.0,cabins,condition,3831.0
475,2785,3832.0,cabin,condition,3832.0
476,2785,3832.0,baggage,condition,3832.0
477,2786,3832.0,smells,fragrance,3832.0
478,2786,3832.0,good,fragrance,3832.0
479,2787,3832.0,appears,condition,3832.0
480,2787,3832.0,clean,condition,3832.0
0,13,6.0,spotless,Maintainance,100006.0
1,173,48.0,spacious,Size,100048.0
2,173,48.0,and,Size,100048.0
3,173,48.0,comfortable,Size,100048.0
4,288,75.0,lots,Size,100075.0
5,288,75.0,of,Size,100075.0
6,288,75.0,legroom,Size,100075.0
7,291,76.0,ambience,Maintainance,100076.0
8,291,76.0,and,Maintainance,100076.0
9,291,76.0,quietness,Maintainance,100076.0
10,300,78.0,older,Maintainance,100078.0
11,300,78.0,fit-out,Maintainance,100078.0
12,301,78.0,really,Maintainance,100078.0
13,301,78.0,outdated,Maintainance,100078.0
14,305,79.0,unable,Maintainance,100079.0
15,305,79.0,to,Maintainance,100079.0
16,305,79.0,open,Maintainance,100079.0
17,326,82.0,really,Maintainance,100082.0
18,326,82.0,old,Maintainance,100082.0
19,365,89.0,plenty,Size,100089.0
20,365,89.0,of,Size,100089.0
21,365,89.0,storage,Size,100089.0
22,417,100.0,quietness,Maintainance,100100.0
23,446,111.0,too,Size,100111.0
24,446,111.0,narrow,Size,100111.0
25,461,119.0,too,Size,100119.0
26,461,119.0,narrow,Size,100119.0
27,511,145.0,smell,Fragrance,100145.0
28,511,145.0,everything,Fragrance,100145.0
29,512,145.0,wasn’t,Fragrance,100145.0
30,512,145.0,able,Fragrance,100145.0
31,512,145.0,to,Fragrance,100145.0
32,512,145.0,breath,Fragrance,100145.0
33,533,156.0,neatness,Maintainance,100156.0
34,533,156.0,of,Maintainance,100156.0
35,533,156.0,the,Maintainance,100156.0
36,533,156.0,cabin,Maintainance,100156.0
37,534,156.0,looked,Maintainance,100156.0
38,534,156.0,as,Maintainance,100156.0
39,534,156.0,good,Maintainance,100156.0
40,579,180.0,planes,Maintainance,100180.0
41,579,180.0,were,Maintainance,100180.0
42,579,180.0,clean,Maintainance,100180.0
43,592,189.0,space,Size,100189.0
44,607,197.0,clean,Maintainance,100197.0
45,607,197.0,and,Maintainance,100197.0
46,607,197.0,neat,Maintainance,100197.0
47,1240,824.0,very,Maintainance,100824.0
48,1240,824.0,clean,Maintainance,100824.0
49,1248,827.0,cabin,Maintainance,100827.0
50,1248,827.0,was,Maintainance,100827.0
51,1248,827.0,clean,Maintainance,100827.0
52,1277,842.0,impressed,Size,100842.0
53,1277,842.0,by,Size,100842.0
54,1277,842.0,space,Size,100842.0
55,1277,842.0,comfort,Size,100842.0
56,1278,842.0,cleanliness,Maintainance,100842.0
57,1280,844.0,ac,Temperature,100844.0
58,1280,844.0,very,Temperature,100844.0
59,1280,844.0,strong,Temperature,100844.0
60,1327,868.0,nothing,Maintainance,100868.0
61,1327,868.0,fancy,Maintainance,100868.0
62,1345,878.0,clean,Maintainance,100878.0
63,1345,878.0,and,Maintainance,100878.0
64,1345,878.0,tidy,Maintainance,100878.0
65,1355,883.0,reasonably,Maintainance,100883.0
66,1355,883.0,new,Maintainance,100883.0
67,1360,886.0,newish,Maintainance,100886.0
68,1361,886.0,clean,Maintainance,100886.0
69,1362,886.0,temperature,Temperature,100886.0
70,1362,886.0,of,Temperature,100886.0
71,1362,886.0,the,Temperature,100886.0
72,1362,886.0,cabin,Temperature,100886.0
73,1363,886.0,cold,Temperature,100886.0
74,1372,890.0,empty,Maintainance,100890.0
75,1372,890.0,cans,Maintainance,100890.0
76,1372,890.0,lying,Maintainance,100890.0
77,1381,893.0,quiet,Maintainance,100893.0
78,1405,911.0,clean,Maintainance,100911.0
79,1413,916.0,planes,Maintainance,100916.0
80,1413,916.0,are,Maintainance,100916.0
81,1413,916.0,clean,Maintainance,100916.0
82,2060,1550.0,can’t,Fragrance,101550.0
83,2060,1550.0,breathe,Fragrance,101550.0
84,2064,1553.0,aisles,Size,101553.0
85,2064,1553.0,were,Size,101553.0
86,2064,1553.0,so,Size,101553.0
87,2064,1553.0,narrow,Size,101553.0
88,2082,1564.0,relatively,Size,101564.0
89,2082,1564.0,new,Size,101564.0
90,2082,1564.0,wide,Size,101564.0
91,2082,1564.0,body,Size,101564.0
92,2091,1568.0,bathrooms,Maintainance,101568.0
93,2091,1568.0,were,Maintainance,101568.0
94,2091,1568.0,keep,Maintainance,101568.0
95,2091,1568.0,cleaner,Maintainance,101568.0
96,2091,1568.0,throughout,Maintainance,101568.0
97,2092,1568.0,everything,Maintainance,101568.0
98,2092,1568.0,was,Maintainance,101568.0
99,2092,1568.0,cleaner,Maintainance,101568.0
100,2111,1579.0,lots,Size,101579.0
101,2111,1579.0,of,Size,101579.0
102,2111,1579.0,room,Size,101579.0
103,2150,1603.0,ample,Size,101603.0
104,2150,1603.0,overhead,Size,101603.0
105,2150,1603.0,bin,Size,101603.0
106,2150,1603.0,space,Size,101603.0
107,2200,1631.0,lane,Maintainance,101631.0
108,2200,1631.0,is,Maintainance,101631.0
109,2200,1631.0,old,Maintainance,101631.0
110,2200,1631.0,creaky,Maintainance,101631.0
111,2201,1631.0,barely,Size,101631.0
112,2201,1631.0,enough,Size,101631.0
113,2201,1631.0,space,Size,101631.0
114,2201,1631.0,to,Size,101631.0
115,2201,1631.0,walk,Size,101631.0
116,2830,2255.0,plane,Maintainance,102255.0
117,2830,2255.0,was,Maintainance,102255.0
118,2830,2255.0,clean,Maintainance,102255.0
119,2846,2264.0,good,Maintainance,102264.0
120,2846,2264.0,clean,Maintainance,102264.0
121,2846,2264.0,cabin,Maintainance,102264.0
122,2853,2267.0,nice,Maintainance,102267.0
123,2853,2267.0,accommodations,Maintainance,102267.0
124,2860,2271.0,newer,Maintainance,102271.0
125,2867,2276.0,cleanliness,Maintainance,102276.0
126,2867,2276.0,tables,Maintainance,102276.0
127,2867,2276.0,were,Maintainance,102276.0
128,2867,2276.0,filthy,Maintainance,102276.0
129,2868,2276.0,lights,Maintainance,102276.0
130,2868,2276.0,in,Maintainance,102276.0
131,2868,2276.0,ceiling,Maintainance,102276.0
132,2868,2276.0,were,Maintainance,102276.0
133,2868,2276.0,out,Maintainance,102276.0
134,2868,2276.0,of,Maintainance,102276.0
135,2868,2276.0,order,Maintainance,102276.0
136,2876,2281.0,nice,Maintainance,102281.0
137,2876,2281.0,cabin,Maintainance,102281.0
138,2895,2288.0,cabin,Temperature,102288.0
139,2895,2288.0,well,Temperature,102288.0
140,2895,2288.0,ventilated,Temperature,102288.0
141,2896,2288.0,toilet,Maintainance,102288.0
142,2896,2288.0,clean,Maintainance,102288.0
143,2897,2289.0,clean,Maintainance,102289.0
144,2897,2289.0,and,Maintainance,102289.0
145,2897,2289.0,correctly,Maintainance,102289.0
146,2897,2289.0,managed,Maintainance,102289.0
147,2897,2289.0,common,Maintainance,102289.0
148,2897,2289.0,places,Maintainance,102289.0
149,2915,2301.0,nice,Maintainance,102301.0
150,2915,2301.0,and,Maintainance,102301.0
151,2915,2301.0,quiet,Maintainance,102301.0
152,2915,2301.0,flight,Maintainance,102301.0
153,2916,2302.0,clean,Maintainance,102302.0
154,2918,2303.0,it,Size,102303.0
155,2918,2303.0,was,Size,102303.0
156,2918,2303.0,cramped,Size,102303.0
157,2939,2314.0,plane,Maintainance,102314.0
158,2939,2314.0,was,Maintainance,102314.0
159,2939,2314.0,modern,Maintainance,102314.0
160,2940,2314.0,clean,Maintainance,102314.0
161,2952,2320.0,plane,Maintainance,102320.0
162,2952,2320.0,was,Maintainance,102320.0
163,2952,2320.0,clean,Maintainance,102320.0
164,2953,2320.0,nothing,Maintainance,102320.0
165,2953,2320.0,worn,Maintainance,102320.0
166,2953,2320.0,or,Maintainance,102320.0
167,2953,2320.0,broken,Maintainance,102320.0
168,2961,2326.0,nice,Maintainance,102326.0
169,2961,2326.0,clean,Maintainance,102326.0
170,2961,2326.0,plane,Maintainance,102326.0
171,2967,2329.0,completely,Maintainance,102329.0
172,2967,2329.0,taken,Maintainance,102329.0
173,2967,2329.0,aback,Maintainance,102329.0
174,2967,2329.0,when,Maintainance,102329.0
175,2967,2329.0,i,Maintainance,102329.0
176,2967,2329.0,saw,Maintainance,102329.0
177,2967,2329.0,the,Maintainance,102329.0
178,2967,2329.0,flight,Maintainance,102329.0
179,2967,2329.0,interiors,Maintainance,102329.0
180,2969,2331.0,toilet,Maintainance,102331.0
181,2969,2331.0,malfunction,Maintainance,102331.0
182,2973,2333.0,plane,Maintainance,102333.0
183,2973,2333.0,was,Maintainance,102333.0
184,2973,2333.0,very,Maintainance,102333.0
185,2973,2333.0,nice,Maintainance,102333.0
186,2999,2348.0,full,Maintainance,102348.0
187,2999,2348.0,and,Maintainance,102348.0
188,2999,2348.0,big,Maintainance,102348.0
189,2999,2348.0,plane,Maintainance,102348.0
190,3628,2972.0,really,Maintainance,102972.0
191,3628,2972.0,old,Maintainance,102972.0
192,3628,2972.0,plane,Maintainance,102972.0
193,3633,2976.0,washrooms,Size,102976.0
194,3633,2976.0,were,Size,102976.0
195,3633,2976.0,spacious,Size,102976.0
196,3634,2976.0,clean,Maintainance,102976.0
197,3641,2983.0,toilets,Maintainance,102983.0
198,3641,2983.0,clean,Maintainance,102983.0
199,4358,726.0,new,Maintainance,200726.0
200,4358,726.0,aircrafts,Maintainance,200726.0
201,4361,729.0,leg,size,200729.0
202,4361,729.0,space,size,200729.0
203,4361,729.0,was,size,200729.0
204,4361,729.0,superior,size,200729.0
205,4362,729.0,ample,size,200729.0
206,4362,729.0,room,size,200729.0
207,4363,730.0,more,size,200730.0
208,4363,730.0,space,size,200730.0
209,4371,736.0,leg,size,200736.0
210,4371,736.0,room,size,200736.0
211,4371,736.0,is,size,200736.0
212,4371,736.0,adequate,size,200736.0
213,4382,741.0,good,size,200741.0
214,4382,741.0,leg,size,200741.0
215,4382,741.0,room,size,200741.0
216,4386,744.0,clean,Maintainance,200744.0
217,4387,744.0,comfy,size,200744.0
218,4389,746.0,plane,Maintainance,200746.0
219,4389,746.0,was,Maintainance,200746.0
220,4389,746.0,clean,Maintainance,200746.0
221,4390,746.0,tidy,Maintainance,200746.0
222,4394,750.0,more,size,200750.0
223,4394,750.0,leg,size,200750.0
224,4394,750.0,room,size,200750.0
225,4396,752.0,extra,size,200752.0
226,4396,752.0,legroom,size,200752.0
227,4398,754.0,more,size,200754.0
228,4398,754.0,leg,size,200754.0
229,4398,754.0,room,size,200754.0
230,4402,758.0,clean,Maintainance,200758.0
231,4402,758.0,flight,Maintainance,200758.0
232,4406,759.0,brilliant,size,200759.0
233,4406,759.0,leg,size,200759.0
234,4406,759.0,room,size,200759.0
235,4417,767.0,more,size,200767.0
236,4417,767.0,room,size,200767.0
237,4442,783.0,clean,Maintainance,200783.0
238,4443,783.0,tidy,Maintainance,200783.0
239,4450,788.0,more,size,200788.0
240,4450,788.0,space,size,200788.0
241,4469,800.0,new,Maintainance,200800.0
242,4469,800.0,aircraft,Maintainance,200800.0
243,4470,800.0,llegroom,size,200800.0
244,5116,1443.0,quiet,maintainance,201443.0
245,5116,1443.0,and,maintainance,201443.0
246,5116,1443.0,smooth,maintainance,201443.0
247,5149,1465.0,legroom,Size,201465.0
248,5149,1465.0,was,Size,201465.0
249,5149,1465.0,good,Size,201465.0
250,5155,1469.0,plane,Size,201469.0
251,5155,1469.0,was,Size,201469.0
252,5155,1469.0,huge,Size,201469.0
253,5157,1469.0,interior,maintainance,201469.0
254,5157,1469.0,designer,maintainance,201469.0
255,5157,1469.0,of,maintainance,201469.0
256,5157,1469.0,this,maintainance,201469.0
257,5157,1469.0,plane,maintainance,201469.0
258,5158,1469.0,bright,maintainance,201469.0
259,5158,1469.0,and,maintainance,201469.0
260,5158,1469.0,yet,maintainance,201469.0
261,5158,1469.0,soothing,maintainance,201469.0
262,5158,1469.0,colors,maintainance,201469.0
263,5159,1470.0,lots,Size,201470.0
264,5159,1470.0,of,Size,201470.0
265,5159,1470.0,space,Size,201470.0
266,5160,1470.0,extra,Size,201470.0
267,5160,1470.0,legroom,Size,201470.0
268,5163,1472.0,freezing,Temperature,201472.0
269,5163,1472.0,cold,Temperature,201472.0
270,5164,1472.0,fumes,Temperature,201472.0
271,5164,1472.0,from,Temperature,201472.0
272,5164,1472.0,refueling,Temperature,201472.0
273,5185,1482.0,cabin,Size,201482.0
274,5185,1482.0,cramped,Size,201482.0
275,5186,1482.0,badly,maintainance,201482.0
276,5186,1482.0,designed,maintainance,201482.0
277,5191,1485.0,clean,maintainance,201485.0
278,5194,1486.0,more,Size,201486.0
279,5194,1486.0,legroom,Size,201486.0
280,5197,1488.0,plenty,Size,201488.0
281,5197,1488.0,of,Size,201488.0
282,5197,1488.0,legroom,Size,201488.0
283,5200,1490.0,loads,Size,201490.0
284,5200,1490.0,of,Size,201490.0
285,5200,1490.0,leg,Size,201490.0
286,5200,1490.0,room,Size,201490.0
287,5207,1495.0,fine,Size,201495.0
288,5207,1495.0,for,Size,201495.0
289,5207,1495.0,leg,Size,201495.0
290,5207,1495.0,room,Size,201495.0
291,5217,1503.0,clean,maintainance,201503.0
292,5218,1503.0,plane,maintainance,201503.0
293,5218,1503.0,seemed,maintainance,201503.0
294,5218,1503.0,new,maintainance,201503.0
295,5234,1512.0,plane,maintainance,201512.0
296,5234,1512.0,was,maintainance,201512.0
297,5234,1512.0,clean,maintainance,201512.0
298,5235,1512.0,well,maintainance,201512.0
299,5235,1512.0,presented,maintainance,201512.0
300,5240,1515.0,plane,maintainance,201515.0
301,5240,1515.0,was,maintainance,201515.0
302,5240,1515.0,ok,maintainance,201515.0
303,5241,1515.0,more,Size,201515.0
304,5241,1515.0,legroom,Size,201515.0
305,5242,1515.0,not,Size,201515.0
306,5242,1515.0,even,Size,201515.0
307,5242,1515.0,a,Size,201515.0
308,5242,1515.0,foot,Size,201515.0
309,5242,1515.0,rest,Size,201515.0
310,5242,1515.0,felt,Size,201515.0
311,5913,2170.0,smaller,maintainance,202170.0
312,5913,2170.0,plane,maintainance,202170.0
313,5919,2174.0,cramming,size,202174.0
314,5920,2174.0,not,size,202174.0
315,5920,2174.0,leaving,size,202174.0
316,5920,2174.0,space,size,202174.0
317,5920,2174.0,for,size,202174.0
318,5920,2174.0,distancing,size,202174.0
319,5933,2183.0,extra,size,202183.0
320,5933,2183.0,fees,size,202183.0
321,5933,2183.0,for,size,202183.0
322,5933,2183.0,the,size,202183.0
323,5933,2183.0,extra,size,202183.0
324,5933,2183.0,legroom,size,202183.0
325,6635,2871.0,dirty,maintainance,202871.0
326,6635,2871.0,plane,maintainance,202871.0
327,6695,2903.0,more,size,202903.0
328,6695,2903.0,legroom,size,202903.0
329,6746,2938.0,modernised,maintainance,202938.0
330,6747,2939.0,clean,maintainance,202939.0
331,6768,2953.0,footrest,maintainance,202953.0
332,6768,2953.0,was,maintainance,202953.0
333,6768,2953.0,broken,maintainance,202953.0
334,6769,2953.0,plane,maintainance,202953.0
335,6769,2953.0,was,maintainance,202953.0
336,6769,2953.0,an,maintainance,202953.0
337,6769,2953.0,old,maintainance,202953.0
338,6772,2956.0,more,maintainance,202956.0
339,6772,2956.0,modern,maintainance,202956.0
340,6776,2959.0,not,size,202959.0
341,6776,2959.0,much,size,202959.0
342,6776,2959.0,legroom,size,202959.0
343,6781,2962.0,quite,maintainance,202962.0
344,6781,2962.0,noisy,maintainance,202962.0
345,6781,2962.0,being,maintainance,202962.0
346,6781,2962.0,behind,maintainance,202962.0
347,6781,2962.0,the,maintainance,202962.0
348,6781,2962.0,engines,maintainance,202962.0
349,6790,2969.0,cabin,maintainance,202969.0
350,6790,2969.0,was,maintainance,202969.0
351,6790,2969.0,really,maintainance,202969.0
352,6790,2969.0,clean,maintainance,202969.0
353,7406,2.0,good,size,200002.0
354,7406,2.0,space,size,200002.0
355,7411,3.0,leg,size,200003.0
356,7411,3.0,space,size,200003.0
357,7411,3.0,is,size,200003.0
358,7411,3.0,very,size,200003.0
359,7411,3.0,less,size,200003.0
360,7412,3.0,neat,maintainance,200003.0
361,7412,3.0,and,maintainance,200003.0
362,7412,3.0,clean,maintainance,200003.0
363,7413,3.0,more,size,200003.0
364,7413,3.0,leg,size,200003.0
365,7413,3.0,spaces,size,200003.0
366,7416,5.0,better,maintainance,200005.0
367,7416,5.0,interiors,maintainance,200005.0
368,7418,6.0,the,size,200006.0
369,7418,6.0,leg,size,200006.0
370,7418,6.0,room,size,200006.0
371,7418,6.0,satisfactory,size,200006.0
372,7420,8.0,enough,size,200008.0
373,7420,8.0,leg,size,200008.0
374,7420,8.0,space,size,200008.0
375,7425,11.0,clean,maintainance,200011.0
376,7425,11.0,and,maintainance,200011.0
377,7425,11.0,efficiently,maintainance,200011.0
378,7425,11.0,managed,maintainance,200011.0
379,7426,12.0,very,size,200012.0
380,7426,12.0,small,size,200012.0
381,7426,12.0,size,size,200012.0
382,7427,12.0,flight,size,200012.0
383,7427,12.0,was,size,200012.0
384,7427,12.0,very,size,200012.0
385,7427,12.0,very,size,200012.0
386,7427,12.0,small,size,200012.0
387,7428,12.0,very,size,200012.0
388,7428,12.0,congested,size,200012.0
389,7429,13.0,not,size,200013.0
390,7429,13.0,enough,size,200013.0
391,7429,13.0,leg,size,200013.0
392,7429,13.0,room,size,200013.0
393,7430,14.0,pretty,maintainance,200014.0
394,7430,14.0,decent,maintainance,200014.0
395,7430,14.0,neat,maintainance,200014.0
396,7431,14.0,colours,maintainance,200014.0
397,7431,14.0,are,maintainance,200014.0
398,7431,14.0,vibrant,maintainance,200014.0
399,7438,17.0,hardly,size,200017.0
400,7438,17.0,any,size,200017.0
401,7438,17.0,leg,size,200017.0
402,7438,17.0,room,size,200017.0
403,7438,17.0,left,size,200017.0
404,7447,23.0,good,size,200023.0
405,7447,23.0,leg,size,200023.0
406,7447,23.0,space,size,200023.0
407,7456,28.0,lots,size,200028.0
408,7456,28.0,of,size,200028.0
409,7456,28.0,leg,size,200028.0
410,7456,28.0,room,size,200028.0
411,7475,38.0,brand,maintainance,200038.0
412,7475,38.0,new,maintainance,200038.0
413,7486,44.0,spotless,maintainance,200044.0
414,7486,44.0,ambience,maintainance,200044.0
415,7503,56.0,clean,maintainance,200056.0
416,7503,56.0,aircraft,maintainance,200056.0
417,7508,59.0,newer,maintainance,200059.0
418,7508,59.0,plane,maintainance,200059.0
419,7509,60.0,new,maintainance,200060.0
420,7521,68.0,aircraft,maintainance,200068.0
421,7521,68.0,was,maintainance,200068.0
422,7521,68.0,nice,maintainance,200068.0
423,7522,68.0,clean,maintainance,200068.0
424,7523,69.0,aircraft,maintainance,200069.0
425,7523,69.0,was,maintainance,200069.0
426,7523,69.0,nice,maintainance,200069.0
427,7524,69.0,clean,maintainance,200069.0
428,7525,70.0,aircraft,maintainance,200070.0
429,7525,70.0,was,maintainance,200070.0
430,7525,70.0,nice,maintainance,200070.0
431,7526,70.0,clean,maintainance,200070.0
