,Unnamed: 0,id,Entertainment,Aspect,id_updated
0,20,2950,entertainment,general,2950
1,20,2950,suite,general,2950
2,24,2951,entertainment,general,2951
3,24,2951,system,general,2951
4,24,2951,poor,general,2951
5,25,2951,bad,audio,2951
6,25,2951,sound,audio,2951
7,26,2951,entertainment,general,2951
8,26,2951,system,general,2951
9,27,2951,smaller,visual,2951
10,27,2951,screens,visual,2951
11,37,2953,entertainment,general,2953
12,37,2953,system,general,2953
13,38,2953,limited,general,2953
14,38,2953,choice,general,2953
15,39,2953,old,visual,2953
16,39,2953,movies,visual,2953
17,106,2962,set,audio,2962
18,106,2962,of,audio,2962
19,106,2962,earphones,audio,2962
20,107,2962,nice,visual,2962
21,107,2962,movie,visual,2962
22,108,2962,tv,visual,2962
23,108,2962,selections,visual,2962
24,109,2962,creens,visual,2962
25,109,2962,were,visual,2962
26,109,2962,big,visual,2962
27,109,2962,too,visual,2962
28,120,2966,headphone,audio,2966
29,120,2966,jack,audio,2966
30,121,2966,twoplug,general,2966
31,121,2966,type,general,2966
32,122,2966,no,general,2966
33,122,2966,adapter,general,2966
34,123,2966,sound,audio,2966
35,123,2966,quality,audio,2966
36,123,2966,poor,audio,2966
37,134,2970,extremely,general,2970
38,134,2970,poor,general,2970
39,134,2970,outdated,general,2970
40,135,2970,nonfunctional,general,2970
41,136,2970,entertainment,general,2970
42,136,2970,system,general,2970
43,315,2996,top,general,2996
44,315,2996,up,general,2996
45,316,2996,entertainment,general,2996
46,317,2996,system,general,2996
47,318,2996,not,general,2996
48,318,2996,work,general,2996
49,392,3012,no,general,3012
50,392,3012,in,general,3012
51,392,3012,flight,general,3012
52,392,3012,entertainment,general,3012
53,417,3019,inflight,general,3019
54,417,3019,entertainment,general,3019
55,419,3019,uncomfortable,general,3019
56,419,3019,to,general,3019
57,419,3019,listen,general,3019
58,422,3020,no,general,3020
59,422,3020,inflight,general,3020
60,422,3020,entertainment,general,3020
61,423,3020,small,visual,3020
62,423,3020,but,visual,3020
63,423,3020,decent,visual,3020
64,423,3020,selection,visual,3020
65,423,3020,of,visual,3020
66,423,3020,movies,visual,3020
67,424,3020,seat,general,3020
68,424,3020,entertainment,general,3020
69,424,3020,system,general,3020
70,425,3020,watch,visual,3020
71,425,3020,a,visual,3020
72,425,3020,movie,visual,3020
73,450,3026,screen,visual,3026
74,450,3026,and,general,3026
75,450,3026,usb,general,3026
76,450,3026,plug,general,3026
77,451,3026,no,general,3026
78,451,3026,power,general,3026
79,451,3026,socket,general,3026
80,452,3026,wifi,general,3026
81,453,3026,earbuds,audio,3026
82,500,3036,complimentary,audio,3036
83,500,3036,earphone,audio,3036
84,501,3036,inflight,general,3036
85,501,3036,entertainment,general,3036
86,502,3036,ames,general,3036
87,502,3036,and,general,3036
88,502,3036,puzzles,general,3036
89,503,3037,greater,visual,3037
90,503,3037,movie,visual,3037
91,503,3037,selection,visual,3037
92,591,3159,network,visual,3159
93,591,3159,streaming,visual,3159
94,591,3159,movietv,visual,3159
95,632,3173,no,general,3173
96,632,3173,in,general,3173
97,632,3173,flight,general,3173
98,632,3173,entertainment,general,3173
99,649,3179,inflight,general,3179
100,649,3179,magazine,general,3179
101,650,3179,great,general,3179
102,651,3179,inflight,general,3179
103,651,3179,entertainment,general,3179
104,652,3179,must,general,3179
105,652,3179,improve,general,3179
106,671,3185,tv,visual,3185
107,671,3185,screen,visual,3185
108,672,3185,map,visual,3185
109,787,3257,no,visual,3257
110,787,3257,inflight,general,3257
111,787,3257,entertainment,visual,3257
112,787,3257,screen,visual,3257
113,897,3298,no,general,3298
114,897,3298,entertainment,general,3298
115,897,3298,system,general,3298
116,1003,3341,earplugs,audio,3341
117,1046,3355,the,general,3355
118,1046,3355,entertainment,general,3355
119,1046,3355,selection,general,3355
120,1058,3358,entertainment,general,3358
121,1058,3358,system,general,3358
122,1058,3358,broke,general,3358
123,1058,3358,down,general,3358
124,1093,3366,an,general,3366
125,1093,3366,ample,general,3366
126,1093,3366,selection,general,3366
127,1094,3366,inflight,general,3366
128,1094,3366,entertainment,general,3366
129,1094,3366,system,general,3366
130,1118,3373,entertainment,general,3373
131,1118,3373,system,general,3373
132,1119,3373,issue,general,3373
133,1120,3373,did,visual,3373
134,1120,3373,not,visual,3373
135,1120,3373,even,visual,3373
136,1120,3373,have,visual,3373
137,1120,3373,screens,visual,3373
138,1121,3373,ot,audio,3373
139,1121,3373,one,audio,3373
140,1121,3373,of,audio,3373
141,1121,3373,the,audio,3373
142,1121,3373,headphone,audio,3373
143,1121,3373,jacks,audio,3373
144,1170,3389,worst,general,3389
145,1170,3389,entertainment,general,3389
146,1170,3389,system,general,3389
147,1171,3389,five,visual,3389
148,1171,3389,minutes,visual,3389
149,1171,3389,of,visual,3389
150,1171,3389,ads,visual,3389
151,1172,3389,music,audio,3389
152,1172,3389,compilations,audio,3389
153,1173,3390,entertainment,general,3390
154,1174,3390,better,general,3390
155,1175,3390,entertainment,general,3390
156,1233,3406,no,general,3406
157,1233,3406,inflight,general,3406
158,1233,3406,entertainment,general,3406
159,1265,3411,entertainment,general,3411
160,1265,3411,was,general,3411
161,1265,3411,pretty,general,3411
162,1265,3411,mediocre,general,3411
163,1280,3413,entertainment,visual,3413
164,1280,3413,screens,visual,3413
165,1280,3413,failed,visual,3413
166,1281,3413,ntertainment,general,3413
167,1281,3413,systems,general,3413
168,1281,3413,still,general,3413
169,1281,3413,not,general,3413
170,1281,3413,working,general,3413
171,1313,3424,entertainment,general,3424
172,1314,3424,not,general,3424
173,1314,3424,fully,general,3424
174,1314,3424,functional,general,3424
175,1321,3426,in,general,3426
176,1321,3426,flight,general,3426
177,1321,3426,entertainment,general,3426
178,1321,3426,easy,general,3426
179,1322,3426,good,visual,3426
180,1322,3426,selection,visual,3426
181,1322,3426,of,visual,3426
182,1322,3426,films,visual,3426
183,1343,3433,screen,visual,3433
184,1343,3433,didnt,visual,3433
185,1343,3433,work,visual,3433
186,1348,3435,excellent,general,3435
187,1348,3435,number,general,3435
188,1348,3435,of,general,3435
189,1348,3435,choices,general,3435
190,1349,3435,very,visual,3435
191,1349,3435,large,visual,3435
192,1349,3435,screens,visual,3435
193,1350,3435,two,visual,3435
194,1350,3435,films,visual,3435
195,1369,3442,remote,general,3442
196,1369,3442,control,general,3442
197,1389,3451,inflight,general,3451
198,1389,3451,entertainment,general,3451
199,1390,3451,great,general,3451
200,1391,3451,movies,visual,3451
201,1391,3451,old,visual,3451
202,1409,3459,small,visual,3459
203,1409,3459,nonworking,visual,3459
204,1409,3459,screens,visual,3459
205,1416,3462,old,visual,3462
206,1416,3462,screen,visual,3462
207,1416,3462,panel,visual,3462
208,1417,3462,inflight,general,3462
209,1417,3462,entertainment,general,3462
210,1418,3462,disastrous,general,3462
211,1419,3462,more,general,3462
212,1419,3462,movies,visual,3462
213,1420,3462,touch,visual,3462
214,1420,3462,screen,visual,3462
215,1421,3462,nontouchsensitive,general,3462
216,1422,3462,screen,visual,3462
217,1422,3462,pivot,visual,3462
218,1423,3462,broken,visual,3462
219,1426,3464,remote,general,3464
220,1426,3464,control,general,3464
221,1426,3464,was,general,3464
222,1426,3464,broken,general,3464
223,1431,3465,inflight,general,3465
224,1431,3465,entertainment,general,3465
225,1431,3465,was,general,3465
226,1431,3465,good,general,3465
227,1438,3467,quiet,visual,3467
228,1438,3467,large,visual,3467
229,1438,3467,entertainment,visual,3467
230,1438,3467,screen,visual,3467
231,1439,3467,many,visual,3467
232,1439,3467,movies,visual,3467
233,1439,3467,and,visual,3467
234,1439,3467,music,audio,3467
235,1439,3467,albums,audio,3467
236,1458,3476,entertainment,general,3476
237,1459,3476,ok,general,3476
238,1460,3476,new,audio,3476
239,1460,3476,albums,audio,3476
240,1460,3476,by,audio,3476
241,1460,3476,french,audio,3476
242,1460,3476,stars,audio,3476
243,1467,3479,screen,visual,3479
244,1467,3479,swings,visual,3479
245,1468,3479,ok,visual,3479
246,1468,3479,in,visual,3479
247,1468,3479,siz,visual,3479
248,1469,3479,movies,visual,3479
249,1469,3479,was,visual,3479
250,1469,3479,an,visual,3479
251,1469,3479,ok,visual,3479
252,1469,3479,selectio,visual,3479
253,1473,3482,tiny,visual,3482
254,1473,3482,screen,visual,3482
255,1474,3482,same,visual,3482
256,1474,3482,movie,visual,3482
257,1482,3487,entertainment,general,3487
258,1482,3487,system,general,3487
259,1482,3487,is,general,3487
260,1482,3487,good,general,3487
261,1482,3487,and,general,3487
262,1482,3487,easy,general,3487
263,1483,3487,arabic,general,3487
264,1483,3487,programs,general,3487
265,1490,3490,entertainment,general,3490
266,1490,3490,was,general,3490
267,1490,3490,awful,general,3490
268,1491,3490,not,visual,3490
269,1491,3490,see,visual,3490
270,1491,3490,a,visual,3490
271,1491,3490,movie,visual,3490
272,1492,3490,blurred,visual,3490
273,1497,3493,no,general,3493
274,1497,3493,inflight,general,3493
275,1497,3493,entertainment,general,3493
276,1501,3495,no,general,3495
277,1501,3495,entertainment,general,3495
278,1502,3496,good,general,3496
279,1502,3496,quality,general,3496
280,1502,3496,with,general,3496
281,1502,3496,decent,general,3496
282,1502,3496,content,general,3496
283,1502,3496,movies,visual,3496
284,1502,3496,series,general,3496
285,1502,3496,music,audio,3496
286,1502,3496,games,general,3496
287,1503,3496,interactive,visual,3496
288,1503,3496,map,visual,3496
289,1512,3500,entertainment,general,3500
290,1512,3500,system,general,3500
291,1512,3500,was,general,3500
292,1512,3500,a,general,3500
293,1512,3500,huge,general,3500
294,1512,3500,surprise,general,3500
295,1513,3500,variety,visual,3500
296,1513,3500,of,visual,3500
297,1513,3500,tv,visual,3500
298,1513,3500,shows,visual,3500
299,1513,3500,and,visual,3500
300,1513,3500,movies,visual,3500
301,1517,3502,screens,visual,3502
302,1517,3502,looked,visual,3502
303,1517,3502,like,visual,3502
304,1517,3502,my,visual,3502
305,1517,3502,old,visual,3502
306,1517,3502,palm,visual,3502
307,1519,3503,entertainment,general,3503
308,1519,3503,system,general,3503
309,1519,3503,was,general,3503
310,1519,3503,old,general,3503
311,1520,3503,bad,general,3503
312,1520,3503,quality,general,3503
313,1521,3503,movie,visual,3503
314,1521,3503,selection,visual,3503
315,1521,3503,was,visual,3503
316,1521,3503,poor,visual,3503
317,1527,3506,dull,general,3506
318,1528,3506,system,general,3506
319,1534,3508,entertainment,general,3508
320,1534,3508,system,general,3508
321,1535,3508,old,general,3508
322,1536,3508,malfunctioning,general,3508
323,1537,3508,terrible,general,3508
324,1537,3508,quality,general,3508
325,1538,3509,in,general,3509
326,1538,3509,flight,general,3509
327,1538,3509,entertainment,general,3509
328,1539,3509,not,general,3509
329,1539,3509,bad,general,3509
330,1543,3511,system,general,3511
331,1543,3511,was,general,3511
332,1543,3511,ok,general,3511
333,1544,3511,choices,general,3511
334,1544,3511,seemed,general,3511
335,1544,3511,limited,general,3511
336,1549,3512,inflight,general,3512
337,1549,3512,entertainment,general,3512
338,1549,3512,selection,general,3512
339,1549,3512,was,general,3512
340,1549,3512,not,general,3512
341,1549,3512,bad,general,3512
342,1550,3512,limited,general,3512
343,1586,3523,great,general,3523
344,1586,3523,flight,general,3523
345,1586,3523,entertainment,general,3523
346,1591,3525,system,general,3525
347,1591,3525,is,general,3525
348,1591,3525,good,general,3525
349,1591,3525,to,general,3525
350,1591,3525,handle,general,3525
351,1592,3525,big,visual,3525
352,1592,3525,variety,visual,3525
353,1592,3525,of,visual,3525
354,1592,3525,movies,visual,3525
355,1592,3525,and,visual,3525
356,1592,3525,music,audio,3525
357,1595,3526,outdated,general,3526
358,1601,3528,variety,visual,3528
359,1601,3528,of,visual,3528
360,1601,3528,entertainment,visual,3528
361,1646,3540,flight,general,3540
362,1646,3540,entertainment,general,3540
363,1647,3540,poor,visual,3540
364,1647,3540,selection,visual,3540
365,1648,3540,clunky,visual,3540
366,1648,3540,system,visual,3540
367,1649,3540,watch,visual,3540
368,1649,3540,adverts,visual,3540
369,1654,3541,no,visual,3541
370,1654,3541,touch,visual,3541
371,1654,3541,screen,visual,3541
372,1655,3541,unclear,visual,3541
373,1655,3541,screen,visual,3541
374,1656,3541,poor,audio,3541
375,1656,3541,sound,audio,3541
376,1659,3542,inflight,general,3542
377,1659,3542,entertainment,general,3542
378,1660,3542,wide,general,3542
379,1660,3542,choice,general,3542
380,1661,3542,movies,visual,3542
381,1661,3542,and,visual,3542
382,1661,3542,music,audio,3542
383,1662,3542,recent,visual,3542
384,1662,3542,releases,visual,3542
385,1669,3544,modern,visual,3544
386,1669,3544,and,visual,3544
387,1669,3544,comfy,visual,3544
388,1669,3544,full,visual,3544
389,1669,3544,hd,visual,3544
390,1670,3544,not,visual,3544
391,1670,3544,many,visual,3544
392,1670,3544,hollywood,visual,3544
393,1670,3544,movies,visual,3544
394,1676,3546,screen,visual,3546
395,1676,3546,equipment,visual,3546
396,1676,3546,almost,visual,3546
397,1676,3546,falling,visual,3546
398,1676,3546,apart,visual,3546
399,1696,3553,screens,visual,3553
400,1696,3553,were,visual,3553
401,1696,3553,not,visual,3553
402,1696,3553,working,visual,3553
403,1700,3555,inflight,general,3555
404,1700,3555,entertainment,general,3555
405,1701,3555,worst,general,3555
406,1705,3557,nonworking,general,3557
407,1705,3557,inflight,general,3557
408,1705,3557,entertainment,general,3557
409,1705,3557,systems,general,3557
410,1712,3560,no,general,3560
411,1712,3560,inflight,general,3560
412,1712,3560,entertainment,general,3560
413,1724,3563,malfunctioning,visual,3563
414,1724,3563,screens,visual,3563
415,1725,3563,hoddy,visual,3563
416,1725,3563,screens,visual,3563
417,1736,3567,broken,visual,3567
418,1736,3567,screens,visual,3567
419,1737,3567,not,general,3567
420,1737,3567,working,general,3567
421,1741,3568,no,general,3568
422,1741,3568,inflight,general,3568
423,1741,3568,entertainment,general,3568
424,1742,3568,old,general,3568
425,1742,3568,magazine,general,3568
426,1750,3571,inflight,general,3571
427,1750,3571,entertainment,general,3571
428,1751,3571,headset,visual,3571
429,1751,3571,and,visual,3571
430,1751,3571,screen,visual,3571
431,1751,3571,is,visual,3571
432,1751,3571,not,visual,3571
433,1751,3571,working,visual,3571
434,1756,3573,sufficient,visual,3573
435,1774,3580,ancient,general,3580
436,1774,3580,entertainment,general,3580
437,1774,3580,systems,general,3580
438,1781,3582,entertainment,general,3582
439,1781,3582,system,general,3582
440,1781,3582,did,general,3582
441,1781,3582,not,general,3582
442,1782,3582,work,general,3582
443,1783,3582,outdated,visual,3582
444,1783,3582,movies,visual,3582
445,1784,3582,ntertainment,general,3582
446,1784,3582,systems,general,3582
447,1784,3582,this,general,3582
448,1784,3582,is,general,3582
449,1784,3582,clearly,general,3582
450,1784,3582,not,general,3582
451,1784,3582,acceptable,general,3582
452,1789,3585,entertainment,general,3585
453,1848,3609,headphone,audio,3609
454,1849,3609,werenâ€™t,general,3609
455,1849,3609,working,general,3609
456,1850,3609,no,general,3609
457,1850,3609,entertainment,general,3609
458,1877,3620,entertainment,general,3620
459,1877,3620,system,general,3620
460,1878,3620,not,general,3620
461,1878,3620,work,general,3620
462,1879,3620,take,visual,3620
463,1879,3620,turns,visual,3620
464,1879,3620,to,visual,3620
465,1879,3620,watch,visual,3620
466,1879,3620,movies,visual,3620
467,1894,3626,hollywood,visual,3626
468,1894,3626,section,visual,3626
469,1894,3626,of,visual,3626
470,1894,3626,the,visual,3626
471,1894,3626,entertainment,visual,3626
472,1894,3626,was,visual,3626
473,1894,3626,frozen,visual,3626
474,1906,3631,notworking,visual,3631
475,1906,3631,global,visual,3631
476,1906,3631,map,visual,3631
477,1907,3631,limited,visual,3631
478,1907,3631,selection,visual,3631
479,1907,3631,of,visual,3631
480,1907,3631,new,visual,3631
481,1907,3631,films,visual,3631
482,1921,3637,remotes,general,3637
483,1924,3638,outdated,general,3638
484,1924,3638,inflight,general,3638
485,1924,3638,entertainment,general,3638
486,1924,3638,films,visual,3638
487,1937,3643,watch,visual,3643
488,1937,3643,a,visual,3643
489,1937,3643,movie,visual,3643
490,1944,3645,fabulous,general,3645
491,1948,3646,entertainment,general,3646
492,1948,3646,system,general,3646
493,1948,3646,was,general,3646
494,1948,3646,nonfunctional,general,3646
495,1949,3646,inflight,general,3646
496,1949,3646,maps,visual,3646
497,1950,3646,locations,visual,3646
498,1950,3646,of,visual,3646
499,1950,3646,famous,visual,3646
500,1950,3646,shipwrecks,visual,3646
501,1955,3649,not,general,3649
502,1955,3649,working,general,3649
503,1986,3660,information,visual,3660
504,1986,3660,screen,visual,3660
505,1987,3660,information,visual,3660
506,1987,3660,screen,visual,3660
507,2001,3666,up,general,3666
508,2001,3666,to,general,3666
509,2001,3666,date,general,3666
510,2019,3671,movie,visual,3671
511,2019,3671,selection,visual,3671
512,2019,3671,was,visual,3671
513,2019,3671,great,visual,3671
514,2020,3671,movies,visual,3671
515,2049,3684,onboard,general,3684
516,2049,3684,entertainment,general,3684
517,2049,3684,above,general,3684
518,2049,3684,expected,general,3684
519,2064,3688,great,general,3688
520,2065,3688,remote,general,3688
521,2065,3688,did,general,3688
522,2065,3688,not,general,3688
523,2065,3688,work,general,3688
524,2142,3712,no,visual,3712
525,2142,3712,screens,visual,3712
526,2178,3723,no,general,3723
527,2178,3723,inflight,general,3723
528,2178,3723,entertainment,general,3723
529,2193,3731,no,general,3731
530,2193,3731,entertainment,general,3731
531,2214,3738,large,visual,3738
532,2214,3738,entertainment,visual,3738
533,2214,3738,screen,visual,3738
534,2219,3739,no,general,3739
535,2219,3739,inflight,general,3739
536,2219,3739,entertainment,general,3739
537,2282,3858,no,general,3858
538,2282,3858,inflight,general,3858
539,2282,3858,entertainment,general,3858
540,2285,3860,no,general,3860
541,2285,3860,entertainment,general,3860
542,2295,3864,no,visual,3864
543,2295,3864,personal,visual,3864
544,2295,3864,screens,visual,3864
545,2336,3962,no,general,3962
546,2336,3962,inflight,general,3962
547,2336,3962,entertainment,general,3962
548,2336,3962,service,general,3962
549,2366,3973,no,visual,3973
550,2366,3973,entertainment,visual,3973
551,2366,3973,screen,visual,3973
552,2422,3993,no,general,3993
553,2422,3993,entertainment,general,3993
554,2582,3757,nice,visual,3757
555,2582,3757,collection,visual,3757
556,2582,3757,of,visual,3757
557,2582,3757,movies,visual,3757
558,2582,3757,and,visual,3757
559,2582,3757,shows,visual,3757
560,2582,3757,and,visual,3757
561,2582,3757,music,audio,3757
562,2588,3760,wifi,general,3760
563,2588,3760,streaming,general,3760
564,2604,3765,stream,general,3765
565,2604,3765,content,general,3765
566,2604,3765,to,general,3765
567,2604,3765,personal,general,3765
568,2604,3765,devices,general,3765
569,2637,3781,light,audio,3781
570,2637,3781,music,audio,3781
571,2654,3788,missed,general,3788
572,2654,3788,ife,general,3788
573,2654,3788,system,general,3788
574,2677,3798,a,general,3798
575,2677,3798,lack,general,3798
576,2677,3798,of,general,3798
577,2677,3798,in,general,3798
578,2677,3798,flight,general,3798
579,2677,3798,entertainment,general,3798
580,2690,3802,no,general,3802
581,2690,3802,inflight,general,3802
582,2690,3802,entertainment,general,3802
583,2731,3816,no,general,3816
584,2731,3816,wifi,general,3816
585,2731,3816,or,general,3816
586,2731,3816,monitors,general,3816
587,2776,3828,do,general,3828
588,2776,3828,not,general,3828
589,2776,3828,have,general,3828
590,2776,3828,ife,general,3828
591,2778,3829,not,general,3829
592,2778,3829,yet,general,3829
593,2778,3829,provide,general,3829
594,2778,3829,wifi,general,3829
595,2779,3829,entertainment,general,3829
596,2781,3830,wifi,general,3830
597,2782,3830,wifi,general,3830
598,2782,3830,phone,general,3830
599,2782,3830,streaming,general,3830
600,2785,3832,no,general,3832
601,2785,3832,inflight,general,3832
602,2785,3832,entertainment,general,3832
0,26,10,tv,visual,100010
1,26,10,repeatedly,visual,100010
2,26,10,broke,visual,100010
3,26,10,down,visual,100010
4,115,31,poor,general,100031
5,115,31,movie,visual,100031
6,115,31,and,general,100031
7,115,31,entertainment,general,100031
8,115,31,choices,general,100031
9,116,31,screens,visual,100031
10,116,31,not,visual,100031
11,116,31,working,visual,100031
12,127,34,bord,general,100034
13,127,34,entertainment,general,100034
14,128,34,old,general,100034
15,128,34,and,general,100034
16,128,34,outdated,general,100034
17,129,34,screens,visual,100034
18,129,34,are,visual,100034
19,129,34,n't,visual,100034
20,129,34,good,visual,100034
21,130,34,system,general,100034
22,130,34,is,general,100034
23,130,34,n't,general,100034
24,130,34,good,general,100034
25,145,39,entertainment,general,100039
26,145,39,not,general,100039
27,145,39,working,general,100039
28,146,39,properly,visual,100039
29,146,39,screen,visual,100039
30,146,39,overheated,visual,100039
31,168,46,ife,general,100046
32,168,46,lives,general,100046
33,168,46,up,general,100046
34,168,46,to,general,100046
35,168,46,the,general,100046
36,168,46,hype,general,100046
37,178,49,good,general,100049
38,178,49,inflight,general,100049
39,178,49,entertainment,general,100049
40,180,50,broken,visual,100050
41,180,50,tv,visual,100050
42,180,50,screens,visual,100050
43,210,59,movie,visual,100059
44,211,59,music,audio,100059
45,212,59,massive,general,100059
46,212,59,ife,general,100059
47,212,59,selection,general,100059
48,213,59,large,visual,100059
49,213,59,screens,visual,100059
50,233,64,movie,visual,100064
51,233,64,list,visual,100064
52,233,64,never,visual,100064
53,233,64,end,visual,100064
54,234,64,quality,visual,100064
55,234,64,of,visual,100064
56,234,64,the,visual,100064
57,234,64,picture,visual,100064
58,234,64,is,visual,100064
59,234,64,excellent,visual,100064
60,241,66,ife,general,100066
61,241,66,remote,general,100066
62,241,66,is,general,100066
63,241,66,terrible,general,100066
64,264,69,terribly,general,100069
65,264,69,dysfunctional,general,100069
66,264,69,remote,general,100069
67,265,69,wire,general,100069
68,265,69,had,general,100069
69,265,69,cut,general,100069
70,288,75,ice,general,100075
71,288,75,entertainment,audio,100075
72,288,75,system,audio,100075
73,288,75,has,audio,100075
74,288,75,good,audio,100075
75,288,75,music,audio,100075
76,289,75,doesn,visual,100075
77,289,75,’,visual,100075
78,289,75,t,visual,100075
79,289,75,have,visual,100075
80,289,75,good,visual,100075
81,289,75,tv,visual,100075
82,289,75,shows,visual,100075
83,291,76,dual,visual,100076
84,291,76,ife,general,100076
85,291,76,screen,visual,100076
86,292,76,ife,general,100076
87,292,76,looked,general,100076
88,292,76,fancy,general,100076
89,293,76,was,general,100076
90,293,76,n't,general,100076
91,293,76,that,general,100076
92,293,76,interesting,general,100076
93,294,76,contents,general,100076
94,294,76,of,general,100076
95,294,76,ice,general,100076
96,294,76,did,general,100076
97,294,76,n't,general,100076
98,294,76,live,general,100076
99,294,76,up,general,100076
100,294,76,to,general,100076
101,294,76,its,general,100076
102,294,76,hype,general,100076
103,317,81,monitor,visual,100081
104,318,81,did,visual,100081
105,318,81,not,visual,100081
106,318,81,work,visual,100081
107,326,82,ice,general,100082
108,326,82,version,general,100082
109,327,82,screen,visual,100082
110,327,82,was,visual,100082
111,327,82,very,visual,100082
112,327,82,small,visual,100082
113,328,82,very,general,100082
114,328,82,old,general,100082
115,352,86,enough,visual,100086
116,352,86,movies,visual,100086
117,353,86,keep,general,100086
118,353,86,me,general,100086
119,353,86,entertained,general,100086
120,363,88,inflight,general,100088
121,363,88,entertainment,general,100088
122,364,88,super,general,100088
123,368,90,ife,general,100090
124,369,90,great,general,100090
125,375,92,movie,visual,100092
126,375,92,selection,visual,100092
127,376,92,very,general,100092
128,376,92,limited,general,100092
129,387,94,outdated,general,100094
130,411,98,touch,visual,100098
131,411,98,screen,visual,100098
132,412,98,quite,visual,100098
133,412,98,unresponsive,visual,100098
134,450,113,give,visual,100113
135,450,113,content,visual,100113
136,450,113,access,visual,100113
137,466,121,movie,visual,100121
138,467,121,good,visual,100121
139,478,127,no,general,100127
140,478,127,entertainment,general,100127
141,541,160,could,general,100160
142,541,160,not,general,100160
143,541,160,access,general,100160
144,542,160,free,general,100160
145,542,160,inflight,general,100160
146,542,160,entertainment,general,100160
147,549,165,no,visual,100165
148,549,165,screen,visual,100165
149,549,165,in,visual,100165
150,549,165,front,visual,100165
151,550,166,no,visual,100166
152,550,166,screen,visual,100166
153,582,182,no,general,100182
154,582,182,entertainment,general,100182
155,582,182,screens,visual,100182
156,588,187,entertainment,general,100187
157,588,187,system,general,100187
158,589,187,access,general,100187
159,1302,853,paying,general,100853
160,1302,853,for,general,100853
161,1302,853,in,general,100853
162,1302,853,flight,general,100853
163,1302,853,entertainment,general,100853
164,1321,865,no,visual,100865
165,1321,865,tvs,visual,100865
166,1386,896,no,visual,100896
167,1386,896,in,visual,100896
168,1386,896,house,visual,100896
169,1386,896,movies,visual,100896
170,1394,903,no,general,100903
171,1394,903,entertainment,general,100903
172,1398,906,no,visual,100906
173,1398,906,tv,visual,100906
174,1412,915,really,general,100915
175,1412,915,hard,general,100915
176,2049,1541,movies,visual,101541
177,2049,1541,were,visual,101541
178,2049,1541,great,visual,101541
179,2072,1558,decent,general,101558
180,2072,1558,entertainment,general,101558
181,2072,1558,system,general,101558
182,2081,1563,good,visual,101563
183,2081,1563,selection,visual,101563
184,2081,1563,of,visual,101563
185,2081,1563,current,visual,101563
186,2081,1563,movies,visual,101563
187,2096,1571,headphones,audio,101571
188,2096,1571,helped,audio,101571
189,2111,1579,entertainment,general,101579
190,2111,1579,system,general,101579
191,2112,1579,actually,general,101579
192,2112,1579,entertained,general,101579
193,2112,1579,us,general,101579
194,2143,1597,no,general,101597
195,2143,1597,good,general,101597
196,2144,1597,onboard,general,101597
197,2144,1597,entertainment,general,101597
198,2149,1602,plenty,general,101602
199,2149,1602,of,general,101602
200,2149,1602,choice,general,101602
201,2149,1602,for,general,101602
202,2149,1602,onboard,general,101602
203,2149,1602,entairtainment,general,101602
204,2150,1603,wide,visual,101603
205,2150,1603,selection,visual,101603
206,2150,1603,of,visual,101603
207,2150,1603,movies,visual,101603
208,2163,1608,good,general,101608
209,2163,1608,media,general,101608
210,2163,1608,options,general,101608
211,2190,1628,great,visual,101628
212,2190,1628,selection,visual,101628
213,2190,1628,of,visual,101628
214,2190,1628,movies,visual,101628
215,2827,2253,tv,visual,102253
216,2827,2253,screens,visual,102253
217,2829,2254,tv,visual,102254
218,2829,2254,screen,visual,102254
219,2829,2254,did,visual,102254
220,2829,2254,not,visual,102254
221,2829,2254,work,visual,102254
222,2831,2256,good,visual,102256
223,2831,2256,collection,visual,102256
224,2831,2256,of,visual,102256
225,2831,2256,movies,visual,102256
226,2831,2256,to,visual,102256
227,2831,2256,watch,visual,102256
228,2836,2259,ancient,visual,102259
229,2836,2259,entertainment,visual,102259
230,2836,2259,screen,visual,102259
231,2842,2262,not,general,102262
232,2842,2262,working,general,102262
233,2842,2262,intertainments,general,102262
234,2856,2269,movie,visual,102269
235,2856,2269,choices,visual,102269
236,2856,2269,were,visual,102269
237,2856,2269,lacking,visual,102269
238,2862,2273,very,general,102273
239,2862,2273,high,general,102273
240,2862,2273,standard,general,102273
241,2862,2273,entertainment,general,102273
242,2863,2273,extensive,visual,102273
243,2863,2273,selection,visual,102273
244,2863,2273,of,visual,102273
245,2863,2273,movies,visual,102273
246,2903,2293,choice,general,102293
247,2903,2293,of,general,102293
248,2903,2293,entertainment,general,102293
249,2918,2303,very,visual,102303
250,2918,2303,small,visual,102303
251,2918,2303,tv,visual,102303
252,2918,2303,screens,visual,102303
253,2935,2312,awesome,general,102312
254,2935,2312,entertainment,general,102312
255,2935,2312,screens,visual,102312
256,2935,2312,and,general,102312
257,2935,2312,sound,audio,102312
258,2935,2312,quality,general,102312
259,2955,2322,no,visual,102322
260,2955,2322,tv,visual,102322
261,2956,2322,no,visual,102322
262,2956,2322,tv,visual,102322
263,2956,2322,on,visual,102322
264,2956,2322,board,general,102322
265,2974,2334,movies,visual,102334
266,2992,2345,on,general,102345
267,2992,2345,board,general,102345
268,2992,2345,entertainment,general,102345
269,2992,2345,good,general,102345
270,3000,2349,entertainment,general,102349
271,3000,2349,selection,general,102349
272,3000,2349,was,general,102349
273,3000,2349,ok,general,102349
274,3630,2974,entertainment,audio,102974
275,3630,2974,system,audio,102974
276,3630,2974,audio,audio,102974
277,3630,2974,was,audio,102974
278,3630,2974,not,audio,102974
279,3630,2974,working,audio,102974
280,4342,718,no,general,200718
281,4342,718,seat,general,200718
282,4342,718,back,general,200718
283,4342,718,entertainment,general,200718
284,4358,726,no,general,200726
285,4358,726,real,general,200726
286,4358,726,access,general,200726
287,4358,726,to,general,200726
288,4358,726,internet,general,200726
289,4361,729,movies,visual,200729
290,4363,730,not,general,200730
291,4363,730,any,general,200730
292,4363,730,wifi,general,200730
293,4363,730,available,general,200730
294,4364,730,no,general,200730
295,4364,730,inflight,general,200730
296,4364,730,entertainment,general,200730
297,4374,738,individual,visual,200738
298,4374,738,tv,visual,200738
299,4374,738,screens,visual,200738
300,4384,743,movie,visual,200743
301,4414,764,inflight,general,200764
302,4414,764,entertainment,general,200764
303,4414,764,app,general,200764
304,5136,1459,entertainment,general,201459
305,5136,1459,available,general,201459
306,5137,1459,many,visual,201459
307,5137,1459,movies,visual,201459
308,5137,1459,to,visual,201459
309,5137,1459,choose,visual,201459
310,5187,1483,huge,visual,201483
311,5187,1483,variation,visual,201483
312,5187,1483,of,visual,201483
313,5187,1483,films,visual,201483
314,5191,1485,choices,general,201485
315,5191,1485,were,general,201485
316,5191,1485,limited,general,201485
317,5195,1487,good,visual,201487
318,5195,1487,choice,visual,201487
319,5195,1487,of,visual,201487
320,5195,1487,films,visual,201487
321,5206,1494,seatback,visual,201494
322,5206,1494,screen,visual,201494
323,5206,1494,entertainment,visual,201494
324,5231,1510,good,visual,201510
325,5231,1510,choice,visual,201510
326,5231,1510,of,visual,201510
327,5231,1510,music,audio,201510
328,5231,1510,films,visual,201510
329,5232,1510,inflight,general,201510
330,5232,1510,entertainment,general,201510
331,5234,1512,entertainment,general,201512
332,5234,1512,systems,general,201512
333,5234,1512,were,general,201512
334,5234,1512,fantastic,general,201512
335,5235,1512,wide,general,201512
336,5235,1512,selection,general,201512
337,5235,1512,of,general,201512
338,5235,1512,recent,general,201512
339,5235,1512,and,general,201512
340,5235,1512,classic,general,201512
341,6660,2884,inflight,general,202884
342,6660,2884,entertainment,general,202884
343,6660,2884,was,general,202884
344,6660,2884,quite,general,202884
345,6660,2884,good,general,202884
346,6772,2956,better,visual,202956
347,6772,2956,screens,visual,202956
348,6777,2960,decent,general,202960
349,6777,2960,entertainment,general,202960
350,6779,2961,good,general,202961
351,6779,2961,ife,general,202961
352,6779,2961,function,general,202961
353,7422,10,same,audio,200010
354,7422,10,music,audio,200010
355,7422,10,at,audio,200010
356,7422,10,the,audio,200010
357,7422,10,time,audio,200010
358,7422,10,of,audio,200010
359,7422,10,landing,audio,200010
360,7422,10,and,audio,200010
361,7422,10,takeoff,audio,200010
362,7426,12,no,visual,200012
363,7426,12,entertainment,visual,200012
364,7426,12,screen,visual,200012
365,7443,20,entertainment,general,200020
366,7443,20,was,general,200020
367,7443,20,just,general,200020
368,7443,20,awesome,general,200020
369,7444,20,latest,visual,200020
370,7444,20,movies,visual,200020
371,7445,21,good,audio,200021
372,7445,21,music,audio,200021
373,7447,23,entertainment,general,200023
374,7447,23,option,general,200023
375,7447,23,with,general,200023
376,7447,23,wifi,general,200023
377,7454,27,there,visual,200027
378,7454,27,was,visual,200027
379,7454,27,no,visual,200027
380,7454,27,in,visual,200027
381,7454,27,flight,general,200027
382,7454,27,seat,visual,200027
383,7454,27,tvs,visual,200027
384,7455,27,download,general,200027
385,7455,27,their,general,200027
386,7455,27,app,general,200027
387,7475,38,onboard,general,200038
388,7475,38,wifi,general,200038
389,7476,38,great,general,200038
390,7476,38,innovative,general,200038
391,7476,38,idea,general,200038
392,7482,42,no,general,200042
393,7482,42,inflight,general,200042
394,7482,42,entertainment,general,200042
395,7488,46,wifi,general,200046
396,7488,46,connection,general,200046
397,7512,62,wifi,general,200062
398,7512,62,was,general,200062
399,7512,62,not,general,200062
400,7512,62,working,general,200062
