,Unnamed: 0,id,Food,Aspect,id_updated
0,12,2947,taste,taste,2947
1,24,2951,refreshments,taste,2951
2,25,2951,soft,service,2951
3,25,2951,drink,service,2951
4,26,2951,nonalcoholic,service,2951
5,26,2951,beverages,service,2951
6,27,2951,complimentary,service,2951
7,28,2951,main,service,2951
8,28,2951,meal,service,2951
9,29,2951,small,service,2951
10,29,2951,tub,service,2951
11,29,2951,of,service,2951
12,29,2951,ice,service,2951
13,29,2951,cream,service,2951
14,30,2951,soft,service,2951
15,30,2951,drinks,service,2951
16,30,2951,service,service,2951
17,31,2951,liquid,service,2951
18,31,2951,refreshmen,taste,2951
19,32,2951,catering,service,2951
20,33,2951,vile,service,2951
21,34,2952,on,service,2952
22,34,2952,time,service,2952
23,34,2952,food,service,2952
24,35,2952,delicious,taste,2952
25,36,2952,bit,service,2952
26,36,2952,expensive,service,2952
27,37,2953,buy,service,2953
28,37,2953,wine,service,2953
29,37,2953,or,service,2953
30,37,2953,beer,service,2953
31,38,2953,meal,service,2953
32,38,2953,breakfast,service,2953
33,47,2956,receive,service,2956
34,47,2956,food,service,2956
35,106,2962,chicken,service,2962
36,106,2962,beef,service,2962
37,107,2962,veggie,service,2962
38,108,2962,option,service,2962
39,109,2962,interesting,service,2962
40,109,2962,pastry,service,2962
41,118,2965,drinks,service,2965
42,118,2965,and,service,2965
43,118,2965,food,service,2965
44,119,2965,sale,service,2965
45,120,2966,free,service,2966
46,120,2966,drink,service,2966
47,134,2970,greasy,taste,2970
48,135,2970,nontasty,taste,2970
49,136,2970,meals,service,2970
50,163,2973,limited,service,2973
51,163,2973,food,service,2973
52,164,2973,two,service,2973
53,164,2973,coffee,service,2973
54,164,2973,machines,service,2973
55,165,2973,coffee,service,2973
56,165,2973,costing,service,2973
57,165,2973,extra,service,2973
58,204,2980,drinks,service,2980
59,204,2980,and,service,2980
60,204,2980,snacks,service,2980
61,205,2980,available,service,2980
62,205,2980,for,service,2980
63,205,2980,purchase,service,2980
64,230,2983,bottle,service,2983
65,230,2983,of,service,2983
66,230,2983,water,service,2983
67,231,2983,not,service,2983
68,231,2983,offered,service,2983
69,240,2985,measly,taste,2985
70,241,2985,credit,service,2985
71,242,2985,food,service,2985
72,260,2988,no,service,2988
73,260,2988,water,service,2988
74,261,2988,no,service,2988
75,261,2988,blankets,service,2988
76,275,2990,drinks,service,2990
77,276,2990,limited,service,2990
78,277,2990,no,service,2990
79,277,2990,food,service,2990
80,315,2996,champagne,service,2996
81,316,2996,offered,service,2996
82,317,2996,served,service,2996
83,318,2996,room,temperature,2996
84,318,2996,temperature,temperature,2996
85,319,2996,lukewarm,temperature,2996
86,320,2996,meal,service,2996
87,321,2996,wine,service,2996
88,321,2996,top,service,2996
89,321,2996,up,service,2996
90,326,2998,pay,service,2998
91,326,2998,for,service,2998
92,326,2998,snacks,service,2998
93,327,2998,drinks,service,2998
94,328,2998,served,service,2998
95,328,2998,fast,service,2998
96,328,2998,efficiently,service,2998
97,350,3001,cater,service,3001
98,375,3008,inflight,service,3008
99,375,3008,meal,service,3008
100,376,3008,pretty,service,3008
101,376,3008,decent,service,3008
102,378,3009,food,service,3009
103,394,3013,buy,service,3013
104,394,3013,a,service,3013
105,394,3013,drink,service,3013
106,417,3019,meal,service,3019
107,418,3019,first,service,3019
108,418,3019,meal,service,3019
109,419,3019,not,service,3019
110,419,3019,served,service,3019
111,422,3020,no,service,3020
112,422,3020,complimentary,service,3020
113,422,3020,snacks,service,3020
114,423,3020,drinks,service,3020
115,424,3020,not,service,3020
116,424,3020,even,service,3020
117,424,3020,water,service,3020
118,425,3020,full,service,3020
119,425,3020,dinner,service,3020
120,425,3020,was,service,3020
121,425,3020,served,service,3020
122,426,3020,choice,service,3020
123,427,3020,no,service,3020
124,427,3020,vegetarian,service,3020
125,427,3020,option,service,3020
126,428,3020,soft,service,3020
127,428,3020,drinks,service,3020
128,428,3020,tea,service,3020
129,428,3020,and,service,3020
130,428,3020,coffee,service,3020
131,428,3020,are,service,3020
132,428,3020,complimentary,service,3020
133,429,3020,not,service,3020
134,429,3020,beer,service,3020
135,429,3020,liquor,service,3020
136,429,3020,or,service,3020
137,429,3020,wine,service,3020
138,430,3020,meal,service,3020
139,430,3020,good,service,3020
140,430,3020,value,service,3020
141,431,3021,nice,service,3021
142,431,3021,guinness,service,3021
143,431,3021,pie,service,3021
144,435,3022,upgraded,service,3022
145,435,3022,meals,service,3022
146,446,3025,supply,service,3025
147,446,3025,of,service,3025
148,446,3025,food,service,3025
149,447,3025,sandwich,service,3025
150,448,3025,cake,service,3025
151,448,3025,bar,service,3025
152,449,3025,food,service,3025
153,450,3026,water,service,3026
154,450,3026,bottle,service,3026
155,451,3026,food,service,3026
156,452,3026,best,service,3026
157,453,3026,best,service,3026
158,453,3026,food,service,3026
159,468,3029,offer,service,3029
160,468,3029,complimentary,service,3029
161,468,3029,water,service,3029
162,469,3029,paying,service,3029
163,469,3029,for,service,3029
164,469,3029,drinks,service,3029
165,469,3029,alcoholic,service,3029
166,470,3029,nonalcoholic,service,3029
167,471,3029,food,service,3029
168,472,3029,not,service,3029
169,472,3029,to,service,3029
170,472,3029,offer,service,3029
171,472,3029,free,service,3029
172,472,3029,water,service,3029
173,493,3035,vegetarian,service,3035
174,493,3035,option,service,3035
175,494,3035,meal,service,3035
176,495,3035,snacks,service,3035
177,496,3035,worst,service,3035
178,497,3035,no,service,3035
179,497,3035,drinks,service,3035
180,497,3035,water,service,3035
181,498,3035,coffee,service,3035
182,499,3035,water,service,3035
183,499,3035,and,service,3035
184,499,3035,coffee,service,3035
185,500,3036,meals,service,3036
186,500,3036,frequency,service,3036
187,501,3036,snacks,service,3036
188,501,3036,and,service,3036
189,501,3036,food,service,3036
190,502,3036,variety,service,3036
191,503,3037,pay,service,3037
192,503,3037,for,service,3037
193,503,3037,refreshments,taste,3037
194,517,3040,breakfast,service,3040
195,517,3040,tickets,service,3040
196,518,3040,breakfast,service,3040
197,518,3040,ticket,service,3040
198,519,3040,unusable,taste,3040
199,520,3040,food,service,3040
200,521,3040,buy,service,3040
201,521,3040,snacks,service,3040
202,522,3040,meal,service,3040
203,522,3040,ticket,service,3040
204,523,3040,food,service,3040
205,529,3042,sour,taste,3042
206,529,3042,taste,taste,3042
207,561,3150,paid,service,3150
208,561,3150,for,service,3150
209,561,3150,additional,service,3150
210,561,3150,meals,service,3150
211,567,3153,beef,service,3153
212,567,3153,shawarma,service,3153
213,568,3153,extremely,taste,3153
214,568,3153,tasty,taste,3153
215,569,3154,drink,service,3154
216,569,3154,service,service,3154
217,570,3154,load,service,3154
218,570,3154,of,service,3154
219,570,3154,coffee,service,3154
220,571,3154,red,service,3154
221,571,3154,bull,service,3154
222,572,3154,sandwiches,service,3154
223,587,3158,prepurchased,service,3158
224,587,3158,food,service,3158
225,587,3158,and,service,3158
226,587,3158,beverages,service,3158
227,588,3158,no,service,3158
228,588,3158,alcoholic,service,3158
229,588,3158,beverages,service,3158
230,591,3159,snacks,service,3159
231,592,3159,coffee,service,3159
232,597,3161,given,service,3161
233,597,3161,water,service,3161
234,597,3161,and,service,3161
235,597,3161,dates,service,3161
236,604,3164,add,service,3164
237,604,3164,some,service,3164
238,604,3164,food,service,3164
239,605,3164,no,service,3164
240,605,3164,food,service,3164
241,606,3164,add,service,3164
242,606,3164,food,service,3164
243,606,3164,later,service,3164
244,627,3171,without,service,3171
245,627,3171,any,service,3171
246,627,3171,water,service,3171
247,632,3173,charging,service,3173
248,632,3173,for,service,3173
249,632,3173,meals,service,3173
250,632,3173,soft,service,3173
251,632,3173,drinks,service,3173
252,649,3179,dutyfree,service,3179
253,649,3179,and,service,3179
254,649,3179,skymeal,service,3179
255,649,3179,magazine,service,3179
256,650,3179,plenty,service,3179
257,650,3179,of,service,3179
258,650,3179,options,service,3179
259,651,3179,food,service,3179
260,651,3179,was,taste,3179
261,651,3179,ok,taste,3179
262,653,3180,prebook,service,3180
263,653,3180,my,service,3180
264,653,3180,food,service,3180
265,654,3180,change,service,3180
266,654,3180,my,taste,3180
267,654,3180,uneatable,taste,3180
268,654,3180,meal,service,3180
269,687,3191,buy,service,3191
270,687,3191,some,service,3191
271,687,3191,food,service,3191
272,691,3193,buy,service,3193
273,691,3193,even,service,3193
274,691,3193,water,service,3193
275,692,3193,without,service,3193
276,692,3193,water,service,3193
277,695,3195,sell,service,3195
278,695,3195,you,service,3195
279,695,3195,food,service,3195
280,697,3196,free,service,3196
281,697,3196,meal,service,3196
282,712,3201,easy,service,3201
283,712,3201,catering,service,3201
284,782,3255,taste,taste,3255
285,782,3255,of,taste,3255
286,782,3255,food,service,3255
287,782,3255,is,taste,3255
288,782,3255,good,taste,3255
289,787,3257,no,service,3257
290,787,3257,free,service,3257
291,787,3257,meal,service,3257
292,788,3257,no,service,3257
293,788,3257,free,service,3257
294,788,3257,water,service,3257
295,795,3260,teriyaki,service,3260
296,795,3260,chicken,service,3260
297,795,3260,rice,service,3260
298,795,3260,and,service,3260
299,795,3260,curry,taste,3260
300,795,3260,puff,service,3260
301,796,3260,average,taste,3260
302,832,3276,good,taste,3276
303,832,3276,rice,service,3276
304,832,3276,and,taste,3276
305,832,3276,chicken,taste,3276
306,832,3276,not,taste,3276
307,832,3276,dry,taste,3276
308,832,3276,well,taste,3276
309,832,3276,seasoned,taste,3276
310,834,3277,ordered,service,3277
311,835,3277,bad,taste,3277
312,836,3277,the,taste,3277
313,836,3277,rice,service,3277
314,836,3277,and,taste,3277
315,836,3277,chicken,taste,3277
316,836,3277,were,taste,3277
317,836,3277,super,taste,3277
318,836,3277,dry,taste,3277
319,836,3277,sauce,taste,3277
320,836,3277,too,taste,3277
321,836,3277,watery,taste,3277
322,836,3277,and,taste,3277
323,836,3277,taste,taste,3277
324,836,3277,like,taste,3277
325,836,3277,soy,taste,3277
326,836,3277,sauce,taste,3277
327,840,3279,extra,service,3279
328,840,3279,meal,service,3279
329,841,3279,one,service,3279
330,841,3279,meal,service,3279
331,841,3279,served,service,3279
332,844,3281,one,service,3281
333,844,3281,meal,service,3281
334,844,3281,served,service,3281
335,850,3284,purchased,service,3284
336,851,3284,meal,service,3284
337,880,3293,no,service,3293
338,880,3293,free,service,3293
339,880,3293,food,service,3293
340,882,3294,use,service,3294
341,882,3294,paper,service,3294
342,882,3294,box,service,3294
343,884,3294,reusable,service,3294
344,884,3294,spoon,service,3294
345,884,3294,and,service,3294
346,884,3294,forks,service,3294
347,885,3294,taste,taste,3294
348,885,3294,good,taste,3294
349,886,3295,food,service,3295
350,887,3295,pay,service,3295
351,912,3304,food,service,3304
352,912,3304,really,taste,3304
353,912,3304,tasty,taste,3304
354,913,3304,served,service,3304
355,913,3304,hot,temperature,3304
356,914,3304,cheap,service,3304
357,914,3304,price,service,3304
358,918,3306,decent,service,3306
359,918,3306,asian,service,3306
360,918,3306,meals,service,3306
361,922,3308,tasty,taste,3308
362,922,3308,and,taste,3308
363,922,3308,very,taste,3308
364,922,3308,cheap,taste,3308
365,922,3308,food,service,3308
366,928,3311,pasta,service,3311
367,928,3311,was,taste,3311
368,928,3311,miserable,taste,3311
369,928,3311,and,taste,3311
370,928,3311,tasteless,taste,3311
371,948,3318,meal,service,3318
372,949,3318,preordered,service,3318
373,950,3318,pretty,taste,3318
374,950,3318,tasty,taste,3318
375,951,3318,meal,service,3318
376,951,3318,selection,service,3318
377,952,3318,meal,service,3318
378,952,3318,service,service,3318
379,953,3318,quickly,service,3318
380,954,3319,no,service,3319
381,954,3319,free,service,3319
382,954,3319,food,service,3319
383,954,3319,and,service,3319
384,954,3319,not,service,3319
385,954,3319,even,service,3319
386,954,3319,a,service,3319
387,954,3319,free,service,3319
388,954,3319,cup,service,3319
389,954,3319,of,service,3319
390,954,3319,water,service,3319
391,956,3320,tasty,taste,3320
392,956,3320,food,service,3320
393,959,3322,meals,service,3322
394,959,3322,and,service,3322
395,959,3322,drinks,service,3322
396,959,3322,available,service,3322
397,959,3322,at,service,3322
398,959,3322,extra,service,3322
399,959,3322,cost,service,3322
400,961,3323,no,service,3323
401,961,3323,vouchers,service,3323
402,963,3324,mall,service,3324
403,963,3324,extra,service,3324
404,963,3324,charge,service,3324
405,963,3324,and,service,3324
406,963,3324,food,service,3324
407,963,3324,and,service,3324
408,963,3324,water,service,3324
409,965,3325,good,taste,3325
410,965,3325,tasting,taste,3325
411,965,3325,food,service,3325
412,965,3325,and,taste,3325
413,965,3325,water,service,3325
414,965,3325,as,taste,3325
415,965,3325,a,taste,3325
416,965,3325,drink,service,3325
417,971,3328,free,service,3328
418,971,3328,meals,service,3328
419,976,3330,purchase,service,3330
420,976,3330,for,service,3330
421,976,3330,fooddrinks,service,3330
422,985,3336,drinks,service,3336
423,985,3336,sales,service,3336
424,985,3336,trolley,service,3336
425,985,3336,pass,service,3336
426,994,3339,chicken,service,3339
427,994,3339,rice,service,3339
428,995,3339,delicious,taste,3339
429,997,3340,free,service,3340
430,997,3340,meal,service,3340
431,998,3340,preordered,service,3340
432,998,3340,meal,service,3340
433,999,3340,quite,taste,3340
434,999,3340,tasty,taste,3340
435,1011,3345,serving,service,3345
436,1011,3345,all,service,3345
437,1011,3345,the,service,3345
438,1011,3345,meals,service,3345
439,1046,3355,sufficient,service,3355
440,1048,3356,food,service,3356
441,1049,3356,great,service,3356
442,1066,3360,food,service,3360
443,1067,3360,good,service,3360
444,1083,3363,food,service,3363
445,1084,3363,could,service,3363
446,1084,3363,have,service,3363
447,1084,3363,been,service,3363
448,1084,3363,better,service,3363
449,1085,3363,not,service,3363
450,1085,3363,appear,service,3363
451,1085,3363,to,service,3363
452,1085,3363,have,service,3363
453,1085,3363,changed,service,3363
454,1085,3363,their,service,3363
455,1085,3363,menu,service,3363
456,1093,3366,meal,service,3366
457,1093,3366,was,service,3366
458,1093,3366,excellent,service,3366
459,1093,3366,full,service,3366
460,1093,3366,of,service,3366
461,1093,3366,flavour,service,3366
462,1093,3366,quality,service,3366
463,1093,3366,ingredients,service,3366
464,1094,3366,red,service,3366
465,1094,3366,wine,service,3366
466,1095,3366,delicious,taste,3366
467,1096,3367,food,service,3367
468,1097,3367,not,taste,3367
469,1097,3367,good,taste,3367
470,1105,3370,great,taste,3370
471,1105,3370,food,service,3370
472,1110,3371,dinner,service,3371
473,1116,3372,food,service,3372
474,1144,3381,low,service,3381
475,1144,3381,quality,service,3381
476,1145,3381,hardly,taste,3381
477,1145,3381,digestible,taste,3381
478,1146,3381,food,service,3381
479,1151,3383,food,service,3383
480,1151,3383,options,service,3383
481,1151,3383,were,taste,3383
482,1151,3383,suitable,taste,3383
483,1154,3385,wo,service,3385
484,1154,3385,servings,service,3385
485,1154,3385,for,service,3385
486,1154,3385,teacoffee,service,3385
487,1155,3385,one,service,3385
488,1155,3385,for,service,3385
489,1155,3385,water,service,3385
490,1156,3385,meal,service,3385
491,1156,3385,service,service,3385
492,1157,3385,bistro,service,3385
493,1157,3385,menu,service,3385
494,1158,3385,not,service,3385
495,1158,3385,great,service,3385
496,1158,3385,but,service,3385
497,1158,3385,fine,service,3385
498,1159,3385,price,service,3385
499,1159,3385,reasonable,service,3385
500,1170,3389,food,service,3389
501,1170,3389,vegan,service,3389
502,1171,3389,no,taste,3389
503,1171,3389,taste,taste,3389
504,1172,3389,awful,service,3389
505,1172,3389,salad,service,3389
506,1172,3389,and,service,3389
507,1172,3389,cheap,service,3389
508,1172,3389,chocolate,service,3389
509,1172,3389,muffin,service,3389
510,1173,3390,food,service,3390
511,1176,3391,meals,service,3391
512,1177,3391,pathetic,taste,3391
513,1178,3391,served,service,3391
514,1179,3391,plastic,service,3391
515,1179,3391,containers,service,3391
516,1180,3391,virtually,taste,3391
517,1180,3391,tasteless,taste,3391
518,1181,3391,struggle,service,3391
519,1181,3391,to,service,3391
520,1181,3391,tear,service,3391
521,1182,3391,no,service,3391
522,1182,3391,drink,service,3391
523,1183,3391,only,service,3391
524,1183,3391,plastic,service,3391
525,1183,3391,bottles,service,3391
526,1192,3396,special,service,3396
527,1192,3396,meal,service,3396
528,1193,3396,prebooked,service,3396
529,1194,3396,cold,temperature,3396
530,1195,3396,cold,temperature,3396
531,1196,3396,frozen,temperature,3396
532,1197,3396,frozen,temperature,3396
533,1198,3396,slightly,temperature,3396
534,1198,3396,cold,temperature,3396
535,1257,3408,not,service,3408
536,1257,3408,serve,service,3408
537,1257,3408,food,service,3408
538,1257,3408,or,service,3408
539,1257,3408,alcoholic,service,3408
540,1257,3408,drink,service,3408
541,1265,3411,no,service,3411
542,1265,3411,drinks,service,3411
543,1265,3411,order,service,3411
544,1266,3411,no,service,3411
545,1266,3411,champagne,service,3411
546,1267,3411,delicious,taste,3411
547,1268,3411,chick,service,3411
548,1268,3411,pea,service,3411
549,1268,3411,curry,taste,3411
550,1268,3411,mushrooms,service,3411
551,1268,3411,steamed,service,3411
552,1268,3411,spinach,service,3411
553,1268,3411,and,service,3411
554,1268,3411,baked,service,3411
555,1268,3411,tomato,service,3411
556,1269,3411,kitchens,service,3411
557,1270,3411,appalling,service,3411
558,1271,3411,vegan,service,3411
559,1271,3411,food,service,3411
560,1271,3411,served,service,3411
561,1272,3411,croissant,service,3411
562,1273,3411,not,service,3411
563,1273,3411,vegan,service,3411
564,1274,3411,meal,service,3411
565,1274,3411,service,service,3411
566,1275,3411,no,service,3411
567,1275,3411,drink,service,3411
568,1276,3411,red,service,3411
569,1276,3411,wine,service,3411
570,1276,3411,no,service,3411
571,1276,3411,top,service,3411
572,1276,3411,up,service,3411
573,1290,3417,small,service,3417
574,1290,3417,glass,service,3417
575,1290,3417,of,service,3417
576,1290,3417,orange,service,3417
577,1290,3417,juice,service,3417
578,1291,3417,water,service,3417
579,1292,3417,no,service,3417
580,1292,3417,vegetarian,service,3417
581,1292,3417,option,service,3417
582,1293,3418,no,service,3418
583,1293,3418,welcome,service,3418
584,1293,3418,drinks,service,3418
585,1294,3418,good,service,3418
586,1294,3418,selection,service,3418
587,1294,3418,of,service,3418
588,1294,3418,wine,service,3418
589,1294,3418,champagne,service,3418
590,1295,3418,dinner,service,3418
591,1295,3418,was,service,3418
592,1295,3418,acceptable,service,3418
593,1296,3418,poorly,service,3418
594,1296,3418,presented,service,3418
595,1297,3418,excellent,service,3418
596,1297,3418,breakfast,service,3418
597,1298,3418,freshly,taste,3418
598,1298,3418,cooked,service,3418
599,1298,3418,omelette,service,3418
600,1298,3418,service,service,3418
601,1305,3421,food,service,3421
602,1305,3421,was,service,3421
603,1305,3421,good,service,3421
604,1321,3426,excellent,service,3426
605,1321,3426,meal,service,3426
606,1322,3426,good,service,3426
607,1322,3426,choice,service,3426
608,1322,3426,of,service,3426
609,1322,3426,wine,service,3426
610,1322,3426,champagne,service,3426
611,1339,3432,food,service,3432
612,1339,3432,coupon,service,3432
613,1348,3435,beef,service,3435
614,1348,3435,and,service,3435
615,1348,3435,the,service,3435
616,1348,3435,salad,service,3435
617,1348,3435,dessert,service,3435
618,1348,3435,and,service,3435
619,1348,3435,cheese,service,3435
620,1348,3435,with,service,3435
621,1348,3435,a,service,3435
622,1348,3435,glass,service,3435
623,1348,3435,of,service,3435
624,1348,3435,wine,service,3435
625,1348,3435,were,service,3435
626,1348,3435,memorable,service,3435
627,1352,3436,can,service,3436
628,1352,3436,buy,service,3436
629,1352,3436,food,service,3436
630,1360,3439,voucher,service,3439
631,1361,3439,buy,service,3439
632,1361,3439,on,service,3439
633,1361,3439,board,service,3439
634,1361,3439,menu,service,3439
635,1362,3439,limited,service,3439
636,1362,3439,selection,service,3439
637,1375,3445,coupon,service,3445
638,1389,3451,food,service,3451
639,1389,3451,was,taste,3451
640,1389,3451,good,taste,3451
641,1390,3451,amazing,taste,3451
642,1392,3452,food,service,3452
643,1399,3455,ok,service,3455
644,1399,3455,snack,service,3455
645,1400,3455,good,service,3455
646,1400,3455,breakfast,service,3455
647,1401,3455,not,service,3455
648,1401,3455,a,service,3455
649,1401,3455,great,service,3455
650,1401,3455,breakfast,service,3455
651,1407,3458,food,service,3458
652,1407,3458,quality,service,3458
653,1407,3458,was,taste,3458
654,1407,3458,terrible,taste,3458
655,1408,3458,no,service,3458
656,1408,3458,alcohol,service,3458
657,1426,3464,food,service,3464
658,1426,3464,tasted,taste,3464
659,1426,3464,amazingly,taste,3464
660,1427,3464,bland,service,3464
661,1427,3464,appetizers,service,3464
662,1428,3464,fresh,taste,3464
663,1428,3464,fruits,service,3464
664,1438,3467,food,service,3467
665,1438,3467,was,service,3467
666,1438,3467,good,service,3467
667,1447,3471,food,service,3471
668,1447,3471,was,service,3471
669,1447,3471,better,service,3471
670,1449,3472,food,service,3472
671,1449,3472,given,taste,3472
672,1449,3472,was,taste,3472
673,1449,3472,miserable,taste,3472
674,1461,3477,food,service,3477
675,1461,3477,was,service,3477
676,1461,3477,good,service,3477
677,1467,3479,food,service,3479
678,1467,3479,was,service,3479
679,1467,3479,ok,service,3479
680,1473,3482,food,service,3482
681,1473,3482,disgusting,taste,3482
682,1479,3485,sandwiches,service,3485
683,1479,3485,and,service,3485
684,1479,3485,beverages,service,3485
685,1482,3487,ood,service,3487
686,1482,3487,and,service,3487
687,1482,3487,drinks,service,3487
688,1482,3487,are,service,3487
689,1482,3487,very,service,3487
690,1482,3487,limited,service,3487
691,1488,3489,pretty,service,3489
692,1488,3489,fast,service,3489
693,1488,3489,food,service,3489
694,1489,3489,drink,service,3489
695,1490,3490,so,service,3490
696,1490,3490,small,service,3490
697,1490,3490,meals,service,3490
698,1491,3490,overcooked,taste,3490
699,1497,3493,snack,service,3493
700,1497,3493,and,service,3493
701,1497,3493,drink,service,3493
702,1497,3493,were,service,3493
703,1497,3493,adequate,service,3493
704,1502,3496,meals,service,3496
705,1502,3496,dinner,service,3496
706,1502,3496,and,service,3496
707,1502,3496,breakfast,service,3496
708,1502,3496,were,service,3496
709,1502,3496,of,service,3496
710,1502,3496,a,service,3496
711,1502,3496,good,service,3496
712,1502,3496,quality,service,3496
713,1503,3496,a,service,3496
714,1503,3496,bit,service,3496
715,1503,3496,small,service,3496
716,1509,3498,good,service,3498
717,1509,3498,choice,service,3498
718,1509,3498,of,service,3498
719,1509,3498,food,service,3498
720,1512,3500,breakfast,service,3500
721,1513,3500,ok,service,3500
722,1519,3503,meals,service,3503
723,1520,3503,one,service,3503
724,1520,3503,drink,service,3503
725,1521,3503,small,service,3503
726,1521,3503,plastic,service,3503
727,1521,3503,cups,service,3503
728,1522,3503,served,service,3503
729,1522,3503,lunch,service,3503
730,1523,3504,drink,service,3504
731,1523,3504,and,service,3504
732,1523,3504,snack,service,3504
733,1523,3504,transfers,service,3504
734,1527,3506,meal,service,3506
735,1527,3506,service,service,3506
736,1528,3506,strangest,service,3506
737,1529,3506,most,service,3506
738,1529,3506,haphazard,service,3506
739,1529,3506,manner,service,3506
740,1530,3506,room,temperature,3506
741,1530,3506,temperature,temperature,3506
742,1530,3506,food,service,3506
743,1531,3506,aroma,temperature,3506
744,1531,3506,of,temperature,3506
745,1531,3506,food,service,3506
746,1532,3507,voucher,service,3507
747,1543,3511,snack,service,3511
748,1543,3511,was,service,3511
749,1543,3511,served,service,3511
750,1544,3511,micro,service,3511
751,1544,3511,tuna,service,3511
752,1544,3511,sandwich,service,3511
753,1545,3511,breakfast,service,3511
754,1545,3511,was,service,3511
755,1545,3511,served,service,3511
756,1546,3511,choices,service,3511
757,1546,3511,were,service,3511
758,1546,3511,unmemorable,service,3511
759,1547,3511,serve,service,3511
760,1547,3511,a,service,3511
761,1547,3511,snack,service,3511
762,1547,3511,and,service,3511
763,1547,3511,drink,service,3511
764,1549,3512,drink,service,3512
765,1549,3512,and,service,3512
766,1549,3512,a,service,3512
767,1549,3512,snack,service,3512
768,1550,3512,food,service,3512
769,1551,3512,very,service,3512
770,1551,3512,good,service,3512
771,1552,3512,prelanding,service,3512
772,1552,3512,snack,service,3512
773,1553,3512,smallest,service,3512
774,1564,3517,decent,taste,3517
775,1564,3517,food,service,3517
776,1569,3518,quite,taste,3518
777,1569,3518,good,taste,3518
778,1570,3518,champagne,service,3518
779,1570,3518,was,service,3518
780,1570,3518,available,service,3518
781,1586,3523,meal,service,3523
782,1586,3523,was,taste,3523
783,1586,3523,decent,taste,3523
784,1588,3524,meals,service,3524
785,1588,3524,and,service,3524
786,1588,3524,beverages,service,3524
787,1591,3525,snack,service,3525
788,1592,3525,small,service,3525
789,1592,3525,muffins,service,3525
790,1593,3525,extremely,taste,3525
791,1593,3525,tasty,taste,3525
792,1593,3525,and,taste,3525
793,1593,3525,satisfying,taste,3525
794,1594,3525,food,service,3525
795,1594,3525,was,taste,3525
796,1594,3525,not,taste,3525
797,1594,3525,outstanding,service,3525
798,1594,3525,but,taste,3525
799,1594,3525,not,taste,3525
800,1594,3525,bad,taste,3525
801,1595,3526,snack,service,3526
802,1595,3526,and,service,3526
803,1595,3526,then,service,3526
804,1595,3526,a,service,3526
805,1595,3526,breakfast,service,3526
806,1601,3528,food,service,3528
807,1601,3528,was,taste,3528
808,1601,3528,not,taste,3528
809,1601,3528,great,taste,3528
810,1602,3528,alcoholic,service,3528
811,1602,3528,beverage,service,3528
812,1603,3528,drink,service,3528
813,1603,3528,with,service,3528
814,1603,3528,our,service,3528
815,1603,3528,meal,service,3528
816,1604,3528,tiny,service,3528
817,1604,3528,glass,service,3528
818,1604,3528,of,service,3528
819,1604,3528,champagne,service,3528
820,1605,3528,small,service,3528
821,1605,3528,plastic,service,3528
822,1605,3528,bottle,service,3528
823,1612,3531,nice,service,3531
824,1612,3531,breakfast,service,3531
825,1612,3531,available,service,3531
826,1614,3532,croissants,service,3532
827,1614,3532,and,temperature,3532
828,1614,3532,hot,temperature,3532
829,1614,3532,beverages,service,3532
830,1618,3534,champagne,service,3534
831,1619,3534,slow,service,3534
832,1620,3534,dinner,service,3534
833,1620,3534,service,service,3534
834,1621,3534,excellent,service,3534
835,1621,3534,food,service,3534
836,1621,3534,and,service,3534
837,1621,3534,wine,service,3534
838,1622,3534,poor,service,3534
839,1622,3534,breakfast,service,3534
840,1626,3536,vegan,service,3536
841,1626,3536,meal,service,3536
842,1627,3536,vegetarian,service,3536
843,1627,3536,nondairy,service,3536
844,1628,3536,meals,service,3536
845,1628,3536,offered,service,3536
846,1629,3536,vegan,service,3536
847,1630,3536,less,service,3536
848,1630,3536,food,service,3536
849,1631,3536,sandwich,service,3536
850,1631,3536,snack,service,3536
851,1632,3536,looked,service,3536
852,1632,3536,like,service,3536
853,1632,3536,a,service,3536
854,1632,3536,chicken,service,3536
855,1632,3536,sandwich,service,3536
856,1633,3537,food,service,3537
857,1633,3537,was,taste,3537
858,1633,3537,ok,taste,3537
859,1634,3537,food,service,3537
860,1634,3537,ok,taste,3537
861,1635,3537,snack,service,3537
862,1636,3537,enjoyed,taste,3537
863,1638,3538,food,service,3538
864,1638,3538,served,service,3538
865,1641,3539,vegetarian,service,3539
866,1641,3539,meal,service,3539
867,1642,3539,meat,service,3539
868,1643,3539,bread,service,3539
869,1643,3539,yogurt,service,3539
870,1644,3539,second,service,3539
871,1644,3539,meal,service,3539
872,1645,3539,good,service,3539
873,1645,3539,vegetarian,service,3539
874,1645,3539,meal,service,3539
875,1645,3539,option,service,3539
876,1646,3540,food,service,3540
877,1646,3540,was,taste,3540
878,1646,3540,disgusting,taste,3540
879,1647,3540,drinks,service,3540
880,1647,3540,offered,service,3540
881,1648,3540,snacks,service,3540
882,1649,3540,meals,service,3540
883,1650,3540,five,service,3540
884,1650,3540,drinks,service,3540
885,1650,3540,rounds,service,3540
886,1654,3541,dish,service,3541
887,1655,3541,terrible,taste,3541
888,1655,3541,dry,taste,3541
889,1655,3541,tasteless,taste,3541
890,1656,3541,inedible,taste,3541
891,1657,3541,serving,service,3541
892,1657,3541,refreshments,taste,3541
893,1658,3541,raviolis,service,3541
894,1659,3542,food,service,3542
895,1659,3542,quality,service,3542
896,1659,3542,was,taste,3542
897,1659,3542,exquisite,taste,3542
898,1669,3544,food,service,3544
899,1669,3544,was,taste,3544
900,1669,3544,delicious,taste,3544
901,1670,3544,flight,service,3544
902,1670,3544,drinks,service,3544
903,1670,3544,and,service,3544
904,1670,3544,snacks,service,3544
905,1671,3544,a,service,3544
906,1671,3544,drink,service,3544
907,1671,3544,and,service,3544
908,1671,3544,small,service,3544
909,1671,3544,cake,service,3544
910,1672,3545,food,service,3545
911,1673,3545,very,service,3545
912,1673,3545,good,service,3545
913,1674,3545,galley,service,3545
914,1674,3545,in,service,3545
915,1674,3545,kitchen,service,3545
916,1675,3545,complimentary,service,3545
917,1675,3545,snacks,service,3545
918,1675,3545,and,service,3545
919,1675,3545,soft,service,3545
920,1675,3545,drinks,service,3545
921,1676,3546,terrible,taste,3546
922,1676,3546,food,service,3546
923,1677,3547,excellent,service,3547
924,1677,3547,food,service,3547
925,1677,3547,and,service,3547
926,1677,3547,drinks,service,3547
927,1679,3548,food,service,3548
928,1679,3548,was,taste,3548
929,1679,3548,without,taste,3548
930,1679,3548,taste,taste,3548
931,1680,3548,offering,service,3548
932,1680,3548,of,service,3548
933,1680,3548,water,service,3548
934,1681,3548,breakfast,service,3548
935,1682,3548,hot,temperature,3548
936,1683,3548,warm,temperature,3548
937,1683,3548,yogurt,temperature,3548
938,1684,3548,bad,taste,3548
939,1684,3548,juice,service,3548
940,1685,3548,great,taste,3548
941,1685,3548,coffee,taste,3548
942,1686,3548,excellent,taste,3548
943,1686,3548,food,service,3548
944,1686,3548,choices,taste,3548
945,1687,3550,water,service,3550
946,1687,3550,wine,service,3550
947,1700,3555,strong,taste,3555
948,1700,3555,thick,taste,3555
949,1700,3555,curry,taste,3555
950,1700,3555,smell,taste,3555
951,1705,3557,good,service,3557
952,1705,3557,food,service,3557
953,1706,3557,super,service,3557
954,1706,3557,fruga,service,3557
955,1712,3560,quality,service,3560
956,1712,3560,was,service,3560
957,1712,3560,ok,service,3560
958,1712,3560,but,service,3560
959,1712,3560,not,service,3560
960,1712,3560,great,service,3560
961,1720,3562,good,service,3562
962,1720,3562,breakfast,service,3562
963,1721,3562,hot,temperature,3562
964,1721,3562,and,temperature,3562
965,1721,3562,fresh,taste,3562
966,1736,3567,not,service,3567
967,1736,3567,even,service,3567
968,1736,3567,had,service,3567
969,1736,3567,biscuits,service,3567
970,1741,3568,food,service,3568
971,1741,3568,was,taste,3568
972,1741,3568,ridiculous,taste,3568
973,1742,3568,small,service,3568
974,1742,3568,bottle,service,3568
975,1742,3568,of,service,3568
976,1742,3568,water,service,3568
977,1745,3569,ridiculous,taste,3569
978,1746,3569,small,service,3569
979,1746,3569,bottle,service,3569
980,1746,3569,of,service,3569
981,1746,3569,water,service,3569
982,1753,3572,served,service,3572
983,1753,3572,complimentary,service,3572
984,1753,3572,snacks,service,3572
985,1754,3572,no,service,3572
986,1754,3572,alcohol,service,3572
987,1755,3572,only,service,3572
988,1755,3572,veg,service,3572
989,1755,3572,for,service,3572
990,1755,3572,economy,service,3572
991,1756,3573,food,service,3573
992,1756,3573,was,taste,3573
993,1756,3573,terrible,taste,3573
994,1760,3574,breakfast,service,3574
995,1760,3574,service,service,3574
996,1762,3575,beverage,service,3575
997,1762,3575,service,service,3575
998,1763,3575,dinner,service,3575
999,1763,3575,option,service,3575
1000,1764,3575,ok,service,3575
1001,1766,3577,breakfast,service,3577
1002,1766,3577,served,service,3577
1003,1790,3585,delicious,taste,3585
1004,1791,3585,rinks,service,3585
1005,1791,3585,service,service,3585
1006,1791,3585,was,service,3585
1007,1791,3585,limited,service,3585
1008,1801,3590,food,service,3590
1009,1801,3590,was,taste,3590
1010,1801,3590,great,taste,3590
1011,1802,3590,wine,service,3590
1012,1802,3590,free,service,3590
1013,1802,3590,flowing,service,3590
1014,1808,3593,light,service,3593
1015,1808,3593,snack,service,3593
1016,1809,3593,generous,service,3593
1017,1809,3593,in,service,3593
1018,1809,3593,quantity,service,3593
1019,1814,3595,didnâ€™t,service,3595
1020,1814,3595,provide,service,3595
1021,1814,3595,water,service,3595
1022,1814,3595,and,service,3595
1023,1814,3595,blankets,service,3595
1024,1816,3596,biscuit,service,3596
1025,1816,3596,packet,service,3596
1026,1818,3597,hot,temperature,3597
1027,1818,3597,breakfast,service,3597
1028,1824,3600,water,service,3600
1029,1826,3600,never,service,3600
1030,1826,3600,offered,service,3600
1031,1842,3606,no,service,3606
1032,1842,3606,drinks,service,3606
1033,1842,3606,provided,service,3606
1034,1843,3606,need,service,3606
1035,1843,3606,to,service,3606
1036,1843,3606,walk,service,3606
1037,1843,3606,to,service,3606
1038,1843,3606,kitchen,service,3606
1039,1843,3606,and,service,3606
1040,1843,3606,ask,service,3606
1041,1843,3606,for,service,3606
1042,1843,3606,my,service,3606
1043,1843,3606,drink,service,3606
1044,1853,3610,third,service,3610
1045,1853,3610,class,service,3610
1046,1853,3610,food,service,3610
1047,1869,3616,served,service,3616
1048,1869,3616,food,service,3616
1049,1869,3616,boxes,service,3616
1050,1870,3617,meals,service,3617
1051,1871,3617,not,service,3617
1052,1871,3617,been,service,3617
1053,1871,3617,assigned,service,3617
1054,1876,3619,serve,service,3619
1055,1876,3619,sandwiches,service,3619
1056,1877,3620,complimentary,service,3620
1057,1877,3620,dinner,service,3620
1058,1881,3621,food,service,3621
1059,1881,3621,excellent,service,3621
1060,1888,3624,no,service,3624
1061,1888,3624,food,service,3624
1062,1894,3626,ood,service,3626
1063,1894,3626,was,taste,3626
1064,1894,3626,rubbish,taste,3626
1065,1895,3626,small,service,3626
1066,1895,3626,meal,service,3626
1067,1895,3626,was,service,3626
1068,1895,3626,served,service,3626
1069,1897,3627,ood,service,3627
1070,1897,3627,was,service,3627
1071,1897,3627,amazing,service,3627
1072,1898,3628,excellent,service,3628
1073,1898,3628,food,service,3628
1074,1903,3630,full,service,3630
1075,1903,3630,dinner,service,3630
1076,1903,3630,was,service,3630
1077,1903,3630,served,service,3630
1078,1904,3630,tasty,taste,3630
1079,1907,3631,excellent,service,3631
1080,1908,3631,breakfast,service,3631
1081,1909,3631,three,service,3631
1082,1909,3631,choices,service,3631
1083,1910,3631,tasty,taste,3631
1084,1911,3631,good,service,3631
1085,1911,3631,quality,service,3631
1086,1912,3631,two,service,3631
1087,1912,3631,drink,service,3631
1088,1913,3632,breakfast,service,3632
1089,1914,3632,very,taste,3632
1090,1914,3632,tasty,taste,3632
1091,1918,3635,supplied,service,3635
1092,1918,3635,food,service,3635
1093,1933,3642,vegetarian,service,3642
1094,1933,3642,fare,service,3642
1095,1934,3642,mixed,service,3642
1096,1934,3642,vegetables,service,3642
1097,1934,3642,and,service,3642
1098,1934,3642,dal,service,3642
1099,1934,3642,rice,service,3642
1100,1935,3642,food,service,3642
1101,1936,3642,sumptuous,taste,3642
1102,1937,3643,meal,service,3643
1103,1937,3643,services,service,3643
1104,1937,3643,offered,service,3643
1105,1938,3643,refreshments,taste,3643
1106,1939,3643,lunch,service,3643
1107,1940,3643,dinner,service,3643
1108,1941,3643,alcoholic,service,3643
1109,1941,3643,non,service,3643
1110,1941,3643,alcoholic,service,3643
1111,1941,3643,beverages,service,3643
1112,1942,3643,satisfaction,service,3643
1113,1944,3645,light,service,3645
1114,1944,3645,snack,service,3645
1115,1945,3645,drink,service,3645
1116,1946,3645,provided,service,3645
1117,1947,3645,snackbox,service,3645
1118,1948,3646,food,service,3646
1119,1948,3646,served,service,3646
1120,1955,3649,food,service,3649
1121,1955,3649,and,service,3649
1122,1955,3649,drinks,service,3649
1123,1955,3649,at,service,3649
1124,1955,3649,regular,service,3649
1125,1955,3649,intervals,service,3649
1126,1956,3649,hot,temperature,3649
1127,1956,3649,meals,service,3649
1128,1957,3649,refreshments,taste,3649
1129,1958,3649,dinner,service,3649
1130,1958,3649,breakfast,service,3649
1131,1959,3650,refreshments,taste,3650
1132,1959,3650,were,service,3650
1133,1959,3650,served,service,3650
1134,1960,3650,very,taste,3650
1135,1960,3650,sumptuous,taste,3650
1136,2000,3665,meal,service,3665
1137,2000,3665,voucher,service,3665
1138,2001,3666,very,service,3666
1139,2001,3666,good,service,3666
1140,2001,3666,food,service,3666
1141,2019,3671,drink,service,3671
1142,2019,3671,cart,service,3671
1143,2019,3671,constantly,service,3671
1144,2019,3671,moving,service,3671
1145,2019,3671,up,service,3671
1146,2019,3671,and,service,3671
1147,2019,3671,down,service,3671
1148,2020,3671,meal,service,3671
1149,2020,3671,was,taste,3671
1150,2020,3671,quite,taste,3671
1151,2020,3671,delicious,taste,3671
1152,2024,3672,meal,service,3672
1153,2024,3672,vouchers,service,3672
1154,2031,3675,food,service,3675
1155,2031,3675,was,taste,3675
1156,2031,3675,horrible,taste,3675
1157,2032,3675,food,service,3675
1158,2035,3677,tea,service,3677
1159,2035,3677,room,temperature,3677
1160,2045,3682,no,service,3682
1161,2045,3682,meal,service,3682
1162,2045,3682,voucher,service,3682
1163,2049,3684,food,service,3684
1164,2049,3684,was,service,3684
1165,2049,3684,nice,service,3684
1166,2064,3688,great,service,3688
1167,2064,3688,food,service,3688
1168,2065,3688,food,service,3688
1169,2065,3688,awful,taste,3688
1170,2065,3688,terrible,taste,3688
1171,2065,3688,presentation,taste,3688
1172,2065,3688,overcooked,taste,3688
1173,2065,3688,and,taste,3688
1174,2065,3688,tasteless,taste,3688
1175,2069,3691,paying,service,3691
1176,2069,3691,for,service,3691
1177,2069,3691,her,service,3691
1178,2069,3691,meals,service,3691
1179,2100,3700,cup,service,3700
1180,2100,3700,of,service,3700
1181,2100,3700,coffee,service,3700
1182,2138,3711,hot,temperature,3711
1183,2138,3711,coffee,temperature,3711
1184,2142,3712,average,service,3712
1185,2142,3712,food,service,3712
1186,2143,3712,food,service,3712
1187,2143,3712,was,taste,3712
1188,2143,3712,barely,taste,3712
1189,2143,3712,edible,taste,3712
1190,2155,3716,canned,service,3716
1191,2155,3716,drinks,service,3716
1192,2193,3731,no,service,3731
1193,2193,3731,food,service,3731
1194,2193,3731,and,service,3731
1195,2193,3731,drink,service,3731
1196,2214,3738,drink,service,3738
1197,2214,3738,and,service,3738
1198,2214,3738,a,service,3738
1199,2214,3738,snack,service,3738
1200,2219,3739,alcohol,service,3739
1201,2219,3739,perks,service,3739
1202,2263,3750,food,service,3750
1203,2263,3750,voucher,service,3750
1204,2267,3855,inflight,service,3855
1205,2267,3855,meal,service,3855
1206,2268,3855,slapped,service,3855
1207,2268,3855,some,service,3855
1208,2268,3855,leftovers,service,3855
1209,2269,3855,pathetic,taste,3855
1210,2269,3855,excuse,taste,3855
1211,2269,3855,for,taste,3855
1212,2269,3855,a,taste,3855
1213,2269,3855,meal,service,3855
1214,2270,3855,hardly,taste,3855
1215,2270,3855,tolerable,taste,3855
1216,2274,3856,meal,service,3856
1217,2274,3856,was,service,3856
1218,2274,3856,promptly,service,3856
1219,2274,3856,served,service,3856
1220,2275,3856,meal,service,3856
1221,2276,3856,smaller,service,3856
1222,2276,3856,portion,service,3856
1223,2277,3857,meal,service,3857
1224,2277,3857,is,service,3857
1225,2277,3857,better,service,3857
1226,2278,3857,meal,service,3857
1227,2278,3857,choice,service,3857
1228,2279,3857,downgrading,service,3857
1229,2280,3857,street,service,3857
1230,2280,3857,cafe,service,3857
1231,2280,3857,cookie,service,3857
1232,2281,3857,not,taste,3857
1233,2281,3857,tastefu,taste,3857
1234,2282,3858,no,service,3858
1235,2282,3858,drinks,service,3858
1236,2284,3859,deliver,service,3859
1237,2284,3859,a,service,3859
1238,2284,3859,bottle,service,3859
1239,2284,3859,of,service,3859
1240,2284,3859,water,service,3859
1241,2285,3860,food,service,3860
1242,2285,3860,was,service,3860
1243,2285,3860,served,service,3860
1244,2285,3860,in,service,3860
1245,2285,3860,a,service,3860
1246,2285,3860,box,service,3860
1247,2286,3860,fresh,taste,3860
1248,2286,3860,beverage,service,3860
1249,2286,3860,cart,service,3860
1250,2286,3860,service,service,3860
1251,2286,3860,is,service,3860
1252,2286,3860,not,service,3860
1253,2286,3860,available,service,3860
1254,2291,3862,fficient,service,3862
1255,2291,3862,special,service,3862
1256,2291,3862,meals,service,3862
1257,2292,3862,lowlactose,service,3862
1258,2292,3862,me,service,3862
1259,2293,3862,wellprepared,service,3862
1260,2293,3862,fish,service,3862
1261,2294,3863,meal,service,3863
1262,2294,3863,is,taste,3863
1263,2294,3863,good,taste,3863
1264,2295,3864,no,service,3864
1265,2295,3864,drinks,service,3864
1266,2295,3864,options,service,3864
1267,2296,3864,snack,service,3864
1268,2296,3864,box,service,3864
1269,2297,3865,bottled,service,3865
1270,2297,3865,water,service,3865
1271,2297,3865,is,service,3865
1272,2297,3865,provided,service,3865
1273,2298,3865,hot,temperature,3865
1274,2298,3865,items,temperature,3865
1275,2299,3865,breakfast,service,3865
1276,2299,3865,service,service,3865
1277,2300,3866,good,service,3866
1278,2300,3866,food,service,3866
1279,2301,3866,food,service,3866
1280,2301,3866,presented,temperature,3866
1281,2301,3866,piping,temperature,3866
1282,2301,3866,hot,temperature,3866
1283,2302,3866,tasty,taste,3866
1284,2306,3867,good,service,3867
1285,2306,3867,breakfast,service,3867
1286,2307,3867,hot,temperature,3867
1287,2307,3867,items,temperature,3867
1288,2308,3868,wine,service,3868
1289,2309,3868,not,service,3868
1290,2309,3868,served,service,3868
1291,2310,3868,welcome,service,3868
1292,2310,3868,juice,service,3868
1293,2310,3868,service,service,3868
1294,2311,3868,meals,service,3868
1295,2311,3868,were,service,3868
1296,2311,3868,served,service,3868
1297,2311,3868,immediately,service,3868
1298,2318,3871,inflight,service,3871
1299,2318,3871,meals,service,3871
1300,2318,3871,were,service,3871
1301,2318,3871,served,service,3871
1302,2319,3871,given,service,3871
1303,2319,3871,a,service,3871
1304,2319,3871,choice,service,3871
1305,2320,3871,beverages,service,3871
1306,2320,3871,only,service,3871
1307,2320,3871,coffee,service,3871
1308,2320,3871,tea,service,3871
1309,2321,3871,mineral,service,3871
1310,2321,3871,water,service,3871
1311,2322,3871,variety,service,3871
1312,2322,3871,of,service,3871
1313,2322,3871,juices,service,3871
1314,2322,3871,are,service,3871
1315,2322,3871,served,service,3871
1316,2337,3963,food,service,3963
1317,2337,3963,and,service,3963
1318,2337,3963,drink,service,3963
1319,2337,3963,was,service,3963
1320,2337,3963,available,service,3963
1321,2340,3965,food,service,3965
1322,2340,3965,and,service,3965
1323,2340,3965,non,service,3965
1324,2340,3965,alcoholic,service,3965
1325,2340,3965,beverages,service,3965
1326,2340,3965,are,service,3965
1327,2340,3965,available,service,3965
1328,2361,3971,food,service,3971
1329,2361,3971,is,taste,3971
1330,2361,3971,horrible,taste,3971
1331,2366,3973,water,service,3973
1332,2366,3973,is,service,3973
1333,2366,3973,provided,service,3973
1334,2367,3973,t,service,3973
1335,2367,3973,food,service,3973
1336,2367,3973,only,service,3973
1337,2367,3973,provided,service,3973
1338,2367,3973,by,service,3973
1339,2367,3973,payment,service,3973
1340,2368,3973,small,service,3973
1341,2368,3973,bottle,service,3973
1342,2368,3973,of,service,3973
1343,2368,3973,water,service,3973
1344,2377,3976,food,service,3976
1345,2377,3976,served,service,3976
1346,2378,3976,very,taste,3976
1347,2378,3976,tasty,taste,3976
1348,2386,3982,tea,service,3982
1349,2386,3982,or,service,3982
1350,2386,3982,coffee,service,3982
1351,2388,3983,tea,service,3983
1352,2388,3983,was,service,3983
1353,2388,3983,replaced,service,3983
1354,2388,3983,with,service,3983
1355,2388,3983,a,service,3983
1356,2388,3983,fresh,taste,3983
1357,2388,3983,cup,service,3983
1358,2394,3985,not,service,3985
1359,2394,3985,get,service,3985
1360,2394,3985,free,service,3985
1361,2394,3985,meals,service,3985
1362,2395,3985,very,taste,3985
1363,2395,3985,tasty,taste,3985
1364,2399,3987,inflight,service,3987
1365,2399,3987,meal,service,3987
1366,2399,3987,options,service,3987
1367,2399,3987,were,service,3987
1368,2399,3987,limited,service,3987
1369,2405,3989,hot,temperature,3989
1370,2405,3989,meals,service,3989
1371,2406,3989,no,service,3989
1372,2406,3989,options,service,3989
1373,2407,3989,best,service,3989
1374,2407,3989,food,service,3989
1375,2408,3989,cup,service,3989
1376,2408,3989,noodles,service,3989
1377,2409,3989,hot,temperature,3989
1378,2409,3989,water,service,3989
1379,2410,3989,hot,temperature,3989
1380,2410,3989,meals,service,3989
1381,2417,3992,refreshments,taste,3992
1382,2418,3992,hot,temperature,3992
1383,2418,3992,beverage,service,3992
1384,2419,3992,meal,service,3992
1385,2420,3992,meal,service,3992
1386,2420,3992,was,service,3992
1387,2420,3992,served,service,3992
1388,2421,3992,box,service,3992
1389,2421,3992,of,service,3992
1390,2421,3992,cashew,service,3992
1391,2421,3992,nuts,service,3992
1392,2422,3993,food,service,3993
1393,2422,3993,drinks,service,3993
1394,2433,3997,offering,service,3997
1395,2433,3997,snacks,service,3997
1396,2445,4001,inflight,service,4001
1397,2445,4001,snacks,service,4001
1398,2447,4002,wings,service,4002
1399,2447,4002,meal,service,4002
1400,2448,4002,perk,service,4002
1401,2448,4002,food,service,4002
1402,2449,4002,ok,service,4002
1403,2450,4002,cup,service,4002
1404,2450,4002,of,service,4002
1405,2450,4002,tea,service,4002
1406,2451,4003,ood,service,4003
1407,2451,4003,was,service,4003
1408,2451,4003,nice,service,4003
1409,2451,4003,tea,service,4003
1410,2465,4009,breakfast,service,4009
1411,2471,4011,food,service,4011
1412,2472,4011,ordered,service,4011
1413,2491,4021,refreshments,taste,4021
1414,2523,4033,great,service,4033
1415,2523,4033,food,service,4033
1416,2523,4033,options,service,4033
1417,2524,4033,limited,service,4033
1418,2536,4037,free,service,4037
1419,2536,4037,meal,service,4037
1420,2536,4037,snacks,service,4037
1421,2537,4037,meal,service,4037
1422,2538,4037,ok,service,4037
1423,2545,4041,inflight,service,4041
1424,2545,4041,menu,service,4041
1425,2546,4041,bit,service,4041
1426,2546,4041,expensive,service,4041
1427,2555,4046,no,service,4046
1428,2555,4046,food,service,4046
1429,2569,4053,provided,service,4053
1430,2569,4053,with,service,4053
1431,2569,4053,soft,service,4053
1432,2569,4053,drinks,service,4053
1433,2577,3755,served,service,3755
1434,2577,3755,welcome,service,3755
1435,2577,3755,drinks,service,3755
1436,2582,3757,food,service,3757
1437,2582,3757,was,taste,3757
1438,2582,3757,very,taste,3757
1439,2582,3757,delicious,taste,3757
1440,2588,3760,nack,service,3760
1441,2588,3760,boxes,service,3760
1442,2588,3760,with,service,3760
1443,2588,3760,options,service,3760
1444,2589,3760,delicious,taste,3760
1445,2590,3760,water,service,3760
1446,2590,3760,bottle,service,3760
1447,2591,3760,cookie,service,3760
1448,2591,3760,packet,service,3760
1449,2592,3760,delicious,taste,3760
1450,2593,3761,food,service,3761
1451,2593,3761,wow,service,3761
1452,2600,3763,food,service,3763
1453,2600,3763,is,taste,3763
1454,2600,3763,marvellous,taste,3763
1455,2604,3765,serving,service,3765
1456,2604,3765,water,service,3765
1457,2604,3765,in,service,3765
1458,2604,3765,paper,service,3765
1459,2604,3765,cups,service,3765
1460,2605,3765,meal,service,3765
1461,2605,3765,options,service,3765
1462,2606,3766,full,service,3766
1463,2606,3766,meal,service,3766
1464,2617,3771,excellent,taste,3771
1465,2617,3771,quality,service,3771
1466,2617,3771,food,service,3771
1467,2623,3774,tasty,taste,3774
1468,2623,3774,quality,service,3774
1469,2623,3774,food,service,3774
1470,2625,3776,food,service,3776
1471,2625,3776,was,service,3776
1472,2625,3776,okay,service,3776
1473,2627,3777,free,service,3777
1474,2627,3777,meal,service,3777
1475,2631,3779,great,service,3779
1476,2631,3779,snacks,service,3779
1477,2635,3780,voucher,service,3780
1478,2635,3780,upgrade,service,3780
1479,2637,3781,tasty,taste,3781
1480,2638,3781,served,service,3781
1481,2638,3781,hot,temperature,3781
1482,2640,3783,glass,service,3783
1483,2640,3783,of,service,3783
1484,2640,3783,water,service,3783
1485,2641,3783,bottle,service,3783
1486,2641,3783,of,service,3783
1487,2641,3783,water,service,3783
1488,2642,3783,served,service,3783
1489,2642,3783,complimentary,service,3783
1490,2642,3783,breakfast,service,3783
1491,2643,3784,welcome,service,3784
1492,2643,3784,drink,service,3784
1493,2644,3784,quality,service,3784
1494,2644,3784,of,service,3784
1495,2644,3784,refreshment,taste,3784
1496,2644,3784,was,service,3784
1497,2644,3784,not,service,3784
1498,2644,3784,good,service,3784
1499,2645,3785,food,service,3785
1500,2645,3785,trolleys,service,3785
1501,2646,3785,serving,service,3785
1502,2646,3785,food,service,3785
1503,2647,3785,food,service,3785
1504,2647,3785,was,service,3785
1505,2647,3785,good,service,3785
1506,2650,3786,food,service,3786
1507,2650,3786,was,service,3786
1508,2650,3786,good,service,3786
1509,2651,3787,breakfast,service,3787
1510,2651,3787,time,service,3787
1511,2651,3787,meals,service,3787
1512,2652,3787,pleasure,service,3787
1513,2654,3788,awesome,service,3788
1514,2654,3788,evening,service,3788
1515,2654,3788,snack,service,3788
1516,2659,3791,served,service,3791
1517,2659,3791,a,service,3791
1518,2659,3791,nice,service,3791
1519,2659,3791,snack,service,3791
1520,2660,3791,best,service,3791
1521,2660,3791,coffee,service,3791
1522,2662,3792,offered,service,3792
1523,2662,3792,meals,service,3792
1524,2663,3792,offer,service,3792
1525,2663,3792,a,service,3792
1526,2663,3792,glass,service,3792
1527,2663,3792,of,service,3792
1528,2663,3792,water,service,3792
1529,2663,3792,or,service,3792
1530,2663,3792,juice,service,3792
1531,2664,3792,inflight,service,3792
1532,2664,3792,meal,service,3792
1533,2665,3792,meals,service,3792
1534,2665,3792,were,taste,3792
1535,2665,3792,delicious,taste,3792
1536,2666,3793,food,service,3793
1537,2667,3793,very,taste,3793
1538,2667,3793,delicious,taste,3793
1539,2668,3794,ost,service,3794
1540,2668,3794,amazing,service,3794
1541,2668,3794,breakfast,service,3794
1542,2669,3794,food,service,3794
1543,2669,3794,tasty,taste,3794
1544,2670,3794,the,temperature,3794
1545,2670,3794,aromatic,temperature,3794
1546,2670,3794,hot,temperature,3794
1547,2670,3794,tea,temperature,3794
1548,2671,3795,great,service,3795
1549,2671,3795,food,service,3795
1550,2671,3795,choices,service,3795
1551,2677,3798,food,service,3798
1552,2677,3798,option,service,3798
1553,2677,3798,was,service,3798
1554,2677,3798,both,service,3798
1555,2677,3798,veg,service,3798
1556,2677,3798,and,service,3798
1557,2677,3798,non,service,3798
1558,2677,3798,veg,service,3798
1559,2678,3798,local,service,3798
1560,2678,3798,delicacies,service,3798
1561,2678,3798,were,service,3798
1562,2678,3798,served,service,3798
1563,2679,3799,snack,service,3799
1564,2679,3799,a,service,3799
1565,2679,3799,large,service,3799
1566,2680,3799,decent,service,3799
1567,2680,3799,coffee,service,3799
1568,2681,3799,small,service,3799
1569,2681,3799,water,service,3799
1570,2681,3799,bottle,service,3799
1571,2682,3799,free,service,3799
1572,2683,3799,very,taste,3799
1573,2683,3799,delicious,taste,3799
1574,2686,3801,food,service,3801
1575,2687,3801,included,service,3801
1576,2687,3801,in,service,3801
1577,2687,3801,fare,service,3801
1578,2688,3801,food,service,3801
1579,2688,3801,box,service,3801
1580,2689,3801,offered,service,3801
1581,2689,3801,me,service,3801
1582,2689,3801,some,service,3801
1583,2689,3801,fruits,service,3801
1584,2689,3801,cookies,service,3801
1585,2690,3802,food,service,3802
1586,2690,3802,options,service,3802
1587,2691,3802,decent,taste,3802
1588,2697,3804,food,service,3804
1589,2697,3804,was,service,3804
1590,2697,3804,alright,service,3804
1591,2698,3804,offered,service,3804
1592,2698,3804,bunch,service,3804
1593,2698,3804,of,service,3804
1594,2698,3804,drinks,service,3804
1595,2698,3804,all,service,3804
1596,2698,3804,were,service,3804
1597,2698,3804,nonalcoholic,service,3804
1598,2705,3807,served,service,3807
1599,2705,3807,food,service,3807
1600,2706,3807,dessert,service,3807
1601,2707,3807,best,service,3807
1602,2707,3807,dessert,service,3807
1603,2708,3807,yummy,service,3807
1604,2709,3808,catering,service,3808
1605,2709,3808,vegetarian,service,3808
1606,2709,3808,option,service,3808
1607,2710,3808,quite,service,3808
1608,2710,3808,average,service,3808
1609,2710,3808,tasting,taste,3808
1610,2711,3808,little,service,3808
1611,2711,3808,bland,service,3808
1612,2718,3811,good,service,3811
1613,2718,3811,food,service,3811
1614,2719,3811,food,service,3811
1615,2719,3811,served,service,3811
1616,2719,3811,is,service,3811
1617,2719,3811,nice,service,3811
1618,2720,3811,hot,temperature,3811
1619,2723,3813,food,service,3813
1620,2723,3813,tasted,taste,3813
1621,2723,3813,fantastic,taste,3813
1622,2728,3814,food,service,3814
1623,2728,3814,served,service,3814
1624,2728,3814,was,service,3814
1625,2728,3814,ok,service,3814
1626,2729,3815,food,service,3815
1627,2729,3815,served,service,3815
1628,2733,3817,meal,service,3817
1629,2733,3817,was,taste,3817
1630,2733,3817,delicious,taste,3817
1631,2736,3818,meal,service,3818
1632,2736,3818,offerings,service,3818
1633,2737,3818,meal,service,3818
1634,2737,3818,options,service,3818
1635,2737,3818,were,service,3818
1636,2737,3818,nice,service,3818
1637,2738,3818,meal,service,3818
1638,2738,3818,was,service,3818
1639,2738,3818,accompanied,service,3818
1640,2738,3818,with,service,3818
1641,2738,3818,orange,service,3818
1642,2738,3818,juice,service,3818
1643,2739,3818,coffeetea,service,3818
1644,2739,3818,service,service,3818
1645,2740,3819,meal,service,3819
1646,2740,3819,in,service,3819
1647,2740,3819,a,service,3819
1648,2740,3819,box,service,3819
1649,2741,3819,not,service,3819
1650,2741,3819,of,service,3819
1651,2741,3819,that,service,3819
1652,2741,3819,good,service,3819
1653,2741,3819,quality,service,3819
1654,2742,3820,complimentry,service,3820
1655,2743,3821,food,service,3821
1656,2744,3821,served,service,3821
1657,2744,3821,was,taste,3821
1658,2744,3821,delicious,taste,3821
1659,2745,3821,snack,service,3821
1660,2745,3821,box,service,3821
1661,2745,3821,was,service,3821
1662,2745,3821,served,service,3821
1663,2746,3821,option,service,3821
1664,2747,3822,tasted,taste,3822
1665,2747,3822,below,service,3822
1666,2747,3822,average,service,3822
1667,2754,3823,food,service,3823
1668,2754,3823,and,service,3823
1669,2754,3823,beverages,service,3823
1670,2754,3823,offered,service,3823
1671,2755,3823,better,service,3823
1672,2755,3823,meal,service,3823
1673,2761,3824,erved,service,3824
1674,2761,3824,a,service,3824
1675,2761,3824,snack,service,3824
1676,2761,3824,box,service,3824
1677,2761,3824,with,service,3824
1678,2761,3824,juice,service,3824
1679,2762,3824,delicious,taste,3824
1680,2763,3824,options,service,3824
1681,2764,3824,delicious,taste,3824
1682,2764,3824,cookies,service,3824
1683,2769,3826,snack,service,3826
1684,2769,3826,box,service,3826
1685,2770,3826,juice,service,3826
1686,2771,3826,hot,temperature,3826
1687,2772,3826,tomato,service,3826
1688,2772,3826,ketchup,service,3826
1689,2773,3826,bottle,service,3826
1690,2773,3826,of,service,3826
1691,2773,3826,water,service,3826
1692,2774,3826,very,taste,3826
1693,2774,3826,tasty,taste,3826
1694,2775,3827,proper,service,3827
1695,2775,3827,lunch,service,3827
1696,2775,3827,and,service,3827
1697,2775,3827,snacks,service,3827
1698,2776,3828,complimentary,service,3828
1699,2776,3828,drinks,service,3828
1700,2777,3828,meal,service,3828
1701,2777,3828,was,temperature,3828
1702,2777,3828,hot,temperature,3828
1703,2778,3829,quality,service,3829
1704,2778,3829,of,service,3829
1705,2778,3829,food,service,3829
1706,2778,3829,served,service,3829
1707,2779,3829,area,service,3829
1708,2779,3829,for,service,3829
1709,2779,3829,improvement,service,3829
1710,2782,3830,amazing,service,3830
1711,2783,3831,hot,temperature,3831
1712,2783,3831,food,service,3831
1713,2785,3832,great,service,3832
1714,2785,3832,food,service,3832
1715,2785,3832,presented,service,3832
1716,2792,3833,tasty,taste,3833
1717,2795,3834,meals,service,3834
1718,2795,3834,are,service,3834
1719,2795,3834,perfect,service,3834
1720,2796,3835,served,service,3835
1721,2796,3835,drinks,service,3835
1722,2796,3835,food,service,3835
0,4,3,meals,service,100003
1,7,4,terrible,Taste,100004
2,20,8,water,service,100008
3,21,8,no,Service,100008
4,21,8,offer,Service,100008
5,26,10,salad,service,100010
6,26,10,was,Taste,100010
7,26,10,rotting,Taste,100010
8,27,10,entrée,Temperature,100010
9,27,10,was,Temperature,100010
10,27,10,still,Temperature,100010
11,27,10,frozen,Temperature,100010
12,68,23,ran,Service,100023
13,68,23,out,Service,100023
14,68,23,of,Service,100023
15,68,23,lunch,Service,100023
16,68,23,options,service,100023
17,69,23,tea,Service,100023
18,69,23,or,Service,100023
19,69,23,coffee,Service,100023
20,80,24,meal,service,100024
21,80,24,overcooked,Taste,100024
22,81,24,food,service,100024
23,81,24,was,Taste,100024
24,81,24,average,Taste,100024
25,97,27,vegetarian,Service,100027
26,97,27,meals,service,100027
27,98,27,food,service,100027
28,98,27,was,Taste,100027
29,98,27,disgusting,Taste,100027
30,99,27,watery,Taste,100027
31,99,27,puréed,Taste,100027
32,99,27,green,Taste,100027
33,99,27,stuff,Taste,100027
34,100,27,cold,Temperature,100027
35,100,27,dry,temperature,100027
36,100,27,rice,service,100027
37,101,27,couldn,Taste,100027
38,101,27,’,Taste,100027
39,101,27,t,Taste,100027
40,101,27,eat,service,100027
41,101,27,anything,service,100027
42,102,28,food,service,100028
43,102,28,temperature,Temperature,100028
44,115,31,lack,service,100031
45,115,31,of,service,100031
46,115,31,drinks,service,100031
47,116,31,removed,service,100031
48,116,31,the,service,100031
49,116,31,bar,service,100031
50,116,31,service,service,100031
51,117,31,limited,service,100031
52,117,31,drinks,service,100031
53,118,31,poor,service,100031
54,118,31,service,service,100031
55,119,31,inconsiderate,service,100031
56,119,31,service,service,100031
57,120,31,very,temperature,100031
58,120,31,poor,temperature,100031
59,120,31,hot,temperature,100031
60,120,31,meal,service,100031
61,121,31,most,Taste,100031
62,121,31,awful,Taste,100031
63,121,31,two,Taste,100031
64,121,31,finger,Taste,100031
65,121,31,sandwich,service,100031
66,127,34,bar/lounge,service,100034
67,127,34,area,service,100034
68,131,35,special,Service,100035
69,131,35,cake,Service,100035
70,137,37,non-veg,Service,100037
71,137,37,food,service,100037
72,138,37,very,service,100037
73,138,37,cheap,service,100037
74,138,37,food,service,100037
75,139,37,no,taste,100037
76,139,37,taste,taste,100037
77,139,37,at,taste,100037
78,139,37,all,taste,100037
79,140,38,not,service,100038
80,140,38,serve,service,100038
81,140,38,water,service,100038
82,145,39,very,taste,100039
83,145,39,good,taste,100039
84,145,39,food,service,100039
85,146,39,fresh,taste,100039
86,146,39,and,taste,100039
87,146,39,tasty,taste,100039
88,150,40,food,service,100040
89,150,40,was,taste,100040
90,150,40,not,taste,100040
91,150,40,edible,taste,100040
92,160,44,beer,service,100044
93,161,44,not,service,100044
94,161,44,available,service,100044
95,162,44,never,service,100044
96,162,44,turned,service,100044
97,162,44,up,service,100044
98,163,44,food,service,100044
99,163,44,was,taste,100044
100,163,44,low,taste,100044
101,163,44,grade,taste,100044
102,164,45,fresh,taste,100045
103,164,45,fruit,service,100045
104,165,45,standard,service,100045
105,165,45,menu,service,100045
106,166,45,could,taste,100045
107,166,45,not,taste,100045
108,166,45,eat,service,100045
109,167,45,there,service,100045
110,167,45,was,service,100045
111,167,45,none,service,100045
112,168,46,meals,service,100046
113,168,46,were,taste,100046
114,168,46,very,taste,100046
115,168,46,tasty,taste,100046
116,173,48,meal,service,100048
117,173,48,courses,service,100048
118,173,48,were,service,100048
119,173,48,roughly,service,100048
120,173,48,put,service,100048
121,173,48,down,service,100048
122,178,49,lovely,taste,100049
123,178,49,food,service,100049
124,179,49,unlimited,service,100049
125,179,49,booze,service,100049
126,191,52,unavailability,service,100052
127,191,52,of,service,100052
128,191,52,the,service,100052
129,191,52,alternate,service,100052
130,191,52,meal,service,100052
131,193,53,wonderful,taste,100053
132,193,53,food,service,100053
133,204,57,free,service,100057
134,204,57,bar,service,100057
135,204,57,service,service,100057
136,210,59,snacks,service,100059
137,211,59,fine,service,100059
138,211,59,pinot,service,100059
139,211,59,noir,service,100059
140,212,59,chunky,service,100059
141,212,59,chicken,service,100059
142,212,59,sandwich,service,100059
143,213,59,quite,service,100059
144,213,59,amazing,service,100059
145,213,59,food,service,100059
146,213,59,and,service,100059
147,213,59,beverage,service,100059
148,213,59,selection,service,100059
149,214,59,main,service,100059
150,214,59,selection,service,100059
151,214,59,of,service,100059
152,214,59,the,service,100059
153,214,59,meal,service,100059
154,214,59,course,service,100059
155,214,59,is,service,100059
156,214,59,reduced,service,100059
157,215,59,not,taste,100059
158,215,59,as,taste,100059
159,215,59,tasty,taste,100059
160,216,60,mash,service,100060
161,216,60,potato,service,100060
162,217,60,meat,service,100060
163,218,60,chicken,service,100060
164,219,60,rice,service,100060
165,220,60,food,service,100060
166,220,60,was,taste,100060
167,220,60,below,taste,100060
168,220,60,standard,service,100060
169,233,64,snacks,service,100064
170,234,64,drinks,service,100064
171,235,64,food,service,100064
172,235,64,was,taste,100064
173,235,64,tasty,taste,100064
174,236,64,wine,taste,100064
175,236,64,is,taste,100064
176,236,64,superb,taste,100064
177,241,66,meal,service,100066
178,241,66,was,taste,100066
179,241,66,quite,taste,100066
180,241,66,tasty,taste,100066
181,242,66,musky,taste,100066
182,242,66,white,taste,100066
183,242,66,wine,taste,100066
184,242,66,i,taste,100066
185,242,66,could,taste,100066
186,242,66,n't,taste,100066
187,242,66,drink,service,100066
188,251,67,food,service,100067
189,252,67,beef,service,100067
190,253,67,lasagna,service,100067
191,256,67,meals,service,100067
192,256,67,run,service,100067
193,256,67,out,service,100067
194,257,67,run,service,100067
195,257,67,out,service,100067
196,257,67,of,service,100067
197,257,67,the,service,100067
198,257,67,chicken,service,100067
199,257,67,option,service,100067
200,258,67,tasteless,taste,100067
201,258,67,cheese,service,100067
202,260,68,food,service,100068
203,260,68,service,service,100068
204,260,68,was,service,100068
205,260,68,slow,service,100068
206,266,69,worse,taste,100069
207,266,69,food,service,100069
208,289,75,beverages,service,100075
209,291,76,great,service,100076
210,291,76,in-flight,service,100076
211,291,76,food,service,100076
212,299,78,food,service,100078
213,299,78,was,taste,100078
214,299,78,ok,taste,100078
215,326,82,only,service,100082
216,326,82,one,service,100082
217,326,82,meal,service,100082
218,326,82,choice,service,100082
219,349,85,food,service,100085
220,349,85,poisoning,service,100085
221,350,85,food,service,100085
222,350,85,poisoning,service,100085
223,350,85,symptoms,service,100085
224,353,86,post-flight,service,100086
225,353,86,drink,service,100086
226,354,86,good,service,100086
227,354,86,choice,service,100086
228,355,86,delay,service,100086
229,355,86,in,service,100086
230,356,86,glass,service,100086
231,356,86,of,service,100086
232,356,86,wine,service,100086
233,357,86,food,service,100086
234,357,86,was,taste,100086
235,357,86,delicious,taste,100086
236,363,88,meals,service,100088
237,365,89,bar,service,100089
238,368,90,onboard,service,100090
239,368,90,food,service,100090
240,368,90,offering,service,100090
241,369,90,very,taste,100090
242,369,90,average,taste,100090
243,393,95,menu,service,100095
244,393,95,dishes,service,100095
245,395,95,cheese,service,100095
246,395,95,plate,service,100095
247,396,95,ice,service,100095
248,396,95,creams,service,100095
249,399,95,not,taste,100095
250,399,95,edible,taste,100095
251,405,97,main,service,100097
252,405,97,course,service,100097
253,406,97,wine,service,100097
254,407,97,dessert,service,100097
255,408,97,catering,service,100097
256,408,97,below,service,100097
257,408,97,average,service,100097
258,409,97,cold,temperature,100097
259,410,97,inedible,taste,100097
260,420,101,food,service,100101
261,420,101,ok,taste,100101
262,452,115,food,service,100115
263,452,115,need,service,100115
264,452,115,to,service,100115
265,452,115,be,service,100115
266,452,115,paid,service,100115
267,452,115,extra,service,100115
268,469,123,food,service,100123
269,469,123,need,service,100123
270,469,123,to,service,100123
271,469,123,be,service,100123
272,469,123,paid,service,100123
273,469,123,extra,service,100123
274,470,124,good,taste,100124
275,470,124,food,service,100124
276,478,127,meals,service,100127
277,478,127,offer,service,100127
278,478,127,is,service,100127
279,478,127,good,service,100127
280,480,128,food,service,100128
281,480,128,is,service,100128
282,480,128,not,service,100128
283,480,128,expensive,service,100128
284,485,131,not,service,100131
285,485,131,provide,service,100131
286,485,131,drinking,service,100131
287,485,131,water,service,100131
288,485,131,free,service,100131
289,497,138,delicious,taste,100138
290,497,138,food,service,100138
291,498,138,good,service,100138
292,498,138,selection,service,100138
293,505,143,pay,service,100143
294,505,143,for,service,100143
295,505,143,food,service,100143
296,533,156,need,service,100156
297,533,156,to,service,100156
298,533,156,order,service,100156
299,533,156,food,service,100156
300,534,156,extra,service,100156
301,534,156,payments,service,100156
302,535,156,pre,service,100156
303,535,156,ordered,service,100156
304,535,156,food,service,100156
305,536,156,truly,taste,100156
306,536,156,awful,taste,100156
307,541,160,food,service,100160
308,541,160,and,service,100160
309,541,160,beverage,service,100160
310,541,160,were,service,100160
311,541,160,not,service,100160
312,541,160,served,service,100160
313,542,160,had,service,100160
314,542,160,to,service,100160
315,542,160,pay,service,100160
316,543,161,tasty,taste,100161
317,543,161,food,service,100161
318,549,165,no,service,100165
319,549,165,food,service,100165
320,584,184,changing,service,100184
321,584,184,the,service,100184
322,584,184,food,service,100184
323,584,184,was,service,100184
324,584,184,not,service,100184
325,584,184,possible,service,100184
326,588,187,few,service,100187
327,588,187,snacks,service,100187
328,590,188,hot,temperature,100188
329,590,188,meals,service,100188
330,591,188,tasted,taste,100188
331,591,188,wonderful,taste,100188
332,592,189,food,service,100189
333,592,189,came,service,100189
334,592,189,without,service,100189
335,592,189,water,service,100189
336,598,192,served,service,100192
337,598,192,foods,service,100192
338,598,192,were,service,100192
339,598,192,very,service,100192
340,598,192,nice,service,100192
341,599,192,suit,taste,100192
342,599,192,my,taste,100192
343,599,192,taste,taste,100192
344,601,194,amazing,service,100194
345,601,194,alcohol,service,100194
346,601,194,free,service,100194
347,601,194,service,service,100194
348,603,195,food,service,100195
349,603,195,was,taste,100195
350,603,195,acceptable,service,100195
351,605,196,optional,service,100196
352,605,196,upgrade,service,100196
353,605,196,for,service,100196
354,605,196,the,service,100196
355,605,196,meal,service,100196
356,1272,839,food,service,100839
357,1272,839,served,service,100839
358,1272,839,was,taste,100839
359,1272,839,pretty,taste,100839
360,1272,839,decent,taste,100839
361,1274,841,meal,service,100841
362,1274,841,options,service,100841
363,1275,841,vegetarian,service,100841
364,1276,841,nonvegetarian,service,100841
365,1290,848,food,service,100848
366,1290,848,drinks,service,100848
367,1290,848,snacks,service,100848
368,1291,848,pay,service,100848
369,1292,848,water,service,100848
370,1293,849,ould,service,100849
371,1293,849,not,service,100849
372,1293,849,choose,service,100849
373,1293,849,the,service,100849
374,1293,849,meal,service,100849
375,1294,849,option,service,100849
376,1294,849,was,service,100849
377,1294,849,vegetarian,service,100849
378,1295,849,receive,service,100849
379,1295,849,the,service,100849
380,1295,849,meal,service,100849
381,1295,849,of,service,100849
382,1295,849,the,service,100849
383,1295,849,day,service,100849
384,1296,850,buy,service,100850
385,1296,850,your,service,100850
386,1296,850,own,service,100850
387,1296,850,food,service,100850
388,1300,852,food,service,100852
389,1300,852,selection,service,100852
390,1300,852,was,service,100852
391,1300,852,good,service,100852
392,1302,853,paying,service,100853
393,1302,853,for,service,100853
394,1302,853,in,service,100853
395,1302,853,flight,service,100853
396,1302,853,food,service,100853
397,1321,865,preorder,service,100865
398,1321,865,food,service,100865
399,1322,865,buy,service,100865
400,1323,866,drink,service,100866
401,1323,866,or,service,100866
402,1323,866,food,service,100866
403,1323,866,you,service,100866
404,1323,866,pay,service,100866
405,1342,876,awful,taste,100876
406,1342,876,food,service,100876
407,1346,879,better,service,100879
408,1346,879,variety,service,100879
409,1346,879,of,service,100879
410,1346,879,food,service,100879
411,1347,879,drinks,service,100879
412,1347,879,for,service,100879
413,1347,879,sale,service,100879
414,1351,881,taste,taste,100881
415,1351,881,delicious,taste,100881
416,1384,894,ok,service,100894
417,1384,894,considering,service,100894
418,1384,894,the,service,100894
419,1384,894,price,service,100894
420,1387,897,food,service,100897
421,1387,897,is,taste,100897
422,1387,897,good,taste,100897
423,1388,897,more,service,100897
424,1388,897,affordable,service,100897
425,1391,900,meal,service,100900
426,1391,900,was,taste,100900
427,1391,900,extremely,taste,100900
428,1391,900,disappointing,taste,100900
429,1394,903,food,service,100903
430,1394,903,was,taste,100903
431,1394,903,really,taste,100903
432,1394,903,good,taste,100903
433,1395,904,just,service,100904
434,1395,904,in,service,100904
435,1395,904,time,service,100904
436,1396,904,distribute,service,100904
437,1396,904,our,service,100904
438,1396,904,meal,service,100904
439,1408,914,new,service,100914
440,1408,914,food,service,100914
441,1408,914,is,taste,100914
442,1408,914,good,taste,100914
443,1409,914,not,service,100914
444,1409,914,expensive,service,100914
445,1410,915,did,service,100915
446,1410,915,not,service,100915
447,1410,915,include,service,100915
448,1410,915,food,service,100915
449,1410,915,drinks,service,100915
450,2042,1538,needed,service,101538
451,2042,1538,some,service,101538
452,2042,1538,water,service,101538
453,2049,1541,food,service,101541
454,2049,1541,was,taste,101541
455,2049,1541,enjoyable,taste,101541
456,2062,1552,don’t,service,101552
457,2062,1552,serve,service,101552
458,2062,1552,anything,service,101552
459,2062,1552,except,service,101552
460,2062,1552,beverages,service,101552
461,2063,1552,buy,service,101552
462,2063,1552,food,service,101552
463,2070,1557,used,service,101557
464,2070,1557,to,service,101557
465,2070,1557,have,service,101557
466,2070,1557,crackers,service,101557
467,2070,1557,and,service,101557
468,2070,1557,snacks,service,101557
469,2071,1557,nothing,service,101557
470,2071,1557,now,service,101557
471,2071,1557,except,service,101557
472,2071,1557,drinks,service,101557
473,2073,1558,amazingly,taste,101558
474,2073,1558,good,taste,101558
475,2089,1566,food,service,101566
476,2089,1566,was,taste,101566
477,2089,1566,fine,taste,101566
478,2096,1571,food,service,101571
479,2096,1571,for,service,101571
480,2096,1571,sale,service,101571
481,2111,1579,food,service,101579
482,2111,1579,beverages,service,101579
483,2111,1579,that,taste,101579
484,2111,1579,tasted,taste,101579
485,2111,1579,good,taste,101579
486,2113,1580,price,service,101580
487,2113,1580,of,service,101580
488,2113,1580,the,service,101580
489,2113,1580,food,service,101580
490,2113,1580,on,service,101580
491,2113,1580,the,service,101580
492,2113,1580,plane,service,101580
493,2113,1580,is,service,101580
494,2113,1580,not,service,101580
495,2113,1580,cheap,service,101580
496,2114,1580,tastes,taste,101580
497,2114,1580,mediocre,taste,101580
498,2129,1590,food,service,101590
499,2129,1590,drinks,service,101590
500,2129,1590,etc,service,101590
501,2129,1590,bummer,taste,101590
502,2131,1591,good,taste,101591
503,2131,1591,meals,service,101591
504,2138,1594,food,service,101594
505,2138,1594,served,service,101594
506,2138,1594,was,taste,101594
507,2138,1594,not,taste,101594
508,2138,1594,great,taste,101594
509,2151,1604,food,service,101604
510,2151,1604,there,service,101604
511,2151,1604,was,service,101604
512,2151,1604,little,service,101604
513,2151,1604,choice,service,101604
514,2171,1613,do,service,101613
515,2171,1613,not,service,101613
516,2171,1613,serve,service,101613
517,2171,1613,anything,service,101613
518,2177,1619,serve,service,101619
519,2177,1619,tap,service,101619
520,2177,1619,water,service,101619
521,2178,1619,not,service,101619
522,2178,1619,even,service,101619
523,2178,1619,a,service,101619
524,2178,1619,bag,service,101619
525,2178,1619,of,service,101619
526,2178,1619,pretzels,service,101619
527,2179,1620,no,service,101620
528,2179,1620,snacks,service,101620
529,2179,1620,at,service,101620
530,2179,1620,all,service,101620
531,2180,1620,not,service,101620
532,2180,1620,even,service,101620
533,2180,1620,pretzels,service,101620
534,2181,1621,do,service,101621
535,2181,1621,not,service,101621
536,2181,1621,eat,service,101621
537,2181,1621,meat,service,101621
538,2182,1621,forgot,service,101621
539,2182,1621,to,service,101621
540,2182,1621,pack,service,101621
541,2182,1621,my,service,101621
542,2182,1621,meal,service,101621
543,2183,1621,no,service,101621
544,2183,1621,meal,service,101621
545,2190,1628,food,service,101628
546,2190,1628,was,taste,101628
547,2190,1628,decent,taste,101628
548,2191,1628,always,service,101628
549,2191,1628,offers,service,101628
550,2191,1628,of,service,101628
551,2191,1628,water,service,101628
552,2191,1628,juice,service,101628
553,2191,1628,etc,service,101628
554,2192,1628,ordered,service,101628
555,2192,1628,fruit,service,101628
556,2192,1628,platter,service,101628
557,2193,1628,meals,service,101628
558,2193,1628,fresh,taste,101628
559,2194,1628,served,service,101628
560,2194,1628,along,service,101628
561,2194,1628,with,service,101628
562,2194,1628,yogurt,service,101628
563,2195,1628,enjoyed,taste,101628
564,2195,1628,his,taste,101628
565,2195,1628,meal,service,101628
566,2195,1628,choices,taste,101628
567,2830,2255,food,service,102255
568,2830,2255,was,taste,102255
569,2830,2255,actually,taste,102255
570,2830,2255,tasty,taste,102255
571,2831,2256,meal,service,102256
572,2831,2256,good,taste,102256
573,2838,2260,plenty,service,102260
574,2838,2260,of,service,102260
575,2838,2260,choice,service,102260
576,2838,2260,of,service,102260
577,2838,2260,food,service,102260
578,2838,2260,drink,service,102260
579,2839,2260,food,service,102260
580,2839,2260,was,taste,102260
581,2839,2260,of,taste,102260
582,2839,2260,high,taste,102260
583,2839,2260,quality,service,102260
584,2849,2265,drinks,service,102265
585,2849,2265,quantity,service,102265
586,2851,2266,food,service,102266
587,2851,2266,could,taste,102266
588,2851,2266,be,taste,102266
589,2851,2266,better,taste,102266
590,2853,2267,good,taste,102267
591,2853,2267,food,service,102267
592,2856,2269,snack,service,102269
593,2857,2269,uninteresting,taste,102269
594,2857,2269,and,taste,102269
595,2857,2269,tasteless,taste,102269
596,2858,2269,french,service,102269
597,2858,2269,food,service,102269
598,2861,2272,food,service,102272
599,2861,2272,was,taste,102272
600,2861,2272,not,taste,102272
601,2861,2272,good,taste,102272
602,2861,2272,at,taste,102272
603,2861,2272,all,taste,102272
604,2867,2276,meals,service,102276
605,2867,2276,delicious,taste,102276
606,2870,2278,vegetarian,service,102278
607,2870,2278,food,service,102278
608,2870,2278,was,service,102278
609,2870,2278,there,service,102278
610,2895,2288,very,service,102288
611,2895,2288,welcome,service,102288
612,2895,2288,snack,service,102288
613,2895,2288,and,service,102288
614,2895,2288,drinks,service,102288
615,2895,2288,all,service,102288
616,2895,2288,free,service,102288
617,2909,2297,food,service,102297
618,2909,2297,was,taste,102297
619,2909,2297,delicious,taste,102297
620,2910,2298,above,taste,102298
621,2910,2298,average,taste,102298
622,2910,2298,food,service,102298
623,2912,2299,beveragescould,service,102299
624,2912,2299,not,service,102299
625,2912,2299,fault,service,102299
626,2918,2303,worst,taste,102303
627,2918,2303,food,service,102303
628,2920,2304,food,service,102304
629,2920,2304,was,taste,102304
630,2920,2304,top,taste,102304
631,2920,2304,quality,service,102304
632,2927,2307,food,service,102307
633,2927,2307,was,taste,102307
634,2927,2307,excellent,taste,102307
635,2928,2308,good,taste,102308
636,2928,2308,wine,taste,102308
637,2929,2308,still,service,102308
638,2929,2308,get,service,102308
639,2929,2308,a,service,102308
640,2929,2308,snack,service,102308
641,2935,2312,delicious,taste,102312
642,2935,2312,food,service,102312
643,2937,2313,food,service,102313
644,2937,2313,good,taste,102313
645,2938,2313,refreshments,taste,102313
646,2938,2313,whenever,service,102313
647,2938,2313,you,service,102313
648,2938,2313,liked,service,102313
649,2942,2315,food,service,102315
650,2942,2315,is,taste,102315
651,2942,2315,getting,taste,102315
652,2942,2315,worse,taste,102315
653,2943,2316,good,taste,102316
654,2943,2316,meals,service,102316
655,2944,2316,selection,service,102316
656,2944,2316,of,service,102316
657,2944,2316,drinks,service,102316
658,2945,2317,food,service,102317
659,2945,2317,was,taste,102317
660,2945,2317,excellent,taste,102317
661,2952,2320,food,service,102320
662,2952,2320,was,taste,102320
663,2952,2320,surprisingly,taste,102320
664,2952,2320,good,taste,102320
665,2955,2322,sandwich,service,102322
666,2955,2322,served,service,102322
667,2955,2322,is,taste,102322
668,2955,2322,delicious,taste,102322
669,2959,2324,just,service,102324
670,2959,2324,crackers,service,102324
671,2959,2324,or,service,102324
672,2959,2324,peanuts,service,102324
673,2960,2325,food,service,102325
674,2960,2325,was,taste,102325
675,2960,2325,interesting,taste,102325
676,2961,2326,didn’t,service,102326
677,2961,2326,have,service,102326
678,2961,2326,a,service,102326
679,2961,2326,meal,service,102326
680,2962,2326,just,service,102326
681,2962,2326,a,service,102326
682,2962,2326,sandwich,service,102326
683,2962,2326,snack,service,102326
684,2963,2326,wasn’t,service,102326
685,2963,2326,too,taste,102326
686,2963,2326,bad,taste,102326
687,2964,2327,good,taste,102327
688,2964,2327,food,service,102327
689,2966,2328,still,service,102328
690,2966,2328,got,service,102328
691,2966,2328,food,service,102328
692,2973,2333,little,service,102333
693,2973,2333,ice,service,102333
694,2973,2333,cream,service,102333
695,2974,2334,food,service,102334
696,2974,2334,snack,service,102334
697,2974,2334,was,taste,102334
698,2974,2334,great,taste,102334
699,2975,2335,pack,service,102335
700,2975,2335,of,service,102335
701,2975,2335,small,service,102335
702,2975,2335,snack,service,102335
703,2980,2338,meals,service,102338
704,2980,2338,tasty,taste,102338
705,2981,2338,very,service,102338
706,2981,2338,well,service,102338
707,2981,2338,presented,service,102338
708,2982,2339,food,service,102339
709,2982,2339,was,taste,102339
710,2982,2339,delicious,taste,102339
711,2996,2347,no,service,102347
712,2996,2347,options,service,102347
713,2996,2347,at,service,102347
714,2996,2347,all,service,102347
715,2997,2347,very,service,102347
716,2997,2347,difficult,service,102347
717,2997,2347,to,service,102347
718,2997,2347,get,service,102347
719,2997,2347,even,service,102347
720,2997,2347,beer,service,102347
721,2998,2347,nothing,service,102347
722,2998,2347,was,service,102347
723,2998,2347,offer,service,102347
724,3000,2349,food,service,102349
725,3000,2349,was,taste,102349
726,3000,2349,good,taste,102349
727,3001,2349,plenty,service,102349
728,3001,2349,of,service,102349
729,3001,2349,snacks,service,102349
730,3001,2349,and,service,102349
731,3001,2349,drinks,service,102349
732,3622,2969,ordered,service,102969
733,3622,2969,vegan,service,102969
734,3622,2969,meals,service,102969
735,3623,2969,not,service,102969
736,3623,2969,recorded,service,102969
737,3630,2974,served,service,102974
738,3630,2974,meal,service,102974
739,3630,2974,quickly,service,102974
740,3633,2976,food,service,102976
741,3633,2976,was,taste,102976
742,3633,2976,tasty,taste,102976
743,3634,2976,served,service,102976
744,3634,2976,twice,service,102976
745,3635,2977,free,service,102977
746,3635,2977,meals,service,102977
747,3635,2977,included,service,102977
748,3641,2983,food,service,102983
749,3641,2983,good,taste,102983
750,3642,2984,quality,service,102984
751,3642,2984,of,temperature,102984
752,3642,2984,the,temperature,102984
753,3642,2984,hot,temperature,102984
754,3642,2984,meals,service,102984
755,3643,2985,food,service,102985
756,3643,2985,is,taste,102985
757,3643,2985,pretty,taste,102985
758,3643,2985,good,taste,102985
759,4358,726,high,service,200726
760,4358,726,market,service,200726
761,4358,726,profit,service,200726
762,4358,726,for,service,200726
763,4358,726,sodas,service,200726
764,4361,729,food,service,200729
765,4361,729,was,taste,200729
766,4361,729,good,taste,200729
767,4363,730,meal,service,200730
768,4363,730,was,taste,200730
769,4363,730,a,taste,200730
770,4363,730,real,taste,200730
771,4363,730,disappointment,taste,200730
772,4369,735,great,taste,200735
773,4369,735,food,service,200735
774,4374,738,hot,temperature,200738
775,4374,738,meals,service,200738
776,4375,738,delicious,taste,200738
777,4376,738,choice,service,200738
778,4376,738,of,service,200738
779,4376,738,alcohol,service,200738
780,4377,738,drinks,service,200738
781,4384,743,food,service,200743
782,4384,743,was,taste,200743
783,4384,743,very,taste,200743
784,4384,743,nice,taste,200743
785,4389,746,drink,service,200746
786,4389,746,and,service,200746
787,4389,746,snack,service,200746
788,4389,746,service,service,200746
789,4398,754,better,taste,200754
790,4398,754,food,service,200754
791,4410,761,only,service,200761
792,4410,761,vegetarian,service,200761
793,4410,761,meals,service,200761
794,4410,761,left,service,200761
795,4411,761,offered,service,200761
796,4411,761,a,service,200761
797,4411,761,drink,service,200761
798,4414,764,no,service,200764
799,4414,764,inflight,service,200764
800,4414,764,meal,service,200764
801,4415,765,meal,service,200765
802,4415,765,service,service,200765
803,4417,767,small,service,200767
804,4417,767,snack,service,200767
805,4421,769,tasty,taste,200769
806,4422,769,pre,service,200769
807,4422,769,flight,service,200769
808,4422,769,drinks,service,200769
809,4423,770,tasteless,taste,200770
810,4428,774,food,service,200774
811,4428,774,served,service,200774
812,4428,774,is,taste,200774
813,4428,774,top,taste,200774
814,4428,774,notch,taste,200774
815,4429,775,way,service,200775
816,4429,775,behind,service,200775
817,4429,775,by,service,200775
818,4429,775,the,service,200775
819,4429,775,time,service,200775
820,4430,775,choice,service,200775
821,4430,775,of,service,200775
822,4430,775,meal,service,200775
823,4435,779,food,service,200779
824,4435,779,was,taste,200779
825,4435,779,nice,taste,200779
826,4437,780,nice,taste,200780
827,4437,780,coffee,taste,200780
828,4438,780,chocolates,service,200780
829,4440,782,crappy,taste,200782
830,4440,782,meals,service,200782
831,4444,784,coffee,service,200784
832,4446,785,snack,service,200785
833,4446,785,offered,service,200785
834,4451,789,enjoyed,taste,200789
835,4451,789,our,taste,200789
836,4451,789,meal,service,200789
837,4453,791,snack,service,200791
838,4453,791,was,taste,200791
839,4453,791,awful,taste,200791
840,4454,791,hard,taste,200791
841,4454,791,crisps,taste,200791
842,4457,794,food,service,200794
843,4457,794,was,taste,200794
844,4457,794,normal,taste,200794
845,4458,794,only,service,200794
846,4458,794,one,service,200794
847,4458,794,alcohol,service,200794
848,4458,794,drink,service,200794
849,4459,795,food,service,200795
850,4459,795,is,taste,200795
851,4459,795,always,service,200795
852,4459,795,good,taste,200795
853,4463,798,received,service,200798
854,4463,798,food,service,200798
855,4464,798,drinks,service,200798
856,4464,798,service,service,200798
857,4465,798,complimentary,service,200798
858,4465,798,food,service,200798
859,4465,798,was,taste,200798
860,4465,798,very,taste,200798
861,4465,798,good,taste,200798
862,4466,798,love,taste,200798
863,4466,798,the,taste,200798
864,4466,798,complimentary,service,200798
865,4466,798,wine,taste,200798
866,5141,1463,served,service,201463
867,5141,1463,drinks,service,201463
868,5142,1463,drinks,service,201463
869,5143,1463,drink,service,201463
870,5143,1463,at,service,201463
871,5143,1463,the,service,201463
872,5143,1463,bar,service,201463
873,5145,1463,pepper,service,201463
874,5145,1463,shaker,service,201463
875,5146,1463,three,service,201463
876,5146,1463,course,service,201463
877,5146,1463,dinner,service,201463
878,5155,1469,gourmet,service,201469
879,5155,1469,meal,service,201469
880,5156,1469,complimentary,service,201469
881,5156,1469,wine,service,201469
882,5162,1471,delicious,taste,201471
883,5162,1471,food,service,201471
884,5172,1477,offered,service,201477
885,5172,1477,accommodation,service,201477
886,5172,1477,meals,service,201477
887,5177,1479,free,service,201479
888,5177,1479,refreshments,taste,201479
889,5179,1480,best,service,201480
890,5179,1480,personnel,service,201480
891,5179,1480,bar,service,201480
892,5183,1481,food,service,201481
893,5183,1481,drink,service,201481
894,5183,1481,service,service,201481
895,5187,1483,meals,service,201483
896,5187,1483,and,service,201483
897,5187,1483,drinks,service,201483
898,5187,1483,selection,service,201483
899,5191,1485,food,service,201485
900,5191,1485,was,taste,201485
901,5191,1485,good,taste,201485
902,5194,1486,food,service,201486
903,5194,1486,was,taste,201486
904,5194,1486,very,taste,201486
905,5194,1486,good,taste,201486
906,5197,1488,food,service,201488
907,5197,1488,is,taste,201488
908,5197,1488,better,taste,201488
909,5200,1490,food,service,201490
910,5200,1490,it’s,taste,201490
911,5200,1490,awful,taste,201490
912,5201,1491,nice,service,201491
913,5201,1491,breakfast,service,201491
914,5203,1493,chicken,service,201493
915,5204,1493,jolloph,service,201493
916,5204,1493,rice,service,201493
917,5205,1493,missing,service,201493
918,5205,1493,we’re,service,201493
919,5205,1493,local,service,201493
920,5205,1493,drinks,service,201493
921,5206,1494,survive,service,201494
922,5206,1494,meals,service,201494
923,5207,1495,food,service,201495
924,5207,1495,was,taste,201495
925,5207,1495,alright,taste,201495
926,5208,1496,preorder,service,201496
927,5208,1496,my,service,201496
928,5208,1496,onboard,service,201496
929,5208,1496,menu,service,201496
930,5208,1496,choices,service,201496
931,5209,1497,food,service,201497
932,5209,1497,was,taste,201497
933,5209,1497,good,taste,201497
934,5212,1499,enjoyed,taste,201499
935,5212,1499,the,taste,201499
936,5212,1499,food,service,201499
937,5213,1500,food,service,201500
938,5213,1500,not,taste,201500
939,5213,1500,so,taste,201500
940,5213,1500,good,taste,201500
941,5225,1507,food,service,201507
942,5225,1507,and,taste,201507
943,5225,1507,drink,service,201507
944,5225,1507,were,taste,201507
945,5225,1507,very,taste,201507
946,5225,1507,good,taste,201507
947,5230,1509,food,service,201509
948,5230,1509,is,taste,201509
949,5230,1509,not,taste,201509
950,5230,1509,too,taste,201509
951,5230,1509,good,taste,201509
952,5231,1510,food,service,201510
953,5231,1510,was,taste,201510
954,5231,1510,good,taste,201510
955,5234,1512,meals,service,201512
956,5234,1512,very,taste,201512
957,5234,1512,good,taste,201512
958,5240,1515,menu,service,201515
959,5240,1515,was,service,201515
960,5240,1515,different,service,201515
961,5925,2177,awesome,taste,202177
962,5925,2177,foods,service,202177
963,6634,2870,tasted,taste,202870
964,6634,2870,horrible,taste,202870
965,6635,2871,no,service,202871
966,6635,2871,food,service,202871
967,6636,2871,average,service,202871
968,6636,2871,branded,service,202871
969,6636,2871,drinks,service,202871
970,6637,2871,surprisingly,taste,202871
971,6637,2871,good,taste,202871
972,6637,2871,and,taste,202871
973,6637,2871,better,taste,202871
974,6662,2885,magnum,service,202885
975,6662,2885,ice,service,202885
976,6662,2885,cream,service,202885
977,6675,2890,not,service,202890
978,6675,2890,even,service,202890
979,6675,2890,a,service,202890
980,6675,2890,beverage,service,202890
981,6684,2896,meal,service,202896
982,6684,2896,service,service,202896
983,6684,2896,took,service,202896
984,6684,2896,hours,service,202896
985,6684,2896,to,service,202896
986,6684,2896,complete,service,202896
987,6692,2900,pre,service,202900
988,6692,2900,order,service,202900
989,6692,2900,our,service,202900
990,6692,2900,meals,service,202900
991,6697,2905,choice,service,202905
992,6697,2905,of,service,202905
993,6697,2905,snack,service,202905
994,6706,2912,nice,service,202912
995,6706,2912,varied,service,202912
996,6706,2912,menu,service,202912
997,6707,2912,good,service,202912
998,6707,2912,prices,service,202912
999,6747,2939,great,service,202939
1000,6747,2939,in,service,202939
1001,6747,2939,flight,service,202939
1002,6747,2939,food,service,202939
1003,6754,2943,food,service,202943
1004,6754,2943,okay,taste,202943
1005,6776,2959,foodbasic,service,202959
1006,6779,2961,light,service,202961
1007,6779,2961,refreshments,taste,202961
1008,6785,2965,pasta,service,202965
1009,6786,2965,on,service,202965
1010,6786,2965,board,service,202965
1011,6786,2965,food,service,202965
1012,6792,2970,warm,service,202970
1013,6792,2970,drink,service,202970
1014,6793,2970,food,service,202970
1015,6793,2970,was,taste,202970
1016,6793,2970,disgusting,taste,202970
1017,6795,2972,reduced,service,202972
1018,6795,2972,food,service,202972
1019,6795,2972,service,service,202972
1020,6796,2973,dinner,service,202973
1021,6796,2973,was,taste,202973
1022,6796,2973,good,taste,202973
1023,6797,2973,breakfast,service,202973
1024,6797,2973,was,taste,202973
1025,6797,2973,pathetic,taste,202973
1026,6799,2975,meals,service,202975
1027,6799,2975,new,service,202975
1028,6799,2975,menu,service,202975
1029,7406,2,on,service,200002
1030,7406,2,time,service,200002
1031,7406,2,the,service,200002
1032,7406,2,snacks,service,200002
1033,7407,2,decent,taste,200002
1034,7407,2,in,taste,200002
1035,7407,2,quality,service,200002
1036,7408,2,pleasant,taste,200002
1037,7408,2,food,service,200002
1038,7409,2,average,service,200002
1039,7409,2,in,service,200002
1040,7409,2,terms,service,200002
1041,7409,2,of,service,200002
1042,7409,2,variety,service,200002
1043,7410,2,served,service,200002
1044,7410,2,on,service,200002
1045,7410,2,good,service,200002
1046,7410,2,time,service,200002
1047,7411,3,excellent,taste,200003
1048,7411,3,food,service,200003
1049,7411,3,and,taste,200003
1050,7411,3,beverages,service,200003
1051,7412,3,food,service,200003
1052,7412,3,was,taste,200003
1053,7412,3,very,taste,200003
1054,7412,3,good,taste,200003
1055,7414,4,gluten,service,200004
1056,7414,4,free,service,200004
1057,7414,4,meal,service,200004
1058,7418,6,snack,service,200006
1059,7422,10,please,service,200010
1060,7422,10,serve,service,200010
1061,7422,10,starbucks,service,200010
1062,7425,11,delicious,taste,200011
1063,7425,11,snack,service,200011
1064,7432,15,food,service,200015
1065,7432,15,too,taste,200015
1066,7432,15,was,taste,200015
1067,7432,15,sumptous,taste,200015
1068,7435,16,non,service,200016
1069,7435,16,veg,service,200016
1070,7435,16,dish,service,200016
1071,7435,16,finished,service,200016
1072,7436,16,serving,service,200016
1073,7436,16,lunch,service,200016
1074,7436,16,was,service,200016
1075,7436,16,very,service,200016
1076,7436,16,slow,service,200016
1077,7437,16,water,service,200016
1078,7437,16,was,service,200016
1079,7437,16,not,service,200016
1080,7437,16,served,service,200016
1081,7440,18,free,service,200018
1082,7440,18,food,service,200018
1083,7443,20,always,service,200020
1084,7443,20,around,service,200020
1085,7443,20,with,service,200020
1086,7443,20,the,service,200020
1087,7443,20,food,service,200020
1088,7443,20,trolly,service,200020
1089,7445,21,good,taste,200021
1090,7445,21,food,service,200021
1091,7446,22,served,service,200022
1092,7446,22,breakfast,service,200022
1093,7447,23,fresh,taste,200023
1094,7448,23,prices,service,200023
1095,7448,23,are,service,200023
1096,7448,23,much,service,200023
1097,7448,23,higher,service,200023
1098,7450,25,no,service,200025
1099,7450,25,new,service,200025
1100,7450,25,menus,service,200025
1101,7454,27,food,service,200027
1102,7454,27,was,taste,200027
1103,7454,27,ok,taste,200027
1104,7456,28,unlimilted,service,200028
1105,7456,28,teacoffee,service,200028
1106,7457,28,enjoyable,taste,200028
1107,7458,28,expensive,service,200028
1108,7463,33,food,service,200033
1109,7463,33,is,taste,200033
1110,7463,33,decent,taste,200033
1111,7464,33,vegetarian,service,200033
1112,7464,33,not,service,200033
1113,7464,33,much,service,200033
1114,7464,33,variety,service,200033
1115,7469,35,change,service,200035
1116,7469,35,of,service,200035
1117,7469,35,menu,service,200035
1118,7473,37,moregood,service,200037
1119,7473,37,food,service,200037
1120,7475,38,food,service,200038
1121,7475,38,was,taste,200038
1122,7475,38,ok,taste,200038
1123,7477,39,tasty,taste,200039
1124,7477,39,cuisine,taste,200039
1125,7483,43,food,service,200043
1126,7483,43,beverage,service,200043
1127,7491,49,offerred,service,200049
1128,7491,49,us,service,200049
1129,7491,49,tea,service,200049
1130,7491,49,and,service,200049
1131,7491,49,coffee,service,200049
1132,7491,49,free,service,200049
1133,7491,49,of,service,200049
1134,7491,49,cost,service,200049
1135,7492,50,offered,service,200050
1136,7492,50,us,service,200050
1137,7492,50,food,service,200050
1138,7492,50,and,service,200050
1139,7492,50,drinks,service,200050
1140,7492,50,for,service,200050
1141,7492,50,free,service,200050
1142,7494,52,excellent,taste,200052
1143,7494,52,food,service,200052
1144,7508,59,super,taste,200059
1145,7508,59,food,service,200059
1146,7512,62,tissue,service,200062
1147,7512,62,was,service,200062
1148,7512,62,not,service,200062
1149,7512,62,offered,service,200062
1150,7520,67,fresh,taste,200067
1151,7520,67,food,service,200067
1152,7520,67,a,service,200067
1153,7520,67,very,service,200067
1154,7520,67,poor,service,200067
1155,7520,67,choice,service,200067
1156,7521,68,hot,temperature,200068
1157,7521,68,snacks,service,200068
1158,7523,69,hot,temperature,200069
1159,7523,69,snacks,service,200069
1160,7525,70,hot,temperature,200070
1161,7525,70,snacks,service,200070
