,Unnamed: 0,id,In-flight service,Aspect,id_updated
0,11,2947.0,on,operations,2947.0
1,11,2947.0,time,operations,2947.0
2,12,2947.0,plane,operations,2947.0
3,13,2947.0,well,operations,2947.0
4,13,2947.0,maintained,operations,2947.0
5,14,2947.0,clean,operations,2947.0
6,15,2948.0,flawless,operations,2948.0
7,16,2948.0,flight,operations,2948.0
8,16,2948.0,attendants,operations,2948.0
9,16,2948.0,service,operations,2948.0
10,18,2949.0,staff,operations,2949.0
11,18,2949.0,on,operations,2949.0
12,18,2949.0,board,operations,2949.0
13,20,2950.0,fly,operations,2950.0
14,37,2953.0,planes,operations,2953.0
15,38,2953.0,old,operations,2953.0
16,38,2953.0,and,operations,2953.0
17,38,2953.0,appeared,operations,2953.0
18,38,2953.0,tired,operations,2953.0
19,39,2953.0,service,operations,2953.0
20,40,2953.0,minimal,operations,2953.0
21,106,2962.0,forced,operations,2962.0
22,107,2962.0,window,operations,2962.0
23,107,2962.0,down,operations,2962.0
24,118,2965.0,onboard,operations,2965.0
25,119,2965.0,unfriendly,operations,2965.0
26,134,2970.0,toilets,facility,2970.0
27,163,2973.0,abysmal,operations,2973.0
28,164,2973.0,service,operations,2973.0
29,165,2973.0,cleaning,operations,2973.0
30,166,2973.0,haphazard,operations,2973.0
31,199,2979.0,well,operations,2979.0
32,199,2979.0,organized,operations,2979.0
33,204,2980.0,inflight,facility,2980.0
34,204,2980.0,magazine,facility,2980.0
35,205,2980.0,ripped,facility,2980.0
36,206,2980.0,tattered,facility,2980.0
37,207,2980.0,lavatory,facility,2980.0
38,208,2980.0,clean,facility,2980.0
39,209,2980.0,disembarkation,facility,2980.0
40,210,2980.0,quick,facility,2980.0
41,211,2980.0,efficient,facility,2980.0
42,212,2980.0,convenient,facility,2980.0
43,234,2984.0,very,operations,2984.0
44,234,2984.0,precise,operations,2984.0
45,235,2984.0,routing,operations,2984.0
46,235,2984.0,info,operations,2984.0
47,236,2984.0,very,operations,2984.0
48,236,2984.0,informative,operations,2984.0
49,237,2984.0,short,operations,2984.0
50,237,2984.0,delay,operations,2984.0
51,240,2985.0,rerouted,operations,2985.0
52,243,2986.0,inflight,operations,2986.0
53,244,2986.0,not,operations,2986.0
54,244,2986.0,terrible,operations,2986.0
55,245,2986.0,inefficiency,operations,2986.0
56,260,2988.0,wheel,facility,2988.0
57,260,2988.0,problem,facility,2988.0
58,275,2990.0,delayed,operations,2990.0
59,291,2992.0,good,operations,2992.0
60,292,2992.0,services,operations,2992.0
61,293,2992.0,slight,operations,2992.0
62,293,2992.0,delay,operations,2992.0
63,295,2993.0,delayed,operations,2993.0
64,299,2994.0,business,operations,2994.0
65,299,2994.0,class,operations,2994.0
66,315,2996.0,meal,operations,2996.0
67,315,2996.0,service,operations,2996.0
68,316,2996.0,slow,operations,2996.0
69,317,2996.0,wifi,facility,2996.0
70,317,2996.0,service,facility,2996.0
71,318,2996.0,good,operations,2996.0
72,319,2996.0,loyalty,operations,2996.0
73,319,2996.0,concierge,operations,2996.0
74,319,2996.0,member,operations,2996.0
75,322,2997.0,take,operations,2997.0
76,322,2997.0,off,operations,2997.0
77,323,2997.0,delayed,operations,2997.0
78,324,2997.0,technical,operations,2997.0
79,324,2997.0,difficulties,operations,2997.0
80,326,2998.0,onboard,operations,2998.0
81,326,2998.0,service,operations,2998.0
82,327,2998.0,excellent,operations,2998.0
83,330,2999.0,seat,facility,2999.0
84,330,2999.0,belt,facility,2999.0
85,330,2999.0,sign,facility,2999.0
86,347,3000.0,delays,operations,3000.0
87,348,3000.0,service,operations,3000.0
88,349,3000.0,nice,operations,3000.0
89,350,3001.0,very,operations,3001.0
90,350,3001.0,poor,operations,3001.0
91,350,3001.0,planning,operations,3001.0
92,351,3001.0,disorganised,operations,3001.0
93,352,3002.0,economy,operations,3002.0
94,353,3002.0,economy,operations,3002.0
95,357,3003.0,silver,operations,3003.0
96,357,3003.0,tier,operations,3003.0
97,366,3005.0,comfortable,operations,3005.0
98,366,3005.0,flight,operations,3005.0
99,375,3008.0,better,operations,3008.0
100,375,3008.0,service,operations,3008.0
101,376,3008.0,comfort,operations,3008.0
102,378,3009.0,used,operations,3009.0
103,378,3009.0,tissues,operations,3009.0
104,379,3009.0,floor,operations,3009.0
105,380,3009.0,clean,facility,3009.0
106,380,3009.0,up,facility,3009.0
107,381,3010.0,on,facility,3010.0
108,381,3010.0,time,facility,3010.0
109,392,3012.0,ery,operations,3012.0
110,392,3012.0,smooth,operations,3012.0
111,394,3013.0,extremely,operations,3013.0
112,394,3013.0,noisy,operations,3013.0
113,417,3019.0,boarded,operations,3019.0
114,417,3019.0,ontime,operations,3019.0
115,418,3019.0,inflight,facility,3019.0
116,418,3019.0,announcements,facility,3019.0
117,419,3019.0,disturbing,operations,3019.0
118,420,3019.0,very,operations,3019.0
119,420,3019.0,loud,operations,3019.0
120,421,3019.0,seatbelt,facility,3019.0
121,421,3019.0,sign,facility,3019.0
122,422,3020.0,limited,operations,3020.0
123,422,3020.0,cockpit,operations,3020.0
124,422,3020.0,announcements,operations,3020.0
125,423,3020.0,disembarked,operations,3020.0
126,435,3022.0,business,facility,3022.0
127,435,3022.0,class,facility,3022.0
128,442,3024.0,route,operations,3024.0
129,443,3024.0,delayed,operations,3024.0
130,444,3024.0,arrival,operations,3024.0
131,444,3024.0,times,operations,3024.0
132,445,3024.0,stated,operations,3024.0
133,445,3024.0,times,operations,3024.0
134,446,3025.0,on,facility,3025.0
135,446,3025.0,board,facility,3025.0
136,476,3031.0,disembarkation,operations,3031.0
137,477,3031.0,slow,operations,3031.0
138,483,3032.0,service,operations,3032.0
139,483,3032.0,onboard,operations,3032.0
140,484,3032.0,delayed,operations,3032.0
141,492,3034.0,delayed,operations,3034.0
142,493,3035.0,nonstop,facility,3035.0
143,493,3035.0,flight,facility,3035.0
144,494,3035.0,first,facility,3035.0
145,494,3035.0,class,facility,3035.0
146,494,3035.0,service,facility,3035.0
147,495,3035.0,no,facility,3035.0
148,495,3035.0,wifi,facility,3035.0
149,500,3036.0,cleanliness,facility,3036.0
150,503,3037.0,no,facility,3037.0
151,503,3037.0,business,facility,3037.0
152,503,3037.0,class,facility,3037.0
153,503,3037.0,cabin,facility,3037.0
154,511,3039.0,on,facility,3039.0
155,511,3039.0,time,facility,3039.0
156,512,3039.0,aircraft,facility,3039.0
157,512,3039.0,communication,facility,3039.0
158,513,3039.0,atrocious,facility,3039.0
159,517,3040.0,delayed,facility,3040.0
160,518,3040.0,delay,facility,3040.0
161,527,3041.0,technical,facility,3041.0
162,527,3041.0,issues,facility,3041.0
163,529,3042.0,on,facility,3042.0
164,529,3042.0,time,facility,3042.0
165,547,3045.0,on,facility,3045.0
166,547,3045.0,time,facility,3045.0
167,771,3252.0,inflight,operations,3252.0
168,771,3252.0,service,operations,3252.0
169,772,3252.0,soothed,operations,3252.0
170,773,3252.0,enhanced,operations,3252.0
171,775,3254.0,gimmick,facility,3254.0
172,775,3254.0,and,facility,3254.0
173,775,3254.0,a,facility,3254.0
174,775,3254.0,huge,facility,3254.0
175,775,3254.0,joke,facility,3254.0
176,782,3255.0,on,facility,3255.0
177,782,3255.0,time,facility,3255.0
178,943,3315.0,aircraft,facility,3315.0
179,943,3315.0,miniature,facility,3315.0
180,947,3317.0,good,operations,3317.0
181,947,3317.0,take,operations,3317.0
182,947,3317.0,off,operations,3317.0
183,972,3329.0,shocking,operations,3329.0
184,972,3329.0,customer,operations,3329.0
185,972,3329.0,service,operations,3329.0
186,984,3335.0,very,operations,3335.0
187,984,3335.0,comfortable,operations,3335.0
188,985,3336.0,comfortable,operations,3336.0
189,994,3339.0,service,operations,3339.0
190,994,3339.0,is,operations,3339.0
191,994,3339.0,quicker,operations,3339.0
192,995,3339.0,flight,operations,3339.0
193,995,3339.0,was,operations,3339.0
194,995,3339.0,uneventful,operations,3339.0
195,996,3339.0,relaxing,operations,3339.0
196,1046,3355.0,no,facility,3355.0
197,1046,3355.0,wifi,facility,3355.0
198,1066,3360.0,stopover,facility,3360.0
199,1066,3360.0,program,facility,3360.0
200,1083,3363.0,on,operations,3363.0
201,1083,3363.0,board,operations,3363.0
202,1083,3363.0,service,operations,3363.0
203,1084,3363.0,quite,operations,3363.0
204,1084,3363.0,good,operations,3363.0
205,1085,3363.0,service,operations,3363.0
206,1086,3363.0,professional,operations,3363.0
207,1087,3363.0,attentive,operations,3363.0
208,1088,3364.0,on,operations,3364.0
209,1088,3364.0,board,operations,3364.0
210,1089,3364.0,ring,facility,3364.0
211,1089,3364.0,for,facility,3364.0
212,1089,3364.0,service,facility,3364.0
213,1090,3364.0,ignored,facility,3364.0
214,1091,3365.0,unorganized,facility,3365.0
215,1093,3366.0,availability,facility,3366.0
216,1093,3366.0,of,facility,3366.0
217,1093,3366.0,wifi,facility,3366.0
218,1110,3371.0,customer,operations,3371.0
219,1110,3371.0,service,operations,3371.0
220,1111,3371.0,best,facility,3371.0
221,1116,3372.0,on,operations,3372.0
222,1116,3372.0,board,operations,3372.0
223,1135,3377.0,good,operations,3377.0
224,1151,3383.0,good,operations,3383.0
225,1162,3387.0,service,operations,3387.0
226,1163,3387.0,frustrating,operations,3387.0
227,1164,3387.0,boring,operations,3387.0
228,1165,3388.0,ridiculous,facility,3388.0
229,1166,3388.0,inexcusable,facility,3388.0
230,1173,3390.0,quick,operations,3390.0
231,1174,3390.0,great,operations,3390.0
232,1174,3390.0,service,operations,3390.0
233,1175,3390.0,comfort,operations,3390.0
234,1176,3391.0,good,operations,3391.0
235,1188,3394.0,business,operations,3394.0
236,1188,3394.0,class,operations,3394.0
237,1192,3396.0,the,operations,3396.0
238,1192,3396.0,poorly,operations,3396.0
239,1192,3396.0,served,operations,3396.0
240,1223,3404.0,got,operations,3404.0
241,1223,3404.0,sheets,operations,3404.0
242,1229,3405.0,loud,operations,3405.0
243,1253,3407.0,business,operations,3407.0
244,1253,3407.0,class,operations,3407.0
245,1254,3407.0,worst,operations,3407.0
246,1255,3407.0,not,facility,3407.0
247,1255,3407.0,provide,facility,3407.0
248,1255,3407.0,pajamas,facility,3407.0
249,1256,3407.0,amenity,facility,3407.0
250,1256,3407.0,kit,facility,3407.0
251,1256,3407.0,is,facility,3407.0
252,1256,3407.0,so,facility,3407.0
253,1256,3407.0,cheap,facility,3407.0
254,1280,3413.0,defective,operations,3413.0
255,1280,3413.0,aircraft,operations,3413.0
256,1286,3415.0,few,facility,3415.0
257,1286,3415.0,washrooms,facility,3415.0
258,1293,3418.0,no,operations,3418.0
259,1293,3418.0,service,operations,3418.0
260,1313,3424.0,seat,facility,3424.0
261,1313,3424.0,belt,facility,3424.0
262,1313,3424.0,was,facility,3424.0
263,1313,3424.0,really,facility,3424.0
264,1313,3424.0,sticky,facility,3424.0
265,1314,3424.0,toilet,facility,3424.0
266,1315,3424.0,was,facility,3424.0
267,1315,3424.0,not,facility,3424.0
268,1315,3424.0,flushed,facility,3424.0
269,1321,3426.0,welcoming,operations,3426.0
270,1321,3426.0,refreshments,operations,3426.0
271,1322,3426.0,good,operations,3426.0
272,1322,3426.0,choice,operations,3426.0
273,1322,3426.0,of,operations,3426.0
274,1322,3426.0,newspapers,operations,3426.0
275,1323,3427.0,bathroom,facility,3427.0
276,1323,3427.0,sinks,facility,3427.0
277,1323,3427.0,were,facility,3427.0
278,1323,3427.0,not,facility,3427.0
279,1323,3427.0,working,facility,3427.0
280,1348,3435.0,service,operations,3435.0
281,1349,3435.0,wonderful,operations,3435.0
282,1359,3438.0,toilets,facility,3438.0
283,1359,3438.0,are,facility,3438.0
284,1359,3438.0,not,facility,3438.0
285,1359,3438.0,flushing,facility,3438.0
286,1360,3439.0,drink,operations,3439.0
287,1360,3439.0,service,operations,3439.0
288,1368,3441.0,technical,facility,3441.0
289,1368,3441.0,issues,facility,3441.0
290,1369,3442.0,catering,facility,3442.0
291,1369,3442.0,was,facility,3442.0
292,1369,3442.0,the,facility,3442.0
293,1369,3442.0,worst,facility,3442.0
294,1385,3449.0,magazine,facility,3449.0
295,1385,3449.0,compartment,facility,3449.0
296,1389,3451.0,business,operations,3451.0
297,1389,3451.0,class,operations,3451.0
298,1390,3451.0,excellent,operations,3451.0
299,1392,3452.0,great,operations,3452.0
300,1392,3452.0,deal,operations,3452.0
301,1399,3455.0,on,operations,3455.0
302,1399,3455.0,time,operations,3455.0
303,1400,3455.0,inflight,operations,3455.0
304,1400,3455.0,catering,operations,3455.0
305,1400,3455.0,good,operations,3455.0
306,1404,3457.0,functioning,operations,3457.0
307,1404,3457.0,like,operations,3457.0
308,1404,3457.0,a,operations,3457.0
309,1404,3457.0,clockwork,operations,3457.0
310,1407,3458.0,without,operations,3458.0
311,1407,3458.0,wifi,operations,3458.0
312,1426,3464.0,pper,facility,3464.0
313,1426,3464.0,deck,facility,3464.0
314,1426,3464.0,is,facility,3464.0
315,1426,3464.0,smooth,facility,3464.0
316,1427,3464.0,service,facility,3464.0
317,1428,3464.0,not,operations,3464.0
318,1428,3464.0,impressive,operations,3464.0
319,1429,3464.0,lack,operations,3464.0
320,1429,3464.0,of,operations,3464.0
321,1429,3464.0,wifi,operations,3464.0
322,1431,3465.0,storage,facility,3465.0
323,1431,3465.0,container,facility,3465.0
324,1447,3471.0,blanket,facility,3471.0
325,1455,3475.0,great,operations,3475.0
326,1455,3475.0,improvement,operations,3475.0
327,1455,3475.0,on,operations,3475.0
328,1455,3475.0,the,operations,3475.0
329,1455,3475.0,service,operations,3475.0
330,1458,3476.0,service,operations,3476.0
331,1458,3476.0,was,operations,3476.0
332,1458,3476.0,simply,operations,3476.0
333,1458,3476.0,impeccable,operations,3476.0
334,1473,3482.0,no,operations,3482.0
335,1473,3482.0,wifi,operations,3482.0
336,1511,3499.0,service,operations,3499.0
337,1511,3499.0,impeccable,operations,3499.0
338,1512,3500.0,onboard,operations,3500.0
339,1512,3500.0,wifi,operations,3500.0
340,1512,3500.0,and,operations,3500.0
341,1512,3500.0,get,operations,3500.0
342,1512,3500.0,internet,operations,3500.0
343,1517,3502.0,service,facility,3502.0
344,1517,3502.0,was,facility,3502.0
345,1517,3502.0,equally,facility,3502.0
346,1517,3502.0,terrible,facility,3502.0
347,1527,3506.0,bathroom,facility,3506.0
348,1528,3506.0,filthy,facility,3506.0
349,1543,3511.0,not,facility,3511.0
350,1543,3511.0,wifi,facility,3511.0
351,1543,3511.0,enabled,facility,3511.0
352,1549,3512.0,not,facility,3512.0
353,1549,3512.0,wifi,facility,3512.0
354,1549,3512.0,enabled,facility,3512.0
355,1560,3515.0,inconvenient,facility,3515.0
356,1560,3515.0,travelling,facility,3515.0
357,1561,3515.0,inconvenience,facility,3515.0
358,1564,3517.0,fetch,facility,3517.0
359,1564,3517.0,water,facility,3517.0
360,1564,3517.0,myself,facility,3517.0
361,1568,3518.0,plenty,facility,3518.0
362,1568,3518.0,of,facility,3518.0
363,1568,3518.0,new,facility,3518.0
364,1568,3518.0,movies,facility,3518.0
365,1571,3519.0,poor,operations,3519.0
366,1571,3519.0,quality,operations,3519.0
367,1571,3519.0,service,operations,3519.0
368,1601,3528.0,call,operations,3528.0
369,1601,3528.0,button,operations,3528.0
370,1601,3528.0,to,operations,3528.0
371,1601,3528.0,request,operations,3528.0
372,1654,3541.0,terrible,operations,3541.0
373,1654,3541.0,inflight,operations,3541.0
374,1654,3541.0,service,operations,3541.0
375,1659,3542.0,very,operations,3542.0
376,1659,3542.0,good,operations,3542.0
377,1663,3543.0,seat,facility,3543.0
378,1663,3543.0,belt,facility,3543.0
379,1663,3543.0,housing,facility,3543.0
380,1663,3543.0,was,facility,3543.0
381,1663,3543.0,digging,facility,3543.0
382,1664,3543.0,no,facility,3543.0
383,1664,3543.0,charging,facility,3543.0
384,1664,3543.0,ports,facility,3543.0
385,1665,3543.0,hospitality,facility,3543.0
386,1665,3543.0,pack,facility,3543.0
387,1666,3543.0,small,operations,3543.0
388,1676,3546.0,irty,facility,3546.0
389,1676,3546.0,toilets,facility,3546.0
390,1677,3547.0,perfect,operations,3547.0
391,1677,3547.0,service,operations,3547.0
392,1679,3548.0,great,operations,3548.0
393,1679,3548.0,service,operations,3548.0
394,1680,3548.0,comfort,operations,3548.0
395,1693,3552.0,terrible,operations,3552.0
396,1693,3552.0,service,operations,3552.0
397,1696,3553.0,usb,operations,3553.0
398,1696,3553.0,port,operations,3553.0
399,1696,3553.0,not,operations,3553.0
400,1696,3553.0,working,operations,3553.0
401,1703,3556.0,inflight,facility,3556.0
402,1703,3556.0,poor,facility,3556.0
403,1703,3556.0,service,facility,3556.0
404,1705,3557.0,no,facility,3557.0
405,1705,3557.0,blankets,facility,3557.0
406,1705,3557.0,supplied,facility,3557.0
407,1706,3557.0,used,facility,3557.0
408,1706,3557.0,blankets,facility,3557.0
409,1707,3557.0,poor,operations,3557.0
410,1707,3557.0,quality,operations,3557.0
411,1708,3557.0,no,operations,3557.0
412,1708,3557.0,customer,operations,3557.0
413,1708,3557.0,service,operations,3557.0
414,1709,3558.0,blanket,operations,3558.0
415,1710,3559.0,s,facility,3559.0
416,1710,3559.0,no,facility,3559.0
417,1710,3559.0,service,facility,3559.0
418,1710,3559.0,available,facility,3559.0
419,1724,3563.0,toilets,facility,3563.0
420,1724,3563.0,not,facility,3563.0
421,1724,3563.0,working,facility,3563.0
422,1733,3566.0,safety,operations,3566.0
423,1733,3566.0,demonstration,operations,3566.0
424,1734,3566.0,inflight,operations,3566.0
425,1734,3566.0,magazines,operations,3566.0
426,1735,3566.0,not,facility,3566.0
427,1735,3566.0,placed,facility,3566.0
428,1735,3566.0,in,facility,3566.0
429,1735,3566.0,the,facility,3566.0
430,1735,3566.0,seat,facility,3566.0
431,1735,3566.0,pocket,facility,3566.0
432,1736,3567.0,reading,facility,3567.0
433,1736,3567.0,lights,facility,3567.0
434,1737,3567.0,not,facility,3567.0
435,1737,3567.0,working,facility,3567.0
436,1756,3573.0,toilets,facility,3573.0
437,1756,3573.0,they,facility,3573.0
438,1756,3573.0,were,facility,3573.0
439,1756,3573.0,gross,facility,3573.0
440,1760,3574.0,very,operations,3574.0
441,1760,3574.0,smooth,operations,3574.0
442,1773,3579.0,uncomfortable,operations,3579.0
443,1801,3590.0,blanket,facility,3590.0
444,1802,3590.0,offered,facility,3590.0
445,1802,3590.0,pyjamas,facility,3590.0
446,1816,3596.0,horrible,facility,3596.0
447,1816,3596.0,service,facility,3596.0
448,1840,3605.0,had,facility,3605.0
449,1840,3605.0,not,facility,3605.0
450,1840,3605.0,provided,facility,3605.0
451,1840,3605.0,the,facility,3605.0
452,1840,3605.0,infant,facility,3605.0
453,1840,3605.0,carrier,facility,3605.0
454,1841,3605.0,no,operations,3605.0
455,1841,3605.0,air,operations,3605.0
456,1841,3605.0,supply,operations,3605.0
457,1842,3606.0,sad,operations,3606.0
458,1842,3606.0,with,operations,3606.0
459,1842,3606.0,service,operations,3606.0
460,1843,3606.0,esponse,operations,3606.0
461,1843,3606.0,of,operations,3606.0
462,1843,3606.0,call,operations,3606.0
463,1844,3607.0,poor,facility,3607.0
464,1844,3607.0,customer,facility,3607.0
465,1844,3607.0,service,facility,3607.0
466,1846,3608.0,blanket,facility,3608.0
467,1856,3613.0,business,operations,3613.0
468,1856,3613.0,class,operations,3613.0
469,1881,3621.0,warm,facility,3621.0
470,1881,3621.0,blanket,facility,3621.0
471,1881,3621.0,pyjamas,facility,3621.0
472,1881,3621.0,and,facility,3621.0
473,1881,3621.0,a,facility,3621.0
474,1881,3621.0,nice,facility,3621.0
475,1881,3621.0,amenity,facility,3621.0
476,1894,3626.0,service,operations,3626.0
477,1894,3626.0,was,operations,3626.0
478,1894,3626.0,unremarkable,operations,3626.0
479,1903,3630.0,seatbelt,operations,3630.0
480,1903,3630.0,sign,operations,3630.0
481,1903,3630.0,was,operations,3630.0
482,1903,3630.0,on,operations,3630.0
483,1915,3633.0,poor,operations,3633.0
484,1915,3633.0,service,operations,3633.0
485,1921,3637.0,reading,facility,3637.0
486,1921,3637.0,lights,facility,3637.0
487,1922,3637.0,not,operations,3637.0
488,1922,3637.0,work,operations,3637.0
489,1923,3637.0,customer,facility,3637.0
490,1923,3637.0,service,facility,3637.0
491,1923,3637.0,is,facility,3637.0
492,1923,3637.0,unacceptable,facility,3637.0
493,1924,3638.0,inflight,facility,3638.0
494,1924,3638.0,services,facility,3638.0
495,1924,3638.0,were,facility,3638.0
496,1924,3638.0,pathetic,facility,3638.0
497,1925,3638.0,blanket,facility,3638.0
498,1925,3638.0,was,facility,3638.0
499,1925,3638.0,forgotten,facility,3638.0
500,1926,3639.0,excellent,operations,3639.0
501,1926,3639.0,service,operations,3639.0
502,1927,3639.0,blankets,facility,3639.0
503,1937,3643.0,not,operations,3643.0
504,1937,3643.0,be,operations,3643.0
505,1937,3643.0,a,operations,3643.0
506,1937,3643.0,luxurious,operations,3643.0
507,1937,3643.0,airline,operations,3643.0
508,1944,3645.0,very,operations,3645.0
509,1944,3645.0,tight,operations,3645.0
510,1948,3646.0,run,facility,3646.0
511,1948,3646.0,out,facility,3646.0
512,1948,3646.0,of,facility,3646.0
513,1948,3646.0,toilet,facility,3646.0
514,1948,3646.0,paper,facility,3646.0
515,1949,3646.0,paper,facility,3646.0
516,1949,3646.0,towels,facility,3646.0
517,1954,3648.0,lack,operations,3648.0
518,1954,3648.0,hospitality,operations,3648.0
519,2031,3675.0,horrible,operations,3675.0
520,2031,3675.0,custom,operations,3675.0
521,2031,3675.0,service,operations,3675.0
522,2032,3675.0,service,operations,3675.0
523,2064,3688.0,wifi,operations,3688.0
524,2064,3688.0,was,operations,3688.0
525,2064,3688.0,impossible,operations,3688.0
526,2064,3688.0,to,operations,3688.0
527,2064,3688.0,use,operations,3688.0
528,2066,3689.0,poor,operations,3689.0
529,2066,3689.0,onboard,operations,3689.0
530,2066,3689.0,service,operations,3689.0
531,2085,3696.0,poor,operations,3696.0
532,2085,3696.0,customer,operations,3696.0
533,2085,3696.0,service,operations,3696.0
534,2101,3701.0,ridiculous,facility,3701.0
535,2102,3702.0,toilet,facility,3702.0
536,2103,3702.0,toilets,facility,3702.0
537,2104,3702.0,toilets,facility,3702.0
538,2105,3702.0,toilet,facility,3702.0
539,2106,3702.0,toilets,facility,3702.0
540,2107,3702.0,too,facility,3702.0
541,2107,3702.0,much,facility,3702.0
542,2107,3702.0,of,facility,3702.0
543,2107,3702.0,a,facility,3702.0
544,2107,3702.0,distance,facility,3702.0
545,2108,3702.0,toilets,facility,3702.0
546,2122,3707.0,poor,operations,3707.0
547,2122,3707.0,maintenance,operations,3707.0
548,2129,3709.0,dirty,operations,3709.0
549,2142,3712.0,good,operations,3712.0
550,2142,3712.0,service,operations,3712.0
551,2143,3712.0,uncomfortable,operations,3712.0
552,2148,3713.0,poor,operations,3713.0
553,2148,3713.0,service,operations,3713.0
554,2180,3724.0,very,operations,3724.0
555,2180,3724.0,inept,operations,3724.0
556,2180,3724.0,and,operations,3724.0
557,2180,3724.0,unorganized,operations,3724.0
558,2186,3727.0,bad,operations,3727.0
559,2186,3727.0,customer,operations,3727.0
560,2186,3727.0,service,operations,3727.0
561,2200,3735.0,a,operations,3735.0
562,2200,3735.0,voucher,operations,3735.0
563,2219,3739.0,clean,operations,3739.0
564,2234,3744.0,smooth,operations,3744.0
565,2234,3744.0,flight,operations,3744.0
566,2242,3745.0,offered,operations,3745.0
567,2242,3745.0,vouchers,operations,3745.0
568,2261,3748.0,ready,operations,3748.0
569,2261,3748.0,for,operations,3748.0
570,2261,3748.0,take,operations,3748.0
571,2261,3748.0,off,operations,3748.0
572,2284,3859.0,excellent,operations,3859.0
573,2284,3859.0,service,operations,3859.0
574,2285,3860.0,harging,facility,3860.0
575,2285,3860.0,plug,facility,3860.0
576,2285,3860.0,or,facility,3860.0
577,2285,3860.0,coat,facility,3860.0
578,2285,3860.0,hook,facility,3860.0
579,2286,3860.0,do,facility,3860.0
580,2286,3860.0,provide,facility,3860.0
581,2286,3860.0,blanket,facility,3860.0
582,2286,3860.0,and,facility,3860.0
583,2286,3860.0,pillow,facility,3860.0
584,2286,3860.0,seats,facility,3860.0
585,2287,3860.0,toilets,facility,3860.0
586,2287,3860.0,were,facility,3860.0
587,2287,3860.0,clean,facility,3860.0
588,2300,3866.0,top,operations,3866.0
589,2300,3866.0,quality,operations,3866.0
590,2300,3866.0,service,operations,3866.0
591,2318,3871.0,new,facility,3871.0
592,2318,3871.0,smart,facility,3871.0
593,2318,3871.0,bin,facility,3871.0
594,2339,3964.0,excellent,operations,3964.0
595,2339,3964.0,service,operations,3964.0
596,2379,3977.0,service,operations,3977.0
597,2379,3977.0,was,operations,3977.0
598,2379,3977.0,excellent,operations,3977.0
599,2388,3983.0,excellent,operations,3983.0
600,2388,3983.0,service,operations,3983.0
601,2389,3983.0,prompt,facility,3983.0
602,2389,3983.0,service,facility,3983.0
603,2451,4003.0,toilets,facility,4003.0
604,2451,4003.0,were,facility,4003.0
605,2451,4003.0,clean,facility,4003.0
606,2463,4008.0,customer,operations,4008.0
607,2463,4008.0,service,operations,4008.0
608,2464,4008.0,horrible,operations,4008.0
609,2464,4008.0,customer,operations,4008.0
610,2464,4008.0,servic,operations,4008.0
611,2495,4023.0,service,operations,4023.0
612,2495,4023.0,was,operations,4023.0
613,2495,4023.0,good,operations,4023.0
614,2545,4041.0,excellent,operations,4041.0
615,2545,4041.0,service,operations,4041.0
616,2577,3755.0,luxury,operations,3755.0
617,2577,3755.0,treatment,operations,3755.0
618,2584,3758.0,exceptional,operations,3758.0
619,2584,3758.0,service,operations,3758.0
620,2588,3760.0,option,operations,3760.0
621,2588,3760.0,to,operations,3760.0
622,2588,3760.0,buy,operations,3760.0
623,2601,3764.0,hospitality,facility,3764.0
624,2602,3764.0,service,operations,3764.0
625,2603,3764.0,service,operations,3764.0
626,2603,3764.0,standards,operations,3764.0
627,2603,3764.0,high,operations,3764.0
628,2610,3767.0,seat,facility,3767.0
629,2610,3767.0,belt,facility,3767.0
630,2611,3767.0,special,facility,3767.0
631,2611,3767.0,safety,facility,3767.0
632,2611,3767.0,instruction,facility,3767.0
633,2615,3769.0,seat,facility,3769.0
634,2615,3769.0,belt,facility,3769.0
635,2620,3773.0,amazing,operations,3773.0
636,2620,3773.0,service,operations,3773.0
637,2621,3773.0,service,operations,3773.0
638,2621,3773.0,is,operations,3773.0
639,2621,3773.0,far,operations,3773.0
640,2621,3773.0,above,operations,3773.0
641,2624,3775.0,higher,operations,3775.0
642,2624,3775.0,quality,operations,3775.0
643,2624,3775.0,of,operations,3775.0
644,2624,3775.0,service,operations,3775.0
645,2639,3782.0,exemplary,operations,3782.0
646,2639,3782.0,service,operations,3782.0
647,2645,3785.0,seat,facility,3785.0
648,2645,3785.0,belt,facility,3785.0
649,2645,3785.0,sign,facility,3785.0
650,2646,3785.0,not,facility,3785.0
651,2646,3785.0,switched,facility,3785.0
652,2646,3785.0,off,facility,3785.0
653,2647,3785.0,seat,facility,3785.0
654,2647,3785.0,belt,facility,3785.0
655,2647,3785.0,sign,facility,3785.0
656,2647,3785.0,was,facility,3785.0
657,2647,3785.0,switched,facility,3785.0
658,2647,3785.0,off,facility,3785.0
659,2648,3785.0,wash,facility,3785.0
660,2648,3785.0,room,facility,3785.0
661,2656,3789.0,excellent,operations,3789.0
662,2656,3789.0,service,operations,3789.0
663,2662,3792.0,discount,operations,3792.0
664,2662,3792.0,vouchers,operations,3792.0
665,2672,3796.0,nflight,operations,3796.0
666,2672,3796.0,service,operations,3796.0
667,2672,3796.0,were,operations,3796.0
668,2672,3796.0,all,operations,3796.0
669,2672,3796.0,superb,operations,3796.0
670,2674,3797.0,wn,operations,3797.0
671,2674,3797.0,rewards,operations,3797.0
672,2674,3797.0,program,operations,3797.0
673,2690,3802.0,coat,facility,3802.0
674,2690,3802.0,hanger,facility,3802.0
675,2690,3802.0,hook,facility,3802.0
676,2691,3802.0,offer,operations,3802.0
677,2692,3802.0,extra,facility,3802.0
678,2692,3802.0,pillows,facility,3802.0
679,2692,3802.0,and,facility,3802.0
680,2692,3802.0,blankets,facility,3802.0
681,2693,3802.0,welcome,facility,3802.0
682,2693,3802.0,drink,facility,3802.0
683,2694,3802.0,quality,facility,3802.0
684,2694,3802.0,hospitality,facility,3802.0
685,2703,3806.0,best,operations,3806.0
686,2703,3806.0,inflight,operations,3806.0
687,2703,3806.0,services,operations,3806.0
688,2704,3806.0,punctual,operations,3806.0
689,2718,3811.0,fantastic,operations,3811.0
690,2718,3811.0,service,operations,3811.0
691,2729,3815.0,restrooms,facility,3815.0
692,2729,3815.0,clean,facility,3815.0
693,2733,3817.0,hot,facility,3817.0
694,2733,3817.0,towel,facility,3817.0
695,2740,3819.0,great,operations,3819.0
696,2740,3819.0,service,operations,3819.0
697,2742,3820.0,hot,facility,3820.0
698,2742,3820.0,cold,facility,3820.0
699,2742,3820.0,towel,facility,3820.0
700,2742,3820.0,service,facility,3820.0
701,2769,3826.0,face,facility,3826.0
702,2769,3826.0,wipes,facility,3826.0
703,2775,3827.0,reading,facility,3827.0
704,2775,3827.0,stuff,facility,3827.0
705,2775,3827.0,was,facility,3827.0
706,2775,3827.0,available,facility,3827.0
707,2776,3828.0,boarding,facility,3828.0
708,2776,3828.0,pillows,facility,3828.0
709,2778,3829.0,comfort,facility,3829.0
710,2778,3829.0,and,facility,3829.0
711,2778,3829.0,efficiency,facility,3829.0
712,2779,3829.0,inflight,operations,3829.0
713,2779,3829.0,service,operations,3829.0
714,2780,3829.0,outstanding,operations,3829.0
715,2783,3831.0,excellent,operations,3831.0
716,2783,3831.0,service,operations,3831.0
717,2785,3832.0,infight,operations,3832.0
718,2785,3832.0,magazine,operations,3832.0
719,2786,3832.0,wireless,facility,3832.0
720,2786,3832.0,streaming,facility,3832.0
721,2786,3832.0,of,facility,3832.0
722,2786,3832.0,entertainment,facility,3832.0
723,2787,3832.0,reading,facility,3832.0
724,2787,3832.0,material,facility,3832.0
725,2787,3832.0,was,facility,3832.0
726,2787,3832.0,available,facility,3832.0
727,2788,3832.0,warm,facility,3832.0
728,2788,3832.0,towels,facility,3832.0
729,2795,3834.0,excellent,operations,3834.0
730,2795,3834.0,service,operations,3834.0
0,6,4.0,service,operations,100004.0
1,7,4.0,safely,operations,100004.0
2,8,5.0,excellent,operations,100005.0
3,8,5.0,service,operations,100005.0
4,14,6.0,service,operations,100006.0
5,15,6.0,incredible,operations,100006.0
6,27,10.0,lie,facility,100010.0
7,27,10.0,flatbed,facility,100010.0
8,28,10.0,service,operations,100010.0
9,29,10.0,not,operations,100010.0
10,29,10.0,receive,operations,100010.0
11,29,10.0,the,operations,100010.0
12,29,10.0,benefits,operations,100010.0
13,30,10.0,service,operations,100010.0
14,33,10.0,so,operations,100010.0
15,33,10.0,dissatisfied,operations,100010.0
16,33,10.0,with,operations,100010.0
17,33,10.0,the,operations,100010.0
18,33,10.0,service,operations,100010.0
19,33,10.0,and,operations,100010.0
20,33,10.0,quality,operations,100010.0
21,34,10.0,disappointed,operations,100010.0
22,35,10.0,service,operations,100010.0
23,35,10.0,was,operations,100010.0
24,35,10.0,appalling,operations,100010.0
25,45,14.0,fantastic,operations,100014.0
26,45,14.0,service,operations,100014.0
27,49,16.0,treats,operations,100016.0
28,49,16.0,flowers,operations,100016.0
29,50,16.0,amazing,operations,100016.0
30,50,16.0,service,operations,100016.0
31,53,17.0,decline,operations,100017.0
32,53,17.0,in,operations,100017.0
33,53,17.0,cabin,operations,100017.0
34,53,17.0,standards,operations,100017.0
35,59,20.0,service,operations,100020.0
36,59,20.0,was,operations,100020.0
37,59,20.0,a,operations,100020.0
38,59,20.0,farce,operations,100020.0
39,63,21.0,resent,operations,100021.0
40,63,21.0,being,operations,100021.0
41,63,21.0,woken,operations,100021.0
42,63,21.0,up,operations,100021.0
43,68,23.0,service,operations,100023.0
44,68,23.0,has,operations,100023.0
45,68,23.0,gone,operations,100023.0
46,68,23.0,downhill,operations,100023.0
47,81,24.0,drinks,facility,100024.0
48,81,24.0,service,facility,100024.0
49,81,24.0,was,facility,100024.0
50,81,24.0,good,facility,100024.0
51,83,25.0,customer,operations,100025.0
52,83,25.0,service,operations,100025.0
53,83,25.0,is,operations,100025.0
54,83,25.0,simply,operations,100025.0
55,83,25.0,non-existent,operations,100025.0
56,90,26.0,ir,facility,100026.0
57,90,26.0,conditioning,facility,100026.0
58,90,26.0,did,facility,100026.0
59,90,26.0,not,facility,100026.0
60,90,26.0,work,facility,100026.0
61,91,26.0,very,facility,100026.0
62,91,26.0,hot,facility,100026.0
63,92,26.0,blood,operations,100026.0
64,92,26.0,pressure,operations,100026.0
65,92,26.0,went,operations,100026.0
66,92,26.0,up,operations,100026.0
67,102,28.0,lighting,facility,100028.0
68,115,31.0,wifi,facility,100031.0
69,115,31.0,was,facility,100031.0
70,115,31.0,non,facility,100031.0
71,115,31.0,existent,facility,100031.0
72,126,33.0,upgraded,operations,100033.0
73,126,33.0,to,operations,100033.0
74,126,33.0,first,operations,100033.0
75,126,33.0,class,operations,100033.0
76,127,34.0,service,operations,100034.0
77,128,34.0,outstanding,operations,100034.0
78,129,34.0,wifi,facility,100034.0
79,129,34.0,barely,facility,100034.0
80,129,34.0,worked,facility,100034.0
81,140,38.0,without,operations,100038.0
82,140,38.0,much,operations,100038.0
83,140,38.0,organisation,operations,100038.0
84,141,38.0,kept,operations,100038.0
85,141,38.0,getting,operations,100038.0
86,141,38.0,worse,operations,100038.0
87,142,38.0,very,operations,100038.0
88,142,38.0,very,operations,100038.0
89,142,38.0,bad,operations,100038.0
90,144,38.0,treat,operations,100038.0
91,144,38.0,you,operations,100038.0
92,144,38.0,as,operations,100038.0
93,144,38.0,cattle,operations,100038.0
94,150,40.0,did,facility,100040.0
95,150,40.0,not,facility,100040.0
96,150,40.0,get,facility,100040.0
97,150,40.0,a,facility,100040.0
98,150,40.0,card,facility,100040.0
99,151,40.0,arrival,facility,100040.0
100,151,40.0,cards,facility,100040.0
101,152,40.0,embarkation,facility,100040.0
102,152,40.0,cards,facility,100040.0
103,153,40.0,ran,facility,100040.0
104,153,40.0,short,facility,100040.0
105,153,40.0,of,facility,100040.0
106,153,40.0,cards,facility,100040.0
107,155,42.0,no,operations,100042.0
108,155,42.0,customer,operations,100042.0
109,155,42.0,service,operations,100042.0
110,155,42.0,at,operations,100042.0
111,155,42.0,all,operations,100042.0
112,156,42.0,very,operations,100042.0
113,156,42.0,poor,operations,100042.0
114,156,42.0,customer,operations,100042.0
115,156,42.0,service,operations,100042.0
116,160,44.0,unorganized,operations,100044.0
117,178,49.0,great,operations,100049.0
118,178,49.0,service,operations,100049.0
119,189,51.0,service,operations,100051.0
120,189,51.0,is,operations,100051.0
121,189,51.0,way,operations,100051.0
122,189,51.0,below,operations,100051.0
123,191,52.0,extremely,operations,100052.0
124,191,52.0,poor,operations,100052.0
125,191,52.0,inflight,operations,100052.0
126,191,52.0,service,operations,100052.0
127,192,52.0,service,operations,100052.0
128,193,53.0,great,operations,100053.0
129,193,53.0,service,operations,100053.0
130,207,58.0,economy,operations,100058.0
131,207,58.0,passengers,operations,100058.0
132,207,58.0,are,operations,100058.0
133,207,58.0,treated,operations,100058.0
134,207,58.0,differently,operations,100058.0
135,208,58.0,checking,operations,100058.0
136,209,58.0,deboarding,operations,100058.0
137,210,59.0,business,operations,100059.0
138,210,59.0,class,operations,100059.0
139,210,59.0,layout,operations,100059.0
140,225,62.0,professional,operations,100062.0
141,225,62.0,approach,operations,100062.0
142,225,62.0,is,operations,100062.0
143,225,62.0,lacking,operations,100062.0
144,226,62.0,customer,operations,100062.0
145,226,62.0,service,operations,100062.0
146,241,66.0,in,operations,100066.0
147,241,66.0,business,operations,100066.0
148,241,66.0,no,operations,100066.0
149,241,66.0,service,operations,100066.0
150,275,71.0,service,operations,100071.0
151,278,72.0,dirty,facility,100072.0
152,278,72.0,bathrooms,facility,100072.0
153,288,75.0,cabin,operations,100075.0
154,288,75.0,service,operations,100075.0
155,288,75.0,was,operations,100075.0
156,288,75.0,rubbish,operations,100075.0
157,289,75.0,cabin,operations,100075.0
158,289,75.0,service,operations,100075.0
159,289,75.0,was,operations,100075.0
160,289,75.0,generally,operations,100075.0
161,289,75.0,lousy,operations,100075.0
162,290,75.0,tables,facility,100075.0
163,290,75.0,were,facility,100075.0
164,290,75.0,not,facility,100075.0
165,290,75.0,cleaned,facility,100075.0
166,290,75.0,properly,facility,100075.0
167,291,76.0,wifi,facility,100076.0
168,291,76.0,was,facility,100076.0
169,291,76.0,revolutionary,facility,100076.0
170,292,76.0,great,operations,100076.0
171,295,77.0,service,operations,100077.0
172,295,77.0,was,operations,100077.0
173,295,77.0,super,operations,100077.0
174,295,77.0,slow,operations,100077.0
175,331,84.0,worst,operations,100084.0
176,331,84.0,cabin,operations,100084.0
177,331,84.0,service,operations,100084.0
178,352,86.0,wi-fi,facility,100086.0
179,352,86.0,connection,facility,100086.0
180,353,86.0,surprisingly,facility,100086.0
181,353,86.0,stable,facility,100086.0
182,354,86.0,fast,facility,100086.0
183,363,88.0,top,operations,100088.0
184,363,88.0,service,operations,100088.0
185,365,89.0,service,operations,100089.0
186,366,89.0,great,operations,100089.0
187,368,90.0,erratic,operations,100090.0
188,370,91.0,service,operations,100091.0
189,371,91.0,worst,operations,100091.0
190,402,96.0,customer,operations,100096.0
191,402,96.0,service,operations,100096.0
192,402,96.0,is,operations,100096.0
193,402,96.0,amazing,operations,100096.0
194,405,97.0,service,operations,100097.0
195,405,97.0,was,operations,100097.0
196,405,97.0,poor,operations,100097.0
197,406,97.0,service,operations,100097.0
198,406,97.0,disjointed,operations,100097.0
199,420,101.0,lack,operations,100101.0
200,420,101.0,of,operations,100101.0
201,420,101.0,service,operations,100101.0
202,470,124.0,good,operations,100124.0
203,471,124.0,service,operations,100124.0
204,493,136.0,no,facility,100136.0
205,493,136.0,chance,facility,100136.0
206,493,136.0,to,facility,100136.0
207,493,136.0,use,facility,100136.0
208,493,136.0,toilet,facility,100136.0
209,494,136.0,problem,operations,100136.0
210,495,136.0,services,operations,100136.0
211,497,138.0,service,operations,100138.0
212,497,138.0,at,operations,100138.0
213,497,138.0,a,operations,100138.0
214,497,138.0,high,operations,100138.0
215,497,138.0,level,operations,100138.0
216,538,158.0,services,operations,100158.0
217,538,158.0,satisfactory,operations,100158.0
218,543,161.0,good,operations,100161.0
219,543,161.0,service,operations,100161.0
220,549,165.0,no,facility,100165.0
221,549,165.0,internet,facility,100165.0
222,550,166.0,no,facility,100166.0
223,550,166.0,internet,facility,100166.0
224,551,167.0,great,operations,100167.0
225,551,167.0,service,operations,100167.0
226,559,172.0,worst,operations,100172.0
227,559,172.0,customer,operations,100172.0
228,559,172.0,service,operations,100172.0
229,575,178.0,no,facility,100178.0
230,575,178.0,extras,facility,100178.0
231,582,182.0,earbuds,facility,100182.0
232,585,185.0,service,operations,100185.0
233,585,185.0,is,operations,100185.0
234,585,185.0,efficient,operations,100185.0
235,585,185.0,and,operations,100185.0
236,585,185.0,competent,operations,100185.0
237,590,188.0,service,operations,100188.0
238,590,188.0,is,operations,100188.0
239,590,188.0,excellent,operations,100188.0
240,603,195.0,service,operations,100195.0
241,603,195.0,was,operations,100195.0
242,603,195.0,great,operations,100195.0
243,604,195.0,staff,operations,100195.0
244,604,195.0,was,operations,100195.0
245,604,195.0,helpful,operations,100195.0
246,1252,831.0,blanket,facility,100831.0
247,1252,831.0,at,facility,100831.0
248,1252,831.0,a,facility,100831.0
249,1252,831.0,cost,facility,100831.0
250,1253,831.0,no,facility,100831.0
251,1253,831.0,pillows,facility,100831.0
252,1254,832.0,effective,operations,100832.0
253,1254,832.0,service,operations,100832.0
254,1256,834.0,substandard,operations,100834.0
255,1256,834.0,management,operations,100834.0
256,1266,837.0,servive,operations,100837.0
257,1266,837.0,was,operations,100837.0
258,1266,837.0,very,operations,100837.0
259,1266,837.0,professional,operations,100837.0
260,1296,850.0,no,facility,100850.0
261,1296,850.0,flight,facility,100850.0
262,1296,850.0,entertainment,facility,100850.0
263,1323,866.0,no,facility,100866.0
264,1323,866.0,freebies,facility,100866.0
265,1333,871.0,service,operations,100871.0
266,1333,871.0,is,operations,100871.0
267,1333,871.0,not,operations,100871.0
268,1333,871.0,great,operations,100871.0
269,1342,876.0,better,facility,100876.0
270,1342,876.0,amenities,facility,100876.0
271,1364,887.0,pay,facility,100887.0
272,1364,887.0,for,facility,100887.0
273,1364,887.0,the,facility,100887.0
274,1364,887.0,basics,facility,100887.0
275,1381,893.0,wifi,facility,100893.0
276,1382,893.0,did,operations,100893.0
277,1382,893.0,not,operations,100893.0
278,1382,893.0,work,operations,100893.0
279,1404,910.0,average,operations,100910.0
280,1404,910.0,service,operations,100910.0
281,1407,913.0,waiting,operations,100913.0
282,1407,913.0,to,operations,100913.0
283,1407,913.0,be,operations,100913.0
284,1407,913.0,served,operations,100913.0
285,1413,916.0,service,operations,100916.0
286,1413,916.0,is,operations,100916.0
287,1413,916.0,good,operations,100916.0
288,1414,916.0,staff,operations,100916.0
289,1414,916.0,is,operations,100916.0
290,1414,916.0,great,operations,100916.0
291,2049,1541.0,excellent,operations,101541.0
292,2049,1541.0,service,operations,101541.0
293,2057,1547.0,provide,facility,101547.0
294,2057,1547.0,everything,facility,101547.0
295,2057,1547.0,for,facility,101547.0
296,2057,1547.0,free,facility,101547.0
297,2058,1548.0,bad,operations,101548.0
298,2058,1548.0,service,operations,101548.0
299,2062,1552.0,service,operations,101552.0
300,2062,1552.0,was,operations,101552.0
301,2062,1552.0,excellent,operations,101552.0
302,2066,1554.0,in,operations,101554.0
303,2066,1554.0,flight,operations,101554.0
304,2066,1554.0,service,operations,101554.0
305,2070,1557.0,minimal,operations,101557.0
306,2070,1557.0,service,operations,101557.0
307,2070,1557.0,on,operations,101557.0
308,2070,1557.0,board,operations,101557.0
309,2072,1558.0,ery,operations,101558.0
310,2072,1558.0,good,operations,101558.0
311,2072,1558.0,service,operations,101558.0
312,2077,1561.0,no,facility,101561.0
313,2077,1561.0,air,facility,101561.0
314,2077,1561.0,conditioning,facility,101561.0
315,2078,1561.0,beastly,facility,101561.0
316,2078,1561.0,hot,facility,101561.0
317,2089,1566.0,service,operations,101566.0
318,2089,1566.0,was,operations,101566.0
319,2089,1566.0,very,operations,101566.0
320,2089,1566.0,good,operations,101566.0
321,2090,1567.0,service,facility,101567.0
322,2090,1567.0,on,facility,101567.0
323,2090,1567.0,ac,facility,101567.0
324,2090,1567.0,were,facility,101567.0
325,2090,1567.0,good,facility,101567.0
326,2096,1571.0,efficient,operations,101571.0
327,2103,1575.0,earphones,facility,101575.0
328,2103,1575.0,should,facility,101575.0
329,2103,1575.0,be,facility,101575.0
330,2103,1575.0,available,facility,101575.0
331,2122,1585.0,service,operations,101585.0
332,2122,1585.0,is,operations,101585.0
333,2122,1585.0,more,operations,101585.0
334,2122,1585.0,abrupt,operations,101585.0
335,2129,1590.0,had,operations,101590.0
336,2129,1590.0,to,operations,101590.0
337,2129,1590.0,purchase,operations,101590.0
338,2129,1590.0,everything,operations,101590.0
339,2131,1591.0,concierge,operations,101591.0
340,2132,1591.0,service,operations,101591.0
341,2133,1591.0,wonderful,operations,101591.0
342,2134,1591.0,timely,operations,101591.0
343,2134,1591.0,service,operations,101591.0
344,2138,1594.0,bed,facility,101594.0
345,2138,1594.0,rolls,facility,101594.0
346,2138,1594.0,are,facility,101594.0
347,2138,1594.0,so,facility,101594.0
348,2138,1594.0,cold,facility,101594.0
349,2138,1594.0,and,facility,101594.0
350,2138,1594.0,hard,facility,101594.0
351,2139,1594.0,toilets,facility,101594.0
352,2139,1594.0,clean,facility,101594.0
353,2140,1595.0,good,operations,101595.0
354,2140,1595.0,cabin,operations,101595.0
355,2140,1595.0,service,operations,101595.0
356,2141,1595.0,inflight,operations,101595.0
357,2141,1595.0,pleasant,operations,101595.0
358,2149,1602.0,good,operations,101602.0
359,2149,1602.0,service,operations,101602.0
360,2149,1602.0,on,operations,101602.0
361,2149,1602.0,board,operations,101602.0
362,2151,1604.0,nice,operations,101604.0
363,2151,1604.0,as,operations,101604.0
364,2151,1604.0,usual,operations,101604.0
365,2152,1604.0,service,operations,101604.0
366,2167,1610.0,ac,facility,101610.0
367,2167,1610.0,operations,facility,101610.0
368,2167,1610.0,seemed,facility,101610.0
369,2167,1610.0,to,facility,101610.0
370,2167,1610.0,be,facility,101610.0
371,2167,1610.0,chaos,facility,101610.0
372,2170,1612.0,inflight,operations,101612.0
373,2170,1612.0,experience,operations,101612.0
374,2170,1612.0,is,operations,101612.0
375,2170,1612.0,alright,operations,101612.0
376,2171,1613.0,nice,operations,101613.0
377,2171,1613.0,view,operations,101613.0
378,2188,1626.0,paid,facility,101626.0
379,2188,1626.0,for,facility,101626.0
380,2188,1626.0,wifi,facility,101626.0
381,2196,1629.0,good,operations,101629.0
382,2196,1629.0,service,operations,101629.0
383,2197,1629.0,efficient,operations,101629.0
384,2832,2257.0,service,operations,102257.0
385,2832,2257.0,was,operations,102257.0
386,2832,2257.0,ok,operations,102257.0
387,2833,2257.0,could,facility,102257.0
388,2833,2257.0,not,facility,102257.0
389,2833,2257.0,get,facility,102257.0
390,2833,2257.0,extra,facility,102257.0
391,2833,2257.0,blanket,facility,102257.0
392,2834,2258.0,provided,operations,102258.0
393,2834,2258.0,excellent,operations,102258.0
394,2834,2258.0,service,operations,102258.0
395,2838,2260.0,service,operations,102260.0
396,2838,2260.0,very,operations,102260.0
397,2838,2260.0,good,operations,102260.0
398,2849,2265.0,needs,operations,102265.0
399,2849,2265.0,to,operations,102265.0
400,2849,2265.0,reconsider,operations,102265.0
401,2849,2265.0,their,operations,102265.0
402,2849,2265.0,level,operations,102265.0
403,2849,2265.0,of,operations,102265.0
404,2849,2265.0,services,operations,102265.0
405,2851,2266.0,good,operations,102266.0
406,2851,2266.0,service,operations,102266.0
407,2851,2266.0,on,operations,102266.0
408,2851,2266.0,board,operations,102266.0
409,2853,2267.0,felt,operations,102267.0
410,2853,2267.0,pampered,operations,102267.0
411,2854,2267.0,great,operations,102267.0
412,2854,2267.0,service,operations,102267.0
413,2899,2290.0,customer,operations,102290.0
414,2899,2290.0,service,operations,102290.0
415,2899,2290.0,was,operations,102290.0
416,2899,2290.0,also,operations,102290.0
417,2899,2290.0,good,operations,102290.0
418,2901,2291.0,quality,operations,102291.0
419,2901,2291.0,has,operations,102291.0
420,2901,2291.0,been,operations,102291.0
421,2901,2291.0,dropping,operations,102291.0
422,2905,2294.0,very,operations,102294.0
423,2905,2294.0,good,operations,102294.0
424,2905,2294.0,service,operations,102294.0
425,2910,2298.0,great,operations,102298.0
426,2910,2298.0,service,operations,102298.0
427,2915,2301.0,good,operations,102301.0
428,2915,2301.0,service,operations,102301.0
429,2915,2301.0,on,operations,102301.0
430,2915,2301.0,board,operations,102301.0
431,2918,2303.0,extremely,facility,102303.0
432,2918,2303.0,hot,facility,102303.0
433,2919,2303.0,poor,operations,102303.0
434,2919,2303.0,service,operations,102303.0
435,2920,2304.0,service,operations,102304.0
436,2920,2304.0,really,operations,102304.0
437,2920,2304.0,good,operations,102304.0
438,2924,2305.0,service,operations,102305.0
439,2924,2305.0,was,operations,102305.0
440,2924,2305.0,excellent,operations,102305.0
441,2927,2307.0,service,operations,102307.0
442,2927,2307.0,exceptional,operations,102307.0
443,2928,2308.0,great,operations,102308.0
444,2928,2308.0,service,operations,102308.0
445,2930,2309.0,service,operations,102309.0
446,2930,2309.0,on,operations,102309.0
447,2930,2309.0,the,operations,102309.0
448,2930,2309.0,plane,operations,102309.0
449,2930,2309.0,was,operations,102309.0
450,2930,2309.0,good,operations,102309.0
451,2931,2310.0,great,operations,102310.0
452,2931,2310.0,service,operations,102310.0
453,2932,2311.0,service,operations,102311.0
454,2933,2311.0,was,operations,102311.0
455,2933,2311.0,ok,operations,102311.0
456,2934,2311.0,all,operations,102311.0
457,2934,2311.0,worked,operations,102311.0
458,2934,2311.0,well,operations,102311.0
459,2935,2312.0,blankets,facility,102312.0
460,2937,2313.0,flight,operations,102313.0
461,2937,2313.0,was,operations,102313.0
462,2937,2313.0,unexpectedly,operations,102313.0
463,2937,2313.0,excellent,operations,102313.0
464,2942,2315.0,all,operations,102315.0
465,2942,2315.0,went,operations,102315.0
466,2942,2315.0,well,operations,102315.0
467,2943,2316.0,really,operations,102316.0
468,2943,2316.0,pleasant,operations,102316.0
469,2943,2316.0,inflight,operations,102316.0
470,2943,2316.0,experience,operations,102316.0
471,2945,2317.0,service,operations,102317.0
472,2945,2317.0,was,operations,102317.0
473,2945,2317.0,exceptional,operations,102317.0
474,2946,2318.0,very,operations,102318.0
475,2946,2318.0,comfortable,operations,102318.0
476,2946,2318.0,inflight,operations,102318.0
477,2946,2318.0,experience,operations,102318.0
478,2961,2326.0,service,operations,102326.0
479,2961,2326.0,was,operations,102326.0
480,2961,2326.0,quite,operations,102326.0
481,2961,2326.0,good,operations,102326.0
482,2964,2327.0,nice,operations,102327.0
483,2964,2327.0,service,operations,102327.0
484,2964,2327.0,in,operations,102327.0
485,2964,2327.0,the,operations,102327.0
486,2964,2327.0,business,operations,102327.0
487,2964,2327.0,class,operations,102327.0
488,2966,2328.0,service,operations,102328.0
489,2966,2328.0,was,operations,102328.0
490,2966,2328.0,amazing,operations,102328.0
491,2967,2329.0,service,operations,102329.0
492,2967,2329.0,onboard,operations,102329.0
493,2967,2329.0,was,operations,102329.0
494,2967,2329.0,great,operations,102329.0
495,2973,2333.0,exceptional,operations,102333.0
496,2973,2333.0,customer,operations,102333.0
497,2973,2333.0,service,operations,102333.0
498,2974,2334.0,on,facility,102334.0
499,2974,2334.0,flight,facility,102334.0
500,2974,2334.0,wifi,facility,102334.0
501,2986,2342.0,great,operations,102342.0
502,2986,2342.0,service,operations,102342.0
503,2999,2348.0,flight,operations,102348.0
504,2999,2348.0,itself,operations,102348.0
505,2999,2348.0,was,operations,102348.0
506,2999,2348.0,great,operations,102348.0
507,3620,2967.0,poor,operations,102967.0
508,3620,2967.0,service,operations,102967.0
509,3622,2969.0,unhappy,operations,102969.0
510,3622,2969.0,service,operations,102969.0
511,3636,2978.0,amazingly,operations,102978.0
512,3636,2978.0,exceptional,operations,102978.0
513,3636,2978.0,service,operations,102978.0
514,3641,2983.0,service,operations,102983.0
515,3641,2983.0,good,operations,102983.0
516,3643,2985.0,provide,facility,102985.0
517,3643,2985.0,extra,facility,102985.0
518,3643,2985.0,pillows,facility,102985.0
519,3643,2985.0,and,facility,102985.0
520,3643,2985.0,blankets,facility,102985.0
521,4366,732.0,no,facility,200732.0
522,4366,732.0,amenity,facility,200732.0
523,4366,732.0,kits,facility,200732.0
524,4366,732.0,duvets,facility,200732.0
525,4366,732.0,pillows,facility,200732.0
526,4374,738.0,no,facility,200738.0
527,4374,738.0,blankets,facility,200738.0
528,4401,757.0,prompt,operations,200757.0
529,4413,763.0,service,operations,200763.0
530,4413,763.0,was,operations,200763.0
531,4413,763.0,exellent,operations,200763.0
532,4421,769.0,service,operations,200769.0
533,4421,769.0,is,operations,200769.0
534,4421,769.0,great,operations,200769.0
535,4423,770.0,service,operations,200770.0
536,4423,770.0,onboard,operations,200770.0
537,4423,770.0,was,operations,200770.0
538,4423,770.0,adequate,operations,200770.0
539,4425,772.0,excellent,operations,200772.0
540,4425,772.0,service,operations,200772.0
541,4426,773.0,on,operations,200773.0
542,4426,773.0,time,operations,200773.0
543,4426,773.0,service,operations,200773.0
544,4433,778.0,beyond,operations,200778.0
545,4433,778.0,expectations,operations,200778.0
546,4434,778.0,special,operations,200778.0
547,4434,778.0,the,operations,200778.0
548,4434,778.0,service,operations,200778.0
549,4434,778.0,level,operations,200778.0
550,4435,779.0,service,operations,200779.0
551,4435,779.0,was,operations,200779.0
552,4435,779.0,great,operations,200779.0
553,4442,783.0,service,operations,200783.0
554,4442,783.0,was,operations,200783.0
555,4442,783.0,reasonable,operations,200783.0
556,4444,784.0,great,operations,200784.0
557,4444,784.0,service,operations,200784.0
558,4445,784.0,on,operations,200784.0
559,4445,784.0,time,operations,200784.0
560,4450,788.0,priority,facility,200788.0
561,4450,788.0,boarding,facility,200788.0
562,4457,794.0,service,operations,200794.0
563,4457,794.0,was,operations,200794.0
564,4457,794.0,good,operations,200794.0
565,4459,795.0,service,operations,200795.0
566,4459,795.0,is,operations,200795.0
567,4459,795.0,always,operations,200795.0
568,4459,795.0,good,operations,200795.0
569,4462,797.0,sat,facility,200797.0
570,4462,797.0,beside,facility,200797.0
571,4462,797.0,strangers,facility,200797.0
572,4469,800.0,great,operations,200800.0
573,4469,800.0,service,operations,200800.0
574,5109,1438.0,good,operations,201438.0
575,5109,1438.0,service,operations,201438.0
576,5113,1440.0,service,operations,201440.0
577,5113,1440.0,is,operations,201440.0
578,5113,1440.0,the,operations,201440.0
579,5113,1440.0,beast,operations,201440.0
580,5122,1448.0,not,operations,201448.0
581,5122,1448.0,provided,operations,201448.0
582,5122,1448.0,the,operations,201448.0
583,5122,1448.0,service,operations,201448.0
584,5134,1457.0,service,operations,201457.0
585,5134,1457.0,was,operations,201457.0
586,5134,1457.0,five,operations,201457.0
587,5134,1457.0,five,operations,201457.0
588,5134,1457.0,star,operations,201457.0
589,5165,1473.0,service,operations,201473.0
590,5165,1473.0,as,operations,201473.0
591,5165,1473.0,always,operations,201473.0
592,5165,1473.0,friendly,operations,201473.0
593,5167,1474.0,paid,facility,201474.0
594,5167,1474.0,extra,facility,201474.0
595,5173,1478.0,excellent,operations,201478.0
596,5173,1478.0,service,operations,201478.0
597,5191,1485.0,goodie,facility,201485.0
598,5191,1485.0,bags,facility,201485.0
599,5191,1485.0,were,facility,201485.0
600,5191,1485.0,great,facility,201485.0
601,5192,1485.0,the,facility,201485.0
602,5192,1485.0,pillows,facility,201485.0
603,5192,1485.0,and,facility,201485.0
604,5192,1485.0,blankets,facility,201485.0
605,5192,1485.0,were,facility,201485.0
606,5192,1485.0,nice,facility,201485.0
607,5194,1486.0,service,operations,201486.0
608,5194,1486.0,fine,operations,201486.0
609,5194,1486.0,on,operations,201486.0
610,5194,1486.0,time,operations,201486.0
611,5198,1489.0,friendly,operations,201489.0
612,5198,1489.0,service,operations,201489.0
613,5199,1489.0,warm,operations,201489.0
614,5209,1497.0,not,operations,201497.0
615,5209,1497.0,overcrowded,operations,201497.0
616,5217,1503.0,service,operations,201503.0
617,5217,1503.0,was,operations,201503.0
618,5217,1503.0,great,operations,201503.0
619,5219,1504.0,jet,facility,201504.0
620,5219,1504.0,stream,facility,201504.0
621,5219,1504.0,was,facility,201504.0
622,5219,1504.0,functioning,facility,201504.0
623,5219,1504.0,nicely,facility,201504.0
624,5225,1507.0,service,operations,201507.0
625,5225,1507.0,was,operations,201507.0
626,5225,1507.0,amazing,operations,201507.0
627,5231,1510.0,very,operations,201510.0
628,5231,1510.0,pleased,operations,201510.0
629,5231,1510.0,with,operations,201510.0
630,5231,1510.0,service,operations,201510.0
631,5231,1510.0,offered,operations,201510.0
632,5890,2157.0,bathroom,facility,202157.0
633,5890,2157.0,was,facility,202157.0
634,5890,2157.0,nonworking,facility,202157.0
635,5891,2157.0,uncomfortable,facility,202157.0
636,5914,2171.0,travel,operations,202171.0
637,5914,2171.0,precautions,operations,202171.0
638,5926,2178.0,smooth,operations,202178.0
639,5926,2178.0,quite,operations,202178.0
640,5926,2178.0,hitch,operations,202178.0
641,5926,2178.0,free,operations,202178.0
642,5927,2178.0,inflight,operations,202178.0
643,5927,2178.0,service,operations,202178.0
644,5927,2178.0,was,operations,202178.0
645,5927,2178.0,good,operations,202178.0
646,5928,2178.0,last,operations,202178.0
647,5928,2178.0,minute,operations,202178.0
648,5928,2178.0,offer,operations,202178.0
649,5928,2178.0,of,operations,202178.0
650,5928,2178.0,benefits,operations,202178.0
651,5943,2189.0,not,facility,202189.0
652,5943,2189.0,include,facility,202189.0
653,5943,2189.0,a,facility,202189.0
654,5943,2189.0,carry,facility,202189.0
655,5943,2189.0,on,facility,202189.0
656,5943,2189.0,bag,facility,202189.0
657,6648,2878.0,highly,operations,202878.0
658,6648,2878.0,impressed,operations,202878.0
659,6648,2878.0,with,operations,202878.0
660,6648,2878.0,the,operations,202878.0
661,6648,2878.0,service,operations,202878.0
662,6721,2923.0,service,operations,202923.0
663,6721,2923.0,and,operations,202923.0
664,6721,2923.0,efficiency,operations,202923.0
665,6721,2923.0,were,operations,202923.0
666,6721,2923.0,excellent,operations,202923.0
667,6776,2959.0,servicevery,operations,202959.0
668,6776,2959.0,basic,operations,202959.0
669,6799,2975.0,great,operations,202975.0
670,6799,2975.0,service,operations,202975.0
671,7422,10.0,comfort,operations,200010.0
672,7435,16.0,flight,operations,200016.0
673,7435,16.0,was,operations,200016.0
674,7435,16.0,in,operations,200016.0
675,7435,16.0,time,operations,200016.0
676,7445,21.0,good,operations,200021.0
677,7445,21.0,service,operations,200021.0
678,7446,22.0,excellent,operations,200022.0
679,7446,22.0,service,operations,200022.0
680,7447,23.0,very,operations,200023.0
681,7447,23.0,low,operations,200023.0
682,7447,23.0,speed,operations,200023.0
683,7449,24.0,food,operations,200024.0
684,7449,24.0,and,operations,200024.0
685,7449,24.0,service,operations,200024.0
686,7449,24.0,was,operations,200024.0
687,7449,24.0,good,operations,200024.0
688,7450,25.0,delivery,operations,200025.0
689,7450,25.0,of,operations,200025.0
690,7450,25.0,the,operations,200025.0
691,7450,25.0,services,operations,200025.0
692,7450,25.0,can,operations,200025.0
693,7450,25.0,be,operations,200025.0
694,7450,25.0,more,operations,200025.0
695,7450,25.0,efficient,operations,200025.0
696,7470,36.0,good,operations,200036.0
697,7470,36.0,service,operations,200036.0
698,7482,42.0,took,operations,200042.0
699,7482,42.0,a,operations,200042.0
700,7482,42.0,very,operations,200042.0
701,7482,42.0,good,operations,200042.0
702,7482,42.0,care,operations,200042.0
703,7483,43.0,top,operations,200043.0
704,7483,43.0,notch,operations,200043.0
705,7483,43.0,service,operations,200043.0
706,7488,46.0,good,operations,200046.0
707,7488,46.0,inflight,operations,200046.0
708,7488,46.0,entertainment,operations,200046.0
709,7505,57.0,good,operations,200057.0
710,7505,57.0,inflight,operations,200057.0
711,7505,57.0,service,operations,200057.0
712,7508,59.0,great,operations,200059.0
713,7508,59.0,service,operations,200059.0
