,Unnamed: 0,id,Possession,Aspect,id_updated
0,18,2949.0,cost,general,2949.0
1,18,2949.0,of,general,2949.0
2,18,2949.0,hold,general,2949.0
3,18,2949.0,luggage,general,2949.0
4,19,2949.0,hold,general,2949.0
5,19,2949.0,luggage,general,2949.0
6,41,2954.0,items,general,2954.0
7,41,2954.0,of,general,2954.0
8,41,2954.0,value,general,2954.0
9,45,2955.0,hold,general,2955.0
10,45,2955.0,luggage,general,2955.0
11,46,2955.0,hold,general,2955.0
12,46,2955.0,bags,general,2955.0
13,47,2956.0,luggage,handling,2956.0
14,47,2956.0,was,handling,2956.0
15,47,2956.0,delayed,handling,2956.0
16,48,2956.0,luggage,handling,2956.0
17,48,2956.0,was,handling,2956.0
18,48,2956.0,delayed,handling,2956.0
19,49,2956.0,luggage,general,2956.0
20,50,2956.0,luggage,general,2956.0
21,51,2956.0,luggage,general,2956.0
22,52,2956.0,delivery,handling,2956.0
23,60,2958.0,luggage,general,2958.0
24,82,2959.0,waited,handling,2959.0
25,83,2959.0,luggage,general,2959.0
26,84,2959.0,lost,handling,2959.0
27,84,2959.0,luggage,handling,2959.0
28,85,2959.0,luggage,handling,2959.0
29,85,2959.0,never,handling,2959.0
30,85,2959.0,arrived,handling,2959.0
31,86,2959.0,luggage,general,2959.0
32,87,2959.0,lost,handling,2959.0
33,87,2959.0,luggage,handling,2959.0
34,88,2959.0,luggage,general,2959.0
35,89,2959.0,delivered,handling,2959.0
36,90,2959.0,luggage,general,2959.0
37,91,2959.0,damaged,handling,2959.0
38,92,2959.0,damaging,handling,2959.0
39,93,2959.0,luggage,general,2959.0
40,96,2961.0,lost,handling,2961.0
41,96,2961.0,my,handling,2961.0
42,96,2961.0,checked,handling,2961.0
43,96,2961.0,bags,handling,2961.0
44,97,2961.0,bags,general,2961.0
45,98,2961.0,returned,handling,2961.0
46,99,2961.0,missing,handling,2961.0
47,99,2961.0,bags,handling,2961.0
48,100,2961.0,delivered,handling,2961.0
49,101,2961.0,broke,handling,2961.0
50,102,2961.0,backpack,general,2961.0
51,103,2961.0,losing,handling,2961.0
52,103,2961.0,all,handling,2961.0
53,103,2961.0,my,handling,2961.0
54,103,2961.0,luggage,handling,2961.0
55,104,2961.0,bag,handling,2961.0
56,104,2961.0,missing,handling,2961.0
57,105,2961.0,bags,handling,2961.0
58,105,2961.0,were,handling,2961.0
59,105,2961.0,missing,handling,2961.0
60,140,2971.0,luggage,handling,2971.0
61,140,2971.0,was,handling,2971.0
62,140,2971.0,lost,handling,2971.0
63,141,2971.0,baggage,handling,2971.0
64,141,2971.0,was,handling,2971.0
65,141,2971.0,delayed,handling,2971.0
66,142,2971.0,bags,general,2971.0
67,143,2971.0,status,handling,2971.0
68,144,2971.0,luggage,general,2971.0
69,145,2971.0,claim,general,2971.0
70,146,2971.0,claims,general,2971.0
71,146,2971.0,form,general,2971.0
72,147,2971.0,luggage,general,2971.0
73,148,2971.0,delayed,handling,2971.0
74,149,2971.0,luggage,general,2971.0
75,150,2971.0,luggage,general,2971.0
76,151,2971.0,expedited,handling,2971.0
77,152,2972.0,retrieve,handling,2972.0
78,153,2972.0,baggage,general,2972.0
79,173,2975.0,baggage,handling,2975.0
80,173,2975.0,was,handling,2975.0
81,173,2975.0,lost,handling,2975.0
82,174,2975.0,lost,handling,2975.0
83,174,2975.0,luggage,handling,2975.0
84,175,2976.0,luggage,general,2976.0
85,176,2976.0,routed,general,2976.0
86,177,2976.0,confirm,general,2976.0
87,177,2976.0,luggage,general,2976.0
88,196,2978.0,luggage,general,2978.0
89,197,2978.0,lost,handling,2978.0
90,198,2978.0,luggage,general,2978.0
91,204,2980.0,bag,general,2980.0
92,204,2980.0,drop,general,2980.0
93,205,2980.0,efficient,general,2980.0
94,217,2981.0,big,general,2981.0
95,217,2981.0,suitcase,general,2981.0
96,218,2981.0,missing,general,2981.0
97,219,2982.0,lost,handling,2982.0
98,220,2982.0,baggage,general,2982.0
99,221,2982.0,baggage,general,2982.0
100,222,2982.0,never,handling,2982.0
101,222,2982.0,arrived,handling,2982.0
102,223,2982.0,confirmation,general,2982.0
103,224,2982.0,unknown,general,2982.0
104,224,2982.0,reason,general,2982.0
105,225,2982.0,personal,general,2982.0
106,225,2982.0,belongings,general,2982.0
107,226,2982.0,baggage,general,2982.0
108,227,2982.0,baggage,general,2982.0
109,228,2982.0,no,handling,2982.0
110,228,2982.0,longer,handling,2982.0
111,228,2982.0,locate,handling,2982.0
112,229,2982.0,baggage,general,2982.0
113,230,2983.0,collect,handling,2983.0
114,231,2983.0,luggage,general,2983.0
115,234,2984.0,baggage,general,2984.0
116,235,2984.0,dimensions,general,2984.0
117,243,2986.0,luggage,handling,2986.0
118,243,2986.0,was,handling,2986.0
119,243,2986.0,lost,handling,2986.0
120,244,2986.0,ecovered,general,2986.0
121,244,2986.0,my,general,2986.0
122,244,2986.0,bag,general,2986.0
123,265,2989.0,baggage,general,2989.0
124,266,2989.0,check,handling,2989.0
125,267,2989.0,bags,general,2989.0
126,268,2989.0,check,handling,2989.0
127,268,2989.0,my,handling,2989.0
128,268,2989.0,bags,handling,2989.0
129,275,2990.0,luggage,general,2990.0
130,276,2990.0,misplaced,handling,2990.0
131,277,2990.0,reported,handling,2990.0
132,277,2990.0,luggage,handling,2990.0
133,277,2990.0,as,handling,2990.0
134,277,2990.0,missing,handling,2990.0
135,278,2990.0,find,general,2990.0
136,278,2990.0,my,general,2990.0
137,278,2990.0,luggage,general,2990.0
138,279,2990.0,no,general,2990.0
139,279,2990.0,luggage,general,2990.0
140,280,2990.0,luggage,general,2990.0
141,281,2990.0,deliver,handling,2990.0
142,282,2990.0,luggage,general,2990.0
143,283,2990.0,havenÂ´t,handling,2990.0
144,283,2990.0,received,handling,2990.0
145,284,2990.0,luggage,general,2990.0
146,285,2990.0,luggage,general,2990.0
147,286,2990.0,does,general,2990.0
148,286,2990.0,not,general,2990.0
149,286,2990.0,have,general,2990.0
150,295,2993.0,hand,general,2993.0
151,295,2993.0,luggage,general,2993.0
152,299,2994.0,lose,handling,2994.0
153,299,2994.0,my,handling,2994.0
154,299,2994.0,bags,handling,2994.0
155,300,2994.0,bags,general,2994.0
156,301,2994.0,missing,handling,2994.0
157,302,2994.0,retrieve,handling,2994.0
158,302,2994.0,my,handling,2994.0
159,302,2994.0,bags,handling,2994.0
160,303,2994.0,help,general,2994.0
161,304,2994.0,missing,handling,2994.0
162,304,2994.0,baggage,handling,2994.0
163,305,2994.0,trace,handling,2994.0
164,306,2994.0,delayed,handling,2994.0
165,306,2994.0,baggage,handling,2994.0
166,307,2994.0,bags,general,2994.0
167,308,2994.0,transferred,handling,2994.0
168,309,2995.0,check,handling,2995.0
169,309,2995.0,my,handling,2995.0
170,309,2995.0,bag,handling,2995.0
171,310,2995.0,recheck,handling,2995.0
172,311,2995.0,last,general,2995.0
173,311,2995.0,luggage,general,2995.0
174,312,2995.0,info,general,2995.0
175,312,2995.0,address,general,2995.0
176,312,2995.0,and,general,2995.0
177,312,2995.0,phone,general,2995.0
178,312,2995.0,number,general,2995.0
179,313,2995.0,bag,general,2995.0
180,314,2995.0,bag,handling,2995.0
181,314,2995.0,returned,handling,2995.0
182,326,2998.0,baggage,general,2998.0
183,400,3016.0,checked,handling,3016.0
184,400,3016.0,bag,handling,3016.0
185,401,3016.0,one,general,3016.0
186,401,3016.0,carryon,general,3016.0
187,402,3016.0,checked,handling,3016.0
188,402,3016.0,bag,handling,3016.0
189,403,3016.0,checked,handling,3016.0
190,403,3016.0,bag,handling,3016.0
191,404,3016.0,bags,general,3016.0
192,405,3016.0,checked,handling,3016.0
193,405,3016.0,bags,handling,3016.0
194,406,3016.0,misleading,general,3016.0
195,407,3017.0,luggage,general,3017.0
196,431,3021.0,bag,general,3021.0
197,432,3021.0,bagdrop,general,3021.0
198,433,3021.0,baggage,general,3021.0
199,434,3021.0,baggage,general,3021.0
200,435,3022.0,bag,handling,3022.0
201,435,3022.0,was,handling,3022.0
202,435,3022.0,lost,handling,3022.0
203,440,3023.0,lost,handling,3023.0
204,440,3023.0,my,handling,3023.0
205,440,3023.0,suitcase,handling,3023.0
206,461,3028.0,lightweight,general,3028.0
207,461,3028.0,bag,general,3028.0
208,473,3030.0,lost,handling,3030.0
209,473,3030.0,my,handling,3030.0
210,473,3030.0,bag,handling,3030.0
211,476,3031.0,luggage,general,3031.0
212,477,3031.0,bag,general,3031.0
213,477,3031.0,drop,general,3031.0
214,478,3031.0,efficient,general,3031.0
215,479,3031.0,automated,general,3031.0
216,479,3031.0,bag,general,3031.0
217,479,3031.0,drop,general,3031.0
218,480,3031.0,hand,general,3031.0
219,480,3031.0,luggage,general,3031.0
220,481,3031.0,chaotic,general,3031.0
221,481,3031.0,as,general,3031.0
222,481,3031.0,luggage,general,3031.0
223,483,3032.0,baggage,general,3032.0
224,484,3032.0,lost,handling,3032.0
225,484,3032.0,baggage,handling,3032.0
226,485,3032.0,lost,handling,3032.0
227,485,3032.0,baggage,handling,3032.0
228,486,3032.0,baggage,general,3032.0
229,492,3034.0,lost,handling,3034.0
230,492,3034.0,baggage,handling,3034.0
231,493,3035.0,lost,handling,3035.0
232,493,3035.0,luggage,handling,3035.0
233,511,3039.0,bags,general,3039.0
234,529,3042.0,damaged,handling,3042.0
235,530,3042.0,carry,general,3042.0
236,530,3042.0,box,general,3042.0
237,531,3042.0,heavy,general,3042.0
238,531,3042.0,baggage,general,3042.0
239,532,3042.0,dumped,handling,3042.0
240,533,3042.0,baggage,general,3042.0
241,534,3042.0,baggage,general,3042.0
242,535,3042.0,baggage,handling,3042.0
243,535,3042.0,handling,handling,3042.0
244,536,3043.0,bags,handling,3043.0
245,536,3043.0,never,handling,3043.0
246,536,3043.0,left,handling,3043.0
247,537,3043.0,trace,handling,3043.0
248,537,3043.0,bag,handling,3043.0
249,538,3043.0,returned,handling,3043.0
250,538,3043.0,the,handling,3043.0
251,538,3043.0,bag,handling,3043.0
252,539,3043.0,bag,general,3043.0
253,551,3148.0,luggage,general,3148.0
254,552,3148.0,refund,general,3148.0
255,552,3148.0,the,general,3148.0
256,552,3148.0,extra,general,3148.0
257,552,3148.0,baggage,general,3148.0
258,553,3148.0,extra,general,3148.0
259,553,3148.0,luggage,general,3148.0
260,581,3156.0,hand,general,3156.0
261,581,3156.0,baggage,general,3156.0
262,582,3156.0,charged,general,3156.0
263,583,3156.0,hand,general,3156.0
264,583,3156.0,luggage,general,3156.0
265,584,3156.0,ridiculous,general,3156.0
266,587,3158.0,bags,general,3158.0
267,588,3158.0,delivered,handling,3158.0
268,591,3159.0,cabin,general,3159.0
269,591,3159.0,bags,general,3159.0
270,596,3160.0,baggage,general,3160.0
271,596,3160.0,drop,general,3160.0
272,598,3162.0,hand,general,3162.0
273,598,3162.0,bag,general,3162.0
274,599,3162.0,laptop,general,3162.0
275,607,3165.0,hand,general,3165.0
276,607,3165.0,carriage,general,3165.0
277,608,3165.0,laptop,general,3165.0
278,608,3165.0,bag,general,3165.0
279,613,3167.0,extra,general,3167.0
280,613,3167.0,luggage,general,3167.0
281,614,3167.0,luggage,general,3167.0
282,615,3167.0,extra,general,3167.0
283,615,3167.0,luggage,general,3167.0
284,618,3169.0,luggage,general,3169.0
285,618,3169.0,claim,general,3169.0
286,618,3169.0,conveyor,general,3169.0
287,619,3169.0,could,general,3169.0
288,619,3169.0,not,general,3169.0
289,619,3169.0,find,general,3169.0
290,619,3169.0,our,general,3169.0
291,619,3169.0,baggage,general,3169.0
292,620,3169.0,luggages,general,3169.0
293,621,3169.0,removed,handling,3169.0
294,622,3169.0,extra,general,3169.0
295,622,3169.0,weight,general,3169.0
296,623,3169.0,luggages,general,3169.0
297,624,3169.0,refused,general,3169.0
298,625,3170.0,luggage,general,3170.0
299,626,3170.0,damage,handling,3170.0
300,642,3176.0,hand,general,3176.0
301,642,3176.0,carry,general,3176.0
302,647,3178.0,pay,general,3178.0
303,647,3178.0,extra,general,3178.0
304,648,3178.0,two,general,3178.0
305,648,3178.0,kilos,general,3178.0
306,648,3178.0,more,general,3178.0
307,653,3180.0,pay,general,3180.0
308,653,3180.0,extra,general,3180.0
309,653,3180.0,for,general,3180.0
310,653,3180.0,the,general,3180.0
311,653,3180.0,luggage,general,3180.0
312,657,3181.0,no,general,3181.0
313,657,3181.0,personal,general,3181.0
314,657,3181.0,bag,general,3181.0
315,658,3181.0,check,handling,3181.0
316,659,3181.0,small,general,3181.0
317,659,3181.0,baggage,general,3181.0
318,662,3182.0,cabin,general,3182.0
319,662,3182.0,luggage,general,3182.0
320,663,3182.0,free,general,3182.0
321,663,3182.0,luggage,general,3182.0
322,664,3182.0,hand,general,3182.0
323,664,3182.0,luggage,general,3182.0
324,665,3182.0,luggage,general,3182.0
325,666,3183.0,baggage,general,3183.0
326,666,3183.0,fees,general,3183.0
327,683,3190.0,cabin,general,3190.0
328,683,3190.0,baggage,general,3190.0
329,684,3190.0,cabin,general,3190.0
330,684,3190.0,baggage,general,3190.0
331,689,3192.0,cabin,general,3192.0
332,689,3192.0,baggage,general,3192.0
333,690,3192.0,cabin,general,3192.0
334,690,3192.0,baggage,general,3192.0
335,697,3196.0,luggage,general,3196.0
336,765,3250.0,lost,handling,3250.0
337,765,3250.0,my,handling,3250.0
338,765,3250.0,luggage,handling,3250.0
339,766,3250.0,baggage,general,3250.0
340,767,3250.0,too,general,3250.0
341,767,3250.0,late,general,3250.0
342,808,3266.0,baggage,general,3266.0
343,818,3269.0,pay,general,3269.0
344,818,3269.0,for,general,3269.0
345,818,3269.0,baggage,general,3269.0
346,819,3269.0,check,handling,3269.0
347,819,3269.0,our,handling,3269.0
348,819,3269.0,baggage,handling,3269.0
349,830,3275.0,lost,handling,3275.0
350,830,3275.0,my,handling,3275.0
351,830,3275.0,bags,handling,3275.0
352,846,3282.0,buy,general,3282.0
353,846,3282.0,luggage,general,3282.0
354,847,3283.0,found,handling,3283.0
355,847,3283.0,our,handling,3283.0
356,847,3283.0,bag,handling,3283.0
357,848,3283.0,sorry,handling,3283.0
358,848,3283.0,state,handling,3283.0
359,849,3283.0,missing,handling,3283.0
360,849,3283.0,items,handling,3283.0
361,849,3283.0,open,handling,3283.0
362,849,3283.0,bags,handling,3283.0
363,862,3288.0,baggage,general,3288.0
364,863,3288.0,charged,general,3288.0
365,864,3288.0,baggage,general,3288.0
366,865,3288.0,destroyed,handling,3288.0
367,865,3288.0,my,handling,3288.0
368,865,3288.0,bag,handling,3288.0
369,866,3289.0,luggage,general,3289.0
370,866,3289.0,fees,general,3289.0
371,873,3291.0,luggage,general,3291.0
372,873,3291.0,fees,general,3291.0
373,874,3291.0,outrageous,general,3291.0
374,875,3291.0,baggage,general,3291.0
375,880,3293.0,baggage,general,3293.0
376,880,3293.0,allowance,general,3293.0
377,881,3293.0,cannot,general,3293.0
378,886,3295.0,not,general,3295.0
379,886,3295.0,able,general,3295.0
380,887,3295.0,link,general,3295.0
381,887,3295.0,my,general,3295.0
382,887,3295.0,luggage,general,3295.0
383,906,3301.0,wrong,general,3301.0
384,906,3301.0,baggage,general,3301.0
385,909,3303.0,bags,general,3303.0
386,909,3303.0,were,general,3303.0
387,909,3303.0,overweight,general,3303.0
388,910,3303.0,bags,general,3303.0
389,910,3303.0,were,general,3303.0
390,910,3303.0,overweight,general,3303.0
391,911,3303.0,luggage,general,3303.0
392,924,3309.0,baggage,general,3309.0
393,925,3309.0,completely,general,3309.0
394,925,3309.0,automated,general,3309.0
395,925,3309.0,and,general,3309.0
396,925,3309.0,seamless,general,3309.0
397,954,3319.0,luggage,general,3319.0
398,955,3319.0,allowance,general,3319.0
399,971,3328.0,free,general,3328.0
400,971,3328.0,baggage,general,3328.0
401,987,3337.0,baggage,handling,3337.0
402,987,3337.0,missing,handling,3337.0
403,988,3337.0,tracking,handling,3337.0
404,988,3337.0,my,handling,3337.0
405,988,3337.0,missing,handling,3337.0
406,988,3337.0,baggage,handling,3337.0
407,997,3340.0,and,general,3340.0
408,997,3340.0,priority,general,3340.0
409,997,3340.0,luggage,general,3340.0
410,1003,3341.0,luggage,general,3341.0
411,1033,3351.0,check,general,3351.0
412,1033,3351.0,bag,general,3351.0
413,1034,3351.0,no,general,3351.0
414,1034,3351.0,winter,general,3351.0
415,1034,3351.0,clothes,general,3351.0
416,1035,3351.0,checked,handling,3351.0
417,1035,3351.0,bag,handling,3351.0
418,1038,3352.0,charged,general,3352.0
419,1039,3352.0,baggage,general,3352.0
420,1048,3356.0,baggage,general,3356.0
421,1049,3356.0,damaged,handling,3356.0
422,1088,3364.0,luggage,general,3364.0
423,1088,3364.0,was,general,3364.0
424,1088,3364.0,left,general,3364.0
425,1100,3369.0,transfer,general,3369.0
426,1100,3369.0,the,general,3369.0
427,1100,3369.0,luggage,general,3369.0
428,1140,3380.0,luggage,general,3380.0
429,1140,3380.0,refund,general,3380.0
430,1144,3381.0,luggage,general,3381.0
431,1145,3381.0,small,general,3381.0
432,1145,3381.0,carry,general,3381.0
433,1145,3381.0,on,general,3381.0
434,1145,3381.0,bag,general,3381.0
435,1147,3382.0,bag,handling,3382.0
436,1147,3382.0,got,handling,3382.0
437,1147,3382.0,lost,handling,3382.0
438,1165,3388.0,carryon,general,3388.0
439,1165,3388.0,bags,general,3388.0
440,1166,3388.0,check,handling,3388.0
441,1166,3388.0,our,handling,3388.0
442,1166,3388.0,bags,handling,3388.0
443,1184,3392.0,bags,general,3392.0
444,1186,3393.0,luggage,general,3393.0
445,1187,3393.0,luggage,general,3393.0
446,1223,3404.0,free,general,3404.0
447,1223,3404.0,checked,general,3404.0
448,1223,3404.0,bags,general,3404.0
449,1224,3404.0,pay,general,3404.0
450,1224,3404.0,for,general,3404.0
451,1224,3404.0,the,general,3404.0
452,1224,3404.0,bags,general,3404.0
453,1225,3404.0,one,general,3404.0
454,1225,3404.0,free,general,3404.0
455,1225,3404.0,checked,general,3404.0
456,1225,3404.0,bag,general,3404.0
457,1233,3406.0,baggage,general,3406.0
458,1260,3409.0,bag,general,3409.0
459,1261,3409.0,arrive,handling,3409.0
460,1261,3409.0,tomorrow,handling,3409.0
461,1262,3409.0,without,general,3409.0
462,1262,3409.0,my,general,3409.0
463,1262,3409.0,bag,general,3409.0
464,1277,3412.0,policy,general,3412.0
465,1278,3412.0,two,general,3412.0
466,1278,3412.0,carry,general,3412.0
467,1278,3412.0,on,general,3412.0
468,1278,3412.0,bags,general,3412.0
469,1279,3412.0,wasted,handling,3412.0
470,1284,3414.0,transfer,handling,3414.0
471,1284,3414.0,the,handling,3414.0
472,1284,3414.0,baggage,handling,3414.0
473,1285,3414.0,baggage,handling,3414.0
474,1285,3414.0,transfer,handling,3414.0
475,1293,3418.0,oversize,general,3418.0
476,1293,3418.0,luggage,general,3418.0
477,1294,3418.0,handled,handling,3418.0
478,1294,3418.0,efficiently,handling,3418.0
479,1299,3419.0,lose,handling,3419.0
480,1299,3419.0,my,handling,3419.0
481,1299,3419.0,bags,handling,3419.0
482,1300,3419.0,bag,handling,3419.0
483,1300,3419.0,was,handling,3419.0
484,1300,3419.0,already,handling,3419.0
485,1300,3419.0,lost,handling,3419.0
486,1301,3419.0,bag,handling,3419.0
487,1301,3419.0,was,handling,3419.0
488,1301,3419.0,lost,handling,3419.0
489,1309,3422.0,baggage,general,3422.0
490,1309,3422.0,will,general,3422.0
491,1309,3422.0,be,general,3422.0
492,1309,3422.0,at,general,3422.0
493,1309,3422.0,claim,general,3422.0
494,1311,3423.0,pre,general,3423.0
495,1311,3423.0,paid,general,3423.0
496,1311,3423.0,luggage,general,3423.0
497,1316,3425.0,carry,general,3425.0
498,1316,3425.0,on,general,3425.0
499,1316,3425.0,luggage,general,3425.0
500,1317,3425.0,luggage,general,3425.0
501,1317,3425.0,number,general,3425.0
502,1318,3425.0,lost,handling,3425.0
503,1318,3425.0,the,handling,3425.0
504,1318,3425.0,suitcase,handling,3425.0
505,1319,3425.0,found,handling,3425.0
506,1319,3425.0,my,handling,3425.0
507,1319,3425.0,suitcase,handling,3425.0
508,1320,3425.0,carry,general,3425.0
509,1320,3425.0,on,general,3425.0
510,1320,3425.0,suitcase,general,3425.0
511,1321,3426.0,arrival,handling,3426.0
512,1321,3426.0,bags,handling,3426.0
513,1321,3426.0,promptly,handling,3426.0
514,1321,3426.0,delivered,handling,3426.0
515,1324,3428.0,bag,handling,3428.0
516,1324,3428.0,was,handling,3428.0
517,1324,3428.0,lost,handling,3428.0
518,1325,3428.0,severely,handling,3428.0
519,1325,3428.0,damaged,handling,3428.0
520,1326,3428.0,bag,general,3428.0
521,1327,3428.0,delayed,handling,3428.0
522,1328,3428.0,further,handling,3428.0
523,1328,3428.0,damaged,handling,3428.0
524,1329,3428.0,bag,handling,3428.0
525,1329,3428.0,lost,handling,3428.0
526,1329,3428.0,and,handling,3428.0
527,1329,3428.0,destroyed,handling,3428.0
528,1360,3439.0,bags,general,3439.0
529,1360,3439.0,were,general,3439.0
530,1360,3439.0,on,general,3439.0
531,1360,3439.0,the,general,3439.0
532,1360,3439.0,carousel,general,3439.0
533,1363,3440.0,baggage,handling,3440.0
534,1363,3440.0,was,handling,3440.0
535,1363,3440.0,not,handling,3440.0
536,1363,3440.0,delivered,handling,3440.0
537,1371,3443.0,lost,handling,3443.0
538,1371,3443.0,our,handling,3443.0
539,1371,3443.0,luggage,handling,3443.0
540,1372,3443.0,luggage,handling,3443.0
541,1372,3443.0,lost,handling,3443.0
542,1399,3455.0,uggage,general,3455.0
543,1399,3455.0,made,general,3455.0
544,1399,3455.0,the,general,3455.0
545,1399,3455.0,transfer,general,3455.0
546,1402,3456.0,lost,handling,3456.0
547,1402,3456.0,my,handling,3456.0
548,1402,3456.0,baggage,handling,3456.0
549,1409,3459.0,lost,handling,3459.0
550,1409,3459.0,luggage,handling,3459.0
551,1414,3461.0,issue,general,3461.0
552,1414,3461.0,is,general,3461.0
553,1414,3461.0,with,general,3461.0
554,1414,3461.0,the,general,3461.0
555,1414,3461.0,baggage,general,3461.0
556,1415,3461.0,baggage,general,3461.0
557,1415,3461.0,allowance,general,3461.0
558,1424,3463.0,luggage,general,3463.0
559,1440,3468.0,baggage,general,3468.0
560,1442,3469.0,baggage,general,3469.0
561,1453,3474.0,heavy,general,3474.0
562,1453,3474.0,bags,general,3474.0
563,1458,3476.0,luggage,handling,3476.0
564,1458,3476.0,delivery,handling,3476.0
565,1458,3476.0,was,handling,3476.0
566,1458,3476.0,slow,handling,3476.0
567,1470,3480.0,luggage,handling,3480.0
568,1470,3480.0,misplaced,handling,3480.0
569,1471,3481.0,my,handling,3481.0
570,1471,3481.0,damaged,handling,3481.0
571,1471,3481.0,suitcase,handling,3481.0
572,1481,3486.0,baggage,general,3486.0
573,1485,3488.0,lost,handling,3488.0
574,1485,3488.0,track,handling,3488.0
575,1485,3488.0,of,handling,3488.0
576,1485,3488.0,my,handling,3488.0
577,1485,3488.0,luggage,handling,3488.0
578,1486,3488.0,not,handling,3488.0
579,1486,3488.0,delivered,handling,3488.0
580,1487,3488.0,deliver,handling,3488.0
581,1487,3488.0,my,handling,3488.0
582,1487,3488.0,bag,handling,3488.0
583,1488,3489.0,baggage,general,3489.0
584,1488,3489.0,claim,general,3489.0
585,1493,3491.0,last,general,3491.0
586,1493,3491.0,bag,general,3491.0
587,1497,3493.0,bulky,general,3493.0
588,1497,3493.0,and,general,3493.0
589,1497,3493.0,heavy,general,3493.0
590,1497,3493.0,hand,general,3493.0
591,1497,3493.0,luggage,general,3493.0
592,1499,3494.0,lost,handling,3494.0
593,1499,3494.0,our,handling,3494.0
594,1499,3494.0,luggage,handling,3494.0
595,1500,3494.0,luggage,general,3494.0
596,1509,3498.0,baggage,general,3498.0
597,1511,3499.0,baggage,general,3499.0
598,1512,3500.0,hand,general,3500.0
599,1512,3500.0,luggage,general,3500.0
600,1512,3500.0,allowance,general,3500.0
601,1512,3500.0,is,general,3500.0
602,1512,3500.0,generous,general,3500.0
603,1532,3507.0,lost,handling,3507.0
604,1532,3507.0,our,handling,3507.0
605,1532,3507.0,luggage,handling,3507.0
606,1533,3507.0,lost,handling,3507.0
607,1533,3507.0,luggage,handling,3507.0
608,1557,3514.0,deliver,handling,3514.0
609,1558,3514.0,deliver,handling,3514.0
610,1559,3514.0,pick,general,3514.0
611,1559,3514.0,my,general,3514.0
612,1559,3514.0,luggage,general,3514.0
613,1560,3515.0,luggage,general,3515.0
614,1606,3529.0,luggage,general,3529.0
615,1606,3529.0,would,general,3529.0
616,1606,3529.0,not,general,3529.0
617,1606,3529.0,be,general,3529.0
618,1606,3529.0,arriving,general,3529.0
619,1607,3529.0,luggage,general,3529.0
620,1607,3529.0,would,general,3529.0
621,1607,3529.0,not,general,3529.0
622,1607,3529.0,be,general,3529.0
623,1703,3556.0,lost,handling,3556.0
624,1703,3556.0,luggage,handling,3556.0
625,1733,3566.0,baggage,handling,3566.0
626,1733,3566.0,was,handling,3566.0
627,1733,3566.0,retrieved,handling,3566.0
628,1734,3566.0,quickly,general,3566.0
629,1741,3568.0,baggage,general,3568.0
630,1742,3568.0,baggage,general,3568.0
631,1742,3568.0,fees,general,3568.0
632,1744,3569.0,pushing,general,3569.0
633,1744,3569.0,back,general,3569.0
634,1745,3569.0,donâ€™t,general,3569.0
635,1745,3569.0,even,general,3569.0
636,1745,3569.0,allow,general,3569.0
637,1745,3569.0,an,general,3569.0
638,1745,3569.0,extra,general,3569.0
639,1745,3569.0,gram,general,3569.0
640,1745,3569.0,of,general,3569.0
641,1745,3569.0,excess,general,3569.0
642,1745,3569.0,baggage,general,3569.0
643,1750,3571.0,baggage,general,3571.0
644,1751,3571.0,cabin,general,3571.0
645,1751,3571.0,bag,general,3571.0
646,1752,3571.0,hand,general,3571.0
647,1752,3571.0,bag,general,3571.0
648,1753,3572.0,hand,general,3572.0
649,1753,3572.0,baggage,general,3572.0
650,1774,3580.0,lose,handling,3580.0
651,1774,3580.0,one,handling,3580.0
652,1774,3580.0,of,handling,3580.0
653,1774,3580.0,my,handling,3580.0
654,1774,3580.0,checked,handling,3580.0
655,1774,3580.0,bag,handling,3580.0
656,1775,3581.0,excess,general,3581.0
657,1775,3581.0,baggage,general,3581.0
658,1787,3584.0,track,handling,3584.0
659,1787,3584.0,the,handling,3584.0
660,1787,3584.0,luggage,handling,3584.0
661,1810,3594.0,delayed,handling,3594.0
662,1810,3594.0,baggage,handling,3594.0
663,1810,3594.0,claim,handling,3594.0
664,1811,3594.0,delayed,handling,3594.0
665,1811,3594.0,baggage,handling,3594.0
666,1812,3594.0,delayed,handling,3594.0
667,1812,3594.0,baggage,handling,3594.0
668,1813,3594.0,stolen,handling,3594.0
669,1813,3594.0,bag,handling,3594.0
670,1818,3597.0,luggage,handling,3597.0
671,1818,3597.0,was,handling,3597.0
672,1818,3597.0,received,handling,3597.0
673,1818,3597.0,swiftly,handling,3597.0
674,1820,3598.0,baggage,general,3598.0
675,1821,3598.0,baggage,handling,3598.0
676,1821,3598.0,was,handling,3598.0
677,1821,3598.0,removed,handling,3598.0
678,1831,3602.0,stolenbroken,handling,3602.0
679,1831,3602.0,luggage,handling,3602.0
680,1848,3609.0,suitcase,general,3609.0
681,1849,3609.0,luggage,general,3609.0
682,1849,3609.0,allowance,general,3609.0
683,1850,3609.0,luggage,general,3609.0
684,1851,3609.0,baggage,handling,3609.0
685,1851,3609.0,is,handling,3609.0
686,1851,3609.0,left,handling,3609.0
687,1852,3609.0,delivered,handling,3609.0
688,1853,3610.0,lost,handling,3610.0
689,1853,3610.0,my,handling,3610.0
690,1853,3610.0,bag,handling,3610.0
691,1862,3614.0,extra,general,3614.0
692,1862,3614.0,weight,general,3614.0
693,1862,3614.0,luggage,general,3614.0
694,1869,3616.0,free,general,3616.0
695,1869,3616.0,check,general,3616.0
696,1869,3616.0,in,general,3616.0
697,1869,3616.0,luggage,general,3616.0
698,1876,3619.0,free,handling,3619.0
699,1876,3619.0,baggage,handling,3619.0
700,1876,3619.0,allowance,handling,3619.0
701,1888,3624.0,get,general,3624.0
702,1888,3624.0,my,general,3624.0
703,1888,3624.0,luggage,general,3624.0
704,1924,3638.0,baggage,handling,3638.0
705,1924,3638.0,did,handling,3638.0
706,1924,3638.0,not,handling,3638.0
707,1924,3638.0,arrive,handling,3638.0
708,1933,3642.0,drop,general,3642.0
709,1933,3642.0,my,general,3642.0
710,1933,3642.0,baggage,general,3642.0
711,1934,3642.0,baggage,general,3642.0
712,1934,3642.0,retrieval,general,3642.0
713,1981,3658.0,uggage,handling,3658.0
714,1981,3658.0,to,handling,3658.0
715,1981,3658.0,be,handling,3658.0
716,1981,3658.0,delivered,handling,3658.0
717,1982,3658.0,out,handling,3658.0
718,1982,3658.0,for,handling,3658.0
719,1982,3658.0,delivery,handling,3658.0
720,1990,3661.0,check,handling,3661.0
721,1990,3661.0,our,handling,3661.0
722,1990,3661.0,bags,handling,3661.0
723,2017,3670.0,lost,handling,3670.0
724,2017,3670.0,baggage,handling,3670.0
725,2018,3670.0,lost,handling,3670.0
726,2018,3670.0,my,handling,3670.0
727,2018,3670.0,bag,handling,3670.0
728,2019,3671.0,backpack,general,3671.0
729,2020,3671.0,suitcase,general,3671.0
730,2024,3672.0,luggage,general,3672.0
731,2126,3708.0,luggage,general,3708.0
732,2132,3710.0,suitcase,general,3710.0
733,2133,3710.0,baggage,general,3710.0
734,2134,3710.0,suitcases,general,3710.0
735,2135,3710.0,suitcases,general,3710.0
736,2136,3710.0,transferred,handling,3710.0
737,2136,3710.0,my,handling,3710.0
738,2136,3710.0,suitcase,handling,3710.0
739,2137,3710.0,suitcases,general,3710.0
740,2137,3710.0,complimentary,general,3710.0
741,2166,3720.0,carry,general,3720.0
742,2166,3720.0,on,general,3720.0
743,2166,3720.0,suitcases,general,3720.0
744,2190,3729.0,suitcase,general,3729.0
745,2193,3731.0,baggage,general,3731.0
746,2193,3731.0,complimentary,general,3731.0
747,2197,3733.0,bags,general,3733.0
748,2197,3733.0,policy,general,3733.0
749,2254,3747.0,large,general,3747.0
750,2254,3747.0,carryon,general,3747.0
751,2254,3747.0,bag,general,3747.0
752,2255,3747.0,carryon,general,3747.0
753,2255,3747.0,bag,general,3747.0
754,2256,3747.0,carryon,general,3747.0
755,2256,3747.0,bag,general,3747.0
756,2261,3748.0,bags,general,3748.0
757,2332,3960.0,luggage,handling,3960.0
758,2332,3960.0,handling,handling,3960.0
759,2332,3960.0,was,handling,3960.0
760,2332,3960.0,very,handling,3960.0
761,2332,3960.0,irresponsible,handling,3960.0
762,2333,3960.0,luggage,handling,3960.0
763,2333,3960.0,holding,handling,3960.0
764,2333,3960.0,straps,handling,3960.0
765,2333,3960.0,were,handling,3960.0
766,2333,3960.0,damaged,handling,3960.0
767,2366,3973.0,baggage,handling,3973.0
768,2366,3973.0,delivered,handling,3973.0
769,2369,3974.0,normal,general,3974.0
770,2369,3974.0,baggage,general,3974.0
771,2369,3974.0,policy,general,3974.0
772,2369,3974.0,terms,general,3974.0
773,2376,3975.0,not,general,3975.0
774,2376,3975.0,put,general,3975.0
775,2376,3975.0,the,general,3975.0
776,2376,3975.0,luggage,general,3975.0
777,2380,3978.0,restriction,general,3978.0
778,2380,3978.0,on,general,3978.0
779,2380,3978.0,carryon,general,3978.0
780,2381,3978.0,pay,general,3978.0
781,2381,3978.0,for,general,3978.0
782,2381,3978.0,extra,general,3978.0
783,2381,3978.0,carryon,general,3978.0
784,2381,3978.0,weight,general,3978.0
785,2390,3984.0,luggage,general,3984.0
786,2391,3984.0,luggage,handling,3984.0
787,2391,3984.0,was,handling,3984.0
788,2391,3984.0,lost,handling,3984.0
789,2394,3985.0,hand,general,3985.0
790,2394,3985.0,baggage,general,3985.0
791,2437,3999.0,stuff,general,3999.0
792,2438,3999.0,bags,general,3999.0
793,2447,4002.0,bags,general,4002.0
794,2457,4005.0,baggage,general,4005.0
795,2459,4006.0,luggage,general,4006.0
796,2488,4020.0,extra,general,4020.0
797,2488,4020.0,baggage,general,4020.0
798,2492,4022.0,luggage,general,4022.0
799,2493,4022.0,luggage,general,4022.0
800,2494,4022.0,luggage,general,4022.0
801,2502,4027.0,luggage,general,4027.0
802,2503,4027.0,luggage,general,4027.0
803,2504,4027.0,luggage,general,4027.0
804,2505,4028.0,luggage,general,4028.0
805,2525,4034.0,additional,general,4034.0
806,2525,4034.0,baggage,general,4034.0
807,2526,4034.0,baggage,general,4034.0
808,2526,4034.0,allocations,general,4034.0
809,2543,4040.0,baggage,general,4040.0
810,2547,4042.0,luggage,general,4042.0
811,2555,4046.0,extra,general,4046.0
812,2555,4046.0,luggage,general,4046.0
813,2565,4052.0,luggage,general,4052.0
814,2566,4052.0,baggage,general,4052.0
815,2573,4055.0,no,general,4055.0
816,2573,4055.0,luggage,general,4055.0
817,2573,4055.0,issues,general,4055.0
818,2578,3756.0,bag,handling,3756.0
819,2578,3756.0,was,handling,3756.0
820,2578,3756.0,tampered,handling,3756.0
821,2579,3756.0,security,handling,3756.0
822,2579,3756.0,lock,handling,3756.0
823,2579,3756.0,was,handling,3756.0
824,2579,3756.0,removed,handling,3756.0
825,2580,3756.0,broken,handling,3756.0
826,2580,3756.0,security,handling,3756.0
827,2580,3756.0,lock,handling,3756.0
828,2581,3756.0,valuable,handling,3756.0
829,2581,3756.0,items,handling,3756.0
830,2581,3756.0,are,handling,3756.0
831,2581,3756.0,missing,handling,3756.0
832,2658,3790.0,no,handling,3790.0
833,2658,3790.0,sign,handling,3790.0
834,2658,3790.0,of,handling,3790.0
835,2658,3790.0,our,handling,3790.0
836,2658,3790.0,luggage,handling,3790.0
837,2662,3792.0,luggage,handling,3792.0
838,2662,3792.0,got,handling,3792.0
839,2662,3792.0,swapped,handling,3792.0
840,2695,3803.0,luggage,general,3803.0
841,2696,3803.0,luggage,general,3803.0
842,2705,3807.0,luggage,general,3807.0
843,2715,3810.0,baggages,general,3810.0
844,2716,3810.0,luggages,general,3810.0
0,1,2.0,luggage,general,100002.0
1,2,2.0,weighed,handling,100002.0
2,3,3.0,pay,general,100003.0
3,4,3.0,have,general,100003.0
4,4,3.0,to,general,100003.0
5,4,3.0,pay,general,100003.0
6,5,3.0,pay,general,100003.0
7,6,4.0,paid,general,100004.0
8,24,8.0,suitcase,general,100008.0
9,25,9.0,compensation,general,100009.0
10,26,10.0,damaged,handling,100010.0
11,26,10.0,bag,handling,100010.0
12,27,10.0,baggage,general,100010.0
13,27,10.0,collection,general,100010.0
14,27,10.0,conveyor,general,100010.0
15,28,10.0,damaged,handling,100010.0
16,28,10.0,my,handling,100010.0
17,28,10.0,suitcase,handling,100010.0
18,41,12.0,duty-free,general,100012.0
19,41,12.0,items,general,100012.0
20,51,16.0,carry-on,general,100016.0
21,52,16.0,duty,general,100016.0
22,52,16.0,free,general,100016.0
23,52,16.0,items,general,100016.0
24,53,17.0,weighed,handling,100017.0
25,54,17.0,tried,general,100017.0
26,54,17.0,to,general,100017.0
27,54,17.0,charge,general,100017.0
28,54,17.0,for,general,100017.0
29,55,17.0,made,general,100017.0
30,55,17.0,me,general,100017.0
31,55,17.0,to,general,100017.0
32,55,17.0,carry,general,100017.0
33,56,18.0,try,general,100018.0
34,56,18.0,to,general,100018.0
35,56,18.0,charge,general,100018.0
36,77,23.0,no,general,100023.0
37,77,23.0,carry,general,100023.0
38,77,23.0,bag,general,100023.0
39,77,23.0,facility,general,100023.0
40,110,30.0,cabin,general,100030.0
41,110,30.0,luggage,general,100030.0
42,186,50.0,pay,general,100050.0
43,186,50.0,a,general,100050.0
44,186,50.0,premium,general,100050.0
45,187,50.0,purchase,general,100050.0
46,187,50.0,extra,general,100050.0
47,187,50.0,luggage,general,100050.0
48,192,52.0,baggage,general,100052.0
49,205,57.0,baggage,general,100057.0
50,206,57.0,baggage,general,100057.0
51,207,58.0,damaged,handling,100058.0
52,215,59.0,lost,handling,100059.0
53,215,59.0,luggage,handling,100059.0
54,216,60.0,broken,handling,100060.0
55,216,60.0,baggage,handling,100060.0
56,242,66.0,terms,general,100066.0
57,242,66.0,of,general,100066.0
58,242,66.0,luggage,general,100066.0
59,242,66.0,policy,general,100066.0
60,243,66.0,allowing,general,100066.0
61,243,66.0,just,general,100066.0
62,243,66.0,one,general,100066.0
63,243,66.0,piece,general,100066.0
64,313,79.0,check-in,general,100079.0
65,313,79.0,baggage,general,100079.0
66,322,81.0,hand,general,100081.0
67,322,81.0,bag,general,100081.0
68,323,81.0,never,general,100081.0
69,323,81.0,scaled,general,100081.0
70,324,81.0,throw,general,100081.0
71,324,81.0,way,general,100081.0
72,325,81.0,could,general,100081.0
73,325,81.0,n't,general,100081.0
74,325,81.0,return,general,100081.0
75,325,81.0,it,general,100081.0
76,326,82.0,did,general,100082.0
77,326,82.0,n't,general,100082.0
78,326,82.0,have,general,100082.0
79,326,82.0,a,general,100082.0
80,326,82.0,choice,general,100082.0
81,327,82.0,bags,general,100082.0
82,328,82.0,delivered,general,100082.0
83,328,82.0,really,general,100082.0
84,328,82.0,quickly,general,100082.0
85,329,83.0,handled,handling,100083.0
86,329,83.0,well,handling,100083.0
87,369,90.0,carry,general,100090.0
88,369,90.0,on,general,100090.0
89,369,90.0,bags,general,100090.0
90,370,91.0,weigh,handling,100091.0
91,372,91.0,throw,general,100091.0
92,372,91.0,away,general,100091.0
93,373,91.0,tough,general,100091.0
94,373,91.0,situation,general,100091.0
95,430,105.0,cabin,general,100105.0
96,430,105.0,size,general,100105.0
97,430,105.0,bag,general,100105.0
98,532,155.0,luggage,general,100155.0
99,532,155.0,allowance,general,100155.0
100,532,155.0,is,general,100155.0
101,532,155.0,generous,general,100155.0
102,620,207.0,weighing,general,100207.0
103,620,207.0,scale,general,100207.0
104,621,208.0,weigh,general,100208.0
105,621,208.0,all,general,100208.0
106,621,208.0,our,general,100208.0
107,621,208.0,hand,general,100208.0
108,621,208.0,luggage,general,100208.0
109,622,209.0,luggage,general,100209.0
110,624,211.0,broke,handling,100211.0
111,624,211.0,my,handling,100211.0
112,624,211.0,suitcase,handling,100211.0
113,627,214.0,luggage,handling,100214.0
114,627,214.0,lost,handling,100214.0
115,673,260.0,damaged,handling,100260.0
116,673,260.0,your,handling,100260.0
117,673,260.0,luggage,handling,100260.0
118,1318,864.0,luggage,general,100864.0
119,1339,874.0,baggage,general,100874.0
120,1339,874.0,dropoff,general,100874.0
121,1340,874.0,get,general,100874.0
122,1340,874.0,own,general,100874.0
123,1340,874.0,baggage,general,100874.0
124,1340,874.0,tag,general,100874.0
125,1341,875.0,pretty,general,100875.0
126,1341,875.0,much,general,100875.0
127,1341,875.0,easy,general,100875.0
128,1341,875.0,straight,general,100875.0
129,1341,875.0,forward,general,100875.0
130,1357,883.0,checked,handling,100883.0
131,1357,883.0,baggage,handling,100883.0
132,1357,883.0,was,handling,100883.0
133,1357,883.0,not,handling,100883.0
134,1357,883.0,on,handling,100883.0
135,1357,883.0,the,handling,100883.0
136,1357,883.0,flight,handling,100883.0
137,1358,884.0,completed,general,100884.0
138,1358,884.0,a,general,100884.0
139,1358,884.0,report,general,100884.0
140,1372,890.0,aid,general,100890.0
141,1372,890.0,the,general,100890.0
142,1372,890.0,extra,general,100890.0
143,1372,890.0,for,general,100890.0
144,1372,890.0,additional,general,100890.0
145,1372,890.0,baggage,general,100890.0
146,1372,890.0,allowance,general,100890.0
147,1376,891.0,checkin,general,100891.0
148,1376,891.0,luggage,general,100891.0
149,1392,901.0,luggage,general,100901.0
150,1392,901.0,has,general,100901.0
151,1392,901.0,to,general,100901.0
152,1392,901.0,be,general,100901.0
153,1392,901.0,purchased,general,100901.0
154,1392,901.0,separately,general,100901.0
155,1393,902.0,no,general,100902.0
156,1393,902.0,strict,general,100902.0
157,1393,902.0,checking,general,100902.0
158,1393,902.0,of,general,100902.0
159,1393,902.0,cabin,general,100902.0
160,1393,902.0,baggage,general,100902.0
161,1396,904.0,paying,general,100904.0
162,1396,904.0,for,general,100904.0
163,1396,904.0,luggage,general,100904.0
164,1398,906.0,drop,general,100906.0
165,1398,906.0,my,general,100906.0
166,1398,906.0,baggage,general,100906.0
167,1443,944.0,drop,general,100944.0
168,1443,944.0,our,general,100944.0
169,1443,944.0,luggage,general,100944.0
170,1443,944.0,on,general,100944.0
171,1443,944.0,our,general,100944.0
172,1443,944.0,own,general,100944.0
173,1445,946.0,need,general,100946.0
174,1445,946.0,to,general,100946.0
175,1445,946.0,queue,general,100946.0
176,1446,947.0,drop,general,100947.0
177,1446,947.0,in,general,100947.0
178,1446,947.0,your,general,100947.0
179,1446,947.0,check,general,100947.0
180,1446,947.0,in,general,100947.0
181,1446,947.0,luggage,general,100947.0
182,1447,948.0,not,general,100948.0
183,1447,948.0,tolerate,general,100948.0
184,1447,948.0,on,general,100948.0
185,1447,948.0,excess,general,100948.0
186,1447,948.0,baggage,general,100948.0
187,1458,959.0,buy,general,100959.0
188,1458,959.0,checkin,general,100959.0
189,1458,959.0,luggage,general,100959.0
190,1458,959.0,is,general,100959.0
191,1458,959.0,cheaper,general,100959.0
192,1464,965.0,additional,general,100965.0
193,1464,965.0,charges,general,100965.0
194,1464,965.0,for,general,100965.0
195,1464,965.0,checkin,general,100965.0
196,1464,965.0,luggage,general,100965.0
197,1476,977.0,check,general,100977.0
198,1476,977.0,in,general,100977.0
199,1476,977.0,my,general,100977.0
200,1476,977.0,luggage,general,100977.0
201,1491,992.0,paid,general,100992.0
202,1491,992.0,a,general,100992.0
203,1491,992.0,little,general,100992.0
204,1491,992.0,extra,general,100992.0
205,1492,993.0,extra,general,100993.0
206,1492,993.0,luggage,general,100993.0
207,1498,999.0,took,general,100999.0
208,1498,999.0,forever,general,100999.0
209,1498,999.0,to,general,100999.0
210,1498,999.0,come,general,100999.0
211,1499,1000.0,wait,general,101000.0
212,1499,1000.0,at,general,101000.0
213,1499,1000.0,the,general,101000.0
214,1499,1000.0,belt,general,101000.0
215,1499,1000.0,was,general,101000.0
216,1499,1000.0,endless,general,101000.0
217,1505,1006.0,selfscan,general,101006.0
218,1505,1006.0,the,general,101006.0
219,1505,1006.0,luggage,general,101006.0
220,1506,1007.0,bit,general,101007.0
221,1506,1007.0,lost,general,101007.0
222,1507,1008.0,free,general,101008.0
223,1507,1008.0,tag,general,101008.0
224,1507,1008.0,holders,general,101008.0
225,1507,1008.0,provided,general,101008.0
226,1508,1009.0,attach,general,101009.0
227,1508,1009.0,the,general,101009.0
228,1508,1009.0,tags,general,101009.0
229,1509,1010.0,checkin,general,101010.0
230,1509,1010.0,luggage,general,101010.0
231,1522,1023.0,luggage,general,101023.0
232,1523,1024.0,tags,general,101024.0
233,1526,1027.0,probably,general,101027.0
234,1526,1027.0,wait,general,101027.0
235,1526,1027.0,for,general,101027.0
236,1527,1028.0,baggage,general,101028.0
237,1528,1029.0,bags,general,101029.0
238,1528,1029.0,came,general,101029.0
239,1528,1029.0,out,general,101029.0
240,1529,1030.0,baggage,general,101030.0
241,1529,1030.0,system,general,101030.0
242,1530,1031.0,does,general,101031.0
243,1530,1031.0,not,general,101031.0
244,1530,1031.0,work,general,101031.0
245,1531,1032.0,bags,handling,101032.0
246,1531,1032.0,handling,handling,101032.0
247,1531,1032.0,make,handling,101032.0
248,1531,1032.0,life,handling,101032.0
249,1531,1032.0,easy,handling,101032.0
250,2190,1628.0,very,general,101628.0
251,2190,1628.0,strict,general,101628.0
252,2190,1628.0,with,general,101628.0
253,2190,1628.0,the,general,101628.0
254,2190,1628.0,size,general,101628.0
255,2190,1628.0,of,general,101628.0
256,2190,1628.0,carry,general,101628.0
257,2190,1628.0,ons,general,101628.0
258,2191,1628.0,acceptable,general,101628.0
259,2191,1628.0,size,general,101628.0
260,2234,1663.0,baggage,general,101663.0
261,2234,1663.0,check,general,101663.0
262,2234,1663.0,charge,general,101663.0
263,2246,1675.0,baggage,general,101675.0
264,2246,1675.0,that,general,101675.0
265,2246,1675.0,showed,general,101675.0
266,2246,1675.0,up,general,101675.0
267,2246,1675.0,quickly,general,101675.0
268,2317,1746.0,included,general,101746.0
269,2317,1746.0,a,general,101746.0
270,2317,1746.0,checked,general,101746.0
271,2317,1746.0,in,general,101746.0
272,2317,1746.0,bag,general,101746.0
273,2319,1748.0,lost,handling,101748.0
274,2319,1748.0,baggage,handling,101748.0
275,2333,1762.0,checked,general,101762.0
276,2333,1762.0,my,general,101762.0
277,2333,1762.0,bag,general,101762.0
278,2333,1762.0,on,general,101762.0
279,2333,1762.0,my,general,101762.0
280,2333,1762.0,own,general,101762.0
281,2337,1766.0,loading,general,101766.0
282,2337,1766.0,luggage,general,101766.0
283,2985,2341.0,damaged,handling,102341.0
284,2985,2341.0,duty,handling,102341.0
285,2985,2341.0,free,handling,102341.0
286,3037,2384.0,obligation,general,102384.0
287,3037,2384.0,to,general,102384.0
288,3037,2384.0,check,general,102384.0
289,3037,2384.0,the,general,102384.0
290,3037,2384.0,luggage,general,102384.0
291,3051,2398.0,bags,general,102398.0
292,3051,2398.0,checked,general,102398.0
293,3051,2398.0,and,general,102398.0
294,3051,2398.0,delivered,general,102398.0
295,3051,2398.0,on,general,102398.0
296,3051,2398.0,time,general,102398.0
297,3058,2405.0,charging,general,102405.0
298,3058,2405.0,for,general,102405.0
299,3058,2405.0,all,general,102405.0
300,3058,2405.0,checked,general,102405.0
301,3058,2405.0,hold,general,102405.0
302,3058,2405.0,baggage,general,102405.0
303,3059,2406.0,one,general,102406.0
304,3059,2406.0,case,general,102406.0
305,3059,2406.0,included,general,102406.0
306,3060,2407.0,charge,general,102407.0
307,3060,2407.0,extra,general,102407.0
308,3060,2407.0,for,general,102407.0
309,3060,2407.0,suitcases,general,102407.0
310,3065,2412.0,lot,general,102412.0
311,3065,2412.0,of,general,102412.0
312,3065,2412.0,handlugage,general,102412.0
313,3066,2413.0,to,general,102413.0
314,3066,2413.0,much,general,102413.0
315,3066,2413.0,lugage,general,102413.0
316,3073,2420.0,two,handling,102420.0
317,3073,2420.0,lost,handling,102420.0
318,3073,2420.0,luggage,handling,102420.0
319,3084,2431.0,handle,general,102431.0
320,3084,2431.0,the,general,102431.0
321,3084,2431.0,load,general,102431.0
322,3139,2486.0,wasted,general,102486.0
323,3139,2486.0,time,general,102486.0
324,3139,2486.0,weighing,general,102486.0
325,3139,2486.0,my,general,102486.0
326,3139,2486.0,hand,general,102486.0
327,3139,2486.0,luggage,general,102486.0
328,3140,2487.0,forced,general,102487.0
329,3140,2487.0,me,general,102487.0
330,3140,2487.0,to,general,102487.0
331,3140,2487.0,check,general,102487.0
332,3140,2487.0,in,general,102487.0
333,3140,2487.0,the,general,102487.0
334,3140,2487.0,luggage,general,102487.0
335,3141,2488.0,told,general,102488.0
336,3141,2488.0,to,general,102488.0
337,3141,2488.0,unpack,general,102488.0
338,3141,2488.0,and,general,102488.0
339,3141,2488.0,take,general,102488.0
340,3141,2488.0,out,general,102488.0
341,3792,3133.0,luggage,general,103133.0
342,3792,3133.0,allowance,general,103133.0
343,3805,3146.0,luggage,general,103146.0
344,3805,3146.0,scanner,general,103146.0
345,5109,1438.0,broken,handling,201438.0
346,5109,1438.0,lock,handling,201438.0
347,5135,1458.0,baggage,general,201458.0
348,5135,1458.0,claim,general,201458.0
349,5135,1458.0,were,general,201458.0
350,5135,1458.0,seamless,general,201458.0
351,5208,1496.0,priority,general,201496.0
352,5208,1496.0,baggage,general,201496.0
353,5208,1496.0,handling,general,201496.0
354,5231,1510.0,did,general,201510.0
355,5231,1510.0,not,general,201510.0
356,5231,1510.0,have,general,201510.0
357,5231,1510.0,to,general,201510.0
358,5231,1510.0,pay,general,201510.0
359,5231,1510.0,extra,general,201510.0
360,5231,1510.0,for,general,201510.0
361,5231,1510.0,baggage,general,201510.0
362,5882,2152.0,separately,general,202152.0
363,5882,2152.0,check,general,202152.0
364,5882,2152.0,a,general,202152.0
365,5882,2152.0,bag,general,202152.0
366,5883,2152.0,pay,general,202152.0
367,5883,2152.0,insanely,general,202152.0
368,5883,2152.0,high,general,202152.0
369,5883,2152.0,baggage,general,202152.0
370,5883,2152.0,fees,general,202152.0
371,6722,2924.0,they,handling,202924.0
372,6722,2924.0,lost,handling,202924.0
373,6722,2924.0,our,handling,202924.0
374,6722,2924.0,luggage,handling,202924.0
375,6754,2943.0,bag,general,202943.0
376,6754,2943.0,drop,general,202943.0
377,6754,2943.0,was,general,202943.0
378,6754,2943.0,fine,general,202943.0
379,6772,2956.0,baggage,handling,202956.0
380,6772,2956.0,handling,handling,202956.0
381,6772,2956.0,no,handling,202956.0
382,6772,2956.0,difficulties,handling,202956.0
