,Unnamed: 0,id,Seat,Aspect,id_updated
0,15,2948.0,leg,space,2948.0
1,15,2948.0,room,space,2948.0
2,16,2948.0,chose,operations,2948.0
3,20,2950.0,massage,operations,2950.0
4,20,2950.0,function,operations,2950.0
5,21,2950.0,excellent,operations,2950.0
6,21,2950.0,business,operations,2950.0
7,21,2950.0,class,operations,2950.0
8,21,2950.0,seats,operations,2950.0
9,35,2952.0,comfortable,comfort,2952.0
10,36,2952.0,lots,space,2952.0
11,36,2952.0,of,space,2952.0
12,36,2952.0,legroom,space,2952.0
13,42,2954.0,cramped,space,2954.0
14,94,2960.0,empty,operations,2960.0
15,94,2960.0,seats,operations,2960.0
16,95,2960.0,extra,operations,2960.0
17,95,2960.0,seat,operations,2960.0
18,106,2962.0,seat,operations,2962.0
19,106,2962.0,rows,operations,2962.0
20,107,2962.0,inconvenience,operations,2962.0
21,108,2962.0,small,comfort,2962.0
22,108,2962.0,comfy,comfort,2962.0
23,108,2962.0,pillow,comfort,2962.0
24,109,2962.0,blanket,comfort,2962.0
25,118,2965.0,seat,space,2965.0
26,118,2965.0,space,space,2965.0
27,119,2965.0,very,operations,2965.0
28,119,2965.0,limited,operations,2965.0
29,120,2966.0,seat,operations,2966.0
30,120,2966.0,sockets,operations,2966.0
31,128,2968.0,cannot,operations,2968.0
32,128,2968.0,book,operations,2968.0
33,128,2968.0,a,operations,2968.0
34,128,2968.0,seat,operations,2968.0
35,134,2970.0,regular,operations,2970.0
36,134,2970.0,tourist,operations,2970.0
37,134,2970.0,class,operations,2970.0
38,134,2970.0,seat,operations,2970.0
39,164,2973.0,poor,space,2973.0
40,164,2973.0,pitc,space,2973.0
41,165,2973.0,paid,operations,2973.0
42,165,2973.0,extra,operations,2973.0
43,165,2973.0,for,operations,2973.0
44,165,2973.0,exit,operations,2973.0
45,165,2973.0,row,operations,2973.0
46,168,2974.0,paid,operations,2974.0
47,168,2974.0,extra,operations,2974.0
48,169,2974.0,chose,operations,2974.0
49,171,2974.0,chose,operations,2974.0
50,204,2980.0,reserve,operations,2980.0
51,206,2980.0,aisle,operations,2980.0
52,206,2980.0,seat,operations,2980.0
53,230,2983.0,no,operations,2983.0
54,230,2983.0,seats,operations,2983.0
55,230,2983.0,available,operations,2983.0
56,234,2984.0,reseat,operations,2984.0
57,256,2987.0,close,operations,2987.0
58,257,2987.0,feel,space,2987.0
59,257,2987.0,the,space,2987.0
60,257,2987.0,knees,space,2987.0
61,257,2987.0,of,space,2987.0
62,257,2987.0,the,space,2987.0
63,257,2987.0,passenger,space,2987.0
64,257,2987.0,behind,space,2987.0
65,257,2987.0,in,space,2987.0
66,257,2987.0,your,space,2987.0
67,257,2987.0,back,space,2987.0
68,258,2987.0,filled,operations,2987.0
69,258,2987.0,up,operations,2987.0
70,258,2987.0,every,operations,2987.0
71,258,2987.0,seat,operations,2987.0
72,259,2987.0,left,operations,2987.0
73,259,2987.0,rows,operations,2987.0
74,259,2987.0,of,operations,2987.0
75,259,2987.0,empty,operations,2987.0
76,259,2987.0,seats,operations,2987.0
77,315,2996.0,seat,operations,2996.0
78,315,2996.0,prices,operations,2996.0
79,316,2996.0,high,operations,2996.0
80,316,2996.0,side,operations,2996.0
81,330,2999.0,priority,operations,2999.0
82,330,2999.0,seats,operations,2999.0
83,331,2999.0,no,operations,2999.0
84,331,2999.0,access,operations,2999.0
85,331,2999.0,to,operations,2999.0
86,331,2999.0,the,operations,2999.0
87,331,2999.0,seating,operations,2999.0
88,331,2999.0,system,operations,2999.0
89,332,2999.0,bassinet,operations,2999.0
90,333,2999.0,reserve,operations,2999.0
91,333,2999.0,the,operations,2999.0
92,333,2999.0,bassinet,operations,2999.0
93,334,2999.0,bassinet,operations,2999.0
94,335,2999.0,bassinet,operations,2999.0
95,335,2999.0,seat,operations,2999.0
96,337,2999.0,bassinet,operations,2999.0
97,337,2999.0,seat,operations,2999.0
98,338,2999.0,no,operations,2999.0
99,338,2999.0,bassinet,operations,2999.0
100,338,2999.0,seats,operations,2999.0
101,339,2999.0,seat,operations,2999.0
102,339,2999.0,change,operations,2999.0
103,340,2999.0,no,operations,2999.0
104,340,2999.0,extra,operations,2999.0
105,340,2999.0,seats,operations,2999.0
106,341,2999.0,could,operations,2999.0
107,341,2999.0,not,operations,2999.0
108,341,2999.0,get,operations,2999.0
109,342,2999.0,bassinet,operations,2999.0
110,342,2999.0,seats,operations,2999.0
111,343,2999.0,requested,operations,2999.0
112,343,2999.0,prioirity,operations,2999.0
113,343,2999.0,seats,operations,2999.0
114,344,2999.0,seats,operations,2999.0
115,345,2999.0,so,space,2999.0
116,345,2999.0,tight,space,2999.0
117,346,2999.0,small,space,2999.0
118,362,3004.0,space,space,3004.0
119,363,3004.0,legs,space,3004.0
120,365,3004.0,big,operations,3004.0
121,365,3004.0,enough,operations,3004.0
122,369,3006.0,seat,operations,3006.0
123,369,3006.0,change,operations,3006.0
124,376,3008.0,comfortable,comfort,3008.0
125,379,3009.0,covered,operations,3009.0
126,379,3009.0,in,operations,3009.0
127,379,3009.0,rubbish,operations,3009.0
128,383,3010.0,legroom,space,3010.0
129,384,3010.0,above,operations,3010.0
130,384,3010.0,average,operations,3010.0
131,385,3011.0,economy,operations,3011.0
132,385,3011.0,class,operations,3011.0
133,385,3011.0,seats,operations,3011.0
134,386,3011.0,very,space,3011.0
135,386,3011.0,little,space,3011.0
136,386,3011.0,leg,space,3011.0
137,386,3011.0,room,space,3011.0
138,387,3011.0,seat,space,3011.0
139,387,3011.0,backs,space,3011.0
140,388,3011.0,ould,space,3011.0
141,388,3011.0,not,space,3011.0
142,388,3011.0,be,space,3011.0
143,388,3011.0,reclined,space,3011.0
144,391,3011.0,selling,operations,3011.0
145,391,3011.0,substandard,operations,3011.0
146,391,3011.0,seats,operations,3011.0
147,409,3018.0,bumped,space,3018.0
148,410,3018.0,bulkhead,space,3018.0
149,411,3018.0,no,space,3018.0
150,411,3018.0,recline,space,3018.0
151,412,3018.0,extra,space,3018.0
152,412,3018.0,legroom,space,3018.0
153,414,3018.0,illegal,operations,3018.0
154,416,3018.0,bulkhead,operations,3018.0
155,416,3018.0,seats,operations,3018.0
156,418,3019.0,comfortable,comfort,3019.0
157,419,3019.0,reclines,space,3019.0
158,419,3019.0,their,space,3019.0
159,419,3019.0,seat,space,3019.0
160,420,3019.0,traytable,operations,3019.0
161,421,3019.0,too,space,3019.0
162,421,3019.0,close,space,3019.0
163,422,3020.0,interruptive,space,3020.0
164,422,3020.0,leg,space,3020.0
165,422,3020.0,space,space,3020.0
166,423,3020.0,tight,space,3020.0
167,425,3020.0,reclined,space,3020.0
168,426,3020.0,challenge,operations,3020.0
169,435,3022.0,comfort,comfort,3022.0
170,436,3022.0,good,operations,3022.0
171,446,3025.0,recline,space,3025.0
172,447,3025.0,great,comfort,3025.0
173,447,3025.0,comfy,comfort,3025.0
174,476,3031.0,preferred,operations,3031.0
175,476,3031.0,seat,operations,3031.0
176,477,3031.0,empty,operations,3031.0
177,477,3031.0,seat,operations,3031.0
178,493,3035.0,seats,comfort,3035.0
179,493,3035.0,are,comfort,3035.0
180,493,3035.0,extremely,comfort,3035.0
181,493,3035.0,uncomfortable,comfort,3035.0
182,494,3035.0,seats,comfort,3035.0
183,494,3035.0,extremely,comfort,3035.0
184,494,3035.0,hard,comfort,3035.0
185,495,3035.0,change,operations,3035.0
186,495,3035.0,seats,operations,3035.0
187,495,3035.0,online,operations,3035.0
188,496,3035.0,change,operations,3035.0
189,497,3035.0,aisle,operations,3035.0
190,497,3035.0,seat,operations,3035.0
191,503,3037.0,decent,operations,3037.0
192,503,3037.0,seat,operations,3037.0
193,547,3045.0,great,space,3045.0
194,547,3045.0,legroom,space,3045.0
195,549,3045.0,comfortable,comfort,3045.0
196,585,3157.0,comfortable,comfort,3157.0
197,585,3157.0,seats,comfort,3157.0
198,593,3159.0,clean,operations,3159.0
199,597,3161.0,three,operations,3161.0
200,597,3161.0,seats,operations,3161.0
201,597,3161.0,to,operations,3161.0
202,597,3161.0,my,operations,3161.0
203,597,3161.0,self,operations,3161.0
204,632,3173.0,leg,space,3173.0
205,632,3173.0,room,space,3173.0
206,632,3173.0,is,space,3173.0
207,632,3173.0,extremely,space,3173.0
208,632,3173.0,small,space,3173.0
209,633,3173.0,always,space,3173.0
210,633,3173.0,touching,space,3173.0
211,633,3173.0,adjacent,space,3173.0
212,633,3173.0,travellers,space,3173.0
213,634,3173.0,uncomfortable,comfort,3173.0
214,635,3173.0,small,space,3173.0
215,635,3173.0,leg,space,3173.0
216,635,3173.0,room,space,3173.0
217,635,3173.0,and,space,3173.0
218,635,3173.0,arm,space,3173.0
219,635,3173.0,rests,space,3173.0
220,636,3174.0,separate,space,3174.0
221,636,3174.0,seats,space,3174.0
222,640,3175.0,plenty,space,3175.0
223,640,3175.0,of,space,3175.0
224,640,3175.0,leg,space,3175.0
225,640,3175.0,room,space,3175.0
226,649,3179.0,seat,comfort,3179.0
227,649,3179.0,was,comfort,3179.0
228,649,3179.0,comfortable,comfort,3179.0
229,650,3179.0,legroom,space,3179.0
230,650,3179.0,was,space,3179.0
231,650,3179.0,better,space,3179.0
232,653,3180.0,offer,operations,3180.0
233,653,3180.0,me,operations,3180.0
234,653,3180.0,middle,operations,3180.0
235,653,3180.0,seat,operations,3180.0
236,666,3183.0,thirty,space,3183.0
237,666,3183.0,inch,space,3183.0
238,666,3183.0,seat,space,3183.0
239,666,3183.0,pitch,space,3183.0
240,667,3183.0,comfy,comfort,3183.0
241,710,3200.0,seat,comfort,3200.0
242,710,3200.0,not,comfort,3200.0
243,710,3200.0,comfortable,comfort,3200.0
244,712,3201.0,best,operations,3201.0
245,712,3201.0,economy,operations,3201.0
246,712,3201.0,class,operations,3201.0
247,712,3201.0,legroom,operations,3201.0
248,715,3202.0,nice,comfort,3202.0
249,715,3202.0,and,comfort,3202.0
250,715,3202.0,comfortable,comfort,3202.0
251,717,3202.0,great,space,3202.0
252,717,3202.0,legroom,space,3202.0
253,782,3255.0,seats,comfort,3255.0
254,782,3255.0,are,comfort,3255.0
255,782,3255.0,quite,comfort,3255.0
256,782,3255.0,comfortable,comfort,3255.0
257,783,3255.0,legroom,space,3255.0
258,783,3255.0,is,space,3255.0
259,783,3255.0,quite,space,3255.0
260,783,3255.0,small,space,3255.0
261,784,3256.0,choose,operations,3256.0
262,784,3256.0,a,operations,3256.0
263,784,3256.0,seat,operations,3256.0
264,785,3256.0,recline,space,3256.0
265,786,3256.0,distance,space,3256.0
266,786,3256.0,between,space,3256.0
267,786,3256.0,the,space,3256.0
268,786,3256.0,seats,space,3256.0
269,786,3256.0,are,space,3256.0
270,786,3256.0,tiny,space,3256.0
271,795,3260.0,seats,space,3260.0
272,795,3260.0,can,space,3260.0
273,795,3260.0,recline,space,3260.0
274,795,3260.0,legroom,space,3260.0
275,795,3260.0,is,space,3260.0
276,795,3260.0,terrible,space,3260.0
277,799,3261.0,excessive,operations,3261.0
278,799,3261.0,seat,operations,3261.0
279,799,3261.0,rows,operations,3261.0
280,800,3261.0,extremely,operations,3261.0
281,800,3261.0,tiny,operations,3261.0
282,800,3261.0,seats,operations,3261.0
283,825,3271.0,orderly,comfort,3271.0
284,825,3271.0,seats,comfort,3271.0
285,825,3271.0,were,comfort,3271.0
286,825,3271.0,comfortable,comfort,3271.0
287,851,3284.0,very,space,3284.0
288,851,3284.0,crowded,space,3284.0
289,852,3285.0,normal,space,3285.0
290,852,3285.0,seat,space,3285.0
291,852,3285.0,available,space,3285.0
292,853,3285.0,very,space,3285.0
293,853,3285.0,costly,space,3285.0
294,858,3287.0,physically,space,3287.0
295,858,3287.0,bruising,space,3287.0
296,858,3287.0,my,space,3287.0
297,858,3287.0,knees,space,3287.0
298,859,3287.0,legroom,space,3287.0
299,859,3287.0,is,space,3287.0
300,859,3287.0,that,space,3287.0
301,859,3287.0,short,space,3287.0
302,860,3287.0,extra,space,3287.0
303,860,3287.0,legroom,space,3287.0
304,860,3287.0,seats,space,3287.0
305,861,3287.0,extra,space,3287.0
306,861,3287.0,legroom,space,3287.0
307,861,3287.0,seat,space,3287.0
308,866,3289.0,knees,space,3289.0
309,866,3289.0,were,space,3289.0
310,866,3289.0,touching,space,3289.0
311,866,3289.0,the,space,3289.0
312,866,3289.0,back,space,3289.0
313,866,3289.0,of,space,3289.0
314,866,3289.0,the,space,3289.0
315,866,3289.0,seat,space,3289.0
316,867,3289.0,no,space,3289.0
317,867,3289.0,leg,space,3289.0
318,867,3289.0,room,space,3289.0
319,868,3289.0,choosing,operations,3289.0
320,868,3289.0,a,operations,3289.0
321,868,3289.0,sea,operations,3289.0
322,912,3304.0,seats,comfort,3304.0
323,912,3304.0,really,comfort,3304.0
324,912,3304.0,comfortable,comfort,3304.0
325,918,3306.0,elegant,space,3306.0
326,918,3306.0,leather,space,3306.0
327,918,3306.0,seats,space,3306.0
328,922,3308.0,comfortable,comfort,3308.0
329,922,3308.0,seats,comfort,3308.0
330,934,3313.0,side,operations,3313.0
331,934,3313.0,by,operations,3313.0
332,934,3313.0,side,operations,3313.0
333,934,3313.0,seats,operations,3313.0
334,945,3316.0,seatead,operations,3316.0
335,945,3316.0,next,operations,3316.0
336,946,3316.0,check,operations,3316.0
337,946,3316.0,in,operations,3316.0
338,948,3318.0,aisle,operations,3318.0
339,948,3318.0,seats,operations,3318.0
340,949,3318.0,seat,operations,3318.0
341,949,3318.0,remained,operations,3318.0
342,949,3318.0,vacant,operations,3318.0
343,950,3318.0,booking,operations,3318.0
344,950,3318.0,seat,operations,3318.0
345,959,3322.0,seats,comfort,3322.0
346,959,3322.0,comfortable,comfort,3322.0
347,963,3324.0,good,space,3324.0
348,963,3324.0,seating,space,3324.0
349,963,3324.0,distance,space,3324.0
350,966,3326.0,legroom,space,3326.0
351,967,3326.0,below,operations,3326.0
352,967,3326.0,average,operations,3326.0
353,982,3333.0,vacant,operations,3333.0
354,983,3334.0,very,comfort,3334.0
355,983,3334.0,small,comfort,3334.0
356,983,3334.0,and,comfort,3334.0
357,983,3334.0,comfortable,comfort,3334.0
358,984,3335.0,very,space,3335.0
359,984,3335.0,small,space,3335.0
360,994,3339.0,hot,operations,3339.0
361,994,3339.0,seats,operations,3339.0
362,997,3340.0,frontal,operations,3340.0
363,997,3340.0,hot,operations,3340.0
364,997,3340.0,seats,operations,3340.0
365,1004,3341.0,very,comfort,3341.0
366,1004,3341.0,uncomfortable,comfort,3341.0
367,1006,3342.0,seating,space,3342.0
368,1006,3342.0,is,space,3342.0
369,1006,3342.0,cramped,space,3342.0
370,1016,3346.0,no,space,3346.0
371,1016,3346.0,space,space,3346.0
372,1016,3346.0,for,space,3346.0
373,1016,3346.0,your,space,3346.0
374,1016,3346.0,legs,space,3346.0
375,1017,3347.0,assigned,operations,3347.0
376,1017,3347.0,seats,operations,3347.0
377,1022,3348.0,error,operations,3348.0
378,1044,3354.0,seat,space,3354.0
379,1044,3354.0,are,space,3354.0
380,1044,3354.0,too,space,3354.0
381,1044,3354.0,narrow,space,3354.0
382,1045,3354.0,knees,space,3354.0
383,1045,3354.0,touch,space,3354.0
384,1045,3354.0,front,space,3354.0
385,1045,3354.0,seat,space,3354.0
386,1046,3355.0,pushback,operations,3355.0
387,1047,3355.0,broke,operations,3355.0
388,1047,3355.0,down,operations,3355.0
389,1048,3356.0,pleasant,comfort,3356.0
390,1048,3356.0,comfortable,comfort,3356.0
391,1058,3358.0,seats,space,3358.0
392,1058,3358.0,cramped,space,3358.0
393,1066,3360.0,aisle,operations,3360.0
394,1066,3360.0,seat,operations,3360.0
395,1083,3363.0,seating,comfort,3363.0
396,1083,3363.0,configuration,comfort,3363.0
397,1083,3363.0,is,comfort,3363.0
398,1083,3363.0,extremely,comfort,3363.0
399,1083,3363.0,uncomfortable,comfort,3363.0
400,1085,3363.0,very,comfort,3363.0
401,1085,3363.0,narrow,comfort,3363.0
402,1085,3363.0,and,comfort,3363.0
403,1085,3363.0,uncomfortable,comfort,3363.0
404,1088,3364.0,very,comfort,3364.0
405,1088,3364.0,uncomfortable,comfort,3364.0
406,1092,3365.0,paid,operations,3365.0
407,1096,3367.0,seat,comfort,3367.0
408,1096,3367.0,was,comfort,3367.0
409,1096,3367.0,comfortable,comfort,3367.0
410,1117,3372.0,complain,operations,3372.0
411,1118,3373.0,three,operations,3373.0
412,1118,3373.0,seats,operations,3373.0
413,1118,3373.0,to,operations,3373.0
414,1118,3373.0,myself,operations,3373.0
415,1128,3375.0,row,operations,3375.0
416,1128,3375.0,preferred,operations,3375.0
417,1128,3375.0,seating,operations,3375.0
418,1129,3375.0,seats,operations,3375.0
419,1129,3375.0,didnâ€™t,operations,3375.0
420,1129,3375.0,recline,operations,3375.0
421,1130,3375.0,bulkhead,operations,3375.0
422,1130,3375.0,seats,operations,3375.0
423,1151,3383.0,very,space,3383.0
424,1151,3383.0,pleasantly,space,3383.0
425,1151,3383.0,surprised,space,3383.0
426,1151,3383.0,by,space,3383.0
427,1151,3383.0,the,space,3383.0
428,1151,3383.0,leg,space,3383.0
429,1151,3383.0,room,space,3383.0
430,1170,3389.0,very,comfort,3389.0
431,1170,3389.0,hard,comfort,3389.0
432,1170,3389.0,seat,comfort,3389.0
433,1174,3390.0,very,comfort,3390.0
434,1174,3390.0,comfy,comfort,3390.0
435,1205,3399.0,preferred,operations,3399.0
436,1205,3399.0,seating,operations,3399.0
437,1206,3399.0,no,operations,3399.0
438,1206,3399.0,addition,operations,3399.0
439,1206,3399.0,cost,operations,3399.0
440,1207,3399.0,seat,comfort,3399.0
441,1207,3399.0,comfort,comfort,3399.0
442,1207,3399.0,is,comfort,3399.0
443,1207,3399.0,terrible,comfort,3399.0
444,1218,3402.0,seat,space,3402.0
445,1218,3402.0,leg,space,3402.0
446,1218,3402.0,room,space,3402.0
447,1219,3402.0,smaller,space,3402.0
448,1229,3405.0,aisle,operations,3405.0
449,1229,3405.0,sea,operations,3405.0
450,1230,3405.0,changed,operations,3405.0
451,1231,3405.0,window,operations,3405.0
452,1231,3405.0,seat,operations,3405.0
453,1232,3405.0,best,operations,3405.0
454,1232,3405.0,seat,operations,3405.0
455,1233,3406.0,dirty,operations,3406.0
456,1233,3406.0,worn,operations,3406.0
457,1233,3406.0,out,operations,3406.0
458,1233,3406.0,seats,operations,3406.0
459,1253,3407.0,uncomfortable,comfort,3407.0
460,1255,3407.0,extremely,comfort,3407.0
461,1255,3407.0,hard,comfort,3407.0
462,1256,3407.0,hitting,space,3407.0
463,1256,3407.0,the,space,3407.0
464,1256,3407.0,table,space,3407.0
465,1257,3408.0,seats,space,3408.0
466,1257,3408.0,are,space,3408.0
467,1257,3408.0,narrow,space,3408.0
468,1258,3408.0,not,space,3408.0
469,1258,3408.0,much,space,3408.0
470,1258,3408.0,legroom,space,3408.0
471,1264,3410.0,not,operations,3410.0
472,1264,3410.0,free,operations,3410.0
473,1265,3411.0,business,operations,3411.0
474,1265,3411.0,class,operations,3411.0
475,1265,3411.0,seat,operations,3411.0
476,1280,3413.0,recline,operations,3413.0
477,1280,3413.0,old,operations,3413.0
478,1280,3413.0,seats,operations,3413.0
479,1281,3413.0,wonky,operations,3413.0
480,1282,3413.0,tray,operations,3413.0
481,1282,3413.0,tables,operations,3413.0
482,1286,3415.0,seat,comfort,3415.0
483,1286,3415.0,comfort,comfort,3415.0
484,1286,3415.0,terrible,comfort,3415.0
485,1287,3415.0,seats,space,3415.0
486,1287,3415.0,are,space,3415.0
487,1287,3415.0,too,space,3415.0
488,1287,3415.0,tight,space,3415.0
489,1290,3417.0,bigger,operations,3417.0
490,1290,3417.0,seats,operations,3417.0
491,1293,3418.0,comfortable,comfort,3418.0
492,1293,3418.0,lie,comfort,3418.0
493,1293,3418.0,flat,comfort,3418.0
494,1293,3418.0,seats,comfort,3418.0
495,1304,3420.0,middle,operations,3420.0
496,1304,3420.0,seat,operations,3420.0
497,1305,3421.0,seatback,operations,3421.0
498,1305,3421.0,pockets,operations,3421.0
499,1305,3421.0,were,operations,3421.0
500,1305,3421.0,average,operations,3421.0
501,1307,3421.0,not,comfort,3421.0
502,1307,3421.0,very,comfort,3421.0
503,1307,3421.0,comfortable,comfort,3421.0
504,1308,3421.0,recline,space,3421.0
505,1308,3421.0,was,space,3421.0
506,1308,3421.0,average,space,3421.0
507,1313,3424.0,seats,comfort,3424.0
508,1313,3424.0,were,comfort,3424.0
509,1313,3424.0,comfortable,comfort,3424.0
510,1332,3430.0,changed,operations,3430.0
511,1332,3430.0,my,operations,3430.0
512,1332,3430.0,seat,operations,3430.0
513,1333,3430.0,window,operations,3430.0
514,1333,3430.0,seat,operations,3430.0
515,1334,3430.0,engine,operations,3430.0
516,1334,3430.0,seat,operations,3430.0
517,1341,3432.0,all,operations,3432.0
518,1341,3432.0,categories,operations,3432.0
519,1343,3433.0,seat,operations,3433.0
520,1343,3433.0,was,operations,3433.0
521,1343,3433.0,broken,operations,3433.0
522,1349,3435.0,big,operations,3435.0
523,1349,3435.0,seat,operations,3435.0
524,1350,3435.0,very,comfort,3435.0
525,1350,3435.0,comfy,comfort,3435.0
526,1355,3437.0,extra,space,3437.0
527,1355,3437.0,legroom,space,3437.0
528,1356,3437.0,preferred,operations,3437.0
529,1356,3437.0,seating,operations,3437.0
530,1357,3437.0,booked,operations,3437.0
531,1357,3437.0,the,operations,3437.0
532,1357,3437.0,same,operations,3437.0
533,1357,3437.0,seats,operations,3437.0
534,1369,3442.0,armrest,operations,3442.0
535,1389,3451.0,flat,space,3451.0
536,1389,3451.0,bed,space,3451.0
537,1389,3451.0,seats,space,3451.0
538,1390,3451.0,very,comfort,3451.0
539,1390,3451.0,comfortable,comfort,3451.0
540,1393,3452.0,angled,operations,3452.0
541,1393,3452.0,flat,operations,3452.0
542,1393,3452.0,seats,operations,3452.0
543,1399,3455.0,delay,operations,3455.0
544,1399,3455.0,seat,operations,3455.0
545,1399,3455.0,allocations,operations,3455.0
546,1405,3457.0,fixblocked,operations,3457.0
547,1405,3457.0,back,operations,3457.0
548,1406,3457.0,very,space,3457.0
549,1406,3457.0,good,space,3457.0
550,1406,3457.0,seat,space,3457.0
551,1406,3457.0,pitch,space,3457.0
552,1426,3464.0,dirty,operations,3464.0
553,1426,3464.0,seat,operations,3464.0
554,1427,3464.0,stains,operations,3464.0
555,1427,3464.0,and,operations,3464.0
556,1427,3464.0,crumbs,operations,3464.0
557,1428,3464.0,seat,operations,3464.0
558,1428,3464.0,is,operations,3464.0
559,1428,3464.0,not,operations,3464.0
560,1428,3464.0,a,operations,3464.0
561,1428,3464.0,fullflat,operations,3464.0
562,1429,3464.0,limited,space,3464.0
563,1429,3464.0,recline,space,3464.0
564,1430,3464.0,quite,space,3464.0
565,1430,3464.0,cramped,space,3464.0
566,1431,3465.0,intimate,space,3465.0
567,1431,3465.0,space,space,3465.0
568,1432,3465.0,warm,space,3465.0
569,1432,3465.0,space,space,3465.0
570,1433,3465.0,window,operations,3465.0
571,1433,3465.0,sea,operations,3465.0
572,1438,3467.0,comfortable,comfort,3467.0
573,1438,3467.0,seat,comfort,3467.0
574,1444,3470.0,comfortably,comfort,3470.0
575,1445,3470.0,seats,comfort,3470.0
576,1445,3470.0,were,comfort,3470.0
577,1445,3470.0,not,comfort,3470.0
578,1445,3470.0,specially,comfort,3470.0
579,1445,3470.0,comfortable,comfort,3470.0
580,1446,3470.0,legroom,space,3470.0
581,1446,3470.0,very,space,3470.0
582,1446,3470.0,short,space,3470.0
583,1446,3470.0,very,space,3470.0
584,1449,3472.0,legroom,space,3472.0
585,1449,3472.0,was,space,3472.0
586,1449,3472.0,insufficient,space,3472.0
587,1450,3472.0,mpty,operations,3472.0
588,1450,3472.0,the,operations,3472.0
589,1450,3472.0,seat,operations,3472.0
590,1450,3472.0,pocket,operations,3472.0
591,1454,3474.0,disabled,operations,3474.0
592,1454,3474.0,reserved,operations,3474.0
593,1454,3474.0,seat,operations,3474.0
594,1461,3477.0,great,space,3477.0
595,1461,3477.0,amount,space,3477.0
596,1461,3477.0,of,space,3477.0
597,1461,3477.0,space,space,3477.0
598,1462,3477.0,really,comfort,3477.0
599,1462,3477.0,comfortable,comfort,3477.0
600,1463,3478.0,pay,operations,3478.0
601,1463,3478.0,for,operations,3478.0
602,1463,3478.0,seats,operations,3478.0
603,1464,3478.0,do,operations,3478.0
604,1464,3478.0,not,operations,3478.0
605,1464,3478.0,pay,operations,3478.0
606,1465,3478.0,middle,operations,3478.0
607,1465,3478.0,seats,operations,3478.0
608,1467,3479.0,little,space,3479.0
609,1467,3479.0,cramped,space,3479.0
610,1476,3483.0,cannot,space,3483.0
611,1476,3483.0,recline,space,3483.0
612,1477,3483.0,seats,comfort,3483.0
613,1477,3483.0,are,comfort,3483.0
614,1477,3483.0,small,comfort,3483.0
615,1482,3487.0,seats,space,3487.0
616,1482,3487.0,are,space,3487.0
617,1482,3487.0,surprisingly,space,3487.0
618,1482,3487.0,spacious,space,3487.0
619,1483,3487.0,comfortable,comfort,3487.0
620,1497,3493.0,leg,space,3493.0
621,1497,3493.0,room,space,3493.0
622,1497,3493.0,was,space,3493.0
623,1497,3493.0,not,space,3493.0
624,1497,3493.0,very,space,3493.0
625,1497,3493.0,good,space,3493.0
626,1503,3496.0,different,operations,3496.0
627,1503,3496.0,seats,operations,3496.0
628,1504,3496.0,seats,comfort,3496.0
629,1504,3496.0,were,comfort,3496.0
630,1504,3496.0,very,comfort,3496.0
631,1504,3496.0,uncomfortable,comfort,3496.0
632,1505,3496.0,terrible,space,3496.0
633,1505,3496.0,leg,space,3496.0
634,1505,3496.0,room,space,3496.0
635,1506,3496.0,seat,operations,3496.0
636,1506,3496.0,discomfort,operations,3496.0
637,1512,3500.0,new,operations,3500.0
638,1512,3500.0,seat,operations,3500.0
639,1513,3500.0,free,operations,3500.0
640,1513,3500.0,usb,operations,3500.0
641,1513,3500.0,port,operations,3500.0
642,1513,3500.0,is,operations,3500.0
643,1513,3500.0,at,operations,3500.0
644,1513,3500.0,every,operations,3500.0
645,1513,3500.0,seat,operations,3500.0
646,1517,3502.0,old,operations,3502.0
647,1517,3502.0,disgusting,operations,3502.0
648,1517,3502.0,fabric,operations,3502.0
649,1517,3502.0,seats,operations,3502.0
650,1523,3504.0,painless,comfort,3504.0
651,1523,3504.0,seating,comfort,3504.0
652,1524,3504.0,uncomfortable,comfort,3504.0
653,1527,3506.0,dated,operations,3506.0
654,1528,3506.0,worn,operations,3506.0
655,1529,3506.0,seat,operations,3506.0
656,1529,3506.0,covers,operations,3506.0
657,1530,3506.0,ill,operations,3506.0
658,1530,3506.0,fitting,operations,3506.0
659,1532,3507.0,narrow,comfort,3507.0
660,1532,3507.0,uncomfortable,comfort,3507.0
661,1532,3507.0,seats,comfort,3507.0
662,1534,3508.0,seats,operations,3508.0
663,1534,3508.0,that,operations,3508.0
664,1534,3508.0,were,operations,3508.0
665,1534,3508.0,super,operations,3508.0
666,1534,3508.0,old,operations,3508.0
667,1535,3508.0,uncomfortable,comfort,3508.0
668,1538,3509.0,comfortable,comfort,3509.0
669,1538,3509.0,seating,comfort,3509.0
670,1539,3509.0,flight,operations,3509.0
671,1539,3509.0,attendant,operations,3509.0
672,1539,3509.0,call,operations,3509.0
673,1539,3509.0,button,operations,3509.0
674,1540,3510.0,extra,space,3510.0
675,1540,3510.0,legroom,space,3510.0
676,1540,3510.0,seat,space,3510.0
677,1543,3511.0,seat,comfort,3511.0
678,1543,3511.0,is,comfort,3511.0
679,1543,3511.0,in,comfort,3511.0
680,1543,3511.0,a,comfort,3511.0
681,1543,3511.0,hard,comfort,3511.0
682,1543,3511.0,shell,comfort,3511.0
683,1544,3511.0,slides,space,3511.0
684,1544,3511.0,forward,space,3511.0
685,1544,3511.0,to,space,3511.0
686,1544,3511.0,recline,space,3511.0
687,1545,3511.0,full,space,3511.0
688,1545,3511.0,recline,space,3511.0
689,1546,3511.0,seat,operations,3511.0
690,1546,3511.0,was,operations,3511.0
691,1546,3511.0,slightly,operations,3511.0
692,1546,3511.0,broken,operations,3511.0
693,1547,3511.0,ot,space,3511.0
694,1547,3511.0,recline,space,3511.0
695,1547,3511.0,fully,space,3511.0
696,1548,3511.0,seat,comfort,3511.0
697,1548,3511.0,comfortable,comfort,3511.0
698,1549,3512.0,seat,space,3512.0
699,1549,3512.0,slides,space,3512.0
700,1549,3512.0,forward,space,3512.0
701,1549,3512.0,to,space,3512.0
702,1549,3512.0,recline,space,3512.0
703,1550,3512.0,seat,operations,3512.0
704,1550,3512.0,to,operations,3512.0
705,1550,3512.0,be,operations,3512.0
706,1550,3512.0,slightly,operations,3512.0
707,1550,3512.0,broken,operations,3512.0
708,1551,3512.0,not,space,3512.0
709,1551,3512.0,recline,space,3512.0
710,1552,3512.0,comfortable,comfort,3512.0
711,1564,3517.0,space,comfort,3517.0
712,1564,3517.0,around,comfort,3517.0
713,1564,3517.0,the,comfort,3517.0
714,1564,3517.0,seat,comfort,3517.0
715,1564,3517.0,is,comfort,3517.0
716,1564,3517.0,just,comfort,3517.0
717,1564,3517.0,a,comfort,3517.0
718,1564,3517.0,horrendous,comfort,3517.0
719,1565,3517.0,good,operations,3517.0
720,1565,3517.0,seat,operations,3517.0
721,1566,3517.0,seating,comfort,3517.0
722,1566,3517.0,being,comfort,3517.0
723,1566,3517.0,very,comfort,3517.0
724,1566,3517.0,hard,comfort,3517.0
725,1568,3518.0,comfortable,comfort,3518.0
726,1568,3518.0,seat,comfort,3518.0
727,1573,3520.0,seat,operations,3520.0
728,1573,3520.0,number,operations,3520.0
729,1581,3522.0,seated,operations,3522.0
730,1581,3522.0,together,operations,3522.0
731,1582,3522.0,extra,operations,3522.0
732,1582,3522.0,cost,operations,3522.0
733,1583,3522.0,change,operations,3522.0
734,1583,3522.0,our,operations,3522.0
735,1583,3522.0,seat,operations,3522.0
736,1584,3522.0,seat,operations,3522.0
737,1584,3522.0,on,operations,3522.0
738,1584,3522.0,upper,operations,3522.0
739,1584,3522.0,deck,operations,3522.0
740,1585,3522.0,charge,operations,3522.0
741,1585,3522.0,for,operations,3522.0
742,1585,3522.0,seat,operations,3522.0
743,1586,3523.0,seats,space,3523.0
744,1586,3523.0,was,space,3523.0
745,1586,3523.0,better,space,3523.0
746,1591,3525.0,extremely,space,3525.0
747,1591,3525.0,small,space,3525.0
748,1591,3525.0,and,space,3525.0
749,1591,3525.0,seating,space,3525.0
750,1592,3525.0,not,comfort,3525.0
751,1592,3525.0,very,comfort,3525.0
752,1592,3525.0,comfortable,comfort,3525.0
753,1595,3526.0,barely,operations,3526.0
754,1595,3526.0,fit,operations,3526.0
755,1595,3526.0,to,operations,3526.0
756,1595,3526.0,the,operations,3526.0
757,1595,3526.0,window,operations,3526.0
758,1595,3526.0,seat,operations,3526.0
759,1596,3526.0,no,space,3526.0
760,1596,3526.0,way,space,3526.0
761,1596,3526.0,to,space,3526.0
762,1596,3526.0,stretch,space,3526.0
763,1596,3526.0,the,space,3526.0
764,1596,3526.0,legs,space,3526.0
765,1601,3528.0,spacious,space,3528.0
766,1602,3528.0,adequate,space,3528.0
767,1602,3528.0,legroom,space,3528.0
768,1615,3533.0,not,operations,3533.0
769,1615,3533.0,select,operations,3533.0
770,1615,3533.0,seats,operations,3533.0
771,1617,3533.0,two,operations,3533.0
772,1617,3533.0,different,operations,3533.0
773,1617,3533.0,areas,operations,3533.0
774,1618,3534.0,reclining,space,3534.0
775,1618,3534.0,seat,space,3534.0
776,1626,3536.0,felt,space,3536.0
777,1626,3536.0,cramped,space,3536.0
778,1627,3536.0,extra,space,3536.0
779,1627,3536.0,legroom,space,3536.0
780,1634,3537.0,flat,comfort,3537.0
781,1634,3537.0,bed,comfort,3537.0
782,1635,3537.0,reasonably,comfort,3537.0
783,1635,3537.0,comfortable,comfort,3537.0
784,1636,3537.0,good,comfort,3537.0
785,1637,3537.0,lie,comfort,3537.0
786,1637,3537.0,flat,comfort,3537.0
787,1637,3537.0,bed,comfort,3537.0
788,1638,3538.0,seats,comfort,3538.0
789,1638,3538.0,were,comfort,3538.0
790,1638,3538.0,comfortable,comfort,3538.0
791,1641,3539.0,uncomfortable,comfort,3539.0
792,1642,3539.0,very,comfort,3539.0
793,1642,3539.0,comfortable,comfort,3539.0
794,1642,3539.0,better,comfort,3539.0
795,1642,3539.0,seats,comfort,3539.0
796,1646,3540.0,separate,operations,3540.0
797,1646,3540.0,seats,operations,3540.0
798,1647,3540.0,seats,operations,3540.0
799,1647,3540.0,not,operations,3540.0
800,1647,3540.0,even,operations,3540.0
801,1647,3540.0,together,operations,3540.0
802,1648,3540.0,new,operations,3540.0
803,1648,3540.0,seats,operations,3540.0
804,1649,3540.0,upgraded,operations,3540.0
805,1649,3540.0,seats,operations,3540.0
806,1650,3540.0,chair,operations,3540.0
807,1651,3540.0,did,space,3540.0
808,1651,3540.0,not,space,3540.0
809,1651,3540.0,recline,space,3540.0
810,1652,3540.0,seat,operations,3540.0
811,1652,3540.0,reallocation,operations,3540.0
812,1659,3542.0,seat,comfort,3542.0
813,1660,3542.0,very,comfort,3542.0
814,1660,3542.0,comfortable,comfort,3542.0
815,1661,3542.0,slept,comfort,3542.0
816,1661,3542.0,like,comfort,3542.0
817,1661,3542.0,a,comfort,3542.0
818,1661,3542.0,baby,comfort,3542.0
819,1663,3543.0,business,operations,3543.0
820,1663,3543.0,class,operations,3543.0
821,1663,3543.0,pods,operations,3543.0
822,1664,3543.0,conventional,operations,3543.0
823,1664,3543.0,seats,operations,3543.0
824,1665,3543.0,seat,comfort,3543.0
825,1665,3543.0,was,comfort,3543.0
826,1665,3543.0,very,comfort,3543.0
827,1665,3543.0,uncomfortable,comfort,3543.0
828,1666,3543.0,arm,operations,3543.0
829,1666,3543.0,rest,operations,3543.0
830,1667,3543.0,space,space,3543.0
831,1667,3543.0,to,space,3543.0
832,1667,3543.0,eat,space,3543.0
833,1667,3543.0,was,space,3543.0
834,1667,3543.0,cramped,space,3543.0
835,1672,3545.0,much,space,3545.0
836,1672,3545.0,legroom,space,3545.0
837,1673,3545.0,nice,comfort,3545.0
838,1673,3545.0,seats,comfort,3545.0
839,1676,3546.0,very,space,3546.0
840,1676,3546.0,limited,space,3546.0
841,1676,3546.0,leg,space,3546.0
842,1676,3546.0,room,space,3546.0
843,1679,3548.0,very,comfort,3548.0
844,1679,3548.0,hard,comfort,3548.0
845,1679,3548.0,seat,comfort,3548.0
846,1696,3553.0,arm,comfort,3553.0
847,1696,3553.0,rest,comfort,3553.0
848,1696,3553.0,was,comfort,3553.0
849,1696,3553.0,falling,comfort,3553.0
850,1700,3555.0,uncomfortable,comfort,3555.0
851,1710,3559.0,buzzer,operations,3559.0
852,1720,3562.0,exit,operations,3562.0
853,1720,3562.0,row,operations,3562.0
854,1720,3562.0,seat,operations,3562.0
855,1721,3562.0,good,comfort,3562.0
856,1721,3562.0,and,comfort,3562.0
857,1721,3562.0,comfortable,comfort,3562.0
858,1724,3563.0,comfortable,comfort,3563.0
859,1733,3566.0,comfortable,comfort,3566.0
860,1736,3567.0,seats,comfort,3567.0
861,1736,3567.0,were,comfort,3567.0
862,1736,3567.0,not,comfort,3567.0
863,1736,3567.0,comfortable,comfort,3567.0
864,1737,3567.0,call,operations,3567.0
865,1737,3567.0,buttons,operations,3567.0
866,1743,3568.0,pushing,operations,3568.0
867,1743,3568.0,back,operations,3568.0
868,1747,3569.0,regretting,operations,3569.0
869,1753,3572.0,seats,comfort,3572.0
870,1753,3572.0,were,comfort,3572.0
871,1753,3572.0,comfortable,comfort,3572.0
872,1756,3573.0,seats,operations,3573.0
873,1756,3573.0,were,operations,3573.0
874,1756,3573.0,damaged,operations,3573.0
875,1756,3573.0,or,operations,3573.0
876,1756,3573.0,squeaky,operations,3573.0
877,1757,3573.0,tray,operations,3573.0
878,1757,3573.0,tables,operations,3573.0
879,1757,3573.0,broke,operations,3573.0
880,1758,3573.0,etting,operations,3573.0
881,1758,3573.0,to,operations,3573.0
882,1758,3573.0,hold,operations,3573.0
883,1758,3573.0,books,operations,3573.0
884,1758,3573.0,ipad,operations,3573.0
885,1758,3573.0,etc,operations,3573.0
886,1758,3573.0,broke,operations,3573.0
887,1759,3573.0,seat,operations,3573.0
888,1759,3573.0,was,operations,3573.0
889,1759,3573.0,broke,operations,3573.0
890,1762,3575.0,best,space,3575.0
891,1762,3575.0,leg,space,3575.0
892,1762,3575.0,room,space,3575.0
893,1765,3576.0,torn,comfort,3576.0
894,1765,3576.0,back,comfort,3576.0
895,1765,3576.0,pockets,comfort,3576.0
896,1766,3577.0,comfortable,comfort,3577.0
897,1774,3580.0,unclean,operations,3580.0
898,1774,3580.0,seat,operations,3580.0
899,1775,3581.0,reserve,operations,3581.0
900,1775,3581.0,my,operations,3581.0
901,1775,3581.0,seats,operations,3581.0
902,1776,3581.0,window,operations,3581.0
903,1776,3581.0,seats,operations,3581.0
904,1779,3581.0,priority,operations,3581.0
905,1780,3581.0,seats,operations,3581.0
906,1780,3581.0,online,operations,3581.0
907,1789,3585.0,comfortable,comfort,3585.0
908,1789,3585.0,seats,comfort,3585.0
909,1790,3585.0,excellent,comfort,3585.0
910,1790,3585.0,beds,comfort,3585.0
911,1796,3588.0,tray,operations,3588.0
912,1796,3588.0,table,operations,3588.0
913,1796,3588.0,was,operations,3588.0
914,1796,3588.0,filthy,operations,3588.0
915,1797,3588.0,bits,operations,3588.0
916,1797,3588.0,of,operations,3588.0
917,1797,3588.0,dried,operations,3588.0
918,1797,3588.0,up,operations,3588.0
919,1797,3588.0,food,operations,3588.0
920,1797,3588.0,stuck,operations,3588.0
921,1802,3590.0,crisp,comfort,3590.0
922,1802,3590.0,cotton,comfort,3590.0
923,1802,3590.0,covered,comfort,3590.0
924,1802,3590.0,quilts,comfort,3590.0
925,1822,3599.0,couldnt,operations,3599.0
926,1822,3599.0,assign,operations,3599.0
927,1822,3599.0,me,operations,3599.0
928,1822,3599.0,a,operations,3599.0
929,1822,3599.0,seat,operations,3599.0
930,1825,3600.0,seats,comfort,3600.0
931,1825,3600.0,were,comfort,3600.0
932,1825,3600.0,in,comfort,3600.0
933,1825,3600.0,horrible,comfort,3600.0
934,1825,3600.0,condition,comfort,3600.0
935,1826,3600.0,arm,comfort,3600.0
936,1826,3600.0,rests,comfort,3600.0
937,1826,3600.0,were,comfort,3600.0
938,1826,3600.0,broken,comfort,3600.0
939,1827,3600.0,cracked,operations,3600.0
940,1827,3600.0,dangerously,operations,3600.0
941,1828,3600.0,hazard,operations,3600.0
942,1841,3605.0,not,space,3605.0
943,1841,3605.0,have,space,3605.0
944,1841,3605.0,recline,space,3605.0
945,1846,3608.0,seat,space,3608.0
946,1846,3608.0,canâ€™t,space,3608.0
947,1846,3608.0,push,space,3608.0
948,1846,3608.0,back,space,3608.0
949,1857,3613.0,comfortably,comfort,3613.0
950,1857,3613.0,seated,comfort,3613.0
951,1858,3613.0,preferred,operations,3613.0
952,1858,3613.0,seats,operations,3613.0
953,1865,3615.0,no,operations,3615.0
954,1865,3615.0,proper,operations,3615.0
955,1865,3615.0,seating,operations,3615.0
956,1865,3615.0,facility,operations,3615.0
957,1877,3620.0,allotment,operations,3620.0
958,1878,3620.0,switch,operations,3620.0
959,1878,3620.0,seats,operations,3620.0
960,1881,3621.0,lieflat,comfort,3621.0
961,1881,3621.0,beds,comfort,3621.0
962,1882,3621.0,comfortable,comfort,3621.0
963,1886,3623.0,not,operations,3623.0
964,1886,3623.0,enough,operations,3623.0
965,1886,3623.0,seats,operations,3623.0
966,1894,3626.0,seat,comfort,3626.0
967,1894,3626.0,was,comfort,3626.0
968,1894,3626.0,hard,comfort,3626.0
969,1894,3626.0,and,comfort,3626.0
970,1894,3626.0,uncomfortable,comfort,3626.0
971,1906,3631.0,seat,operations,3631.0
972,1906,3631.0,was,operations,3631.0
973,1906,3631.0,good,operations,3631.0
974,1907,3631.0,legroom,space,3631.0
975,1907,3631.0,good,space,3631.0
976,1907,3631.0,enough,space,3631.0
977,1924,3638.0,wrong,operations,3638.0
978,1924,3638.0,seat,operations,3638.0
979,1933,3642.0,very,comfort,3642.0
980,1933,3642.0,comfortable,comfort,3642.0
981,1937,3643.0,sufficient,operations,3643.0
982,1937,3643.0,seats,operations,3643.0
983,1938,3643.0,rest,comfort,3643.0
984,1938,3643.0,comfortably,comfort,3643.0
985,1944,3645.0,the,operations,3645.0
986,1944,3645.0,seat,operations,3645.0
987,1944,3645.0,availability,operations,3645.0
988,1948,3646.0,seat,comfort,3646.0
989,1948,3646.0,cushion,comfort,3646.0
990,1949,3646.0,metal,operations,3646.0
991,1949,3646.0,seat,operations,3646.0
992,1949,3646.0,frame,operations,3646.0
993,1950,3646.0,push,space,3646.0
994,1950,3646.0,back,space,3646.0
995,1951,3647.0,enough,space,3647.0
996,1951,3647.0,leg,space,3647.0
997,1951,3647.0,room,space,3647.0
998,1952,3647.0,comfortable,comfort,3647.0
999,1952,3647.0,seats,comfort,3647.0
1000,1955,3649.0,seats,operations,3649.0
1001,1955,3649.0,were,operations,3649.0
1002,1955,3649.0,full,operations,3649.0
1003,1956,3649.0,some,operations,3649.0
1004,1956,3649.0,seats,operations,3649.0
1005,1956,3649.0,vacant,operations,3649.0
1006,1957,3649.0,seats,space,3649.0
1007,1957,3649.0,stretch,space,3649.0
1008,1957,3649.0,out,space,3649.0
1009,1959,3650.0,pushback,comfort,3650.0
1010,2019,3671.0,comfortable,comfort,3671.0
1011,2020,3671.0,premium,operations,3671.0
1012,2020,3671.0,economy,operations,3671.0
1013,2020,3671.0,seat,operations,3671.0
1014,2021,3671.0,aisle,operations,3671.0
1015,2021,3671.0,seat,operations,3671.0
1016,2022,3671.0,able,comfort,3671.0
1017,2022,3671.0,to,comfort,3671.0
1018,2022,3671.0,recline,comfort,3671.0
1019,2022,3671.0,my,comfort,3671.0
1020,2022,3671.0,seat,comfort,3671.0
1021,2032,3675.0,no,comfort,3675.0
1022,2032,3675.0,room,comfort,3675.0
1023,2032,3675.0,to,comfort,3675.0
1024,2032,3675.0,sit,comfort,3675.0
1025,2032,3675.0,comfortably,comfort,3675.0
1026,2033,3675.0,seat,operations,3675.0
1027,2033,3675.0,belts,operations,3675.0
1028,2033,3675.0,were,operations,3675.0
1029,2033,3675.0,extremely,operations,3675.0
1030,2033,3675.0,short,operations,3675.0
1031,2049,3684.0,middle,operations,3684.0
1032,2049,3684.0,seats,operations,3684.0
1033,2060,3687.0,seat,comfort,3687.0
1034,2060,3687.0,was,comfort,3687.0
1035,2060,3687.0,very,comfort,3687.0
1036,2060,3687.0,comfortable,comfort,3687.0
1037,2064,3688.0,seat,comfort,3688.0
1038,2064,3688.0,was,comfort,3688.0
1039,2064,3688.0,extremely,comfort,3688.0
1040,2064,3688.0,comfortable,comfort,3688.0
1041,2067,3690.0,not,operations,3690.0
1042,2067,3690.0,allowed,operations,3690.0
1043,2068,3690.0,own,operations,3690.0
1044,2068,3690.0,seating,operations,3690.0
1045,2082,3695.0,no,space,3695.0
1046,2082,3695.0,leg,space,3695.0
1047,2082,3695.0,space,space,3695.0
1048,2083,3695.0,front,space,3695.0
1049,2083,3695.0,seat,space,3695.0
1050,2083,3695.0,was,space,3695.0
1051,2083,3695.0,extending,space,3695.0
1052,2083,3695.0,their,space,3695.0
1053,2083,3695.0,seat,space,3695.0
1054,2083,3695.0,to,space,3695.0
1055,2083,3695.0,back,space,3695.0
1056,2084,3695.0,less,space,3695.0
1057,2084,3695.0,spacious,space,3695.0
1058,2085,3696.0,switched,operations,3696.0
1059,2085,3696.0,my,operations,3696.0
1060,2085,3696.0,seat,operations,3696.0
1061,2087,3697.0,assigned,operations,3697.0
1062,2092,3698.0,seats,space,3698.0
1063,2092,3698.0,were,space,3698.0
1064,2092,3698.0,so,space,3698.0
1065,2092,3698.0,tightly,space,3698.0
1066,2092,3698.0,together,space,3698.0
1067,2093,3698.0,legs,space,3698.0
1068,2093,3698.0,and,space,3698.0
1069,2093,3698.0,hips,space,3698.0
1070,2093,3698.0,on,space,3698.0
1071,2093,3698.0,either,space,3698.0
1072,2093,3698.0,side,space,3698.0
1073,2093,3698.0,of,space,3698.0
1074,2093,3698.0,me,space,3698.0
1075,2094,3698.0,cannot,space,3698.0
1076,2094,3698.0,moves,space,3698.0
1077,2094,3698.0,legs,space,3698.0
1078,2095,3698.0,limited,space,3698.0
1079,2095,3698.0,confined,space,3698.0
1080,2095,3698.0,spaces,space,3698.0
1081,2102,3702.0,book,operations,3702.0
1082,2102,3702.0,a,operations,3702.0
1083,2102,3702.0,seat,operations,3702.0
1084,2113,3703.0,sell,operations,3703.0
1085,2113,3703.0,seats,operations,3703.0
1086,2116,3705.0,open,operations,3705.0
1087,2116,3705.0,seats,operations,3705.0
1088,2126,3708.0,could,operations,3708.0
1089,2126,3708.0,not,operations,3708.0
1090,2126,3708.0,allocate,operations,3708.0
1091,2126,3708.0,a,operations,3708.0
1092,2126,3708.0,seat,operations,3708.0
1093,2127,3708.0,not,operations,3708.0
1094,2127,3708.0,a,operations,3708.0
1095,2127,3708.0,window,operations,3708.0
1096,2127,3708.0,seat,operations,3708.0
1097,2143,3712.0,worst,operations,3712.0
1098,2143,3712.0,seats,operations,3712.0
1099,2144,3712.0,seating,operations,3712.0
1100,2144,3712.0,was,operations,3712.0
1101,2144,3712.0,extremely,operations,3712.0
1102,2144,3712.0,bad,operations,3712.0
1103,2145,3712.0,hard,comfort,3712.0
1104,2145,3712.0,seats,comfort,3712.0
1105,2146,3712.0,little,space,3712.0
1106,2146,3712.0,bit,space,3712.0
1107,2146,3712.0,more,space,3712.0
1108,2146,3712.0,legroom,space,3712.0
1109,2147,3712.0,uncomfortable,comfort,3712.0
1110,2162,3719.0,reclined,comfort,3719.0
1111,2163,3719.0,no,comfort,3719.0
1112,2163,3719.0,way,comfort,3719.0
1113,2163,3719.0,to,comfort,3719.0
1114,2163,3719.0,recline,comfort,3719.0
1115,2163,3719.0,the,comfort,3719.0
1116,2163,3719.0,seats,comfort,3719.0
1117,2164,3719.0,do,comfort,3719.0
1118,2164,3719.0,not,comfort,3719.0
1119,2164,3719.0,recline,comfort,3719.0
1120,2165,3719.0,cannot,space,3719.0
1121,2165,3719.0,even,space,3719.0
1122,2165,3719.0,stretch,space,3719.0
1123,2165,3719.0,your,space,3719.0
1124,2165,3719.0,legs,space,3719.0
1125,2178,3723.0,sit,operations,3723.0
1126,2178,3723.0,together,operations,3723.0
1127,2179,3723.0,seats,comfort,3723.0
1128,2179,3723.0,are,comfort,3723.0
1129,2179,3723.0,uncomfortable,comfort,3723.0
1130,2193,3731.0,uncomfortable,comfort,3731.0
1131,2193,3731.0,seats,comfort,3731.0
1132,2194,3732.0,seats,operations,3732.0
1133,2194,3732.0,together,operations,3732.0
1134,2211,3737.0,seat,operations,3737.0
1135,2211,3737.0,assignment,operations,3737.0
1136,2212,3737.0,empty,operations,3737.0
1137,2212,3737.0,seats,operations,3737.0
1138,2213,3737.0,paying,operations,3737.0
1139,2213,3737.0,seat,operations,3737.0
1140,2214,3738.0,legroom,space,3738.0
1141,2214,3738.0,was,space,3738.0
1142,2214,3738.0,great,space,3738.0
1143,2215,3738.0,seat,comfort,3738.0
1144,2215,3738.0,was,comfort,3738.0
1145,2215,3738.0,very,comfort,3738.0
1146,2215,3738.0,comfortable,comfort,3738.0
1147,2219,3739.0,could,space,3739.0
1148,2219,3739.0,stretch,space,3739.0
1149,2219,3739.0,my,space,3739.0
1150,2219,3739.0,legs,space,3739.0
1151,2219,3739.0,out,space,3739.0
1152,2224,3740.0,very,comfort,3740.0
1153,2224,3740.0,uncomfortable,comfort,3740.0
1154,2242,3745.0,upgraded,operations,3745.0
1155,2242,3745.0,seats,operations,3745.0
1156,2261,3748.0,open,operations,3748.0
1157,2261,3748.0,seats,operations,3748.0
1158,2262,3749.0,seatback,operations,3749.0
1159,2262,3749.0,pocket,operations,3749.0
1160,2274,3856.0,onfirmed,operations,3856.0
1161,2274,3856.0,seat,operations,3856.0
1162,2285,3860.0,comfortable,comfort,3860.0
1163,2285,3860.0,with,comfort,3860.0
1164,2285,3860.0,enough,comfort,3860.0
1165,2285,3860.0,leg,comfort,3860.0
1166,2285,3860.0,room,comfort,3860.0
1167,2288,3861.0,seats,space,3861.0
1168,2288,3861.0,were,space,3861.0
1169,2288,3861.0,in,space,3861.0
1170,2288,3861.0,an,space,3861.0
1171,2288,3861.0,upright,space,3861.0
1172,2288,3861.0,position,space,3861.0
1173,2289,3861.0,meal,operations,3861.0
1174,2289,3861.0,box,operations,3861.0
1175,2289,3861.0,into,operations,3861.0
1176,2289,3861.0,the,operations,3861.0
1177,2289,3861.0,seat,operations,3861.0
1178,2289,3861.0,pocket,operations,3861.0
1179,2291,3862.0,seats,operations,3862.0
1180,2291,3862.0,were,operations,3862.0
1181,2291,3862.0,fine,operations,3862.0
1182,2291,3862.0,too,operations,3862.0
1183,2295,3864.0,no,operations,3864.0
1184,2295,3864.0,seat,operations,3864.0
1185,2295,3864.0,chargers,operations,3864.0
1186,2300,3866.0,comfort,comfort,3866.0
1187,2306,3867.0,flatbed,comfort,3867.0
1188,2306,3867.0,seat,comfort,3867.0
1189,2312,3869.0,seat,comfort,3869.0
1190,2312,3869.0,was,comfort,3869.0
1191,2312,3869.0,comfortable,comfort,3869.0
1192,2339,3964.0,lots,space,3964.0
1193,2339,3964.0,of,space,3964.0
1194,2339,3964.0,legroom,space,3964.0
1195,2340,3965.0,seats,comfort,3965.0
1196,2340,3965.0,are,comfort,3965.0
1197,2340,3965.0,okay,comfort,3965.0
1198,2343,3966.0,eating,operations,3966.0
1199,2343,3966.0,arrangement,operations,3966.0
1200,2344,3966.0,comfortable,comfort,3966.0
1201,2361,3971.0,legspace,space,3971.0
1202,2363,3971.0,very,comfort,3971.0
1203,2363,3971.0,uncomfortable,comfort,3971.0
1204,2382,3979.0,scattered,operations,3979.0
1205,2382,3979.0,seats,operations,3979.0
1206,2399,3987.0,very,comfort,3987.0
1207,2399,3987.0,comfortable,comfort,3987.0
1208,2405,3989.0,seating,operations,3989.0
1209,2405,3989.0,configuration,operations,3989.0
1210,2406,3989.0,paid,operations,3989.0
1211,2406,3989.0,seats,operations,3989.0
1212,2415,3991.0,seat,comfort,3991.0
1213,2415,3991.0,covers,comfort,3991.0
1214,2415,3991.0,were,comfort,3991.0
1215,2415,3991.0,torn,comfort,3991.0
1216,2433,3997.0,uncomfortable,comfort,3997.0
1217,2446,4001.0,uncomfortable,comfort,4001.0
1218,2447,4002.0,older,operations,4002.0
1219,2447,4002.0,one,operations,4002.0
1220,2447,4002.0,seats,operations,4002.0
1221,2448,4002.0,xl,operations,4002.0
1222,2448,4002.0,seat,operations,4002.0
1223,2471,4011.0,service,operations,4011.0
1224,2471,4011.0,button,operations,4011.0
1225,2475,4013.0,comfort,comfort,4013.0
1226,2476,4014.0,aisle,operations,4014.0
1227,2476,4014.0,seat,operations,4014.0
1228,2482,4016.0,purchase,operations,4016.0
1229,2482,4016.0,seat,operations,4016.0
1230,2482,4016.0,selection,operations,4016.0
1231,2495,4023.0,comfortable,comfort,4023.0
1232,2547,4042.0,comfortable,comfort,4042.0
1233,2547,4042.0,seats,comfort,4042.0
1234,2588,3760.0,legroom,space,3760.0
1235,2588,3760.0,was,space,3760.0
1236,2588,3760.0,amazing,space,3760.0
1237,2595,3762.0,seats,space,3762.0
1238,2602,3764.0,very,comfort,3764.0
1239,2602,3764.0,comfortable,comfort,3764.0
1240,2603,3764.0,great,space,3764.0
1241,2603,3764.0,legroom,space,3764.0
1242,2606,3766.0,seat,space,3766.0
1243,2606,3766.0,space,space,3766.0
1244,2606,3766.0,is,space,3766.0
1245,2606,3766.0,great,space,3766.0
1246,2623,3774.0,comfortable,comfort,3774.0
1247,2623,3774.0,seating,comfort,3774.0
1248,2627,3777.0,minimal,space,3777.0
1249,2627,3777.0,leg,space,3777.0
1250,2627,3777.0,space,space,3777.0
1251,2631,3779.0,comforting,comfort,3779.0
1252,2643,3784.0,seat,space,3784.0
1253,2643,3784.0,pitch,space,3784.0
1254,2643,3784.0,and,space,3784.0
1255,2643,3784.0,quality,space,3784.0
1256,2643,3784.0,is,space,3784.0
1257,2643,3784.0,very,space,3784.0
1258,2643,3784.0,nice,space,3784.0
1259,2644,3784.0,choose,space,3784.0
1260,2644,3784.0,preferred,space,3784.0
1261,2644,3784.0,seats,space,3784.0
1262,2645,3785.0,leg,space,3785.0
1263,2645,3785.0,room,space,3785.0
1264,2645,3785.0,was,space,3785.0
1265,2645,3785.0,better,space,3785.0
1266,2651,3787.0,enerous,space,3787.0
1267,2651,3787.0,legroom,space,3787.0
1268,2652,3787.0,seats,space,3787.0
1269,2652,3787.0,have,space,3787.0
1270,2652,3787.0,a,space,3787.0
1271,2652,3787.0,pitch,space,3787.0
1272,2653,3787.0,recline,space,3787.0
1273,2668,3794.0,comfortable,comfort,3794.0
1274,2668,3794.0,seats,comfort,3794.0
1275,2679,3799.0,very,comfort,3799.0
1276,2679,3799.0,comfortable,comfort,3799.0
1277,2681,3799.0,little,comfort,3799.0
1278,2681,3799.0,weak,comfort,3799.0
1279,2681,3799.0,on,comfort,3799.0
1280,2681,3799.0,cushioning,comfort,3799.0
1281,2690,3802.0,seats,comfort,3802.0
1282,2690,3802.0,have,comfort,3802.0
1283,2690,3802.0,comfortable,comfort,3802.0
1284,2690,3802.0,leather,comfort,3802.0
1285,2691,3802.0,leg,space,3802.0
1286,2691,3802.0,and,space,3802.0
1287,2691,3802.0,knee,space,3802.0
1288,2691,3802.0,room,space,3802.0
1289,2697,3804.0,seats,comfort,3804.0
1290,2697,3804.0,were,comfort,3804.0
1291,2697,3804.0,better,comfort,3804.0
1292,2703,3806.0,comfortable,comfort,3806.0
1293,2705,3807.0,comfortable,comfort,3807.0
1294,2705,3807.0,seats,comfort,3807.0
1295,2710,3808.0,no,space,3808.0
1296,2710,3808.0,recline,space,3808.0
1297,2711,3808.0,seat,comfort,3808.0
1298,2711,3808.0,ok,comfort,3808.0
1299,2712,3808.0,decent,space,3808.0
1300,2712,3808.0,legroom,space,3808.0
1301,2713,3808.0,cushioning,comfort,3808.0
1302,2718,3811.0,leg,space,3811.0
1303,2718,3811.0,space,space,3811.0
1304,2718,3811.0,is,space,3811.0
1305,2718,3811.0,good,space,3811.0
1306,2723,3813.0,very,comfort,3813.0
1307,2723,3813.0,comfortably,comfort,3813.0
1308,2724,3813.0,seats,comfort,3813.0
1309,2724,3813.0,had,comfort,3813.0
1310,2724,3813.0,a,comfort,3813.0
1311,2724,3813.0,very,comfort,3813.0
1312,2724,3813.0,soft,comfort,3813.0
1313,2724,3813.0,cushioning,comfort,3813.0
1314,2725,3813.0,very,comfort,3813.0
1315,2725,3813.0,comfortable,comfort,3813.0
1316,2726,3813.0,seats,comfort,3813.0
1317,2726,3813.0,were,comfort,3813.0
1318,2726,3813.0,made,comfort,3813.0
1319,2726,3813.0,up,comfort,3813.0
1320,2726,3813.0,of,comfort,3813.0
1321,2726,3813.0,leather,comfort,3813.0
1322,2727,3813.0,legroom,space,3813.0
1323,2727,3813.0,was,space,3813.0
1324,2727,3813.0,also,space,3813.0
1325,2727,3813.0,nice,space,3813.0
1326,2731,3816.0,seats,comfort,3816.0
1327,2731,3816.0,are,comfort,3816.0
1328,2731,3816.0,comfortable,comfort,3816.0
1329,2733,3817.0,comfy,comfort,3817.0
1330,2733,3817.0,seat,comfort,3817.0
1331,2734,3817.0,neck,comfort,3817.0
1332,2734,3817.0,pillows,comfort,3817.0
1333,2734,3817.0,and,comfort,3817.0
1334,2734,3817.0,extra,comfort,3817.0
1335,2734,3817.0,legroom,comfort,3817.0
1336,2736,3818.0,seats,comfort,3818.0
1337,2736,3818.0,are,comfort,3818.0
1338,2736,3818.0,best,comfort,3818.0
1339,2737,3818.0,comfort,comfort,3818.0
1340,2740,3819.0,seat,space,3819.0
1341,2740,3819.0,pitch,space,3819.0
1342,2740,3819.0,one,space,3819.0
1343,2740,3819.0,of,space,3819.0
1344,2740,3819.0,the,space,3819.0
1345,2740,3819.0,best,space,3819.0
1346,2743,3821.0,do,operations,3821.0
1347,2743,3821.0,not,operations,3821.0
1348,2743,3821.0,charge,operations,3821.0
1349,2743,3821.0,for,operations,3821.0
1350,2743,3821.0,seat,operations,3821.0
1351,2743,3821.0,selection,operations,3821.0
1352,2747,3822.0,better,space,3822.0
1353,2747,3822.0,legroom,space,3822.0
1354,2754,3823.0,leg,space,3823.0
1355,2754,3823.0,space,space,3823.0
1356,2755,3823.0,better,space,3823.0
1357,2756,3823.0,eats,comfort,3823.0
1358,2756,3823.0,which,comfort,3823.0
1359,2756,3823.0,were,comfort,3823.0
1360,2756,3823.0,leather,comfort,3823.0
1361,2761,3824.0,seats,space,3824.0
1362,2761,3824.0,and,space,3824.0
1363,2761,3824.0,legroom,space,3824.0
1364,2762,3824.0,more,space,3824.0
1365,2765,3825.0,seats,comfort,3825.0
1366,2765,3825.0,were,comfort,3825.0
1367,2765,3825.0,unique,comfort,3825.0
1368,2766,3825.0,lassy,comfort,3825.0
1369,2766,3825.0,with,comfort,3825.0
1370,2766,3825.0,leather,comfort,3825.0
1371,2766,3825.0,cover,comfort,3825.0
1372,2767,3825.0,more,comfort,3825.0
1373,2767,3825.0,comfortable,comfort,3825.0
1374,2768,3825.0,winged,comfort,3825.0
1375,2768,3825.0,adjustable,comfort,3825.0
1376,2768,3825.0,headrests,comfort,3825.0
1377,2770,3826.0,upholstered,comfort,3826.0
1378,2770,3826.0,leather,comfort,3826.0
1379,2771,3826.0,winged,comfort,3826.0
1380,2771,3826.0,adjustable,comfort,3826.0
1381,2771,3826.0,headrests,comfort,3826.0
1382,2776,3828.0,seats,comfort,3828.0
1383,2776,3828.0,were,comfort,3828.0
1384,2776,3828.0,leather,comfort,3828.0
1385,2777,3828.0,adjustable,comfort,3828.0
1386,2777,3828.0,headrest,comfort,3828.0
1387,2785,3832.0,leg,comfort,3832.0
1388,2785,3832.0,room,comfort,3832.0
1389,2786,3832.0,definitely,comfort,3832.0
1390,2786,3832.0,enhanced,comfort,3832.0
1391,2792,3833.0,good,comfort,3833.0
1392,2794,3833.0,ery,comfort,3833.0
1393,2794,3833.0,comfortable,comfort,3833.0
1394,2794,3833.0,meal,comfort,3833.0
1395,2800,3836.0,comfort,comfort,3836.0
0,3,3.0,could,comfort,100003.0
1,3,3.0,n't,comfort,100003.0
2,3,3.0,sleep,comfort,100003.0
3,4,3.0,was,comfort,100003.0
4,4,3.0,n't,comfort,100003.0
5,4,3.0,very,comfort,100003.0
6,4,3.0,comfortable,comfort,100003.0
7,47,15.0,downside,comfort,100015.0
8,90,26.0,seats,space,100026.0
9,90,26.0,are,space,100026.0
10,90,26.0,so,space,100026.0
11,90,26.0,tight,space,100026.0
12,91,26.0,like,space,100026.0
13,91,26.0,animals,space,100026.0
14,91,26.0,in,space,100026.0
15,91,26.0,transport,space,100026.0
16,91,26.0,you,space,100026.0
17,91,26.0,sit,space,100026.0
18,95,26.0,small,comfort,100026.0
19,95,26.0,seat,comfort,100026.0
20,95,26.0,you,comfort,100026.0
21,95,26.0,could,comfort,100026.0
22,95,26.0,not,comfort,100026.0
23,95,26.0,sleep,comfort,100026.0
24,95,26.0,!,comfort,100026.0
25,95,26.0,very,comfort,100026.0
26,95,26.0,uncomfortable,comfort,100026.0
27,95,26.0,!,comfort,100026.0
28,95,26.0,it,comfort,100026.0
29,95,26.0,was,comfort,100026.0
30,95,26.0,a,comfort,100026.0
31,95,26.0,very,comfort,100026.0
32,95,26.0,old,comfort,100026.0
33,96,26.0,seat,space,100026.0
34,96,26.0,!,space,100026.0
35,96,26.0,i,space,100026.0
36,96,26.0,still,space,100026.0
37,96,26.0,have,space,100026.0
38,96,26.0,pain,space,100026.0
39,102,28.0,seats,comfort,100028.0
40,102,28.0,were,comfort,100028.0
41,102,28.0,pretty,comfort,100028.0
42,102,28.0,comfortable,comfort,100028.0
43,102,28.0,and,comfort,100028.0
44,102,28.0,with,comfort,100028.0
45,102,28.0,enough,comfort,100028.0
46,102,28.0,space,comfort,100028.0
47,104,29.0,paid,operations,100029.0
48,104,29.0,for,operations,100029.0
49,104,29.0,extra,operations,100029.0
50,104,29.0,legroom,operations,100029.0
51,104,29.0,for,operations,100029.0
52,104,29.0,two,operations,100029.0
53,104,29.0,seats,operations,100029.0
54,105,29.0,ess,space,100029.0
55,105,29.0,legroom,space,100029.0
56,105,29.0,than,space,100029.0
57,105,29.0,a,space,100029.0
58,105,29.0,standard,space,100029.0
59,105,29.0,se,space,100029.0
60,115,31.0,chair,comfort,100031.0
61,116,31.0,broken,comfort,100031.0
62,116,31.0,mechanism,comfort,100031.0
63,117,31.0,kept,comfort,100031.0
64,117,31.0,lurching,comfort,100031.0
65,117,31.0,backwards,comfort,100031.0
66,118,31.0,uncomfortable,comfort,100031.0
67,128,34.0,trouble,operations,100034.0
68,128,34.0,adjusting,operations,100034.0
69,128,34.0,my,operations,100034.0
70,128,34.0,seat,operations,100034.0
71,145,39.0,leg,space,100039.0
72,145,39.0,room,space,100039.0
73,145,39.0,good,space,100039.0
74,146,39.0,specific,operations,100039.0
75,146,39.0,seating,operations,100039.0
76,146,39.0,selection,operations,100039.0
77,146,39.0,and,operations,100039.0
78,146,39.0,did,operations,100039.0
79,146,39.0,not,operations,100039.0
80,146,39.0,get,operations,100039.0
81,146,39.0,any,operations,100039.0
82,147,39.0,unfortunately,operations,100039.0
83,147,39.0,we,operations,100039.0
84,147,39.0,paid,operations,100039.0
85,149,39.0,ca,space,100039.0
86,149,39.0,n't,space,100039.0
87,149,39.0,accommodate,space,100039.0
88,168,46.0,comfort,comfort,100046.0
89,168,46.0,of,comfort,100046.0
90,168,46.0,the,comfort,100046.0
91,168,46.0,seat,comfort,100046.0
92,178,49.0,comfortable,comfort,100049.0
93,178,49.0,seats,comfort,100049.0
94,180,50.0,broken,comfort,100050.0
95,180,50.0,seats,comfort,100050.0
96,188,51.0,seat,comfort,100051.0
97,188,51.0,is,comfort,100051.0
98,188,51.0,old,comfort,100051.0
99,191,52.0,seat,space,100052.0
100,191,52.0,space,space,100052.0
101,191,52.0,is,space,100052.0
102,191,52.0,excellent,space,100052.0
103,196,54.0,broken,comfort,100054.0
104,197,54.0,recliner,comfort,100054.0
105,197,54.0,button,comfort,100054.0
106,197,54.0,missing,comfort,100054.0
107,210,59.0,supreme,comfort,100059.0
108,210,59.0,comfort,comfort,100059.0
109,210,59.0,of,comfort,100059.0
110,210,59.0,the,comfort,100059.0
111,210,59.0,seating,comfort,100059.0
112,216,60.0,economy,space,100060.0
113,216,60.0,seats,space,100060.0
114,216,60.0,were,space,100060.0
115,216,60.0,very,space,100060.0
116,216,60.0,narrow,space,100060.0
117,217,60.0,barely,space,100060.0
118,217,60.0,much,space,100060.0
119,217,60.0,leg,space,100060.0
120,217,60.0,room,space,100060.0
121,222,61.0,seat,comfort,100061.0
122,222,61.0,is,comfort,100061.0
123,222,61.0,damage,comfort,100061.0
124,223,61.0,very,comfort,100061.0
125,223,61.0,very,comfort,100061.0
126,223,61.0,not,comfort,100061.0
127,223,61.0,comfortable,comfort,100061.0
128,224,61.0,seat,comfort,100061.0
129,224,61.0,was,comfort,100061.0
130,224,61.0,damaged,comfort,100061.0
131,233,64.0,seats,space,100064.0
132,233,64.0,they,space,100064.0
133,233,64.0,were,space,100064.0
134,233,64.0,way,space,100064.0
135,233,64.0,too,space,100064.0
136,233,64.0,narrow,space,100064.0
137,241,66.0,seats,comfort,100066.0
138,241,66.0,were,comfort,100066.0
139,241,66.0,otherwise,comfort,100066.0
140,241,66.0,comfortable,comfort,100066.0
141,242,66.0,tray-table,space,100066.0
142,242,66.0,traps,space,100066.0
143,242,66.0,you,space,100066.0
144,264,69.0,narrow,space,100069.0
145,264,69.0,and,space,100069.0
146,264,69.0,uncomfortable,space,100069.0
147,264,69.0,seats,space,100069.0
148,278,72.0,comfort,space,100072.0
149,278,72.0,of,space,100072.0
150,278,72.0,the,space,100072.0
151,278,72.0,seat,space,100072.0
152,278,72.0,legroom,space,100072.0
153,289,75.0,very,comfort,100075.0
154,289,75.0,soft,comfort,100075.0
155,289,75.0,and,comfort,100075.0
156,289,75.0,comfortable,comfort,100075.0
157,291,76.0,comfort,space,100076.0
158,291,76.0,of,space,100076.0
159,291,76.0,the,space,100076.0
160,291,76.0,seat,space,100076.0
161,291,76.0,legroom,space,100076.0
162,295,77.0,purchased,operations,100077.0
163,295,77.0,premium,operations,100077.0
164,295,77.0,seat,operations,100077.0
165,296,77.0,people,operations,100077.0
166,296,77.0,congregated,operations,100077.0
167,296,77.0,near,operations,100077.0
168,298,77.0,did,comfort,100077.0
169,298,77.0,not,comfort,100077.0
170,298,77.0,get,comfort,100077.0
171,298,77.0,sleep,comfort,100077.0
172,299,78.0,seat,comfort,100078.0
173,299,78.0,was,comfort,100078.0
174,299,78.0,so,comfort,100078.0
175,299,78.0,uncomfortable,comfort,100078.0
176,300,78.0,did,comfort,100078.0
177,300,78.0,n't,comfort,100078.0
178,300,78.0,get,comfort,100078.0
179,300,78.0,any,comfort,100078.0
180,300,78.0,sleep,comfort,100078.0
181,352,86.0,seat,comfort,100086.0
182,352,86.0,was,comfort,100086.0
183,352,86.0,comfortable,comfort,100086.0
184,353,86.0,managed,comfort,100086.0
185,353,86.0,to,comfort,100086.0
186,353,86.0,sleep,comfort,100086.0
187,363,88.0,comfortable,comfort,100088.0
188,363,88.0,seats,comfort,100088.0
189,364,88.0,much,space,100088.0
190,364,88.0,legroom,space,100088.0
191,376,92.0,comfortable,comfort,100092.0
192,376,92.0,enough,comfort,100092.0
193,377,92.0,table,comfort,100092.0
194,377,92.0,top,comfort,100092.0
195,377,92.0,was,comfort,100092.0
196,377,92.0,broken,comfort,100092.0
197,418,100.0,comfort,comfort,100100.0
198,420,101.0,seats,comfort,100101.0
199,420,101.0,comfy,comfort,100101.0
200,446,111.0,not,comfort,100111.0
201,446,111.0,get,comfort,100111.0
202,446,111.0,any,comfort,100111.0
203,446,111.0,sleep,comfort,100111.0
204,446,111.0,or,comfort,100111.0
205,446,111.0,rest,comfort,100111.0
206,452,115.0,eats,comfort,100115.0
207,452,115.0,are,comfort,100115.0
208,452,115.0,not,comfort,100115.0
209,452,115.0,much,comfort,100115.0
210,452,115.0,comfortable,comfort,100115.0
211,460,119.0,not,comfort,100119.0
212,460,119.0,get,comfort,100119.0
213,460,119.0,any,comfort,100119.0
214,460,119.0,sleep,comfort,100119.0
215,460,119.0,or,comfort,100119.0
216,460,119.0,rest,comfort,100119.0
217,469,123.0,seats,comfort,100123.0
218,469,123.0,are,comfort,100123.0
219,469,123.0,not,comfort,100123.0
220,469,123.0,much,comfort,100123.0
221,469,123.0,comfortable,comfort,100123.0
222,477,126.0,prebook,operations,100126.0
223,479,127.0,comfortable,comfort,100127.0
224,480,128.0,seating,space,100128.0
225,480,128.0,is,space,100128.0
226,480,128.0,spacious,space,100128.0
227,487,132.0,legroom,comfort,100132.0
228,487,132.0,and,comfort,100132.0
229,487,132.0,seat,comfort,100132.0
230,487,132.0,comfort,comfort,100132.0
231,487,132.0,the,comfort,100132.0
232,487,132.0,best,comfort,100132.0
233,488,133.0,comfortable,comfort,100133.0
234,488,133.0,seats,comfort,100133.0
235,489,133.0,enough,space,100133.0
236,489,133.0,leg,space,100133.0
237,489,133.0,room,space,100133.0
238,490,134.0,comfortable,comfort,100134.0
239,491,134.0,spacious,space,100134.0
240,491,134.0,seats,space,100134.0
241,492,135.0,great,space,100135.0
242,492,135.0,legroom,space,100135.0
243,500,140.0,comfortable,comfort,100140.0
244,500,140.0,seats,comfort,100140.0
245,501,140.0,recline,comfort,100140.0
246,502,141.0,ridiculously,space,100141.0
247,502,141.0,small,space,100141.0
248,502,141.0,leg,space,100141.0
249,502,141.0,room,space,100141.0
250,538,158.0,better,space,100158.0
251,538,158.0,leg,space,100158.0
252,538,158.0,space,space,100158.0
253,567,175.0,seat,comfort,100175.0
254,567,175.0,was,comfort,100175.0
255,567,175.0,so,comfort,100175.0
256,567,175.0,comfortable,comfort,100175.0
257,568,175.0,leg,space,100175.0
258,568,175.0,space,space,100175.0
259,568,175.0,was,space,100175.0
260,568,175.0,long,space,100175.0
261,579,180.0,comfortable,comfort,100180.0
262,582,182.0,good,space,100182.0
263,582,182.0,legroom,space,100182.0
264,582,182.0,in,space,100182.0
265,582,182.0,seats,space,100182.0
266,588,187.0,comfortable,comfort,100187.0
267,591,188.0,seat,comfort,100188.0
268,591,188.0,pitch,comfort,100188.0
269,591,188.0,its,comfort,100188.0
270,591,188.0,much,comfort,100188.0
271,591,188.0,more,comfort,100188.0
272,596,190.0,bit,space,100190.0
273,596,190.0,cramped,space,100190.0
274,598,192.0,seats,space,100192.0
275,598,192.0,were,space,100192.0
276,598,192.0,spacious,space,100192.0
277,601,194.0,leg,space,100194.0
278,601,194.0,room,space,100194.0
279,605,196.0,seat,operations,100196.0
280,605,196.0,selection,operations,100196.0
281,608,198.0,generous,space,100198.0
282,608,198.0,legroom,space,100198.0
283,609,198.0,seats,comfort,100198.0
284,609,198.0,reclined,comfort,100198.0
285,609,198.0,to,comfort,100198.0
286,609,198.0,a,comfort,100198.0
287,609,198.0,good,comfort,100198.0
288,609,198.0,degree,comfort,100198.0
289,610,198.0,adjustable,comfort,100198.0
290,610,198.0,headrests,comfort,100198.0
291,1249,828.0,comfortable,comfort,100828.0
292,1250,829.0,seats,space,100829.0
293,1250,829.0,were,space,100829.0
294,1250,829.0,not,space,100829.0
295,1250,829.0,next,space,100829.0
296,1250,829.0,to,space,100829.0
297,1250,829.0,each,space,100829.0
298,1250,829.0,other,space,100829.0
299,1263,836.0,leg,space,100836.0
300,1263,836.0,room,space,100836.0
301,1263,836.0,is,space,100836.0
302,1263,836.0,very,space,100836.0
303,1263,836.0,limited,space,100836.0
304,1264,836.0,knees,space,100836.0
305,1264,836.0,were,space,100836.0
306,1264,836.0,touching,space,100836.0
307,1264,836.0,the,space,100836.0
308,1264,836.0,seat,space,100836.0
309,1267,838.0,not,comfort,100838.0
310,1267,838.0,comfortable,comfort,100838.0
311,1268,838.0,leg,space,100838.0
312,1268,838.0,room,space,100838.0
313,1268,838.0,is,space,100838.0
314,1268,838.0,a,space,100838.0
315,1268,838.0,major,space,100838.0
316,1268,838.0,issue,space,100838.0
317,1269,838.0,back,comfort,100838.0
318,1269,838.0,hurts,comfort,100838.0
319,1270,838.0,upright,comfort,100838.0
320,1270,838.0,seat,comfort,100838.0
321,1271,838.0,zero,comfort,100838.0
322,1271,838.0,pillow,comfort,100838.0
323,1271,838.0,for,comfort,100838.0
324,1271,838.0,back,comfort,100838.0
325,1271,838.0,support,comfort,100838.0
326,1274,841.0,standard,operations,100841.0
327,1274,841.0,seat,operations,100841.0
328,1274,841.0,selection,operations,100841.0
329,1275,841.0,did,operations,100841.0
330,1275,841.0,not,operations,100841.0
331,1275,841.0,choose,operations,100841.0
332,1275,841.0,my,operations,100841.0
333,1275,841.0,seat,operations,100841.0
334,1276,841.0,cannot,operations,100841.0
335,1276,841.0,select,operations,100841.0
336,1276,841.0,your,operations,100841.0
337,1276,841.0,seat,operations,100841.0
338,1276,841.0,for,operations,100841.0
339,1276,841.0,free,operations,100841.0
340,1279,843.0,seat,operations,100843.0
341,1279,843.0,selection,operations,100843.0
342,1280,844.0,space,space,100844.0
343,1280,844.0,for,space,100844.0
344,1280,844.0,the,space,100844.0
345,1280,844.0,legs,space,100844.0
346,1280,844.0,is,space,100844.0
347,1280,844.0,very,space,100844.0
348,1280,844.0,narrow,space,100844.0
349,1282,845.0,scramble,comfort,100845.0
350,1282,845.0,seatings,comfort,100845.0
351,1287,847.0,pay,operations,100847.0
352,1287,847.0,extra,operations,100847.0
353,1287,847.0,for,operations,100847.0
354,1287,847.0,a,operations,100847.0
355,1287,847.0,hot,operations,100847.0
356,1287,847.0,seat,operations,100847.0
357,1296,850.0,pay,operations,100850.0
358,1296,850.0,for,operations,100850.0
359,1296,850.0,seat,operations,100850.0
360,1296,850.0,changes,operations,100850.0
361,1302,853.0,paying,operations,100853.0
362,1302,853.0,to,operations,100853.0
363,1302,853.0,sit,operations,100853.0
364,1302,853.0,together,operations,100853.0
365,1310,859.0,booked,operations,100859.0
366,1310,859.0,our,operations,100859.0
367,1310,859.0,seats,operations,100859.0
368,1310,859.0,separately,operations,100859.0
369,1331,870.0,pitch,space,100870.0
370,1331,870.0,of,space,100870.0
371,1331,870.0,the,space,100870.0
372,1331,870.0,seat,space,100870.0
373,1331,870.0,was,space,100870.0
374,1331,870.0,so,space,100870.0
375,1331,870.0,small,space,100870.0
376,1332,870.0,knees,space,100870.0
377,1332,870.0,almost,space,100870.0
378,1332,870.0,touched,space,100870.0
379,1333,871.0,get,comfort,100871.0
380,1333,871.0,a,comfort,100871.0
381,1333,871.0,good,comfort,100871.0
382,1333,871.0,nights,comfort,100871.0
383,1333,871.0,sleep,comfort,100871.0
384,1335,871.0,lies,comfort,100871.0
385,1335,871.0,almost,comfort,100871.0
386,1335,871.0,flat,comfort,100871.0
387,1342,876.0,egs,space,100876.0
388,1342,876.0,space,space,100876.0
389,1342,876.0,too,space,100876.0
390,1342,876.0,cramp,space,100876.0
391,1345,878.0,seats,comfort,100878.0
392,1345,878.0,were,comfort,100878.0
393,1345,878.0,reasonably,comfort,100878.0
394,1345,878.0,comfortable,comfort,100878.0
395,1355,883.0,seats,space,100883.0
396,1355,883.0,were,space,100883.0
397,1355,883.0,cramped,space,100883.0
398,1356,883.0,leg,space,100883.0
399,1356,883.0,room,space,100883.0
400,1356,883.0,was,space,100883.0
401,1356,883.0,good,space,100883.0
402,1357,883.0,cushion,comfort,100883.0
403,1357,883.0,was,comfort,100883.0
404,1357,883.0,provided,comfort,100883.0
405,1372,890.0,seat,comfort,100890.0
406,1372,890.0,scattered,comfort,100890.0
407,1372,890.0,with,comfort,100890.0
408,1372,890.0,newspapers,comfort,100890.0
409,1378,892.0,seats,comfort,100892.0
410,1378,892.0,were,comfort,100892.0
411,1378,892.0,not,comfort,100892.0
412,1378,892.0,so,comfort,100892.0
413,1378,892.0,great,comfort,100892.0
414,1379,892.0,pushback,comfort,100892.0
415,1379,892.0,seats,comfort,100892.0
416,1379,892.0,should,comfort,100892.0
417,1379,892.0,be,comfort,100892.0
418,1379,892.0,mandatory,comfort,100892.0
419,1380,892.0,no,comfort,100892.0
420,1380,892.0,pushback,comfort,100892.0
421,1385,895.0,too,space,100895.0
422,1385,895.0,tight,space,100895.0
423,1385,895.0,for,space,100895.0
424,1385,895.0,comfort,space,100895.0
425,1387,897.0,bit,space,100897.0
426,1387,897.0,cramped,space,100897.0
427,1388,897.0,still,comfort,100897.0
428,1388,897.0,comfortable,comfort,100897.0
429,1389,898.0,paid,operations,100898.0
430,1389,898.0,for,operations,100898.0
431,1389,898.0,the,operations,100898.0
432,1389,898.0,first,operations,100898.0
433,1389,898.0,row,operations,100898.0
434,1389,898.0,of,operations,100898.0
435,1389,898.0,seats,operations,100898.0
436,1405,911.0,comfortable,comfort,100911.0
437,1408,914.0,comfort,comfort,100914.0
438,1413,916.0,comfortable,comfort,100916.0
439,2057,1547.0,pillows,comfort,101547.0
440,2058,1548.0,horrible,space,101548.0
441,2058,1548.0,legroom,space,101548.0
442,2064,1553.0,seats,space,101553.0
443,2064,1553.0,were,space,101553.0
444,2064,1553.0,so,space,101553.0
445,2064,1553.0,close,space,101553.0
446,2064,1553.0,together,space,101553.0
447,2065,1553.0,nowhere,space,101553.0
448,2065,1553.0,to,space,101553.0
449,2065,1553.0,stretch,space,101553.0
450,2065,1553.0,or,space,101553.0
451,2065,1553.0,move,space,101553.0
452,2079,1562.0,paid,operations,101562.0
453,2079,1562.0,for,operations,101562.0
454,2079,1562.0,upgraded,operations,101562.0
455,2079,1562.0,seats,operations,101562.0
456,2089,1566.0,bulk,space,101566.0
457,2089,1566.0,head,space,101566.0
458,2089,1566.0,seats,space,101566.0
459,2089,1566.0,with,space,101566.0
460,2089,1566.0,great,space,101566.0
461,2089,1566.0,legroom,space,101566.0
462,2090,1567.0,seats,comfort,101567.0
463,2090,1567.0,do,comfort,101567.0
464,2090,1567.0,not,comfort,101567.0
465,2090,1567.0,recline,comfort,101567.0
466,2096,1571.0,comfortable,comfort,101571.0
467,2097,1571.0,purchased,operations,101571.0
468,2097,1571.0,extra,operations,101571.0
469,2097,1571.0,leg,operations,101571.0
470,2097,1571.0,room,operations,101571.0
471,2098,1572.0,confirmed,operations,101572.0
472,2098,1572.0,seat,operations,101572.0
473,2105,1576.0,abysmal,space,101576.0
474,2105,1576.0,legroom,space,101576.0
475,2111,1579.0,comfortable,comfort,101579.0
476,2111,1579.0,seats,comfort,101579.0
477,2113,1580.0,uncomfortable,comfort,101580.0
478,2114,1580.0,without,comfort,101580.0
479,2114,1580.0,thinking,comfort,101580.0
480,2114,1580.0,of,comfort,101580.0
481,2114,1580.0,comfort,comfort,101580.0
482,2115,1580.0,no,space,101580.0
483,2115,1580.0,leg,space,101580.0
484,2115,1580.0,room,space,101580.0
485,2124,1586.0,armrests,comfort,101586.0
486,2124,1586.0,cannot,comfort,101586.0
487,2124,1586.0,be,comfort,101586.0
488,2124,1586.0,raised,comfort,101586.0
489,2128,1589.0,tired,comfort,101589.0
490,2147,1600.0,seats,space,101600.0
491,2147,1600.0,are,space,101600.0
492,2147,1600.0,roomy,space,101600.0
493,2151,1604.0,space,space,101604.0
494,2151,1604.0,is,space,101604.0
495,2151,1604.0,too,space,101604.0
496,2151,1604.0,tight,space,101604.0
497,2163,1608.0,pick,operations,101608.0
498,2163,1608.0,your,operations,101608.0
499,2163,1608.0,seats,operations,101608.0
500,2163,1608.0,accordingly,operations,101608.0
501,2165,1609.0,pre,operations,101609.0
502,2165,1609.0,book,operations,101609.0
503,2165,1609.0,our,operations,101609.0
504,2165,1609.0,seats,operations,101609.0
505,2166,1609.0,seated,operations,101609.0
506,2166,1609.0,just,operations,101609.0
507,2166,1609.0,where,operations,101609.0
508,2166,1609.0,we,operations,101609.0
509,2166,1609.0,wanted,operations,101609.0
510,2171,1613.0,sit,operations,101613.0
511,2171,1613.0,together,operations,101613.0
512,2173,1615.0,smallest,space,101615.0
513,2173,1615.0,leg,space,101615.0
514,2173,1615.0,space,space,101615.0
515,2190,1628.0,comfortable,comfort,101628.0
516,2832,2257.0,choose,operations,102257.0
517,2832,2257.0,a,operations,102257.0
518,2832,2257.0,different,operations,102257.0
519,2832,2257.0,seat,operations,102257.0
520,2836,2259.0,narrow,space,102259.0
521,2836,2259.0,seats,space,102259.0
522,2837,2259.0,less,space,102259.0
523,2837,2259.0,leg,space,102259.0
524,2837,2259.0,space,space,102259.0
525,2838,2260.0,really,comfort,102260.0
526,2838,2260.0,comfortable,comfort,102260.0
527,2839,2260.0,seats,comfort,102260.0
528,2839,2260.0,very,comfort,102260.0
529,2839,2260.0,comfortable,comfort,102260.0
530,2844,2263.0,absolutely,comfort,102263.0
531,2844,2263.0,no,comfort,102263.0
532,2844,2263.0,padding,comfort,102263.0
533,2844,2263.0,on,comfort,102263.0
534,2844,2263.0,the,comfort,102263.0
535,2844,2263.0,back,comfort,102263.0
536,2845,2263.0,seat,comfort,102263.0
537,2845,2263.0,also,comfort,102263.0
538,2845,2263.0,does,comfort,102263.0
539,2845,2263.0,not,comfort,102263.0
540,2845,2263.0,recline,comfort,102263.0
541,2855,2268.0,comfortable,comfort,102268.0
542,2861,2272.0,seats,comfort,102272.0
543,2861,2272.0,were,comfort,102272.0
544,2861,2272.0,so,comfort,102272.0
545,2861,2272.0,uncomfortable,comfort,102272.0
546,2862,2273.0,small,comfort,102273.0
547,2862,2273.0,seats,comfort,102273.0
548,2870,2278.0,seat,comfort,102278.0
549,2870,2278.0,was,comfort,102278.0
550,2870,2278.0,good,comfort,102278.0
551,2871,2278.0,leg,space,102278.0
552,2871,2278.0,space,space,102278.0
553,2871,2278.0,was,space,102278.0
554,2871,2278.0,just,space,102278.0
555,2871,2278.0,ok,space,102278.0
556,2873,2280.0,seats,comfort,102280.0
557,2873,2280.0,are,comfort,102280.0
558,2873,2280.0,rubbish,comfort,102280.0
559,2887,2285.0,seating,space,102285.0
560,2887,2285.0,was,space,102285.0
561,2887,2285.0,tighter,space,102285.0
562,2900,2290.0,great,space,102290.0
563,2903,2293.0,cabin,comfort,102293.0
564,2903,2293.0,seats,comfort,102293.0
565,2903,2293.0,full,comfort,102293.0
566,2903,2293.0,reclining,comfort,102293.0
567,2905,2294.0,seat,comfort,102294.0
568,2905,2294.0,was,comfort,102294.0
569,2905,2294.0,very,comfort,102294.0
570,2905,2294.0,comfortable,comfort,102294.0
571,2909,2297.0,comfortable,comfort,102297.0
572,2910,2298.0,comfortable,comfort,102298.0
573,2910,2298.0,and,comfort,102298.0
574,2910,2298.0,relaxing,comfort,102298.0
575,2911,2298.0,comfort,comfort,102298.0
576,2913,2300.0,paid,operations,102300.0
577,2913,2300.0,for,operations,102300.0
578,2913,2300.0,a,operations,102300.0
579,2913,2300.0,business,operations,102300.0
580,2913,2300.0,seat,operations,102300.0
581,2914,2300.0,same,operations,102300.0
582,2914,2300.0,seat,operations,102300.0
583,2914,2300.0,was,operations,102300.0
584,2914,2300.0,assigned,operations,102300.0
585,2916,2302.0,comfortably,comfort,102302.0
586,2916,2302.0,arranged,comfort,102302.0
587,2920,2304.0,seats,comfort,102304.0
588,2920,2304.0,were,comfort,102304.0
589,2920,2304.0,comfortable,comfort,102304.0
590,2924,2305.0,seat,comfort,102305.0
591,2924,2305.0,was,comfort,102305.0
592,2924,2305.0,not,comfort,102305.0
593,2924,2305.0,was,comfort,102305.0
594,2924,2305.0,not,comfort,102305.0
595,2924,2305.0,comfortable,comfort,102305.0
596,2925,2305.0,not,comfort,102305.0
597,2925,2305.0,cushioned,comfort,102305.0
598,2925,2305.0,enough,comfort,102305.0
599,2927,2307.0,did,comfort,102307.0
600,2927,2307.0,not,comfort,102307.0
601,2927,2307.0,share,comfort,102307.0
602,2927,2307.0,the,comfort,102307.0
603,2927,2307.0,seat,comfort,102307.0
604,2930,2309.0,seats,comfort,102309.0
605,2930,2309.0,were,comfort,102309.0
606,2930,2309.0,comfortable,comfort,102309.0
607,2930,2309.0,enough,comfort,102309.0
608,2935,2312.0,great,space,102312.0
609,2935,2312.0,legroom,space,102312.0
610,2936,2312.0,clean,comfort,102312.0
611,2936,2312.0,seats,comfort,102312.0
612,2954,2321.0,uncomfortable,comfort,102321.0
613,2954,2321.0,seats,comfort,102321.0
614,2955,2322.0,very,comfort,102322.0
615,2955,2322.0,comfortable,comfort,102322.0
616,2956,2322.0,seats,space,102322.0
617,2956,2322.0,are,space,102322.0
618,2956,2322.0,not,space,102322.0
619,2956,2322.0,tight,space,102322.0
620,2957,2322.0,good,space,102322.0
621,2957,2322.0,leg,space,102322.0
622,2957,2322.0,room,space,102322.0
623,2964,2327.0,chairs,comfort,102327.0
624,2964,2327.0,could,comfort,102327.0
625,2964,2327.0,be,comfort,102327.0
626,2964,2327.0,e,comfort,102327.0
627,2964,2327.0,little,comfort,102327.0
628,2964,2327.0,more,comfort,102327.0
629,2964,2327.0,comfortable,comfort,102327.0
630,2969,2331.0,size,space,102331.0
631,2969,2331.0,of,space,102331.0
632,2969,2331.0,eco,space,102331.0
633,2969,2331.0,chairs,space,102331.0
634,2969,2331.0,they,space,102331.0
635,2969,2331.0,were,space,102331.0
636,2969,2331.0,bigger,space,102331.0
637,2970,2331.0,paid,operations,102331.0
638,2970,2331.0,a,operations,102331.0
639,2970,2331.0,little,operations,102331.0
640,2970,2331.0,more,operations,102331.0
641,2970,2331.0,for,operations,102331.0
642,2970,2331.0,our,operations,102331.0
643,2970,2331.0,leg,operations,102331.0
644,2970,2331.0,rooms,operations,102331.0
645,2989,2344.0,seated,space,102344.0
646,2989,2344.0,next,space,102344.0
647,2989,2344.0,to,space,102344.0
648,2989,2344.0,each,space,102344.0
649,2989,2344.0,other,space,102344.0
650,2990,2344.0,pay,operations,102344.0
651,2990,2344.0,extra,operations,102344.0
652,2990,2344.0,to,operations,102344.0
653,2990,2344.0,move,operations,102344.0
654,2991,2344.0,seats,operations,102344.0
655,2991,2344.0,were,operations,102344.0
656,2991,2344.0,changed,operations,102344.0
657,2992,2345.0,comforts,comfort,102345.0
658,2993,2346.0,flights,comfort,102346.0
659,2993,2346.0,are,comfort,102346.0
660,2993,2346.0,comfortable,comfort,102346.0
661,3000,2349.0,window,operations,102349.0
662,3000,2349.0,seat,operations,102349.0
663,3001,2349.0,seat,comfort,102349.0
664,3001,2349.0,was,comfort,102349.0
665,3001,2349.0,comfortable,comfort,102349.0
666,3002,2349.0,seat,operations,102349.0
667,3002,2349.0,beside,operations,102349.0
668,3628,2972.0,seat,comfort,102972.0
669,3628,2972.0,is,comfort,102972.0
670,3628,2972.0,stained,comfort,102972.0
671,3638,2980.0,seated,operations,102980.0
672,3638,2980.0,on,operations,102980.0
673,3638,2980.0,time,operations,102980.0
674,3640,2982.0,differently,operations,102982.0
675,3640,2982.0,abled,operations,102982.0
676,3640,2982.0,person,operations,102982.0
677,3640,2982.0,sitting,operations,102982.0
678,3640,2982.0,in,operations,102982.0
679,3640,2982.0,the,operations,102982.0
680,3640,2982.0,aisle,operations,102982.0
681,3640,2982.0,seat,operations,102982.0
682,3643,2985.0,very,comfort,102985.0
683,3643,2985.0,comfortable,comfort,102985.0
684,3644,2985.0,able,space,102985.0
685,3644,2985.0,to,space,102985.0
686,3644,2985.0,lean,space,102985.0
687,3644,2985.0,back,space,102985.0
688,3644,2985.0,completely,space,102985.0
689,3644,2985.0,to,space,102985.0
690,3644,2985.0,a,space,102985.0
691,3644,2985.0,full,space,102985.0
692,3644,2985.0,bed,space,102985.0
693,4371,736.0,seats,comfort,200736.0
694,4371,736.0,are,comfort,200736.0
695,4371,736.0,uncomfortable,comfort,200736.0
696,4384,743.0,comfortable,comfort,200743.0
697,4398,754.0,comfy,comfort,200754.0
698,4398,754.0,seats,comfort,200754.0
699,4400,756.0,comfortable,comfort,200756.0
700,4444,784.0,seats,comfort,200784.0
701,4444,784.0,confortable,comfort,200784.0
702,4446,785.0,comfortable,comfort,200785.0
703,4457,794.0,comfortable,comfort,200794.0
704,4467,799.0,comfortable,comfort,200799.0
705,4469,800.0,confortable,comfort,200800.0
706,4469,800.0,seats,comfort,200800.0
707,5116,1443.0,relaxing,comfort,201443.0
708,5116,1443.0,comfortable,comfort,201443.0
709,5149,1465.0,seats,comfort,201465.0
710,5149,1465.0,very,comfort,201465.0
711,5149,1465.0,comfortable,comfort,201465.0
712,5154,1468.0,comfortable,comfort,201468.0
713,5154,1468.0,seats,comfort,201468.0
714,5162,1471.0,comfortable,comfort,201471.0
715,5162,1471.0,seat,comfort,201471.0
716,5162,1471.0,and,comfort,201471.0
717,5162,1471.0,bed,comfort,201471.0
718,5165,1473.0,very,comfort,201473.0
719,5165,1473.0,comfortable,comfort,201473.0
720,5187,1483.0,comfortable,comfort,201483.0
721,5194,1486.0,comfortable,comfort,201486.0
722,5198,1489.0,comfortable,comfort,201489.0
723,5202,1492.0,comfortable,comfort,201492.0
724,5206,1494.0,tighter,space,201494.0
725,5208,1496.0,comfortable,comfort,201496.0
726,5210,1498.0,relaxing,comfort,201498.0
727,5213,1500.0,good,comfort,201500.0
728,5213,1500.0,seats,comfort,201500.0
729,5217,1503.0,seat,comfort,201503.0
730,5217,1503.0,was,comfort,201503.0
731,5217,1503.0,comfortable,comfort,201503.0
732,5219,1504.0,uncomfortable,comfort,201504.0
733,5220,1504.0,more,space,201504.0
734,5220,1504.0,cramped,space,201504.0
735,5228,1508.0,comfortable,comfort,201508.0
736,5925,2177.0,comfortable,comfort,202177.0
737,5925,2177.0,seats,comfort,202177.0
738,5933,2183.0,changed,operations,202183.0
739,5933,2183.0,my,operations,202183.0
740,5933,2183.0,seats,operations,202183.0
741,5955,2197.0,comfortable,comfort,202197.0
742,6684,2896.0,seats,comfort,202896.0
743,6684,2896.0,reasonably,comfort,202896.0
744,6684,2896.0,comfortable,comfort,202896.0
745,6685,2896.0,relaxed,comfort,202896.0
746,6695,2903.0,comfortable,comfort,202903.0
747,6695,2903.0,seats,comfort,202903.0
748,6706,2912.0,seats,comfort,202912.0
749,6706,2912.0,on,comfort,202912.0
750,6706,2912.0,plane,comfort,202912.0
751,6706,2912.0,are,comfort,202912.0
752,6706,2912.0,comfy,comfort,202912.0
753,6729,2928.0,seat,operations,202928.0
754,6729,2928.0,selection,operations,202928.0
755,6729,2928.0,was,operations,202928.0
756,6729,2928.0,not,operations,202928.0
757,6729,2928.0,honored,operations,202928.0
758,6743,2936.0,not,comfort,202936.0
759,6743,2936.0,too,comfort,202936.0
760,6743,2936.0,comfy,comfort,202936.0
761,6765,2950.0,seatsthey,operations,202950.0
762,6765,2950.0,were,operations,202950.0
763,6765,2950.0,just,operations,202950.0
764,6765,2950.0,the,operations,202950.0
765,6765,2950.0,same,operations,202950.0
766,6772,2956.0,comfortable,comfort,202956.0
767,6773,2956.0,more,comfort,202956.0
768,6773,2956.0,comfortable,comfort,202956.0
769,6773,2956.0,seats,comfort,202956.0
770,6779,2961.0,comfortable,comfort,202961.0
771,6779,2961.0,seating,comfort,202961.0
772,6785,2965.0,good,operations,202965.0
773,6785,2965.0,seating,operations,202965.0
774,6785,2965.0,chosen,operations,202965.0
775,6796,2973.0,seating,operations,202973.0
776,6796,2973.0,arrangement,operations,202973.0
777,6796,2973.0,is,operations,202973.0
778,6796,2973.0,poor,operations,202973.0
779,7418,6.0,quite,comfort,200006.0
780,7418,6.0,comfortable,comfort,200006.0
781,7420,8.0,comfortable,comfort,200008.0
782,7420,8.0,seats,comfort,200008.0
783,7438,17.0,seats,space,200017.0
784,7438,17.0,are,space,200017.0
785,7438,17.0,extremely,space,200017.0
786,7438,17.0,cramped,space,200017.0
787,7439,17.0,seating,space,200017.0
788,7439,17.0,is,space,200017.0
789,7439,17.0,extremely,space,200017.0
790,7439,17.0,claustrophobic,space,200017.0
791,7443,20.0,extremely,comfort,200020.0
792,7443,20.0,comfortable,comfort,200020.0
793,7445,21.0,comfortable,comfort,200021.0
794,7445,21.0,seating,comfort,200021.0
795,7447,23.0,comfort,comfort,200023.0
796,7447,23.0,seat,comfort,200023.0
797,7456,28.0,amazingly,comfort,200028.0
798,7456,28.0,comfirtable,comfort,200028.0
799,7460,30.0,seats,comfort,200030.0
800,7460,30.0,very,comfort,200030.0
801,7460,30.0,comfortable,comfort,200030.0
802,7463,33.0,bit,space,200033.0
803,7463,33.0,tight,space,200033.0
804,7477,39.0,comfortable,comfort,200039.0
805,7477,39.0,seats,comfort,200039.0
806,7492,50.0,seats,comfort,200050.0
807,7492,50.0,were,comfort,200050.0
808,7492,50.0,comfortable,comfort,200050.0
809,7494,52.0,comfortable,comfort,200052.0
810,7494,52.0,seats,comfort,200052.0
811,7506,58.0,comfortable,comfort,200058.0
812,7506,58.0,seating,comfort,200058.0
813,7507,58.0,ample,space,200058.0
814,7507,58.0,legroom,space,200058.0
815,7509,60.0,seats,comfort,200060.0
816,7509,60.0,is,comfort,200060.0
817,7509,60.0,good,comfort,200060.0
