,Status,Comment
0,✅ Trip Verified ," Bangalore to Patna. I paid an extra Rs 1200 for the seats 3E and 3F (first row in economy), for some extra leg space, as we were travelling with an infant. The seat map on seat assignment on goair.in is no different in hinting the same which turned out to be misleading. The leg space was atrociously little. I questioned why I have been asked to pay extra money for seat assignment but got no clear answer from Goair and they tried to sugarcoat the fact that there is no extra legspace. Mostly these people are like myself who really need it as they are travelling with infants or people with back problems who cant sit stiff for the entire duration of the flight.
"
1,Not Verified ," Kolkata to Delhi with GoAir. Very pathetic service. Flight delayed by 3.5 hours. Not even a sorry from their side. They rescheduled the flight 4 times and did not even inform passengers about the last reschedule. Don't travel with them. It was my first flight, I was so excited, they not only spoiled my first flight experience but also spoiled ny Diwali.
"
2,Not Verified ," Kolkata to Mumbai. Every time-delayed and not reported in proper time. Third-class airline. I am booking my cabs from Mumbai airport but every time it will be changed. I want to know who gives me my valuable time back and cabs cancellation charges.
"
3,✅ Trip Verified ," Chennai to Pune. Paid 600 rs for extra leg room, in actual there was no such legroom available. The flight was delay 3+ hrs. They told due to weather delay but weather was absolute fine.
"
4,✅ Trip Verified ," Hyderabad to Bangalore. A very worst customer support they have who don't even co operate with passengers. I was late by 5 min and asked to support in providing the boarding pass but they didn't even a support a bit. Will never choose this flight again.
"
5,✅ Trip Verified ," Cochin to Mumbai on 6th September, 2019 at 20:05 and at Mumbai airport received one of my bag completely damaged, both the handles of bag are broken badly. I am completely disappointed with the service which has created complete damage for me. This is a very ill mannered handling of passengers luggage by your company. I have attached the images of my bag. In spite of sending mails to the company at the same moment still there is no reply from company side. This shows that this company is not bothered about customer satisfaction.
"
6,✅ Trip Verified ," Lucknow to Delhi. Very worst experience. The ground staffs not well trained to speak to customers or handle the issues and they are not willing to listen. Even I mailed to Go air but they are bound to take stand for their employees at the cost of customers. As for me I would definitely avoid this flight nor suggest any of my contacts to go for Go Air.
"
7,✅ Trip Verified ," Hyderabad to Delhi. Very worst experience. Flight was rescheduled to 4 hours later than the actual time and then they announce an one hour delay again. Because of them I had to lose my certificates and it costed me a lot and whole day was wasted. The helpline people are even worse they cut my call in middle and later they didn’t pickup any call from my number.
"
8,✅ Trip Verified ," I had a flight from Goa to Ranchi via Mumbai. It was an awful experience. Firstly the take off was delayed, the flight wasn’t comfortable too. In the transit we were asked to sit one full hour inside the aircraft while cleaning was being done and use of the lavatory was prohibited. Neither were the crew members polite. I will not travel from this airline anymore nor will I recommend it to anyone.
"
9,Not Verified ," If possible I not give a single star to GoAir. Very poor service. Few days before I travel from Port Blair to Chennai from GoAir and their flight late more then 4 hours and due to this I missed I another flight from Chenai. So I try to contact the goAir support in Port Blair and Chennai but they told me that we can not do anything and its my fault. very terrible experience.
"
10,Not Verified ," Mumbai to Bengaluru. We were late to collect the boarding pass, we had around 35 mins for departure but staff behaved was totally unacceptable. They didn't try helping out and wasted time for 15 minutes to say we can’t issue boarding pass.
"
11,✅ Trip Verified ," Mumbai to Delhi. Worst experience! Always flights are delayed. Worst airline operating in India. No time management. Many people are facing same issues. I am also waiting at Mumbai Domestic Airport and flight is delayed by 1 hour. . All in all GoAir airline one should never opt and should go for another better options available.
"
12,✅ Trip Verified ," Kolkata to Delhi. I came to airport at 6.30 pm for check in, my flight is at 11pm but I want to go privilage lounge. They cant take my luggage at this time and they didn't give boarding pass to me. How can I enjoy airport shopping and lounges - I am always enjoy lounge regularly but GoAir is not thinking for this
"
13,Not Verified ," Delhi to Lucknow. Horrible airline. The flight landed late, and on top of that all the passengers were made to stand in the shuttle for half an hour. When passengers refused to keep standing inside the flight any longer, the ground staff started wasting more time loitering about the airline paying absolutely no attention or them. This was the worst experience I have had with any airline.
"
14,✅ Trip Verified ," Delhi to Ranchi, it was my first ever flight experience. I had to book at the eleventh hour, so the tickets were a bit costly. Pros: GoAir has its own check-in counter at the Terminal-2 of Indira Gandhi International Airport. The check-in was very smooth and quick. At the security check also, I had an excellent experience. The staff on board were very polite and professional and were readily available. I am thankful to them for making this first flight of mine wonderful. Cons: Uncomfortable seats: I rather find the AC chair car of a train / seats of an air conditioned bus better. Overpriced food: I find the food both inside the terminal and the aircraft very much overpriced vis-a-vis it's quality.
"
15,✅ Trip Verified ," Delhi to Hyderabad. I had booked 3 tickets to fly to Hyderabad from Delhi for myself, my wife and my younger brother. My flight was supposed to depart at 8.55pm on 21st June. We three reached airport 70 mins prior to the boarding time against the minimum stipulated time of 45 minutes prior to the flight to take off. After the security checkup at 7:45 we were standing in the queue for boarding passes. As our turn arrived at around 7:50, I requested the lady on the counter to allow three of us to sit together and allot seats accordingly. After some 5 minutes of ambiguity, she told us that there was some issue and we have to wait. She told us to stand off the counter and wait for the issue to be resolved. It was now 7:55 and 60 mins were left for my flight to take off. At 8:02, after 7 minutes of delay, as the lady on the assistance desk checked her system a ""duty manager"" steps in and asks for the issue. The lady tells him that they are supposed to fly to Hyderabad and the counters are closed. I told the manager that we were waiting for quite long and its 8 minutes to go for the gates to be closed. He told us that you are late now and I can only allow two of you to go and the other one's flight will be rescheduled for the next morning. After a long heated argument, he issued 3 boarding passes to us after confirming the same to other duty manager at gate no 31. When we finally reached the gate he told that I have been instructed by the duty manager at the counter to allow only two of you to go. The third one may stay. He took my wife's boarding pass and told her to wait in the waiting area. When she asked her pass back this man told her to listen to him and do as he said otherwise all will have to stay here only. He was so rude and told me that it's my wish and I won't let you three fly today anyhow. After requesting for quite long at around 8:45 he allowed us to go and issue seats. It was my first flight with go air. The experience was awful and pathetic.
"
16,✅ Trip Verified ," Abu Dhabi to Kannur. I Booked a business class ticket and worst terrible service. No Special Q for business class passengers. Up on my request only they put a "" Priority tag"" on my bag. They will change your seat as per their wish. They put Aisle Seat instead of my selected seat and when I notified, they changed. No priority boarding to flight. You may board on last just like entire economy passengers. Poor sandwiches and so called some poor quality dishes they serve. Baggage we received on destination last. Due to economy charges, may be you can opt this airline if charge is considerably lower. Otherwise don't opt for such a poor service.
"
17,✅ Trip Verified ," I had booked my tickets for 14th of Apr'19 from Kolkata to Delhi and the flight departure time was 5.45 am in the morning. I received a message from the airlines at 4 am, when i had already reached the Kolkata airport and was about to get my boarding pass printed, saying the flight has been delayed by 3 hrs and the new departure time is 8.30 am. Then i saw a bunch of worried hassled passengers clustered against the Go Air desk raising concerns for the delay as this was very a big in operations causing huge inconvenience to 100s of them. Few had already booked a new earliest flight so that their plans doesn't get spoiled, bearing the loss of paying big amount from the live counter. I also did the same thing by booking a new flight ticket and headed to the counter for Go Air cancellation (as the attendants were not guaranteeing if the rescheduled flights will again be rescheduled). The same flight was again reschedule to 2 pm from 8.30 am. This whole scenario harassed a chunk of travelers, who ended up wasting time and ended paying huge amount for new flights. Who is to be blamed? Why is the value of time and money of the passengers are always ignored?
"
18,✅ Trip Verified ," Bangalore to Mumbai . Very poor and nonsense service. On boarding service staff don't know which gate no flight is coming. After complete boarding, flight stop 20 minutes at same place. Cabin crew don't follow proper regulations. After landing cabin crew announcement please collect your luggage from counter no 1, when everyone reached this there is no luggage. After 10 minutes 1 person come to counter no 1, and told please collect your luggage from counter no 4. Very disappointed.
"
19,Not Verified ," Pune to Bangalore. Worst web check in system. Tried to web check in but payment was not successful on repetitive attempts. Since payment was not successful and no confirmation on check in. Hence rushed to airport. Reached two hours before flight schedule to counter. Person on counter surprised me asking INR 200 for web check in. I said when it was not done, then why should pay. She was adament or I would say Robot and insisted for payment , else leave the counter without boarding pass. Very frustrating situation.
"
20,✅ Trip Verified ," Kolkata to New Delhi. My friend booked this airline for me and turned out to be a real loss as they mishandled my baggage. Their customer care executive guided me to write an email along with pics attached instead of contacting their airport staff. After doing so their employees straightaway denied to take any action by replying back that I should have contacted their ground staff. What the heck! Even though I told them that their staff didn't guide me well, still no action is taken. I would recommend to go for Vistara or Air India instead of cheap airline like GoAir. They don't really accept their mistakes (even when enough proof is given) may be because they do realise that the mishandled baggage of customer is far more expensive than their domestic round trip. And yeah, the people responding to emails can't really understand what are you trying to say.
"
21,✅ Trip Verified ," Jaipur to Mumbai. Worst experience. Airline who just try to make money out of their passengers. I had just few extra kg in handbag and they made fuss about it and charged from me. Such airlines don’t leave any opportunity to make money.
"
22,Not Verified ," New Delhi to Mumbai with GoAir. The flight staff were very cooperative and supportive. The flight was delayed for 15-20mins due to heavy traffic at Mumbai airport at landing. The airline departed on time.
"
23,✅ Trip Verified ," Male to Mumbai. Day before journey we got a message that our flight is delayed by 30 minutes but on the day of journey it got preponed without informing us. Keeping the delay in mind we planned our journey and reached inside the airport at 4.10pm till that time check in counter was working but seeing us a group of 27 people they shut the check in counter due to which we missed our flight. Go Air is the first mismanaged airlines I have ever seen, keeping their staff convenience at priority and ignoring the passengers convenience.
"
24,✅ Trip Verified ," Ranchi to New Delhi. I don't recommend this flight for international travel beyond Delhi. They do not allow any extra (a few kgs) luggage weight if you have international travel. Better to travel with Vistara or Air India. They also don't accept international debit or credit cards which other airlines accept. I had to get extra cash from an atm and pay additional charges.
"
25,✅ Trip Verified ," Flew Bangalore to Patna with GoAir. Worst experience. I bought the ticket 2 days earlier at a high price just to arrive on time. But now I am at Bangalore Airport and the flight is delayed by more than an hour. From now on I will never go for GoAir, worst flight.
"
26,✅ Trip Verified ," I was traveling to Ahmedabad from Hyderabad in morning fight. At luggage counter the guy welcomed me very nicely and he was very supportive and helpful. I was sick but gesture for his welcome made my morning cheerful. Thank you GoAir.
"
27,✅ Trip Verified ," Mumbai to Kochi. I reached airline counter 70 mins prior to my boarding time. I was waiting in queue for more than 20 minutes. Only one chec kin counter was open. They didn't even announce the final call or something. I reached the counter before 50 min of boarding and they told that counter is closed for that particular flight and its rule that 45 min prior the counter gets closed. One airline person was ready to do something by listening to my situation, but his seniors denied. I requested and finally they give me free ticket for next day. Really disappointed!! I agree that tickets are cheap comparatively, but this kind of situations are really unappreciative.
"
28,✅ Trip Verified ," Mumbai to Patna. The buttons above the passenger seat to call assistance were kept disabled for most of the time. The airline has use an innovative method to keep the seat belt sign on for most of the time, so that passengers do not use the toilet facility until it’s extreme emergency.
"
29,✅ Trip Verified ," Ranchi to Kempegowda . They keep postponing the flight like its a joke. They called us 2 hrs early as they preponed the flight and then they postponed it for 2 hrs. So we are waiting at the airport for 4 hrs.
"
30,Not Verified ," Cochin to Mumbai. I am writing this review with great disappointment. Flight is delayed indefinitely. Ground staff have no clue when the flight is going to take off. I am traveling with kids. Whoever reading this review please don't select GoAir. Their flights are always delayed and worst service by the ground staff.
"
31,✅ Trip Verified ," I use to travel Delhi to Mumbai once a week but my all experience with GoAir are the worst. Service is not good, ground service is the worst. They opened gates so late and flights are always delayed.
"
32,✅ Trip Verified ," Mumbai to Chandigarh. I booked my ticket on a wrong future date, I am trying to get help from the airline. It is past 5 days and I haven't heard from them, no acknowledgement of my concern. when I call customer care, they say that complaints team do not have a contact number, they will get back to you on email, I have been waiting for their revert. They don't even have the courtesy to reply to my email forget solving my query or giving me a resolution. Never seen such pathetic customer service before.
"
33,✅ Trip Verified ," New Delhi to Ranchi. Good service. Cabin crew were very professional. Flight was on time and very smooth boarding. I really enjoyed my flight. But the tea was very poor - totally tasteless.
"
34,✅ Trip Verified ," I traveled by Go air flight G8194 from Leh to Delhi on 8th July 2018. My checked bags disappeared when I arrived in Delhi. I had a connecting flight and the airline staff promised to contact my as soon as possible. He said my bags would be sent to Bangkok on the next day. But Go air never contact me. I sent them several emails and they replied without update. I still do not know what happen to my bag. They never try to help and do not show any responsibility.
"
35,✅ Trip Verified ," I was travelling from Srinagar to Delhi and had an international flight to catch the same day. The first thing is that the flight got delayed. I was carrying excess baggage as I was complying by the international flight luggage allowance. All domestic flights I have travelled have allowed me to carry the excess baggage without penalty if the connecting flight was in 24 hours. But the staff of this airline did not oblige. Not only were they inconsiderate, the ground staff was very rude. My uncle arrived five minutes after us and we wanted to check in together. One young man at the counter started shouting to all the staff to not allow us to do that. I also saw him pointing towards me, making me feel almost like a culprit. Just because we arrived separately, he refused to let us pool. Ok let’s give them that. But the impudent and rude behaviour that followed was unacceptable. Overall, it was a lousy experience.
"
36,✅ Trip Verified ," Goa to Mumbai. Check in very standard at Goa airport. Boarding was quick and efficient. The aircraft started moving very quickly and the whole departure rushed to make our take off slot - great as we left bang on time and got in early. The airline seems to be very concerned about on time performance and for short flights like this its appreciated. Service and staff okay - the staff could have smiled a bit more- quite surly.
"
37,Not Verified ," Flew Goa to Hyderabad with GoAir. The staff - cabin crew and on the ground were down right snooty. Seemed like they were doing the passenger a service by letting them on the flight. I wanted an exchange for my meal and the hostess screamed at me that no exchange is possible. Possible that she herself is frustrated with her job!
"
38,✅ Trip Verified ," Mumbai to Kolkata. Worst airline service in India. Cancelled flight and informed just 2 days before and didn't provide me any solution. I told them that I have very important purpose and have a train to catch on, still they had no solution. No customer support at all. They leave you on your own. Worst experience will recommend not to chose this airline service
"
39,✅ Trip Verified ," to Hyderabad. Originally scheduled to depart at 6.45, but in the afternoon received an email and sms to say that the flight is rescheduled to 8.10pm. At 7.30pm no messages nor emails, quietly updated the board to 9pm. Worst communication. This is being done purposely as if any flight is delayed is 2 hours they are liable to refund for free. They don't give passengers any choice. These days the airlines are running like the railways.
"
40,✅ Trip Verified ," I travel a lot and have flown across many cities within my country and foreign too. I have travelled with numerous airlines. I had a flight from Mumbai to Delhi by GoAir. It is my worst experience to date in my travel history. The staff behaves as if you are an enemy to them. They didn't allow me to board due to overbooking of their flight. I don't know what words I can use for this awful airline. Never ever going to travel GoAir again.
"
41,✅ Trip Verified ," Goa to Mumbai. We had booked the ticket for four seat from Goa to Mumbai and got a copy of the ticket with pnr number as confirmed and even received a confirmation message. When we reached the airport for boarding we were shocked to see that the flight has been cancelled. We had a connecting flight from Mumbai to Doha! So when we said them about the connecting flight they said only possible way was to patch us for 11:50 pm flight which was late for us! When we questioned about how can you cancel a flight without prior information they had no answer. Only thing they said was you can claim a refund, but that was not the point we would lose a connecting flight. We had to make other arrangements. How can they cancel a flight without prior notice on the day of flight?
"
42,✅ Trip Verified ," Mumbai to Delhi. I am totally disappointed with the service because it’s unplanned. Flight delayed approx 4 hours 30 mins and when we landed Delhi at 3:52 here is no vacant parking so we are waiting for parking from last 30 mins. This is unplanned and worst services. I will always try to ignore to travel in Go Air in future. Regards
"
43,✅ Trip Verified ," My flight was on 12th march 2018 from Delhi to Mumbai after getting 2 hrs late it landed back to Delhi airport within 45 mins due to some technical issue and I did not board to another flight. I was promised to get refund full amount , But it has been 2 month since and I did not received any refund. I have mailed to Go air for 10 times, Every time they come with a new stupid reason to not refund my amount. Worst service and worst experience ever with Go air. I will suggest not to travel with it.
"
44,✅ Trip Verified ," Bangalore to Mumbai. Flying with GoAir was a good experience. The service, comfort and also the captain of the flight were good and friendly. I had a great enjoyment with the GoAir. I would love to choose GoAir for my next flyight.
"
45,✅ Trip Verified ," I was supposed to fly to Kochi from Mumbai in GoAir on Apr 6, 2018, with my wife and 1 year old infant. We were denied boarding passes because we arrived late - we arrived at least 53 minutes before flight departure. Now, we are stranded at the airport and don’t know where to go and complain. We had a 6 days plan.
"
46,✅ Trip Verified ," This was my first experience with GoAir, and this turned out to be my worst experience of all the flights I've been on. First of all, flight G8 176 which I was traveling on was 6 hours delayed. Then, the ground staff did not update it before time, everybody had to sleep at the airport. They were not even telling the customers whether the flight would get cancelled or further delayed, there was serious lack of management. The authorities tried hiding to prevent queries. When I finally boarded the flight after staying awake all night, the facilities were disgraceful. The air hostesses did not care to greet or comfort the customers, my seat was stiff and it was not able to recline. I had to sit straight the entire time. Overall, a disgraceful and disappointing experience. I would never recommend anybody travel with GoAir no matter how much pocket friendly offers they present.
"
47,✅ Trip Verified ," Worst experience with GoAir. I had an Indigo flight on 28 Feb from Raipur to New Delhi at 9.30 am in morning and from New Delhi to Ahmedabad with GoAir at 2.05 pm, but it was delayed to 7.30 pm without giving any reason. Staff were uncooperative and I had to wait 6 to 7 hrs at the airport, this was a connecting flight I hadn't booked separately.
"
48,✅ Trip Verified ," Kochi to Chennai. The airline left us stranded by last minute cancellation, no alternate arrangements. They have shown an unprofessional response on email as well as on phone. They had no explanation for the cancellation and reason for not timely informing. They have also not refunded the money after 3 days have passed.
"
49,✅ Trip Verified ," Luggage missing. I travelled Kolkata to Ahmedabad at Feb 22, 2018. 11 days later they have not found my luggage in Kolkata as well as in Ahmedabad. And this flight already 1.30 hour late. I think it’s worst service ever. They told me we gave solution in a week but nobody have try to call me or mail me. And I call them, they told me we will call you within 5-10 min but never they call back.
"
50,✅ Trip Verified ," I flew GoAir from Chennai to Cochin on 24th of this month and returned on 26th. During both the onward and journey the flight was delayed by 10 hrs and 5 hrs respectively. During the onward journey I had to cancel the cab booking and also the Homestay in Cochin. During the return I had already checked out of the hotel and the automated voice message informed me about the rescheduled timings when I was on the way to the airport. I had to pay RS 700 for the lounge as there was no proper place to leave my bags in the kochi airport. Also my checked in bag was found torn/cut open.
"
51,✅ Trip Verified ," Mumbai to Goa. Flight got delayed by 40min from 9.45 to 10:25pm. On boarding pass mentioned gate 21, but airline changed gate to 27. It was almost like 9:30pm, no airline staff on counter. We start panicking and checked tv screen which was showing about delay and change of gate to 27. No airline staff around to check. We then start moving to gate 27, which was quite far away. On gate 27, there was one airline staff, who was not sure about change of gate. When we mentioned tv screen confirmation, then he said that’s for precaution measures. When we asked why not any airline staff posted on Gate 21, he said It’s there which was another lie.
"
52,✅ Trip Verified ," Worst experience with GoAir, I had booked a morning 6.05 AM flight from Nagpur to Bengaluru for the 22nd feb. Around 5am they simply announced that the flight is delayed to 11.30 without proper explanation of the cause of delay. What is more disappointing is that their customer service rep didn't respond at all. They took no care of the stranded passengers. I am never booking again with GoAir.
"
53,✅ Trip Verified ," Bangalore to Delhi. Worst experienced I had with GoAir. On an urgent basis I booked my ticket one day before my journey. The company confirmed my ticket for 8 o'clock in the morning. When I reached at boarding counter they had rescheduled my time from morning to afternoon. And because of them I missed my interview. The staff told me a big lie that they will reimburse my ticket fare. After that they are not responding.
"
54,✅ Trip Verified ," Ranchi to Delhi. I have booked flight with Goair, while doing web check in, after typing PNR and last name on the next page it was shown as that ""all flights have been cancelled "" then I called the customer care service and their they told me that I myself cancelled the booking, but how this is possible? And the customer care guy is telling my name that I have cancelled the flight and later he told that the flight is cancelled through web. If someone cancelled the flight through web then how did he know the name of person who cancel. Very bad experience with Goair and now it's difficult to get my money back.
"
55,✅ Trip Verified ," Jaipur to Hyderabad. During flight my luggage got damaged. At Hyderabad airport searched ground staff near luggage bag but neither staff nor any desk was there. Later one person from airport luggage department call to an go air employee to come and check the complaint but he refused and told him that this complaint can be done only online. I filed a complaint and they replied that I have not updated to airline this at airport so its not our responsibility. Instead of saying this if they just say sorry, it was ok to me but airline just wants to stay away.
"
56,✅ Trip Verified ," Delhi to Guwahati via Bagdogra. They cancelled a flight from Delhi to Bagdogra without proper rebooking. We had to reach Guwahati on the same date, but when they rebooked they said there are no flights on the same day but the flight which they booked from Delhi to Bagdogra (G8 155) was a connecting flight to Guwahati. The customer support guys had no proper information about this and they booked the same flight from Bagdogra to Guwahati on the next day. I am not booking with GoAir ever.
"
57,✅ Trip Verified ," GoAir were unable to issue a boarding pass for 2 business class flights from Kolkata to Bagdogra. We had to change the departure date which we did online and printed the confirmation. First they gave us boarding passes for the old date, then pretended they did not recognise the confirmation, after some argument, we were told only their HQ can issue a new boarding pass. 5 staff members just sitting around doing nothing. Terrible customer service. A 45 min wait turned into 1 hr, then 2, then 3. Then they told us that no business class flights were available. A lie - the cabin was almost empty. Running out of time we asked for new tickets in economy and we would deal with a refund for our business class flights later. Then problems at check in with our excess luggage. Incompetent person who couldn’t process it. Nobody spoke sufficient English, appalling customer service, unfriendly, surly and incompetent staff. Never, ever again. We have now been trying for over a month to get a refund with no success. Been sent from pillar to post. A shambles. Worst airline ever. Avoid at all costs.
"
58,✅ Trip Verified ," Flew GoAir from Patna to Bangalore. Worst airline I have ever travelled with. Flight got delayed by more than 3 hours. They kept on delaying the flight every half an hour. Staff were not co-operative. Total chaos was shown by GoAir team. No one knew anything. Will never fly with GoAir ever again.
"
59,✅ Trip Verified ," I booked a flight from Delhi to Patna, but they cancelled the flight before a few day ago of departure. I called their customer service to ask for refund. It'a difficult to call into their customer service. Their customer service promised me they would refund within 7 days, but after 10 days I didn't get my refund. I email to them say the same thing and they reply that they are very sorry and would refund within 7 days. After 10 days I still didn't got my refund, after month and a half, I email again but this time they didn't reply. A couple days later, I received invoice from GoAir. What a crazy airline. They cancel the flight and didn't refund but give me invoice. If you choose GoAir then you probably lose your money and your time.
"
60,✅ Verified Review ," It is a normal day with pleasant weather in Delhi. My flight was supposed to depart at 8.45pm to Hyderabad. I arrived at T2 of Indira Gandhi International Airport by 7pm. As of now only GoAir is operating from this terminal. I slowly started listening announcments for the flights much before mine that, due to delays in incoming aircraft, the flights got delayed. This happened for 6 flights at a time. I do not understand how can it happen for all the flights simultaneously. So many passengers got stranded. Not a single person to give proper information. All flights got delayed by atleast 2 hours on a perfect normal day. This looks mostly like a logistics gone wrong issue. This is my worst airport experience with no concerned authoriy for redressal. If you are reading this review, never book flights with this airlines.
"
61,✅ Verified Review ," Delhi to Mumbai. Travelled with Go air for the 1st time and the worst experience ever. The staff at the check in are extremely rude and don't know how to handle customers at all. Also the cabin crew were rude.
"
62,✅ Verified Review ," I booked a flight from Delhi to Srinagar, but they cancelled the flight before a few day ago of departure. I called their customer service to ask for refund. It'a difficult to call into their customer service. Although finally someone answer the phone their English are very poor. Their customer service promised me they would refund within 7 days, but after 10 days I didn't get my refund. I email to them say the same thing and they reply that they are very sorry and would refund within 7 days. After 10 days I still didn't got my refund . I email again but this time they didn't reply. A couple days later, I received invoice from GoAir. What a crazy airline. They cancel the flight and didn't refund but give me invoice. I just want to tell everyone that there are many airlines you can choice but GoAir. If you choose GoAir then you probably lose your money and your time.
"
63,✅ Verified Review ," Pune to Bangalore. The punctuality won my heart, and that is something I look for and get impressed by more than food or seats on a plane. The seats were very cramped with poor leg room, and I couldn't even recline my seat. I had examined and booked 6 days prior to my journey and I am not at all okay with the price I paid for the journey, which was around Rs. 5600, which was 2 times the fare offered for cheapest flight on that day. But the timing was very convenient; departure from Pune at 6:40 PM and arrival at Bangalore at 7:55 PM, which I believe could be an explanation for the expensive fare.
"
64,✅ Verified Review ," I booked ticket 2 months back from Hyderabad to Kolkata and just 1 week before the schedule they cancel the ticket. My flight was on 22nd june, 17. Now they are asking for money back or reschedule. I ask for reschedule because in short interval it will be too costly to book again for same date. But reschedule is taking 17 hours from Hyderabad to kolkata via delhi. there is 13 hour break at Delhi. I ask for arrangement and they are not providing. Same thing happened to one of my friend. They keep cancel the flight may be because of less number of people.
"
65,✅ Verified Review ," Flew from Jaipur to Mumbai. Had the worst experience with GoAir at Jaipur airport. We had a flight at 8.05 am which got delayed until 10.30 am. Not only did the authorities fail to inform the passengers waiting, they were rude to the people with enquiries. A lady had an international connecting flight, and I myself was travelling with a patient. Irresponsible, careless, cruel attitude! Hopeless!
"
66,✅ Verified Review ," Bangalore to Ahmedabad, I would never recommend Go Air to anyone. I will fly Jet or Indigo anytime. I am regular flyer and always prefer Jet or sometimes Indigo. Recently, I flew with GoAir. I had problem with my booking (a mistake). Called GoAir in 5 mins but the agent refused to change details. On contrary for same ticket, Indigo happy changed details for me for free. They were not helpful at all. Regret my choice.
"
67,✅ Verified Review ," Delhi to Bagdogra. Worst airline I ever seen. They cancelled the flight just before 48 hours of departure and now their customer support team is not picking up the phone. I don't know whether or not they will provide any alternative option because I couldn't see any other direct flight on my route. I had faced similar issue with the same flight (G8-157) in January 2017. Earlier they diverted the flight to Guwahati for no reason and then they delayed flight by around 2 hours. Their staff are not trained enough to handle the situation like this. This was my last ticket with GoAir. I would never recommend anyone to travel with this airline.
"
68,✅ Verified Review ," Delhi to Mumbai. Very poor experience through GoAir. Flight was delayed by 1 hour for whatever reason. Staff was very amateur and non-experienced to handle the basic services like water, food and safety instructions. Ordered samosa inflight which I agree would not be hot, but should not be refrigerated surely. Water was served in the smallest glass possible. Seats are as small to let your knees float in air when seated.
"
69,✅ Verified Review ," Kolkata to Chennai. GoAir also offers business class seats under the name GoBusiness. The features include access to business class lounges at some airports; guaranteed seat in the two front rows, middle seat is kept empty; priority check-in baggage arrival and complementary snacks and beverages. The seats are not typical business class seats like Vistara or Jet Airways. You are provided an empty middle seat and more legspace. The seats are economy class seats. But you are not paying typical business class fares. GoBusiness fares are approximately one-third of typical business class fares. Then you are entitled to lounge and priority tags which make the product quite good. The flight took off 15 minutes before time and it was overall a nice, smooth experience till Chennai. The captain was an expat who provided regular flight updates. The airhostesses were polite and helpful. The snacks and beverages provided were decent. I was offered choice of tea or coffee before take off. The only thing that seemed a misfit was the delay in baggage arrival at Chennai airport. When GoAir staff was approached, they provided some clichéd, standard replies. Overall, I'd recommend the service especially if you want a bit of business class experience but don't want to spend so much on a typical business class seat.
"
70,✅ Verified Review ," On 17 January I was booked on their 8 am flight from Bangalore to Delhi in order to connect with my Jet Airways flight to London at 1.30pm. I had ample time between flights - 3 hours between landing and take-off but there was fog in Bangalore and the flight was 2 hours late to take off. This was not GoAir's fault but a Go Air steward rang Jet Airways customer service on his own phone and explained the situation and told them I had 2 bags but they were both of hand luggage size and would they please let me on the flight if arrived slightly under their regulation cut off times but in plenty of time to get the flight, they said no. He pleaded with them, they said no. He was a lovely guy at GoAir.
"
71,✅ Verified Review ," I booked Go Air From Mumbai to Delhi with the hopes I will be able to do a quick getaway from work. Unfortunately my Flight was cancelled without sharing a reason, and on top of that they do not have any customer support email address or contact number in such scenarios. I do not even know If I will get my money back. Thanks, but no thanks. I am never flying with GoAir again.
"
72,✅ Verified Review ," I had my flight from Chennai to Pune with GoAir. During check-in the staff told me that due to overbooking, seats are not available. I had a confirmed booking in hand and I was shocked to hear this. The person told me that they overbook flights some time but couldn't explain anything more. I argued a lot but finally realized that there was no point since they firmly said that that there are no seats available. They purchased a Jet Airways ticket for me the next day and also made arrangements for a very pathetic hotel.
"
73,✅ Verified Review ,"Flew GoAir from Mumbai to Chandigarh with GoAir. This airline has improved its service compared to last year. The cabin crew were very polite and welcomed warmly. The seats seemed to be more comfortable. Though, we have to buy food onboard. A pleasure traveling with this airline and I would keep flying with them.
"
