,Status,Comment
0,Not Verified ," Fes to Marrakech. Booked 7 weeks before travel, travel time changed 3 times, last time by e-mail at 18.55 the night before travel. Air Arabia charged extra for luggage. Each time they sent through new flight details, and each time the 30Kg luggage I'd paid extra for in advance disappeared. The last flight time was too late for me to travel, so I took the early train. Air Arabia have refused to refund me, and refused to refund the extra baggage I paid for, even though the extra luggage didn't fly. I couldn't recommend Air Arabia to anyone.
"
1,✅ Trip Verified ," Coimbatore to Sharjah and had to catch the next flight to Riyadh, when I reached the Air Arabia staff for enquiry to understand how should I reach my boarding Gate he asked me to wait through the security check in line to reach the Gate-20 and I did without waiting for a second, when I reached the Gate they told me that my flight departed and when I reached the transfer desk I was treated as if I had missed the flight intentionally. I never expected such irresponsible behavior from Air Arabia staff in a international airport. It’s a complete mismanagement and pushing the blame on the passenger to shift the ticket cost to the passenger where the issue is from Air Arabia staff. Even when I was ready to pay for the new ticket the staff gave me a false information that there was no ticket in the next available ticket, but when I approached SATA they gave me a ticket seamlessly for 900 AED. I was shocked by irresponsible behavior of staff. There were three staff in the transfer desk counter a female staff and two male staff who all were rude and were repeatedly blaming me for the delay rather understanding that I was made to wait in the que by the AirArabia staff.
"
2,✅ Trip Verified ," Casablanca to Tunis. Bad service, overcharged 60 euros at the airport for no reason, staff would not let us board the plane until we pay the 60 euros which they poorly explained was because we were ""late"" even though 2 other groups of passengers were allowed to board while we were there. The plane was then delayed for over an hour. We paid for additional meals when booking, we never got those, and the cabin crew ignored our requests and our proof of order, we were then presented a menu telling us we have to pay again to get food. They ignored our official complaint on their website.
"
3,Not Verified ," I am writing this with complete dismay, disappointment, shock, helplessness, and utter anger. If you know what is good for you, avoid this airline at all costs. I have dreamed of a Morocco trip since 2005. This trip is a lifelong dream. I've booked multiple flights in and around Morocco for October to November. In a span of several weeks, almost each single flight has been moved and re-scheduled. The last straw was when I received an email today notifying a flight change that will mean losing 2 days in Morocco and completely ruining the entire itinerary and losing some paid transfers and tours in the process. I am in complete disbelief as I have been traveling for 28 years and have never encountered an airline so incompetent. They have removed every single way to reach them. All emails are automated, you cannot contact anyone through email, and the number they gave to call is also not in service. I feel so helpless and our trip has been single-handedly ruined by Air Arabia even before it began. I have lost all hope and excitement for this trip and even if I somehow manage to find a way to adjust our itinerary, it will still not recover a portion of the trip that has already been paid for. This company should be banned because all reviews here have a horror story of their own.
"
4,✅ Trip Verified ," 6 hours delay from Fez to Gatwick and zero compensation. Reason is that the company not registered within Europe. Avoid because you have absolutely zero rights. Even Ryanair is better abide to European regulation. Avoid avoid.
"
5,✅ Trip Verified ," Sharm El Sheikh to Amman. Perfectly smooth check-in process, our car seats for the kids were handled without fuss. One bag was 23kg but was not a problem. Contrary to some other reviews, our carry on bags were not weighed. We had a 10kg limit in any case. Staff on the flight were very pleasant. Although only an hour-long flight we were given beef shawarma - extremely tasty. Would use them again.
"
6,Not Verified ," This was probably the worst experience I've had with an airline. In hindsight, I should have opted for a full service airline even at the premium cost. Our flight was on the 22nd of August, Sharjah to Kuala Lumpur. We paid for seats up-front (in row no. 4) hoping that we'd be able to travel with others who place a premium on their peace of mind and convenience. I could not have been more wrong about this. As soon as I sat in my seat, a raucous, rowdy group of customers walked in and sat right in front of us in Rows no. 2 and 3. At first, it just looked like a bunch of young people who were flying to KL for a good time and they'd settle in after a few hours of in-flight fun. Something told me that this trip was going to be problematic, but I just chalked that up to older me nerves. Drink service started. Our merry band selected a plane load of coffee and Red Bull for dinner to go with some sandwiches that AA provided. Being an overnight flight, once service was stopped, cabin crew switched off their lights. As they say, the party started after the lights went off. The group on the left put on their reading lamps which needless to say is quite jarring and did not aid in anyone falling asleep in a 2 m radius. The group on the right seemed sober and some of them curled up to sleep. The others were high on Coffee and Red Bull so they were fully charged up. I went up to the cabin crew and requested them to ask this bunch to simmer down. It was about midnight UAE time and it is my belief that a paying customer is entitled to his sleep during the flight. To my surprise the cabin crew shrugged and said there was nothing they could do. Apparently, this was a group of 'bloggers' who were invited by Air Arabia to review the airline or its holiday package. The cabin crew supervisor went so far as to tell me to go complain if I wanted to and they couldn't care less. The shenanigans continued late into the night and at this time, my normally docile wife spoke up. We asked them respectfully to tone it down so that we could get some sleep before our onward flight to the next destination; to which we got a casual dismissal and was yelled back at. Cabin crew came to calm down the situation, which was the best they could do. After this incident, their belligerence was unfettered for the reminder of the flight. The laughing and the talking were louder and unbelievably uncivilized. In effect, I paid additional to be harassed by a bunch of low-life thugs aided and abetted by the service provider. We were rendered powerless by an apathetic cabin crew and an airline that frankly does not give two hoots about the rights of its paying passengers. I have been flying Air Arabia since its inception, but I am completely done now. A loss of one customer means nothing to Air Arabia but it is my hope that reading reviews like this would give people an idea of the kind of people they give their money to.
"
7,✅ Trip Verified ," Sharjah to Sohag. My bad experience with Air Arabia customer service on the boarding on gate, customer service of staff is zero. They charge me for my laptop weight. I tried to ask about their names they covered the tags. What a kind of customer service.
"
8,✅ Trip Verified ," Gatwick to Fes. Beware of the hand baggage allowance! They charged me 50 euros for exceeding the maximum of 10kg just by 3 kg. and on the same time the flight was almost empty! I didnt have any other complaints but the whole thing with the hand luggage was really ridiculous! The worst part is when I refused to pay 50 euros, the staff tried to bargain so I could pay 35 euros! Totally unacceptable and unprofessional on the whole. They were actually blackmailing me, without giving me the ticket to board if I i didnt pay for the 50 euros charge. And that was just for 3 kg more! I think rules are rules but when you know that the flight is not really full and you dont exceed the allowance by 10-20 kg, I think it should be acceptable that 3kg wont hurt anyone. I would never recommend anyone book with this airline rather than picking up a more serious one and more professional.
"
9,✅ Trip Verified ," Casablanca to Lisbon. I found this airline to be much better than expected. well cleaned aircraft, friendly flight attendants. On schedule too. Very comfortable seats. They sould increase their flights to Portugal.
"
10,✅ Trip Verified ," Marrakesh to Fez. The domestic check in was handled by Swissport and was efficient. The security screening took about 30 mins. The departures lounge was relatively compact and seating was limited. We were bussed out to the aircraft an A320. The flight took off about 10 mins behind schedule As it was overcast there was limited views of the Morroco on the 50 min journey to Fez. The crew were friendly & efficient and were quick to serve passengers that had pre-purchased food and beverages on the short flight. Air Arabia is a dry airline and no alcoholic beverages are sold on board. We arrived into Fez on schedule. Despite being a domestic flight were were required to pass through immigration who required both the boarding pass and passport. We waited for about 20 mins for our bags to be delivered.
"
11,✅ Trip Verified ," Flew Air Arabia from Sharjah to Muscat (and back to Sharjah) as part of a visa run (UAE visa change). Really liked the cabin crew and on-board experience. Cabin crew were very well presented. A lot of the passengers were non-English speakers and I noticed the cabin crew were very polite and treated all of them with dignity and respect to help show them to their seats and put away their cabin bags. Plane was new, seats were clean and plane had a free-Wifi network streaming movie/TV programme (they called it SkyTime) which I used via my smartphone - it was fast. Bought snacks and coffee on board - nothing special but the service was very good. I am an experienced traveller and I really liked this airline and their onboard experience. I would fly with them again.
"
12,✅ Trip Verified ," I travelled from Sharjah to Colombo on Air Arabia in June. The flight was full but I was comfortable. The flight was about four hours long. I checked in online but my phone failed so got replacement boarding pass at baggage drop. I enjoyed the flight and will fly them again.
"
13,✅ Trip Verified ," I flew from Beirut to Sharjah on Air Arabia. Check in was easy as I did it on line. I showed my boarding pass on my phone to get through security. At the gate I changed my e boarding pass to a paper ticket as that was required. Although they loaded a lot of cargo we took off on time. I had three seats to my self and was able to sleep. I was given water and dates which were very nice. I will fly them again.
"
14,✅ Trip Verified ," I was flying from Hyderabad to Bahrain via Sharjah,while I was transit to Bahrain at Sharjah airport the ground staff of weighed hand bag & laptop was carrying on cabin then demanded to pay 200 riyals as fine for the baggage. I had no chance to debate with them because of their horrible attitude towards passengers. I suggest you don't waste your valuable time & money by flying with Air Arabia for their worst hospitality & cheap flight tickets.
"
15,✅ Trip Verified ," Agadir to Birmingham. Not sure how this airline is allowed to legally operate?? They cancelled flights with no notice and cost us over £500 in additional costs to get to destination. They offered no reason, no compensation and ignored most of the communications between myself and them. Absolute disaster. Never again. They need to be banned from operating within the EU.
"
16,✅ Trip Verified ," We bought two tickets from Prague to Kathmandu via Sharjah in November 2018. We were supposed to leave April 13, 2019, Ten days before the flight we tried to add some food and to change baggage allowance through internet browser. It must be said that their website does not work optimal in any of the internet browsers. We managed to change baggage allowance but no food. From that reason we log out and tried to add food later but we realized we don´t have access to our PNR anymore. We had still ten days to departure so we tried to contact their customer service via e-mail. Till now we do not have any answer. We contacted sales department in Prague by phone and also personally. They proved our PNR with conclusion we had cancelled both tickets in internet browser ourselves and the flight is full. We are still in shock. Two weeks of holiday, year of preparations for our big way to Himalayas, another friend waiting us in Kathmandu, services paid in Nepal are gone. Mainly, nobody let us know about tickets cancellation. If I wasn´t interested about my PNR, I wouldn´t know yet my tickets are cancelled. As proof they just reproduced conclusion of their IT Department in Sharjah. You have no chance to get in touch with somebody from their central agency in Sharjah. Mainly I would like to point out that I do not get any document confirming ticket cancellation. Welcome in modern times full of IT technologies where human being is a poor individual and those big fish use it for making money
"
17,✅ Trip Verified ," Mumbai to Tbilisi via Sharjah. Worst experience. I am a student and i was travelling from Mumbai to Tbilisi,I was allowed to carry 10 kg hand carriage. So i had my 10 kgs and my laptop bag. In Mumbai Airport it wasn't a issue they let me pass. Once I've reached Sharjah for transit they started weighing my laptop bag and took my ticket away and asked me to pay fine. Never had such a worst experience. Never using Air Arabia again.
"
18,✅ Trip Verified ," Gatwick to Fez. Flying to Fez, the flight was delayed by 3.5 hours and we were sat on the aircraft without a clue as to what the delay was caused by. The staff were disinterested in serving passengers and they would only accept euros or sterling to buy some of their overpriced food items. They forgot to take payment from me for a sandwich I bought and seemed disorganised. They told me that drinks were free on this flight. Flying back to Gatwick - the flight was delayed again by 40 minutes, again for a reason we weren't told. Staff again seemed disinterested. I tried to order a drink and was told to pay for it when on my previous flight with Air Arabia, the drink was free. So there's really no consistency in the customer service you receive.
"
19,Not Verified ," Amsterdam to Fez. Terrible company! Just like it happened to other people, we had an extra luggage but the people at the check-in desk could not see it on the system. We therefore had to pay an extra 50 euros fee on top of the luggage fee paid beforehand through the website. When asked, the lady at the check-in counter said that this happens frequently. So please do consider this if you want extra luggage. For the rest it is overall not better that other low-cost companies that are much cheaper. Would not fly with them again and would not recommend to other people, unless you enjoy being robbed.
"
20,✅ Trip Verified ," Gatwick to Tangier. Missed my flight in this airline, and another flight was cancelled, contacted them regarding refunds and claiming the airport taxes and duties for the flight I missed, no luck, they never replied to my emails, they not interested at all, very poor customer services.
"
21,✅ Trip Verified ," I travelled with Air Arabia from Dammam to Alexandria. Check in counter took 50 SAR for each extra kilo from travellers. I didn't have any extra weight so I was ok but when I arrived to Alexandria airport, I waited in front of luggage claim conveyor for 90 minutes with 15 travellers but we all couldn't find our baggage. We went to Air Arabia representative and he said he received mail from Dammam and 32 luggages were removed from the plane as they were extra weight. I asked them to send my luggages to home but they refused. Then, I said we will come to collect but you have to provide us with transportation but they said no. After that, I asked to reimburse me for what I paid but no use. I called customer service many times and every time they said we will talk to you later. I sent 3 different mails but there was no response. Again, I contacted them through their web page at facebook and asked someone to call me but they gave me more than 10 promises but no one called me. They have the worst customer service ever. Their employees are very rude and don't try to fix their mistakes or give a respect to their customers. Again, I have never seen such customer service all over the world.
"
22,✅ Trip Verified ," Kuwait to Kathmandu via Sharjah. The staff in boarding pass counter were rude and didn’t issue my pass until it was 45 min for take off which mean I have to run. This much was fine but at the end of flight in Kathmandu when I collect my luggage i found it was damage and same time I fill up the form for the claim and after a week I got a reply saying I’ll be compensated half of the amount of the luggage. Then never hear from the baggage department. So all I can suggest is never use this airline. We pay for the flight which means we trust them for our bags and everything but all I can say is they doesn’t care. And I’m sure they really don’t care
"
23,✅ Trip Verified ," Gatwick to Marrakech. Our flight was affected by the disruptions in Gatwick airport caused by drones. Understandable that unpredictable situations occur, but the way the airline company treated us was awful leaving us waiting on the plane for 7 hours without any water. Later and in the absence of any information we received an email from the company asking us to phone them. More than an hour on the phone at a charge of more than £50 and noone picked up. On top of that despite the company's representative informing us that we could get refund for the cost of the flight if we didn't fly with them and chose other means, the company now refuses to do so.
"
24,✅ Trip Verified ," Copenhagen to Agadir. Very unprofessional airline. The customer service is a joke. The announcements in the plane in a broken English where not understandable. If you purchase additional services on the website, they cancel the services included in your rate. In my case, the food included in my rate was canceled because I purchased additional drinks. The plane was not clean and I flew in a early morning flight.
"
25,✅ Trip Verified ," Cairo to Sharjah. When Air Arabia was first introduced as a low cost airline, i wouldn't complain much about quality and service given according to value for money. But that's not the case anymore, they are now charging same like official airlines which are giving much more better service and even sometimes charging more. low cost flights are now the exception as offers given every now & then same like everyone else. - Ground team i encountered least to say were rude. you feel like treated as a low cost traveller while you are actually not. Head of ground team was treating people very bad when arranging the bus to air craft from Cairo airport - No in flight entertainment whatsoever - Leg room is extremely small and you're always touching adjacent travellers which is making flight completely uncomfortable - people are fighting each other all the time because of reclining seat back (due to small leg room) and arm rests without interference of flight attendants - charging for meals & soft drinks - charging for baggage - flight attendants are not so friendly - Air craft smell was horrible all the time Bottom line, either review your fares or upgrade your service Wouldn't recommend and most probably won't fly it again.
"
26,✅ Trip Verified ," Baku to Sharjah. The first time flying Air Arabia. I travel so much but no any other airlines given such bad treatment. They give us separate seats to my and my husband both way coming and going. I am lady sitting separated from husband and some unknown men was sitting to near me for whole journey. T We ask them to give same sit at registration counters but the staff was so bad. They are not supporting at all. I never fly with Air Arabia any more in future.
"
27,Not Verified ," Marrakesh to London. I had read some pretty bad reviews about Air Arabia however, I was pleasantly surprised. The was an issue regarding checking in - we were unable to check in online but had no problem checking in at the airport. The flight was on time, the staff pleasant and we arrived 20 min ahead of schedule. The was plenty of leg room and I would fly again with Air Arabia.
"
28,Not Verified ," Ras Al Khaima to Lahore. I have been frequent flyer of Air Arabia. It used to be a good airline. With passage of time, it service has gone extremely poor. First time in my 25 years of traveling I was called back from immigration and my lap top weight was included in the hand carry. It exceed few kilo. I was forced to remove my laptop. I left my bag in the car and travelled. The duty manager did not listen to my request. In fact a smile on his face showed how much non professional people this airline hires. It was worst traveling experience of my life.
"
29,✅ Trip Verified ," Sharjah to Goa. This was one of the worst experience. Me my husband and my daughter were travelling from Sharjah to Goa in the month of June. They were supposed to check the baggage weight during the boarding process. No one asked us about the hand baggage weight. After the immigration was completed, the officer stopped us while going towards the gate and said they want to recheck our hand baggage. We had already weighed our luggage in the local office in Abu Dhabi and they had informed us that the hand luggage is within the limit as they would not check the laptop bags. The ground officer checked our hand baggage, laptop bag, yy Purse and my daughter's laptop bag. He said we have 12 KGs excess bag. Straight away he took the boarding pass and gave to the other officer where there was already a big rush of passengers negotiating on money the officers were asking them to pay in cash, we were asked to pay AED 400. I refused to pay anything for the 2 laptop bags and my vanity bag. They made me and my family stand there for about 1/2 an hour and finally, they negotiated to excuse us if we are paying 100 AED. The worst situation I would not want to travel through this airline again. They are only cheap in service and costly in price.
"
30,✅ Trip Verified ," Brussels to Casablanca. I had to pay extra 50 euros at airport for having just 2 kilos more. I am very disappointed. My ticket cost me 200 euros at the start now cost me 250. Totally ridiculous At the end had to wait 1 hour at arrival the get back my luggage.
"
31,✅ Trip Verified ," Air Arabia is a good airline. The airport staff are helpful and always smiling. The aeroplane was in a clean condition. The in-flight magazine is great and the duty-free and SkyMeal magazine had plenty of options and the food was OK. The in-flight entertainment is something Air Arabia must improve on. The pilots made PAs at regular intervals. The seat was comfortable and legroom was better than I had ever seen on a low-cost carrier. The overall experience was above average and according to the money paid, there were more than enough services.
"
32,✅ Trip Verified ," Bangalore to Moscow via Sharjah. The total fare was not at all low for the low coster + I had to pay extra for the luggage what is not mentioned while booking and I decided to pre-book my food on 2 international flights. In first place ground staff wanted to offer me middle seat, I had to pursue the ground staff for the seat. The crafts are really dirty same as the Sharja airport where they land for transfer. Flight attendants are the least bothered about your needs, they just don't care. I requested flight attendants both flights to try change my uneatable meal for something else, but they refused. Worst of the worst.
"
33,Not Verified ," Marrakesh to Paris. The only airline that allows no personal bag, and makes you check small baggage and then charge you 50 USD for the abuse. No leg room, knees get crushed if over 6ft (182cm) maybe not the worst 3.5 hours of my life, but top 10. I wish that they were in my home country so I could avoid purposely ever using them again, sadly they are not.
"
34,✅ Trip Verified ," Sharjah to Jaipur. Being Low cost airlines is fine, but how fair is it even ask a passenger to pay for extra weight bought at duty free, after immigration. Just before boarding. I have everything in place. Had a weight limit of 30kgs of check in. But had checkedin only 25 Kgs. Had another cabin luggage for 10kgs. Now after immigration I came to duty free. Made purchases within the applicable limits. And reached my boarding gate as I was getting late. Just before the gate. We were stopped and cabin baggage was rechecked. My duty free luggage was 6kgs & my hand luggage was within 10 Kgs. The gentleman at gate says, we will only allow 3kgs for duty free. No guidelines for this given before. We would have made purchases accordingly. According to air Arabia 10kg + 3kg (duty free), that’s all what they will allow. I had to leave my luggage behind as they won’t agree or willing to listen what I’m trying to explain. Last minute changes. Hopeless low cost carrier.
"
35,✅ Trip Verified ," Manchester to Agadir. This is the best budget airline, 30 inch seat pitch, comfy seats. Excellent staff. Clean planes. Came on the company by chance. Baggage fees less than some budget airline.
"
36,✅ Trip Verified ," Agadir to Copenhagen. I have flown with them on numerous occasions and I have had no problems up until now. My current issue is a minor one as it only pertains to their Airport transfer. I booked their supposed airport transfer from Agadir City to Agadir Airport to catch their flight, it never showed up. Of course I wanted a refund from them for the non-existing service I paid for. Their customer service, which is poor to say the least, only repeat standard phrases such as ""no refunds"" no matter what the problem is or who is to blame for it. On top of that they still claim that I ""missed"" my transfer (I did not).
"
37,✅ Trip Verified ," Marrakesh to Frankfurt. Never again: 3 hr delay and finally touch down in Hahn instead of FRA (120 KM away = 1,5 h bus drive). We got this information after arrival even though this was already planned before take-off in Marrakesh (the customs officers in Hahn told us!). My sister was waiting for hours at FRA-airport and she was seriously worried, because she didn´t get any update of this flight. They even switched off the TV screen with our position on the map during the last hour. And no explanation or serious excuse for all this trouble! no further comment and never again we will book this airline!
"
38,✅ Trip Verified ," Gatwick to Marrakech. This never happened to me with others airline. Firstly the website they have doesn’t work and doesn’t let you check in. Because of that I missed my flight. You supposed to be there 3h before to do just the check in. We were one 1h before departure and they didn’t let us check in. I couldn’t believe it all the money we paid was for nothing. Then it get worse in the airport they didn’t have help desk so we went to a different airline to see if they could help us. They didn’t know what to say. So we ask for the number of air Arabia and we called them, they costumers service did not know how to speak English. We believe it was an excuse to avoid to help us. This is respectful. Is just business for them. But for us it was work and saving money to take nice holidays. But know all is ruined.
"
39,✅ Trip Verified ," Colombo to Kiev via Sharjah. We had planned flight on January 26th 2018, at 4:55am. Air Arabia had an hour delay, so we took off at 5:55am from Colombo to Sharjah. In this time in Sharjah appeared a fog, and we landed at 10:53am in Sharjah and Air Arabia staff members told us that our flight to Kiev took off and we had to stay in Shajrah one day more. We checked our flight to Kiev and we know that this plane took off at 10:38am, so we don’t know why Air Arabia couldn’t stop this flight 15 minutes more. Air Arabia didn’t it, ok, but we had in this same day (26 January) booked flight from Kiev to Poland, we had booked hotel in Poznan and we had booked bus from Poznan to Wroclaw because this is our living place. We told about ours reservations to Air Arabia staff and they said that we must spend one day in Sharjah but next day we will have flight to Kiev and then when we were in Kiev, some person from Air Arabia company will give us airline tickets from Kiev to Poland. Air Arabia staff provided us that we will got a ticket to Poland most certainly. In the same day we checked some flight from Kiev to Poland and we had flight to Wroclaw for 150 PLN for one person, but Air Arabia company provided us that bought airline ticket for us, so we only checked flight options. The next day 27th January when we were waiting at the gate at flight to Kiev after the security control someone form AirArabia looking for us, with whom We went to the Transfer Desk and once again confirmed that we will have a transfer from Kiev to Poland. When we arrived to Kiev, an employee of AirArabia first said he did not know the case, later he told that he knows something, but he cannot help us. If we will know that Air Arabia company fails us in Kiev, or if Air Arabia staff will told us 26th that they can’t buy ticket for us, we will buy cheaper airlines ticket to Wroclaw on 26th January for 150 PLN. In Kiev, we were left without any help, and the employees of AirArabia behaved very rude. We had to buy more expensive airline ticket to Poland.
"
40,✅ Trip Verified ," Montpellier to Casablanca. I've had the worst flight of my life. First there was a total lack of communication and customer care. Secondly they lied to us when when we were about to land in casablanca, by saying that the airport Mohammed V was closed, and that we had to wait in Rabat airport to replenish the fuel. in fact it was not closed but there was evident technical problems in the airplane. And finally, they didn't even offer some water to apologize for delaying us by 2 hours and for the other inconveniences
"
41,✅ Trip Verified ," Hyderabad to Muscat via Sharja. It was very good experience with the flight. Air Arabia staff was supportive and helping nature. Flight approaches to the final destination within time and the flight was very clean and with the good food. Hope I will travel once again with this flight.
"
42,✅ Trip Verified ," I flew Marrakech to Fez with my wife and had an absolutely horrible customer service experience. I had to pay 40 euros to put our cabin baggage (truly under 10 Kg) in the hold, although it was clearly stated on the website that I was allowed both cabin baggage and an additional underseat bag. Later I saw people boarding the same flight with both of these items. I asked the lady at the customer service desk attending to us in how is she allowing others and on what basis were we picked, she was rude and unhelpful. I have never been treated worse by any airline in all my years of travelling. I would never ever use Air Arabia Marocco again, one more dissatisfied customer to your list, keep the good work with your efficient and well trained staff.
"
43,✅ Verified Review ," Marrakech to Frankfurt. Got the information that the flight will be delayed by 3.5 hrs at a time when the flight should actually already have started. It didn't go to the planned destination (Frankfurt) but to Hahn - a 1.5 hrs bus drive away from Frankfurt. But the worst was the handling: Only after 2 hours of insisting and talking to the responsible person the passengers got a voucher to buy some food or drinks - with the value of 5 Euro! Finally arrived in Frankfurt 6 hours delayed at 2am in the night. No connecting trains. No compensation from the airline offered, and it can't be enforced because the airline is not under EU law. Avoid this airline whenever you can!
"
44,✅ Verified Review ," Flew Marrakech to London Gatwick. Absolutely appalling. I had to pay 50 euros to put my cabin baggage in the hold, although it was clearly stated on the website that I was allowed both cabin baggage and an additional underseat bag. I later saw people boarding the same flight with both of these items. The woman at the customer service desk was rude and unhelpful, I have never been treated worse by any airline in all my years of travelling. I would never use Air Arabia Maroc again even if you paid me. Avoid at all costs.
"
45,✅ Verified Review ," Worst company ever. They didn’t show the whole the safety video before the flight, and it was not possible to buy even water on the plane when you fly from Morocco to Sweden. I had Moroccan currency, Swedish currency and credit card, but the only payment the accept was euro. So they took my water and my sandwich and I had a 7 hour flight without water.
"
46,✅ Verified Review ," Muscat to Tehran via Sharjah. My first flight delayed about 2 hours and I lost my second flight as the second flight departed just 15 minutes before our arrival. I am dissatisfied with my flight because the second did not wait for us just for 15 minutes (we were about 13 people left behind). I talked to many staff of Air Arabia and all gave me false information. They said do not worry as the second flight will wait for you. For having a rest they sent me to a room shared with 8 people rather than a basic hotel room. A second flight arranged for us for 24 hours later with no any clear explanation. I sent an email through their website but no any reaction
"
47,✅ Verified Review ," Sharjah to Baku. Absolutely horrible service. First and the last time I will travel with Air Arabia. They sell you food and its acceptable, but when your kids are freezing and they sell you blankets, you know that they are just there to rip you off. They sell you a blanket for 69AED thats actually worth 20AED in the market. Extremely disappointing.
"
48,✅ Verified Review ," I was flying from Colombo to Bahrain via Sharjah with my 8 weeks pregnant wife. Firstly, the flight from Colombo to Sharjah was delayed for about 4 hours which led in missing the connecting flight to Bahrain. Any normal airline would at least provide passenger with correct information. At Sharjah airport (which is another part of terrible story), none of the staff had clear information. The pathetic level of customer care was seen particularly by ""Help Desk"". I was even given an answer by staff on the desk upon asking when is the next flight ""any when!!"". There was nobody present at the desk to reserve us a Hotel even. After going around like headless chickens, I found out that the flight would be in the same evening at 5:50pm. I was told that no need to get new boarding pass you will fly on the same boarding pass. At around 5pm, after sitting on chairs at Sharjah airport in miserable and uncomfortable environment, I was given another news. That the flight is actually full and we will be given 2nd priority if the passengers from connecting flight miss this connection. I even noticed that there were passengers who bought this flight on same day, were told by the staff to just ""wait and we will call you"" meaning they were not let to stand in the queue for boarding. This clearly shows the mentality of the airlines where they have made their money and let the poor people be as stand by. After me literally begging the boarding assistant and explaining him my wife situation, he let us go on the plane and luckily, our luggage was also gone through to be on the plane. I appreciate the help of the guys, but this should not have happened in the first place. It was not my fault that the flight was delayed from Colombo. Even the pilot admitted that it was out of their hands. At least offer us a free meal for goodness sake! The general views of public about airline and Sharjah Airport were quite obviously true. Also, the aircraft is not up to the scratch with other competing airlines in region like Gulf, Oman, Saudia etc. There is clearly a hopeless attitude prevailing throughout this airline management. My first and last ever experience of Air Arabia! I hope I get a refund because I am happy to prove each and every incident that happened in this episode.
"
49,✅ Verified Review ," Tehran to Sharjah. The flight was supposed to leave Tehran at 2:30pm but left at 11:00pm. a different conflicting reasons were given (in Arabic only) including technical problems...etc. Only until we got on the plane did the pilot told us that the fog in Sharjah was the problem. Instead of landing in Sharjah, we landed in Al-Fujairah, 80km away in the UAE. We were not allowed to leave the plane for couple of hours until they released us to the transit lounge which was holding the passengers of another 7 planes. We were not allowed to leave the airport under different excuses. However, UAE nationals were permitted! We had to remain in the transit (literally a barn) for more than 8 hours. Throughout the entire ordeal, there was not a single Air Arabia agent that we could talk to. Bottom line, instead of arriving at 5:30pm, we arrived around 1pm the following day. The airline is very cheap and they will cut cost at the cost of anything happening to the customers. To add insult to injury, after all this ordeal, they would charge you to eat or drink on the plane. Please make sure you don't every give them your business. Pay extra to have a peace of mind and not ruin either you family reunion or your business trip. Interestingly, I learned later that the experience I had was not unique and what happened to us happened earlier and possibly part of a pattern to cut cost (avoiding hotel accommodations or landing at Dubai airport which cost higher landing fees.) The attached photo shows the passengers streaming onto the tarmac and not being allowed to go anywhere. What a miserable experience.
"
50,✅ Verified Review ," Alexandria to Sharjah. This is the message that I recieved from the airline on the travel day itself on Dec 31st, 2016 where all airlines are busy. ""Air Arabia Customer, Your flight G9600 on Sat, 31 Dec 2016 19:45 HBE/SHJ is cancelled. For further info call 0097165580000."" And they left us without any other alternative, and since we booked online by card, the payment will be refunded to card again and so we have the flight budget trapped with them unless we have extra money kept aside for booking a better airline. We will never use this airline again, we can never rely on this level of reliability.
"
51,✅ Verified Review ," Multan to Dubai.The flight was supposed to leave at 10:40am from Multan, Pakistan but it took the whole day till 9pm in the evening waiting for our flight to arrive, without any proper information from Air Arabia as to why is the flight been delayed and what actions being taken. They never tell us if it will be canceled or just been delayed. The staff cannot even give any details from Air Arabia from Sharjah in UAE as to whether they will be sending the plane to Pakistan or not. We tried to contact the Air Arabia Sharjah landline and customer service but to no avail.The line is not being attended and only automated reply is what you get everytime you ring them. Air Arabia cannot take care of their passengers. The delays caused us a lot of trouble at work and stress to our family and friends.
"
52,✅ Verified Review ," Sharjah to Chittagong with Air Arabia. Good value for money. Well maintained schedule. Good offers every week. Check in very slow in Sharjah. Seat not comfortable. 1 of the cabin toilets is restricted by cabin crews. As such, there is always a long queue.
"
53,✅ Verified Review ," Sharjah to Bahrain with Air Arabia. The best economy class legroom in a low cost concept I have experienced. Flight attendants very professional, friendly and smiling. Boarding smooth quick and easy. Catering on board reasonably priced. For a low cost airline everything was impeccable. I was with my family and we were very satisfied. I will consider flying again with Air Arabia.
"
54,✅ Verified Review ," I flew from Chittagong to Jedddah via Sharjah and return with Air Arabia. All the 4 flights were nice and comfortable. The seats offered great legroom which is 32 inches. The cabin crews were very friendly and helpful. However the food quality was average. You have to book your meal with the ticket or you have to purchase it on board. Overall I think Air Arabia offers the best value for money.
"
