,Status,Comment
0,✅ Trip Verified ," Flew late evening flight from Singapore to Jakarta. I had connected from another international flight, however I was met by Garuda ground staff and taken to their lounge. The lounge that is used by Garuda in Singapore is a shared lounge, however they have a good selection of hot food, snacks and drinks. When it came time for boarding the Garuda ground support staff came and escorted me to the plane. The onboard service was very good as there was a reasonable selection of food to choose from. After the meal service the cabin crew kept coming around offering snacks and drinks. Upon arrival in Jakarta I was met by Garuda ground support team who escorted me through immigration. My baggage came out very quickly and the ground support team escorted through customs and to me all the way to my taxi. Another great service by Garuda.
"
1,✅ Trip Verified ," We have flown with Garuda from Melbourne to Bali for the past 12 years. Twice a year over the past 5 years. the staff, planes etc are very reliable. But the videos shown on board did not seem updated since July 2018.
"
2,✅ Trip Verified ," Denpasar-Bali to Perth, Boeing 737-800 aircraft. Same aircraft type when we left PER which prior to departure we had read online customer reviews saying Garuda had replaced the larger aircraft with the smaller B737-800, with 3-3 seating configuration. We were hoping this may have changed by the time our holidays commenced, however, that was not the case! We found the seat width to be inadequate especially when myself and other two passengers have broad shoulders. Very tight squeeze for the 3.hrs 25 mins to DPS. On return flight, air conditioning was not working so not only was it a tight squeeze home but very uncomfortable with the heat, many people complaining but nothing was done. Drinks and food was served with delay adding to the frustration that the cabin getting warmer, people getting hot. Ok food selection for flight out of PER but disappointing on the return leg. Options were chicken or fish, by the time it reached row 19 the chicken had been depleted, the air hostess saying they only stock 20% chicken and the rest fish. I expect more comfortable seating and better service to match what they claim to be a 5-star airline. Please consider going with another airline as Garuda has dropped their game!
"
3,✅ Trip Verified ," Singapore to Kupang via Jakarta onboard GA829 and GA448. The check-in as well as the boarding process was smooth and the staff was efficient and helpful. The cabin crew for both flight were nice and kind. For the in flight entertainment, the touch screen was responsive but quite slow and the movie content was not so up-to-date. The food was okay. Both flights arrived on time and there was no delay in the luggage as well. Overall, it was a pleasant journey.
"
4,✅ Trip Verified ," We have heard good things about Garuda Indonesia which is why we chose them for our first return trip to Bali in October 2019. They really are an excellent airline; even the economy seats have good legroom and pitch and the IFE is adequate although there are some very outdated movies and a small selection of various TV shows. However, for a short flight such as Melbourne to Denpasar, one movie would usually suffice. Everything has been thought of, blankets, sleep masks etc and the FAs move effortlessly around the aircraft with drinks and snacks regularly and the main meals are hot and tasty; usually consisting of chicken or fish. The only criticism I would have would be is that there are several long winded flight deck announcements made in Indonesian but very brief annoucments made in English so you don't really get much information which I found a little odd, especially returning to Melbourne when the plane was 99% full of English speakers. I do respect the fact it is an Indonesian owned plane but that needs to be reviewed. Overall, definitely fly Garuda again.
"
5,✅ Trip Verified ," Denpasar to Perth on 20th October. It was 60 - 90 mins after departure that we were offered a drink, that is too long. The drink was offered was with the meal service (don't know if they were short staffed), nothing offered on boarding in economy. By row 6 they had run out of meal choices (usually only 2) so it was fish or fish. They had run out of cool drink. My leg room was a joke and in the middle seat. Very crowded buses between terminal and plane. On the flight to Bali a larger jet was used, seating far better, bottled water offered on boarding etc. Meals are very average. The entertainment experience is the same as on the smaller plane - woeful. I complained directly to Garuda and got the standard sorry routine. Not good enough.
"
6,✅ Trip Verified ," Denpasar to Amsterdam via Medan. Deeply disappointed. Old (5.9 years) worn-out A330-200, seats colored with a shade of brown. Squeaky and many monitors don't work. Which does not matter since they have like 5 okayish movies on their flights and the rest was trash for me. We had 2.5 weeks between our flights and there were no new movies in this time. The food was unpalatable for me. Indonesian food is ok but not to my liking. You have to call the airline and wait 30 minutes to order special meals. They ran out of wine and snacks halfway the flight. Crew barely speaks English to me. Trying to upgrade to business was a joke. We experienced a lot of frustration on this flight.
"
7,✅ Trip Verified ," Denpasar to Lombok, this 45 min flight had rescheduled departure, just found out at the airport, 15 minutes later. I like to sit at the last row of this aircraft which is 46, for years. Today on the aircraft i figured out that they added two extra rows of seats. Now 48 is the last row. I was unpleasantly surprised to find it on on board. GA did not communicate this way with their loyal passengers. My knee touch the front seat as the seat pitch has declined.
"
8,✅ Trip Verified ," Jakarta to Jogjakarta. Boarded this morning through gate 13 at terminal 3, two airplanes flying to different destinations were utilizing this gate simultaneously. Queue lines were not clearly labelled, staff asked passengers who have queued up to re-queue as they were lining up in the business class lane. Insufficient and narrow legroom. Subpar snack for this 70 mins domestic flight. We were given bread and a small bottled water. Disappointed with the service.
"
9,Not Verified ," Perth to Amsterdam via Jakarta. Didn’t even get to fly with them as they cancelled our entire flight plan. We had booked Perth to Amsterdam business return for our family. We had booked all accommodation and car rental to be told that the flights had changed to an 8hr Jakarta and 8hr Sumatra layover totalling a 44hr trip. So we’ve obviously had to cancel and quickly find an alternative airline 8 weeks out. As you can imagine now rates are through the roof and economy is 75% of what we could have paid for business had we gone a more reputable airline when we originally booked. Never trust these guys
"
10,✅ Trip Verified ," Singapore to Jakarta. Garuda no longer offer wine on this 1hr 45 mins flight and IFE has not been updated since the beginning of 2019. They have devalued their loyalty program. I no longer have a reason to be their loyal customer.
"
11,✅ Trip Verified ," Shanghai to Denpasar return in business class. First leg from PVG to DPS I had a broken seat that did not recline at all. No compensation offered, no offer of changing the flight to a different day, just sorry your seat is broken and nothing we can do it about it. Return journey I went to check in at DPS and airport security said my Macbook Pro has a battery recall which they need to make Garuda aware of. Garuda checkin staff had absolutely no idea about this recall or how to act. They spent an hour discussing it amongst themselves and making phone calls to people who never seemed to answer the phone for us then to be told checkin had closed and we'd missed the flight. I told them that this was their fault and they had to find a solution to get us to Shanghai that day. Checkin then re-opened but I was told they would not give me my Macbook back. So I was in the position of losing the computer or business class tickets. Decided to leave the computer, given no official form or statement to say that Garuda had taken it and was given no information on how to claim it back. What makes less sense is I had travelled to Bali on Garuda during this recall two weeks earlier band they had not brought it up during that trip. This was by far the worst experience of any airline.
"
12,✅ Trip Verified ," Flew on the GA 407 from Denpasar to Jakarta T3 with my family. In Denpasar we were met at the parking area by Garuda ground staff. In fact Garuda already contacted me the day earlier asking approx. what time I would be arriving at the airport at. The Garuda ground staff already had our printed boarding passes and the they helped us check in and through security and we proceeded directly to the lounge. The lounge staff were fantastic as they ever went out of their way to make some French fries for my youngest daughter. When it cam time for boarding the ground support came back and escorted us to the plane. We had a warm welcome from the cabin crew and the captain came out and introduced himself and was most friendly. As I had a large breakfast at the hotel prior to check out I did not eat anything on board and only drank some tea, however my wife and two children chose food from the selection on offer and they enjoyed. In Jakarta Terminal-3 the plane parked at a remote location, however Garuda had a bus waiting to take us to the terminal. The Garuda Jakarta ground support team were on hand to help and our baggage was within us within 15 minutes. The ground support were brilliant as they took my youngest daughter by the hand and and it was like big sister helping her small sister and my daughter was very happy. Great experience for me and my family and I would like to say on behalf of me and my family a big thank you to the Garuda Denpasar ground team, the Cabin Crew of GA407 and Jakarta ground support team.
"
13,✅ Trip Verified ," Myself and my family flew Jakarta to Denpasar Bali on GA-402 07:45 am flight. Check in was seamless and going through security was fast as Garuda Indonesia has specials lane for Platinum Card and Business Class passengers. We were then escorted to the lounge, the lounge was ok, however busy. When it was time for boarding the Garuda ground staff came and escorted us to the aircraft. The aircraft pulled by from the gate on schedule, however, there was a short delay to take off due to air traffic control, however, that did not delay our arrival into Denpasar. The onboard service was very good as there was a selection of hot meals available. I chose the omelette which was warm and tasted very good. My younger daughter has the Nasi and Beef, which she liked. The cabin crew kept coming around offering drinks and snacks through out the flight. My daughter watched the inflight movie, which she enjoyed as she laughed a lot. Upon arrival in Denpasar, Bali we were met by the local Garuda ground staff who escorted us from the aircraft, help collect our baggage and escorted us all the way to our waiting car. This was a pleasant surprise and one we very much appreciated. Thank you Garuda
"
14,Not Verified ," Flew economy from Perth to Denpasar return and paid $430 extra for 2 adults to have exit row on this Boeing 737-800 which has a 3x3 seat allocation and a tiny isle. On both journeys I was so upset because we had paid $430 extra for the exit row seats the cabin crew allowed other passengers to move to exit row seats for free once the aircraft had taken off. I complained to Garuda Perth Office and the reply from the State Manager was more or less bad luck and refused a refund for the extra we paid. Garuda Perth to Bali is 100% a budget airline, the food was poor and on the return flight we brought our own food and ate at the departure gate so we did not need to eat on the flight. The flight entertainment was a joke. No spirits served on board and lucky if you can get a beer or water. Garuda have lost me completely now, will take my business elsewhere.
"
15,✅ Trip Verified ," The flight was to be direct London to Denpasar on a Boeing 777-200 and connecting on to Sydney in an Airbus. The flight from London to Denpasar was changed without being notified the Boeing 777 being changed to an older and less comfortable A330, an additional stop in Medan Indonesia, to refuel but with about half passengers getting off. On arriving in Denpasar we were rushed to our connecting Garuda aircraft and there was no way our luggage could have come with us (arriving 24 hours later in Sydney). The business class service was so poor, they woke business class passengers 3 hours before landing in Medan to ask if breakfast was wanted. Denpasar-Sydney flight there wasn't a printed menu but rather a small handwritten note that the cabin crew were using.
"
16,✅ Trip Verified ," I'm so happy to chose Garuda as my airlines from Tokyo to Bali, the plane was a new one, the seat was comfortable and a lot of space even in economy class. They gave me really good service, the cabin crew was really nice, they are always smiling and always gonna be there really fast if you need something.
"
17,✅ Trip Verified ," Flew Jakarta to Sorong on GA682 September 20th. Check in was seamless as was security as there was not many people around late evening when I was checking in. The Garuda lounge was also quite as it was late evening, however the staff in the lounge were very helpful as they brought me out a selection of sandwiches which was very much appreciated. Boarding started at approx. 12:00am at gate 16 for our departure at 12:30am and boarding process was completed quickly as we left the gate on schedule. As it was night flight I tried to get some sleep, however the seats are not that comfortable as they are in need of repair. The service from the cabin crew was excellent as they keep coming around offering snacks and soft drinks through out the flight, even though the cabin was full. We arrived in Sorong on schedule and baggage came out very quickly, overall a good flight, however Garuda needs to fix seats as they are in much need of repair as they are beginning to show their age.
"
18,✅ Trip Verified ," Palembang to Jakarta. Long time no fly with Garuda Indonesia, surprised by a few changes. Now, snacks are no longer packaged in boxes but use recycled paper, for me this is an innovative way to make efficiency and show that Garuda Indonesia is an environmentally friendly airline. For the short route from Palembang to Jakarta, they no longer offer additional beverage services such as coke, water, milk or juice. My flight was delayed for 2 hours because of the haze that blanketed the island of Sumatra. I still recommend Garuda Indonesia as the airline of choice if you want a comfortable seat and entertainment that is quite up to date, on the other hand I must say that Garuda Indonesia must restore their best performance immediately.
"
19,Not Verified ," I was traveling from Jakarta to Tel Aviv via Amsterdam. Jakarta-Amsterdam part was flown with Garuda in partnership with KLM which took the Amsterdam-Tel Aviv part. I found Garuda to be one of the best airlines I have flown with so far. Service on the ground and in the air were outstanding! Kosher food, IFE and the seat were all positive. What I like most is the friendliness of the cabin crew, they treat you like a king! Will definitely fly Garuda again for my future trips to Indonesia.
"
20,✅ Trip Verified ," Flew from Tokyo Haneda to Jakarta on GA875 on September 18th. Check in opened 3 hours prior to departure and the overall check in process was very efficient and I was on my way to the lounge via immigration. The check in and immigration process took less that 5 minutes to complete. I was escorted through to the lounge by a Garuda ground support staff member. The lounge is a shared lounge, however it is functional and has all the amenities that anyone requires in a lounge. When it was time to board the Garuda ground support staff came and escorted me to the aircraft, which was only a short walk from the lounge. The Garuda cabin crew welcome when boarding is great as you know you are with a team that is really happy to have you onboard. I noticed that Garuda now have a new safety briefing video, which I think is great as it shows the safety briefing intertwined with the various regions and cultures through out Indonesia. I was offered to pre-book my meal prior to boarding, however I stuck with the onboard menu which was more that sufficient. The food selection taste and presentation was excellent. Garuda also provides free onboard Wi-Fi and the connectivity all the way from Haneda to Jakarta was great. Arrival in Jakarta was slightly ahead of schedule and when the plane door was opened I was met by the Jakarta based ground support team who really go out of their way to make to feel special. I was escorted through immigration and only had to wait a few minutes for my luggage to come out. The ground support team then escorted me to a car, which Garuda provided to take me to my home. Overall it was a excellent flight with the door to door service.
"
21,✅ Trip Verified ," Flew to Tokyo Narita from Jakarta via Denpasar and I was extremely happy with the service both on the ground and in the air. I was picked up from my home by Garuda Indonesia car and taken to the domestic check-in area for my flight to Denpasar. Upon arrival at Jakarta Terminal 3 I was met by Garuda ground support team who helped check-in me and my luggage all the way to Narita and, then took me to the lounge. When I arrived in Denpasar again Garuda ground support team were on hand to assist me took me to the international terminal including clearing immigration for my flight to Tokyo. The overnight flight to Tokyo took off on time and I was able to get a full 5 hours sleep. Food onboard was excellent as was the service. Upon arrival in Narita I again was assisted by the Garuda ground support team who helped me through immigration and customs and transportation to my hotel. I would like to thank Garuda Indonesia for this outstanding service and how seamless they made my flight even though I went through 3 airports.
"
22,Not Verified ," London to Denpasar via Medan, My flight schedule had been changed multiple times by the airline prior to departure date so very sceptical. Check-in at Heathrow shambolic not given the eat I had reserved. Fastrack security then the Sky Team Lounge with the most unfriendly service ever, food terrible. Boarding was delayed, on board staff amazing, very attentive. Snacks and drinks offered between meals. Food service was very good, nice crockery & tableware. Food was great quality & tasty. Inflight entertainment selection poor for such a long flight of over 17 hrs. Washrooms the cleanest I've experienced on an aircraft. The staff were genuine and appeared to be enjoying their work. Although not the same level of seat as some of the Arab airlines the service was far superior. I would fly Garuda business again.
"
23,✅ Trip Verified ," From boarding to getting off, just fantastic! Our flight from Singapore to Jakarta with Garuda Indonesia was surprisingly good. Friendly ground crews take care of the needs of passengers and help where they can. There was no delay on our flight. The cabin was clean and in very a good condition. Although the brown seats take some getting used to, but they are comfortable. The legroom is really positive remarkable. It looks a bit in the cabin as if the time has stopped, because the style is really strange. It is interesting that all passengers on a flight with this airline get a hot meal if the flight time is longer than 90 minutes. Drinks are free on board. There are local drinks and food. The staff is also happy to help you fill out the immigration forms, if requested. A single point of criticism is that the windows of the Boeing 737 may be better cleaned from the outside. I already noticed that on several flights. Garuda Indonesia fly again? Always again! This is service competence and friendliness at its best!
"
24,✅ Trip Verified ," Flew on GA683 Sorong to Jakarta. Check in was fast and efficient, however going through security took time as only a single lane was open. I did not have much time as I arrived from a connecting flight, therefore I did not visit the local Lounge. The cabin crew as normal on Garuda gave a warm welcome with genuine smiles. There was 3 selections of food available onboard and this was more than the Jakarta to Sorong flight 10 days earlier, however what was offered tasted good. Arrival in Jakarta was slightly ahead of schedule and baggage came out very quickly so I was on my way home very quickly. Overall this flight was much better that my GA862 August 30th Jakarta to Sorong flight.
"
25,✅ Trip Verified ," Bali to Melbourne. I was disappointed flying home from Bali as the website stated flying business class I was allowed 40 kilos in one suitcase when I arrived at check-in I was advised the limit was 32 kilos in one suitcase so I had to repackage my bag at the airport. On returning I spoke with my travel agent and they had no idea about that rule. The service on board was amazing it was just disappointing about my check-in experience
"
26,✅ Trip Verified ," What a nice experience with Garuda Indonesia from Jakarta to Denpasar. Nice cabin, Good food, very warm welcome from the cabin crew. I should say Garuda is still one of the best airlines in Indonesia also in the world. I can feel Indonesia warm hospitality on the plane! Can't wait to countinue my trip with Garuda Indonesia next time.
"
27,✅ Trip Verified ," Tanjung Pinang to Jakarta. Expensive, poor food and beverage, for a domestic flight which took just 80 minutes they served a small bun, a pack of peanuts and 200ml drinking water. Video screen did not work well
"
28,✅ Trip Verified ," General flight was good and took off and landed on time. Movies could have had a better collection for such a long flight. Snacks and drinks were only served with meals and nothing in between. Vegetarian meal was the same food for all 3 meals, very disappointing.
"
29,✅ Trip Verified ," Flew on GA682 Jakarta to Sorong. Check in was straight forward and going through security was fast. The domestic Lounge in Jakarta Terminal-3 is large, but it lacks food, snacks and drinks. The snacks and food that were available was very limited, which meant I had to go outside to buy food. Boarding the flight was orderly and the plane pulled away from the gate on time, however we had a long taxi to the runway. Again the food and drinks available onboard was very limited and this seems to be a growing trend on Garuda domestic flights. The Cabin Crew did their best in providing what they had available and were extremely friendly. Arrival at Sorong was only slightly behind schedule and baggage came out very quickly. The flight itself was good, however the lack of snacks and drinks even soft drinks is a big switch off both in the lounge and onboard. Garuda needs to do better if they want to maintain their 5 Star rating.
"
30,✅ Trip Verified ," Flew from Jayapura to Surabaya via Makassar on 2 different aircrafts. The 1st flight was really 5 star: comfortable seats, great food, several drinks, good inflight entertainment. The 2nd plane from Makassar to Surabaya was smaller, food a basic snack, no entertainment - overall a real disappointment.
"
31,✅ Trip Verified ," Perth to Denpasar. Absolutely appalled. Dirty plane, service has declined a lot. Plane type not the one we booked. Surly hostess on the way out. Broken seat both ways. In flight entertainment was ou dated.
"
32,✅ Trip Verified ," Denpasar-Bali to London via Medan. Booked 2 x extra legroom economy class flights to and from Bali. Our flight times, outbound and inbound - were changed multiple times, culminating in Garuda cancelling our return flight altogether. When challenged, the airline did rebook our return flights but sold our extra legroom seats again. The airline could not disappoint the customer assigned our booked seats but they were quite happy to disappoint us. This is unacceptable and appalling customer service. We asked about the cost of an upgrade to business class and Garuda were not willing to offer a discounted rate. The cost was in excess of £3000GBP per person. We are now about to board an 18hr flight to the UK in seats that we didn’t book. We have flown to South East Asia a number of times but we will never use Garuda again. We’ll use Malaysia, Thai, Emirates, etc., who offer much better customer focused service.
"
33,✅ Trip Verified ," Tried to change a reservation on a flight from Sydney to Yogyakarta via Jakarta. Not possible to phone anyone in Australia after office closing hours. First time I got through on one of the Call Centre numbers in Indonesia using Australia land line. Got a lengthy ad for one of the shows to take place in Indonesia and only after 30 seconds or so was able to go through the numbers menu to reach a live assistant. Explained my interest in changing flight date. Person put me on hold and there was only empty noise for five minutes or so. No indication of any kind if my call was ever going to get answered so I hung up. Using Skype, I later rang the two numbers on the website. The 0804 1807 807 was answered with 'not functioning message' the other Indonesian landline number rang out. Tried multiple times over the hour. They also advertise a chat line but have zero chat assistants available.
"
34,Not Verified ," After a nice holiday visiting family, we return to Indonesia. Booked a ticket Tel Aviv-Amsterdam-Jakarta with KLM, however, the Amsterdam-Jakarta part was flown with Garuda as KLM and Garuda are both members of SkyTeam. We were very satisfied with the flight. Attentive service from the stewards, seats were soft and spacious legroom, our special Kosher meals were given, our bags arrived with us and IFE was great too! The flight is direct which is a bonus. We would definitely recommend Garuda to others!
"
35,✅ Trip Verified ," Flew on GA823 from Singapore to Jakarta on the 07:25am flight. Check in was fast and efficient. The lounge now used by Garuda is the Marhaba lounge, which is good as they have a good selection of food, snacks and drinks and lots of space for working. The plane was parked remotely so we had to use a bus to the plane, however this was fast and hassle free. The flight took off a few minutes ahead of scheduled and we landed in Jakarta 5 minutes ahead of schedule. The inflight service was very good as there was a good selection of meals to chose from and the cabin crew were very friendly. Upon arrival I was meet at the gate by Garuda ground support team who escorted me through immigration and helped me collect my luggage. Great flight and service.
"
36,✅ Trip Verified ," My family and I Flew on the GA086 from Medan to London Heathrow. We used Garuda on a connecting flight from Jakarta to Medan as the flight schedule had changed at the last minute. We were able to check in all our luggage directly to London. The Check in process at Jakarta Terminal-3 was a pleasant experience and the check in team were most helpful. We were met upon arrival in Medan and were escorted through immigration and into the lounge by the Garuda ground support team. They also escorted us to the London bound aircraft when we were ready to board. The onboard welcome by the cabin crew was 100% genuine and they really look me and my family through out the flight. The food onboard was excellent and there was a good selection of meals to chose from. The Chef and the cabin crew kept coming around offering snacks and drinks after the main meal. The seats were comfortable and we were able to get several hours of sleep even though it is a day flight. The aircraft arrived in London a little a head of schedule and with the help of the Garuda ground support team in London we were through immigration, collected our luggage and cleared customs all within 30 minutes and were on our way to our accommodation. Although we had the inconvenience of having to travel via Medan, however Garuda Indonesia looked after us very well. The free onboard wifi connectivity was good all the way to London.
"
37,✅ Trip Verified ," Sorong to Jakarta. Awful ground staff, rejects my baggage and told me to send my baggage to cargo by myself. Paid another US$30, urged to wait 5 hrs after arrival at CGK, my baggage was dropped in Cargo Terminal and paid another US$10 in CGK. Awful ground services. Flight was okay.
"
38,✅ Trip Verified ," Jakarta to Makassar. We got promo price for this ticket in 2018. Helpful check-in staff, Fast check-in, no queue for check-in. Delicious food, great drink choice, the flight attendant are very nice. But, we wait quite long for baggage. Nice flight experience.
"
39,✅ Trip Verified ," Service was as expected from Garuda excellent. The Airplane was not the newest (considering it's an 737 you might not want the newest anyway, which luckily are still being grounded world-wide). Legroom was decent for the short haul flight, IFE working nicely with reasonable choices of content, the provided headphones were also quite comfortable and sounded reasonably ok (unlike some cheapo earphones given away by other airlines). Despite the short flying time of 1.5h between Singapore and Jakarta, Garuda provides a full meal service, with two choices to choose from, to my delight. On the way back it even offered the choice of a special dish from Padang, which was created by one of the famous Padang Restaurants in Indonesia. This was quite the highlight. The not-so-good: Windows were dusty somehow (but rest of the cabin were actually quite reasonably clean). And the fact that Garuda lands in Jakarta in Terminal 3 Airport (the older Terminal 2 would be better) - but that is more material for the Airport review.
"
40,✅ Trip Verified ," Singapore to Makassar via Jakarta. A Trip to back home, Great service, great staff. Smooth take off. good choice of food & drink. Great choice of in-flight entertaiment. Short time of waiting baggage.
"
41,✅ Trip Verified ," Denpasar to Xian. This review is about a flight I haven't taken yet, and may not get to take. In May I purchased a direct flight from Denpasar to XI'an for August 5th directly through Garuda's website. Today (July 24), I got an email from Garuda with a table that showed the date of the ticket I booked (the 'old ticket') and the date of my 'new ticket' August 2 - three days different. Nothing else was written in this email, no acknowledgement, no explanation. I called Garuda and talked to three different 'customer service' employees and had nothing resolved, because as each employee admitted they can't do anything. I asked to speak to a manager and was told no one else was working. I was told to go to the airport office. I asked if I would be reimbursed for a car and was told no. I was told I will have to take a code share flight on another airline that is a connecting flight. I paid for a direct flight because I am moving and have luggage. They will not make up the cost difference. They just told me I can cancel my flight and book with another airline.
"
42,✅ Trip Verified ," Garuda from Jakarta to Pontianak used to serve hot meal and choice of drink. But now they only serve snacks inside a bag. No candies offered before take off. But the flight attendant still try to serve the passengers in a professional way. The plane is a B 737-800 NG, but the IFE is getting old fashioned on this 1hr 40 mins flight. Luckily I got hot seat next behind the business class that gives me a huge legroom. With the high price in their domestic routes, I hope Garuda can give more services to their customers. The ground service is so so... the terminal is still the best, but will request you to walk further than in the old terminal.
"
43,✅ Trip Verified ," Surabaya to Jakarta. Was seated on the second last row and the in-flight entertainment system isn't working on this 80 mins flight. I complained to the crew, she said yes the last two rows doesn't have inflight entertainment working and thus will be compensated upon landing. Upon landing we were all lied about the compensation.
"
44,✅ Trip Verified ," Medan to Jakarta. A small portion of food, not many drink options, just tea, coffee, water and orange juice. The IFE is not updated, basic movie and entertainment selection, freezing for 30 minutes during the flight, the screen was laggy, not responsive, the seat and window was dirty. The flight attendants were helpful and nice.
"
45,✅ Trip Verified ," I flew from Amsterdam to Jakarta on 13 June. I bought the ticket last minutes at the airport and the staff were so helpful. It was delayed for about 40 minutes. The cabin crew ware so nice and helpful. The amenities kit is so simple, not like Qatar, Turkish or Oman that the amenity kit looks fancy even in economy. The meal provided also quite bad for 13+ hours of flight. I love the flight because the passengers only around half of the capacity, and there was no one in a row around me. I slept like in business class.
"
46,✅ Trip Verified ," Jakarta to Singapore. I’ve gathered a lot of miles to be redeemed for this flight, Ive travel business class with them. But the warm welcome from the cabin crew always is the best from Garuda
"
47,✅ Trip Verified ," The flight delayed about 30 minutes They take us by bus to get into the plane. At the plane, no hot towel distributed, blanket and pillow was given. Food served about 2 hours after take off. No menu was given. No alcohol drinks offered as they don't carry any alcohol on their trolley. The food consist of salad, bread, pudding, and main course. In the galley, they provide coffee, water, or tea. Snack was a small bag of chips, mixed nuts, and KitKat. No cup noodle or others. 2 hours before landing we were given very sweet mango ice cream, and it was disgusting. My IFE was always restarting when I tried to watch a movie. No sound for my IFE even after I ask the crew and they give me other headphones.
"
48,✅ Trip Verified ," Flight attendant not trained well for business class. Snack and food quality so low. I found entertainment boring with old movies. The headphone socket in my wife's seat broken. Tried to complain to customer service, but they refused to compensate.
"
49,✅ Trip Verified ," Jakarta to London. While the flight was not bad (wide seats, good pitch), I am a bit disappointed. I had high expectations, which were not met - at boarding a random cabin bag search took place. Staff was unable to explain why a lighter was not allowed on-board whilst being allowed in the same flight from Heathrow. Staff on-board was medium friendly, and did not seem to understand English very well. IFE was outdated and very limited movies: only about 24 movies, old, and from a limited number of genres. After the whole flight being served only water and juice, I asked for wine during dinner. Staff mentioned there was no wine or spirits available, which I find hard to believe in a flight with 20% occupancy. Unclear why frequent flyers don’t get upgraded to Business Class. In summary, the flight was not bad, but I don’t Think there was much difference compared to 4 star airline.
"
50,✅ Trip Verified ," Denpasar to Bandung. No in flight meal, only snacks on this 55 mins flight. IFE programs not updated. Dirty, old aircraft. Is it because I was flying economy, or is it because it was domestic flight?
"
51,✅ Trip Verified ," Jakarta to London on 1 June 2019. Check-in and boarding was smooth. The aircraft for the flight was a B777 with a 3-3-3 layout in economy. A blanket and small pillow are available on the seat right when you board. The seats itself are comfortable and the legroom quite spacious for economy. The load for the flight was around 60-70%. Particularly in the very rear cabin there were many empty rows so it's possible to get a row for yourself and lie down. Flight attendants on this flight were attentive and very friendly. The food served was good although not spectacular and it's nice that you can freely go to the galley and grab some chips and other snacks to snack on while you watch films on this long haul day flight. Regarding the IFE, there could really be an upgrade in film choices. There is certainly enough to keep you occupied and enough of an option for everyone but more choices would be an upgrade. Once at Heathrow I found my luggage already at the belt even though it did not take me long at all going through immigration. All in all it was a very positive experience with Garuda.
"
52,✅ Trip Verified ," Sydney to Jakarta in February. The flight staff and the food were pretty good, however Garuda lost my checked in bag. They have not been willing to compensate me nor have they helped me with any type of compensation.
"
53,✅ Trip Verified ," Flew on the GA862 Jakarta to Sorong on June 10th at 12.30am. The boarding gate 24 is located a long way from the lounge area, however there are buggies that are available for anyone to board and they will drop you off at the gate. The boarding process was straight forward as there were two gates one for Business Class and Sky Priority members and the other for Economy. The flight took off a little behind schedule as there was queue for take off ahead of us. The flight itself was ok considering it is a night flight. The cabin crew came around through out the flight offering snacks and drinks, it would have been much better if they had of switched the cabin lights out and aloud us to sleep. The flight landed in Sorong close on schedule time, however it took much longer than usual for my baggage to be delivered for a business class passengers. The service overall from check in at Jakarta to landing in Sorong was good, but Garuda could do with a rethink about switching the cabin lights off after initial meal has been served as that would allow people to get some sleep.
"
54,✅ Trip Verified ," Jakarta to Yogyakarta. Short haul flight from Jakarta to Yogyakarta. Welcomed by the ground staff and cabin crew with a warm smile and greetings. Check in process were quick and nice. The staff informed me that I met the criteria of sitting on emergency exit row seat and asked my wishes. I accept the offer gladly. For your information, the seats have more space than regular. The seat, in-flight entertainment, lavatory and noise cancelling device was clean and nice. Foods were served on a paper bag, it taste was good. The aircraft took off and landed on time, very nice. Overall good service from check in to baggage claim, thank you Garuda.
"
55,✅ Trip Verified ," Flew from Jakarta to Yogyakarta on Business Class. The boarding process was smooth. The plane was parked in a remote area and Business Class passengers were transported from the terminal building with a special car. On board, the crew were very attentive. Their hospitality and warmth was genuine and heart-warming. As I flew in Ramadan (fasting month), the crew asked me if I would like to take my meal out so I could enjoy it for fast-breaking. I said yes and they prepared it nicely. The IFE was good with some updated movies which kept me occupied and entertained throughout the journey. Overall, the journey was a pleasant and memorable one.
"
56,✅ Trip Verified ," Flew on the 06:10am GA824 from Jakarta to Singapore. The check in experience was very good considering that it was leading up to local Eid holiday’s. I was escorted from the check area through security and immigration to the Garuda First Class lounge, even though I was on a business class ticket. The lounge as was very good, clean and the staff were very attentive. The Garuda ground support staff then assisted me boarding the plane. The plane pulled back from the gate 5 minutes ahead of schedule and we landed in Singapore over 10 minutes ahead of planned arrival time. I was fasting therefore did not have any food and/or drinks however the onboard cabin crew were excellent and still afforded me attention in relation to hot towels, and a blanket. I was met at the aircraft door by a member of the Garuda Singapore ground staff who assisted me getting through immigration and also in obtaining my luggage. The Garuda teams on the ground and in the air on this Jakarta to Singapore sector exceeded even my expectations.
"
57,✅ Trip Verified ," Sorong to Jakarta on GA863 on May 31st on 08:25am Flight. Priority Check in was pretty fast and the check in team were very friendly and helpful. The flight departed Sorong on schedule and arrived in Jakarta on schedule. The onboard service was very good and the cabin staff were very friendly and attentive through out the flight. Upon arrival in Jakarta I was met by the Garuda ground support team who escorted me through to the luggage area and help to luggage retrieval. Great help and I would like thank you to the ground support team.
"
58,✅ Trip Verified ," The cabin crew was so friendly. They always checked on me. However, the seat was broken. It can not be adjusted. I was waiting for 30 minutes to get my boarding pass printed. Because, I upgraded from economy class to business class, and it didn’t update on their system.
"
59,✅ Trip Verified ," Flew on the GA862 Jakarta to Sorong on May 17th @12:30am. The boarding gate is located a long way from the lounge area, however there are buggies available for anyone to board and they drop you off at the gate. The boarding process was orderly and there two gates one for Sky Priority members and the other for Economy. The flight itself was good and the cabin crew were most helpful and went out of their way to provide me with a sandwich. The cabin crew also came around through out the flight even though it was a night flight with snacks and drinks. The flight landed in Sorong on schedule and baggage was delivered very fast after landing. Overall good service from check in to landing in Sorong.
"
60,✅ Trip Verified ," Flew on the GA087 London to Jakarta via Denpasar. The flight was delayed departing London by over 1 hour due to air traffic congestion. After take off I was able to get a good sleep as the seats are very comfortable and fold flat. When I awoke I had the cabin crew offering meals and drinks. The cabin crew inflight service was excellent and they were always on hand to help and assist. As we were delayed leaving London this meant that I might miss my connecting flight to Jakarta, however on arrival in Denpasar, Bali Garuda had one of their ground staff meet me at the aircraft door and escort me all the way through immigration, customs and check in for the Jakarta flight. Without her help I think would not have been able to make the connection and I am very thankful to her and the Garuda team for their help. With the exception of the delay from London, which was not Garuda’s fault the overall experience was very good experience was very good.
"
61,✅ Trip Verified ," So first of all Garuda Indonesia departure gate was in Terminal 3 which is a plus rather than departing from the other terminal(1 &2). Welcomed by the cabin crew with a warm smile and greetings, Candy and Newspaper were provided. So, unfortunately I sat in the middle because apparently the window seats are all full. The seats were comfortable and also you have extra legroom. They have inflight entertainment system and its decently nice although the screen isn't really responsive (you need to press a bit harder/ it might take time to load). There are good selection of movies and tv shows and also many more. I ended up watching some movies however, i noticed that i didn't have a headphone so i ask the flight attendants to bring me one. Snacks (ts only a 40 minute flight) they serve was quiet nice as well which consist of bun, cake, and brownie and also a towel) There's also many choices for the drink. After approximately 40 minutes flight, we finally arrived in yogyakarta. Overall a very good flight experience!
"
62,✅ Trip Verified ," Flew on the GA086 from Jakarta to London Heathrow. The aircraft pulled back from the gate on time and arrived in London on schedule. Check in at Jakarta Terminal-3 was a very pleasant experience and the check in team were most helpful. I was also escorted through immigration and into the lounge by Garuda ground support team. They also escorted me to the aircraft when we were ready to board. The onboard welcome by the cabin crew is 100% genuine and they really look after you through out the flight. The food onboard was very good and they was a good selection of meals. The Chef and the cabin crew kept coming around and offering snacks and drinks after the main meal. The seats were comfortable and I was able to get several hours of sleep. The wi-fi onboard was very good with good download speeds all the way to London. Great ground support and in flight service and I would like to say thank you to all on the GA086 on April 27th.
"
63,✅ Trip Verified ," Flew Sorong to Jakarta on GA863 on April 20th @08:25am Flight. Priority Check in was not available and the check in lady on the Economy class was overwhelmed to check in all passengers within the time allotted, however she tried her best to accommodate all. The business lounge is not what I would describe as a business class lounge as it is used by general public for a fee. The flight departed Sorong on schedule and arrived in Jakarta on schedule. The On board service was ok, however there was only two selections of food being served and none of these were western. I find this hard to comprehend as over 85% of the business class passengers on the flight were westerners. The cabin crew tried to serve the best they could and did come around several times of snacks, however for the fares being charged for this sector I think Garuda Indonesia should be offering a much better service.
"
64,✅ Trip Verified ," Yogyakarta to Jakarta. The flight is very standard as expected for a short-haul one. However, it is worthy to note that the airline actually served a cold snack for a flight that was less than an hour long. It took quite long for checked baggage to arrive at the carousel in Jakarta, possibly due to the sheer size of the new Terminal 3.
"
65,✅ Trip Verified ," Jakarta to Yogyakarta. This flight was just 49 minutes long, so I did not expect any swanky service. The seat, the aircraft and the food are pretty standard compare to other airlines, though I appreciated that they served a full meal on such a short flight. This helped keeping me from being hungry as I arrived at my hotel very late at night due to its late departure from Jakarta.
"
66,✅ Trip Verified ," Tokyo to Jakarta. This was my first flight with Garuda, and I was totally impressed. Ground service was seamless. The seat was not anything special but comfortable (similar to that on Asiana and Vietnam Airlines A350). Cabin crew was attentive and genuinely nice. However, the highlight was the food. Meal presentations were meticulous in the way of first class service elsewhere, and the food tasted equally good. Dishes were served not on a tray, but separately plated; each was accompanied by new utensils to match, and that created a proper restaurant feel. In my opinion, food is the least important thing on a flight, but it is the same time the most recognizable measure of an airline's service quality. An airline that does well in meals often excels quality control.
"
67,✅ Trip Verified ," Fantastic flight overall, i like it as it's a nonstop flight (14 hours and 30 mins). The flight leave on time, i have attentive & great cabin crew with outstanding service. I am very impressed with the quality of the food on board, it's really 5 stars dining quality, and the chef on board was very friendly and made time to talk to passengers. IFE does not have comprehensive selection like SQ or Emirates, but's it's decent selections of latest movies and tv shows. Overall i am very happy with Garuda in Biz Class and will choose GA on this route.
"
68,✅ Trip Verified ," Singapore to Bali. We were diverted to land at some kind of cargo depot and had a long wait on the tarmac for a bus that took us to luggage reclaim back door. Hall was disorganised with wrong carousel number displayed. Very rough chutes eventually delivered new luggage that had been smashed. We were too late and tired to find an office to complain but told a supervisor and emailed them following day. They replied with another email address to contact. The new email address replied with a ""you're too late response""
"
69,✅ Trip Verified ," Pontianak to Jakarta. Garuda Indonesia overall is good, but the food really needs improvement because it is not good. The cabin staff is so awesome and great, they are totally sincere and care..
"
70,✅ Trip Verified ," Flew on the GA0862 Jakarta to Sorong. The check in process was very fast as there were little people around at 21:00pm. Upon entering the lounge I noticed that Garuda has re-arranged the domestic lounge to provide more seating area. This is a very positive step and does give more seating area. The lounge itself was also very quiet due to the late evening. The gate for boarding the flight is a good 15 minute walk from the lounge, however not too bad as there was little people around. The gate check in process was ok given that the flight was full. I was lucky that I was in the emergency exist row as this give me extra leg room. The flight time is 3 hours and 45 minutes and an overnight flight. The flight itself was ok and the cabin crew tried their best to serve the passengers, as I stated above, the flight was full. Overall the service from check in to landing in Sorong was good.
"
71,✅ Trip Verified ," Flew from Tokyo Haneda to Jakarta on the GA0875 11:45am. Garuda Indonesia. The check in area was quite busy, however check in process for First and Business class were moving quite quickly. I was assisted by the Garuda Ground Support team through security and immigration. I was then taken directly to the TIHT lounge which Garuda uses at Haneda. The lounge itself is quite good and has good views of the airport apron. It is a self service lounge, however there were sufficient snacks and drinks available. The plane pulled away from the gate a little ahead of schedule. After take off the cabin crew came around to start taking orders for drinks and meals. There was a choice of 3 main course meals and I chose the baked salmon, which was very well presented and tasted very good. Cabin Crew kept coming around offering snacks and drinks through out the flight. There was free Wi Fi service onboard and connection was very good with good download speeds. When we landed in Jakarta Garuda had their ground support team assist me through immigration and collected my luggage and I was on my way home within 30 minutes of arrival. Overall great trip and with great Cabin Crew and Ground support team.
"
72,✅ Trip Verified ," Flew Jakarta to Haneda, Tokyo on the over night flight. Garuda Indonesia had arranged for a car to pick me up from my home and when we arrived at the airport there was Garuda Ground Support team waiting to meet and assist me with check in, through security and immigration. This was a seamless process and I was then taken directly to the lounge. Service is the lounge was very good as they had a good selection of food and drinks to chose from. When it was time to board I again had the ground support team assist me all the way to the Plane door. The flight pulled away from the gate on time. I stated I wanted to get some sleep and would have something to eat prior to landing on Haneda. The Cabin Crew prepared my bed and woke me 1.5 hours prior to arrival in Haneda to serve my pre-ordered breakfast. The breakfast and presentation was excellent and the cabin crew coming back offering more food and drinks. When we landed in Haneda airport Garuda had their local ground support assist me through immigration and collected my luggage. There was free Wi Fi service onboard, although I only used it for a short time the connection was very good with good load speeds. From the time I was picked up from my home to check in, boarding and getting through immigration in Haneda, Garuda Indonesia provided an excellent service. This was First Class service at its best.
"
73,✅ Trip Verified ," Flew on the 07:25am GA823 from Singapore to Jakarta. The check in experience was good considering that the area was busy even early morning. The lounge that Garuda Indonesia uses is the Dnata lounge which is very good and it has a good selection of snacks and drinks. The Garuda Singapore support staff assisted me going through security and boarding as the plane was parked in a remote stand at the airport, however the process was fast and efficient. The onboard cabin crew were excellent and presented 3 selections of breakfast meals. The meal I chose was well presented and also tasted very good. We arrived in Jakarta on schedule and I was met by a member of the Garuda ground staff would assisted me getting through immigration fast track and also in obtaining my luggage. The overall service provided was excellent from check-in to collecting my luggage in Jakarta. The Garuda team both on the ground and in the air on this Singapore to Jakarta sector exceeded expectations.
"
74,✅ Trip Verified ," Melbourne to Jakarta. Great food and very attentive cabin crew. Garuda clearly recruits it staff with a strong focus having the right attitude for delivering top quality customer service. The warm beef sandwich was one of the best pre-landing snacks I have every eaten on a plane.
"
75,✅ Trip Verified ," Jakarta to Amsterdam. A long 14 hour flight, but comfortable sleeper beds and very attentive cabin crew. My only criticism was that two of the main menu choices were unavailable (salmon & chicken), which was very disappointing.
"
76,✅ Trip Verified ," Singapore to Jakarta. Older style aircraft in need of modernisation, small toilet and my seat was broken and would not recline. The cabin crew were attentive and the food served was tasty and hot.
"
77,✅ Trip Verified ," Jakarta to Melbourne. Comfortable A330, great cabin crew and a smooth flight. The menu for dinner was not fully available, and three main course dishes were unavailable, primarily western dishes. This was disappointing as the airline should consider either a pre-booking service or carry more choice. This was the only downside on an otherwise very comfortable flight.
"
78,✅ Trip Verified ," Very long flight of 14 hrs 40 mins. Flight was not full (Economy cabin was almost empty). Latest style seats- very comfortable. Had window seat. I was allowed to keep my blind open and enjoyed staggering views of the mountains of southern Iran. Service by FAs was excellent, always friendly and attentive, as I have found on all recent Garuda flights. If only they had had “dine on demand” the flight would have been perfect. Left at lunch time and had good lunch. At dinner time by my body clock, I was encouraged to eat hot snacks . However, I really wanted to have their dinner menu at that time but was told it would be served 2 hours before landing. Such are the arbitrary rules of air travel! That would have been in the early hours of the morning by my body clock and I would not want the dinner if full up with snacks. I would also have liked to get some sleep before landing. Fortunately, they did agree to serve my dinner a bit early and I did get a short nap before landing. There was an on-board chef. Wines were good, food was beautifully presented but the ingredients were not really up to the same standard. Overall, though, a very high standard.
"
79,✅ Trip Verified ," Jakarta to Sydney via Denpasar. Seats were old style but nevertheless comfortable as the flights were not full. CGK-DPS was a domestic flight and no alcohol or western food was served. I did not find the food palatable. I was very pleased and impressed by the way Garuda handled immigration and transfer for those continuing to Sydney. We were woken for breakfast 2½ hours before landing which was too early on a flight of just over 5 hours. Nevertheless, service by FAs was very friendly and of a high standard throughout.
"
80,✅ Trip Verified ," Flew on the GA 862 Jakarta to Sorong. The check-in and security process was quick as the airport was not so busy. The Garuda Business Class lounge is ok as was the wi-fi, however as I have pointed out in other posts there are no non-sugar soft drinks available in the domestic lounge. It the flight take off time was 12:30am, therefore many of the coffee shops in the terminal are already closed, therefore making it difficult to purchase non sugar soft drinks outside the lounge. The plane was full, however the cabin crew did come around quite often offering snacks and drinks, however there was no sugar free soft drinks available on board also. The food selection is also very limited i.e. only two options. The flight arrived in Sorong on time and baggage came out very quickly. Overall the flight was ok, however Garuda Indonesia needs to think about providing non sugar based soft drinks together with a wider selection of meals considering that it is a 3.35 hour flight and arrives in Sorong at approx. 06:30am. Therefore a breakfast might be appropriate.
"
81,✅ Trip Verified ," Melbourne to Jakarta. I've been trying to change my return flight from Jakarta where I booked directly with Garuda website, and the experience has been so painful so far. Their number isn't always reachable. Try contacting them via email and they get back with a canned response. And their live chat is pretty much not empowered to do anything (comes to payment, and they tell you to contact the call centre). I called their call centres multiple times. I got told that the fee to reschedule my flight is A$100 + $13 price difference. I agreed to it and they said they are going to confirm the rescheduling and told me to wait for 3-5 mins. And the call always got disconnected. In the end, I'm still trying to sort out my rescheduling via live chat now. I don't know whether it's going to go well or not. I've spent more than 4 hours from yesterday trying to sort this out.
"
82,✅ Trip Verified ," Bali to Melbourne. I enjoyed the flight. The late night snack could have been better. But the drinks and breakfast were fine, as were the flight attendants and IFE. There was a slight delay in departure, but it was no big deal. It's a pity they charge such an exorbitant price to select our own seat. Also, no matter how good the international service of Garuda is, the flights within Indonesia are poor with may flight change, delays and cancellations .
"
83,✅ Trip Verified ," Lombok to Sumbawa. Unfortunately, yet again my flight was changed at the last minute. From 12:40 to early in the morning! I was lucky I was able to check the internet and my travel agent was able to contact me. Otherwise I would have wasted a whole day. It is frustrating spending my whole holiday wondering if Garuda will decide to fly or not! They really must improve their internal service. At least the staff were friendly.
"
84,✅ Trip Verified ," Bali to Lombok. Unfortunately the times kept on changing over and over for this flight. What should have been a short connection from my Melbourne to Bali flight meant a wait all afternoon. I was lucky I was able to be shown around Denpasar by a travel agent. This is not acceptable for what is supposed to be a full service star airline. On the plus side the service was good and the refreshments were quite tasty.
"
85,✅ Trip Verified ," Melbourne to Bali. It was a pleasant flight. Good service, friendly staff, very tasty food. The IFE was quite good as well. Food was offered 3 times. Drinks and snacks, lunch and drinks and ice cream and drinks. My only complaint is the enormous fee for selecting a seat. Also, because my connecting flight to Lombok from Bali kept changing I had to wait all afternoon for my connecting flight. I was lucky a travel agent was able to show me around Denpasar for the afternoon.
"
86,✅ Trip Verified ," Flew GA 087 London to Jakarta via Denpasar. Garuda Indonesia has now moved to Terminal-4 at Heathrow and the check-in area is much better than that of Terminal-3, which they previously used. The check-in process was fast and efficient as was clearing the security process by going through Fast track. Garuda are now using the SKY PRIORITY Lounge in Terminal-4 and this is much better as there is loads of space and a very good selection of hot and cold food and drink. The boarding gate was vey close to the lounge and the boarding process was well controlled. As it was a night flight I was able to get between 5~6 hours sleep. The cabin crew when I awoke were on hand to offer food and drinks and nothing was any problem for them. The cabin crew are very friendly and are really happy to show you Indonesian hospitality at its best. As we had to clear immigration and customs Denpasar this can take a little bit of time, however with the help of Garuda ground staff I was able to clear immigration, customs and check-in for my Jakarta flight within 25 minutes. It is a long flight from London to Jakarta via Denpasar, but Garuda ground staff make the process seamless. I would like to thank the Garuda ground staff in London, Denpasar and Jakarta for their help and assistance as they really make a big difference.
"
87,✅ Trip Verified ," Flew GA086 Jakarta to London. This flight was relaunched in December 2018 in a two class configuration i.e. Business Class and Economy only. The Garuda check-in and ground support team were very helpful and I was through to the lounge within 5 minutes and that included going security and immigration. The service onboard was excellent as the cabin crew kept coming around and offering snacks and drinks. There was a very good selection of food offered through out the flight and the cabin crew were always at hand to help. We arrived into London slightly behind schedule due to strong head winds and bad weather at Heathrow, however the crew had us of the plane very quickly and the baggage arrived within 10 minutes. This was exceptional considering Heathrow is renowned baggage always taking its time to come out. I bought Wi-Fi connection for the duration of the flight and the connection was very good with good download speeds. Overall excellent flight and great service all the way from check-in through to baggage collection in London.
"
88,Not Verified ," Singapore to Bali with Garuda Indonesia. Short haul flight was great due to fairly empty plane. Staff were attentive and allowed for passengers to spread out into the free seats. It was great that inflight entertainment & headphones were provided on a short haul flight.
"
89,✅ Trip Verified ," Perth to Denpasar. I have been flying wirh Garuda Indonesia numerous time to Bali and Jakarta, at least twice a year. Always on time. The service was great and staff were friendly with a smile. The food were ok. Cabin was clean and spacious. Entertainment was good. All flights were smooth - take offs and landing. One of the best in the world.
"
90,✅ Trip Verified ," Flew with Garuda from Melbourne to Surabaya with a stop in Jakarta. The trip started with early check-in time, arrived at the airport three hours before departure time (4:30 AM), Check-in and immigration was a breeze and went smoothly, our flight was slightly delayed. We boarded with really friendly and warm staff, arrived at the seat and a pillow and blanket were waiting. The safety video was really entertaining and we departed on time. After departure we were served breakfast, there were two choices, Omellete or Fried rice, I chose the fried rice, which was really tasty. The IFE on Garuda could have better options, there was a very limited choice but what they offered was still pretty good. Before landing, we were served another full meal, which shocked me, I had beef and rice with Guava juice. We landed late, but smoothly. Surprisingly the crew handed me a Fast track card since I was connecting on a domestic flight and would have to past immigration, I was shocked that the crew gave it. At Jakarta T3 the transit was really smooth and nice, the terminal was really beautiful. Boarding started on time and we made the transfer, boarded with really friendly staff, Take off on time and service soon started. On this short flight, we were handed a snack box which included a sandwich, water & mango pudding, we also had a choice of drinks, I chose Guava juice which was nice and refreshing, an IFE was provided on this 737. Landed on time in Juanda. Overall a really good flight with warm Indonesian Hospitality, truly a 5 star airline.
"
91,✅ Trip Verified ," Sydney to Jakarta, the service was great, the flight was on schedule, and the aircraft was clean. However, the frequent flyer program (GarudaMiles) is one of the worst frequent flyer program that I ever encountered. They rely on the customer to checking the system to ensure that it run as it is eg. they put the blame on their customer when the millage does not go through despite it was clearly written on their customer boarding passes and mileage claiming process could take up to 2 weeks. With a very limited and outdated movies available on their in-flight entertainment and average food and beverages.
"
92,✅ Trip Verified ," Flew with my family of 5 from Tokyo to Jakarta via Denpasar with Garuda Indonesia on December 26th and the service from check-in at Narita and disembarking in Jakarta was very good. The check-in team in Narita were very helpful, however they did manage to get my booked and confirmed seats mixed up and we ended up sitting in seats that were not the ones that we originally booked and confirmed. Apart from this mishap the overall experience was quite good. The Garuda ground support team in Denpasar Bali were most helpful and got all 5 of my family from the International arrival’s terminal to the domestic departures terminal very quickly including clearing immigration and customs. In the lounge the ground support team were most helpful and brought my children some great snacks as we waited for our connecting flight to Jakarta. The flight to Jakarta was slightly delayed, however the ground support team did everything possible to keep us updated on the revised departure time. Upon arrival in Jakarta the Garuda ground support team were on hand to help and assist us getting our luggage and getting us on the road home. Overall a great service both on ground and in the air from Garuda Indonesia from Check-in at Narita, Tokyo to in Jakarta via Denpasar.
"
93,✅ Trip Verified ," Again Garuda showed they take their 5 stars seriously and not for granted. Great seats in economy class, clean cabin, and their legendary service by worlds best cabin crew. It was a joy to stay for appx 15 hours a board on the non stop flight from Jakarta to Amsterdam.
"
94,✅ Trip Verified ," Flew with my family from Jakarta to Narita, Tokyo via Denpasar with Garuda Indonesia and the service from check-in at Jakarta and disembarking in Narita, Tokyo was exceptional. Garuda ground support team even called me prior to us leaving home to ask the approx. time that we would be arriving at the airport so that they would have someone waiting to help us with our luggage. Check-in all the way to Narita was very fast and efficient. The Lounge in Jakarta was busy was expected as Christmas holiday time, however they were seats available. On arrival in Denpasar Garuda ground support team were on hand to escort us from the domestic terminal to the international terminal and through immigration and they then took us to the lounge. The Garuda ground support teams, in Jakarta, Denpasar and Narita are a credit to Garuda Indonesia as they are dedicated to their passenger’s and nothing is any bother to them. Our flight from Denpasar to Narita flight was scheduled to take off at 12:20am and we boarded well in advance and will two young children this helped them get ready for some sleep. The cabin crew were outstanding to my family overall and went out of their way to help and accommodate my young children food needs even though I did not pre-book any special meals. Overall an exceptional service from Garuda Indonesia from Check-in at Jakarta through to disembarking in Narita, Tokyo.
"
95,✅ Trip Verified ," Flew Jakarta to Sorong on the night flight. When I went to the business lounge I found that there was no NON sugar soft drinks and/or western food available so I had to go out to a local food outlet within the airport and purchase. The same on the aircraft there was no non sugar soft drinks nor was there sparking water. There was only two selections of food being served and none were western. I find this hard to comprehend as over 70% of the business class passengers were westerners. If Garuda do not serve western food on domestic flights and/or want to service non sugar drinks, then they should inform their passengers so that we can bring our own snacks. I can only assume that Garuda are trying to save money as on their international flights they have an excellent service and a very good selection of food and drinks.
"
96,✅ Trip Verified ," Flew Jakarta to Singapore on the first flight 06:10am. There was sufficient staff available at check in to ensure there was no queues. I was then escorted to the lounge were there was a good selection of food and drinks. The Garuda ground support staff came and collected me when it was time for boarding. The flight to Singapore took off on schedule and we arrive in Singapore and on the gate on schedule. The onboard service was good as was the selection of breakfast food. From leaving the aircraft, passing through immigration and collecting my luggage it took only 15 minutes. Excellent service. Thank you Garuda.
"
97,✅ Trip Verified ," Amsterdam to Denpasar via Jakarta in 2017. After flying with 10 different airlines this year, Garuda is the best! The food on board is the best I got on all the airlines I've flown with, the crew is the best I've flown with. And the aircraft are modern and new. I had a fast transfer on Jakarta, because of a one hour delay in Amsterdam I missed the transfer. The crew took us with them and gave us new boarding passes. The next flight was only one hour later. Great service!
"
98,Not Verified ," Jakarta to Amsterdam. Many things went well - on time departure, a pleasant flight,food on board so so and not crowded this time. The seat reservation is expensive, getting my airmiles is a very painful task: the site is programmed to fail. I bought onboard wifi for US$25, but the speed was less than 0,5kB/sec and a waste of money.
"
99,✅ Trip Verified ," Jakarta to Yogyakarta. A short but pleasant flight. Even though it is just a short flight, all of the services expected from a full fledged carrier is being given. Meal is not given because it is short distance, but light snacks and drinks are still given. All of the flight attendants are really pleasant, and all of the niceties is present even though it is just a short flight. The landing on the other hand is a bit rougher than usual Garuda Indonesia's flight.
"
