,Status,Comment
0,✅ Trip Verified ," We were 17 people traveling together and at Bangkok airport we were asked to pay extra for Myanmar (4 of them) passengers because their name was entered wrong. We have travelled HK Airlines before but this wasn’t a problem then. Myanmar citizens have only one continuous name with no surname or first name and we booked their tickets by entering their name twice in both fields. At the airport we were told that this is wrong and we needed to enter Mister or Miss in the first name field and the surname field to be entered with the whole name. Nowhere does it say this as we entered the name according to our previous experience. The ground staff said she was only working there and she could not do anything but follow orders. I do think if you take on a job you are expected to fulfill your responsibility towards the job and not fill a seat! Calling the Bangkok office is of no use because they do not pick up or keep you waiting and the automatically disconnects. So there is no way to clarify booking details. We went to the Bangkok office before the flight date and they didn’t say that there was an issue with the names then. This is high unacceptable. The flight itself was uncomfortable - the planes both to Hong Kong and to Osaka were small with no personal TV.
"
1,✅ Trip Verified ," Hong Kong to Taipei. During this 90-minute flight, using the IFE system is enough. The cabin was not much comfortable as the A330s was quite old. The catering service was quite short with a sausage bun but it's enough for short-haul. After touch down in Taipei, taxing was a bit long due to traffic control.
"
2,✅ Trip Verified ," Bangkok to Hong Kong. The really good thing about Hong Kong Airlines is that their prices are fairly reasonable and it remains that way even till a day or two before departure, which makes last minute flying with them great. Also, they do not charge a premium on one-way tickets (i.e. The cost of a one way ticket is roughly half the cost of a return ticket), so it really helps when flying multiple destinations. Other than that, it is quite an average airline with average legroom, below-average food, service, average IFE, etc. This certainly isn't my first time flying with them, and they're a just-meeting-expectations airline on the whole. I appreciate and would recommend them for their flexibility especially for a last-minute traveler around Asia.
"
3,✅ Trip Verified ," I booked a trip with Hong Kong Airlines in March 2019 for travel in December 2019. I booked it this far in advance so that I get decent prices on the flights. My flights were confirmed by Hong Kong Airlines and I booked the hotels at my destination. One month after I booked the trip, Hong Kong Airlines contacted me to let me know that the airline had cancelled our departure flight and that they were bumping us out by one day. Then 3 months prior to departure, Hong Kong Airlines contacted me again to let me know that the airline had now cancelled our return flight and they would be bumping us out by one day for our return flight. I contacted my travel agent to let them know that this was not acceptable as it would cost me more money again to book a hotel for the extra day. After spending hours and days on this, nobody at my travel agency or Hong Kong Airlines was able to assist me. At the end, they offered me a refund. I let them know that the reason I had booked my flights 9 months in advance is because I wanted to ensure that I get decent prices on my flights. Giving me a refund 3 months prior to departure is not going to help me find similar flights on the dates that I needed them on.
"
4,Not Verified ," Los Angeles to Bangkok via Hong Kong. I purchased a ticked from an online travel agency, and none of the seat selections was respected, even though the receipt showed them as confirmed. For online check-in instead of using the name and locator number, they require the ticket number, which was not on the agency confirmation. The lounge in LAX was mediocre. On the LAX to Hong Kong leg, the hard product (cabin/seat) at first glance looked quite comfortable enough. The soft product was of vastly inferior quality. The seat was dirty, crumbs on the seat, and stains on the armrest. The service was uncoordinated and slow. The bread came after the main course. The drinks were poured once, and any further request for either a refill or more water was only brought after a long wait or a reminder. The wifi was unusable. One could see the network, but there was never a connection. Getting seats assigned on the return portion was impossible at airport checkin on the outbound, and could only be done 24 hours prior to the last segment departure (not 24 hours before the first segment departure, as is standard). A call to their customer service line resulted in ""I cannot open the seat map."" There is a lot of competition on these routes, and, I'm sorry to say, for the price, this is the worst option.
"
5,✅ Trip Verified ," My son and I were flying from Vancouver to Hong Kong with Hong Kong Airlines. Everything was going extremely well, until my son's stomach started to hurt and started throwing up. The Cabin Crew were extremely nice and they allowed my son to lie down in business class. One of the Cabin Crew was really nice to my son. They asked if he wanted hot water every hour and also gave him some medicine to reduce pain in his stomach. Overall, I think the Cabin Crew were exceptional and they also arranged him a wheelchair.
"
6,✅ Trip Verified ," My flight was Sapporo to Bangkok but I had to transfer on Hong Kong about 24 hrs. For first 24hrs I accept to wait because that was the ticket I bought but the airplane was delayed after that. I asked them as I want to get a shower but they say no and give me a voucher for food. The flight still delayed so they gave me a second voucher food which mean nothing to me. I’m disappointed didn’t fix the problem properly to me.
"
7,✅ Trip Verified ," Okinawa to Hong Kong. Very bad service, I reserved aisle seat, but they changed my seat without notifying me. After just boarding the flight, they have not turned on the AC and the cabin is really hot.
"
8,✅ Trip Verified ," Beijing to Hong Kong. Ticket quite cheap (comparing to an average of HK$2500, this was only HK$1000). New aircraft. Check in at PEK is fast, but boarding is a little messy. Cabin crew and service is good (they may also accept flight logs). Meal was nasty as usual since air cater was done in PEK.
"
9,✅ Trip Verified ," Bangkok to Los Angeles via Hong Kong. Efficient cabin crew serviced passengers quickly and met all basic expectations. They might not seem friendly, but they were not rude. I assumed their focus were on speed and getting the job done. Good in-flight entertainment - lots of selections catering to local and international passengers. Plenty of snacks and drinks during flight, self-service style. Hot food were ok.
"
10,✅ Trip Verified ," HX offers very attractive price for business class for destinations such as Okinawa, Bangkok and Denpasar etc. An older ex SIA aircraft was used, the seat was 2x2x2 angle lie flat. For medium to short haul, that's perfectly fine. What impressed me the most are the wonderful set of crew on board, they are enthusiastic, charming and very efficient. For a flight of nearly just 2 hours, they managed to do a full service (welcome drink, hot towel, meal in 2 separate courses). Compared to my recent experience with Thai, who just stacked everything onto one try for a sector slightly longer than from HKG to Okinawa. HX has a good and extensive duty free catalogue. Boarding was very orderly, and parked at aero bridge. Despite the bad rep and recent financial troubles and rumours for shutting down, things seems pretty ok. They have every reason to stay on the market, and I wish them well, I will continue to chose them for Bangkok, Okinawa and Denpasar.
"
11,✅ Trip Verified ," I was returning with my 92 years old dad from Shanghai to Hong Kong, because my dad has difficulty walking long distance, so I called two days ahead for wheelchair service. Upon check in the agent has no record of the service, but said will arrange a wheelchair in 30 mins. When it’s time I went back to the agent and had to wait for another 25 mins before a wheelchair was brought out. After being pushed to the gate, we were told another agent will be back and push my dad onto the plane. Upon boarding we waited but no one showed up. There was another lady on wheelchair and agent told her she needed to be the last one to board the plane. After most people boarded still no one came by, so I asked an agent and she immediately asked a female agent to push my dad in. After arrival to Hong Kong, We were told a wheelchair will be brought to door after everyone departs. Then 10 mins after everyone departed the plane, they told us a wheelchair is here and who wanted to go first (two passengers needed wheelchair). Since my dad was standing he was pushed thru the ramp to terminal right outside the gate. Then they asked my dad to sit on a bench while they went back to push the other lady out. Afterwards they said will check for another wheelchair for my dad while they pushed the lady out to customs. We waited for 40 mins without sign of any wheelchair. An agent was accompanying us and he kept checking. Finally my dad was upset and decided to slowly walked out himself while holding my arm. The agent said wheelchair was handled by another company and they were lack of resources! The flight service was decent but be warned if you have a need for wheelchair service!
"
12,✅ Trip Verified ," Hong Kong to Vancouver. My flight connection was rescheduled last minute from a 2 hour layover into a 12 hour layover and they would not let me use the lounge while I waited. Now I’m stuck without a place to relax. I feel it would be easy for them to accommodate me for their own scheduling mistake, but they do not. Furthermore it seems the lounge staff and help desk do not even have the authority to accommodate me if they wanted to. Won’t fly with them again.
"
13,✅ Trip Verified ," Los Angeles to Bangkok via Hong Kong. Flew on same exact brand new A-350 (B-LGH) on three of the four legs and on an older A330. The A350 was in the new herring bone configuration, which is more modern but not necessarily more comfortable than the older business cabin on the 330. Check-In ans Boarding efficient and quick, lounges in LAX (International Lounge) and BKK (Miracle Lounge) were mediocre, in HKG (Auris) - Great. Amenities were standard, food was good and it was presented well. Wine selection was limited, and drinks/refills were not offered as much as it should be customary in Business class. Cabin crew was hard working and courteous, maybe a bit inexperienced. My seat (12K) got stuck on both long legs and I had to be reseated. WiFi was only available on the last leg. Overall an excellent experience and great value for the price paid. Would definitely do again.
"
14,✅ Trip Verified ," Other than a low price, I do not find many redeeming qualities. The aircraft were new, but the layout appeared a bit uncoordinated as did the design and color schemes. Service was very green and awkward. I found the food was very mediocre, rather institutional. IFE was lacking in selection. The seats were good and the flight was on time. This carrier does an okay job if it serves your low fare needs.
"
15,✅ Trip Verified ," Auckland to Hong Kong. Worst experience with an airline.Very unhelpful and rude people at check in. The women at the check in desk asked us to show her on our ticket what the flight number was, She couldn't read her own airline ticket. On top of that she also missed that the luggage were traveling all the way to Istanbul and messed that up. We'll never fly with Hong Kong Airlines again.
"
16,✅ Trip Verified ," Our flight from Los Angeles to Hong Kong was delayed for 5 hrs, then Hong Kong to Manila was also delayed. The worst part is when we arrived to Manila, 3 of our baggage didn't arrive, we waited another 24 hrs for our baggage. Never gonna fly this airline again.
"
17,✅ Trip Verified ," Hong Kong Airlines seems to be going strong, despite of the recent rumours about their financial hardship. For this route HX deployed an Ex SIA A330 plane, with old style angle lie flat seat at 2-2-2 configuration. It's from the 90s but still at acceptable condition. Leg room and seat pitch are acceptable, only it's a bit cramped when in fully flat position. This is ok for short haul flights like this one, so no complaints. Catering and wine selection is average. Beef is a typically difficult type of meat to serve and get right on board. My beef dish was tough, so I ate only half. Despite these short comings, what makes HX shine are their well trained cabin crew, who are courteous and hard working. They are also very pro-active and see to my every need throughout the flight, reminds me of how things used to be in the long gone past. They have a very good on board duty free catalog that offers some unique items. Fast track was given to help speed through immigration process. Priority bags are amongst the first to be delivered. Overall, a very impressive experience.
"
18,✅ Trip Verified ," Osaka to Hong Kong. This flight was well below par in terms of service, no smile from flight attendants, no slippers offered. Inflight meal arrived without chopsticks for starter, no refill of drink and my food tray was not collected for over an hour. Whilst waiting for the bathroom, near the middle of the aircraft I saw the Cabin Crew looking after the economy class were preparing drinks on trays to offer economy class passengers. Seems like Economy Class passengers had better service than business class passengers on this flight. Was a flight to forget. Economy class luggage was delivered before Priority Baggage. The positive is it seems as if inflight meals have improved significantly the past two flights.
"
19,✅ Trip Verified ," Manila to Vancouver via Hong Kong, the first leg from Manila was Philippine Airlines. Our layover was only 2 hrs but we had to line up for an hour in HKG to get our connecting boarding passes. Prior to the flight I had checked in online already and saved the bar codes in my phone, however according to the staff, these were not allowed and printed copies were required. They should have at least noted that online. During boarding they did not prioritize families with children. Inflight entertainment is limited to movies and music. Inflight food is not nourishing for me. The cabin crew are very accommodating and helpful. Flight was punctual as expected.
"
20,✅ Trip Verified ," Beijing to Hong Kong. The flight is about 80% full. My seat is in the middle next to wings. I was served a meal without any choice. As I really didn't want to eat spicy noodles the cabin attendant gave me breads instead, but no butter. Since no entertainment on this old airplane, a passenger use speaker loudly of his mobile phone to watch something in flight.
"
21,✅ Trip Verified ," Bangkok to Los Angeles via Hong Kong. First of all, the Hong Kong Airlines website is really clunky and bad. The error messages are cryptic and useless at best. We were not able to check in online, and got different error messages each time. We purchased VIP lounge passes, but only received 1 via email/text and was unable to attach them to our itinerary or my frequent flier account. I was unable to make an FF account for my wife, again useless error messages. Check in lines were pretty long, and boarding was poorly managed. We paid extra for the ""extra legroom"" seats for the HKG to LAX and return and if those have 3"" extra legroom, I'd hate to sit in a normal seat. The seats were also hard and uncomfortable. I have flown a number of other Asian carriers (Singapore, EVA, Korean primarily) and all had much more comfortable normal seats. The food was poor and very little choice. No self-serve snacks, no menu provided. Only Chinese-style food and it just wasn't that good. There was limited water/juice service throughout the flight. Considering the quite low price we paid, it was reasonable. But if you look at other seasons, the prices are not even competitive with airlines with better service, I think our fare was somewhat of a fluke.
"
22,Not Verified ," On Nov 24 2018 we arrived at the Ho Chi Minh Airport only to find our flight would be delayed due to a typhoon. I want to thank the staff at Hong Kong Airlines for taking such good care of us from Ho Chi Minh to Hong Kong to Vancouver, and even arranging our flight through Air Canada from Vancouver to Calgary. I panicked several times due to not being well travelled. I want to express my deepest appreciation for the absolute care & attention provided to me and my family every step of the way, ensuring alternate flights were arranged, looking after our luggage, and reassuring us that they care. I am so very impressed and appreciative. Thank you!
"
23,✅ Trip Verified ," Hong Kong to Ho Chi Minh City. Our flight was delay 6 hours from SFO to Hong Kong. Our flight from Hong Kong to Ho Cho Minh delayed. Once we landed in Hong Kong they gave me the first flight out but it’s 23 hours wait. They gave another family of 3 guests on the same flight out as ours from Hong Kong to Ho Chi Minh on Vietnam Airline. This is the worst experience of flying. This is unacceptable service.
"
24,✅ Trip Verified ," My husband and I attempted to speak with many different staff and no one assisted us. My husband and I were booked on two separate flights from Hong Kong to Okinawa. I was on the 0710 flight, he was on the 1130. The 0730 flight was not full, so we asked if we could change my husband’s flight to 0730, so that we could back to Okinawa together. Many people we asked just said simply I can’t do that, no information provided why or where to switch the flight. One lady said I can switch the flight, but the rebooking cost will be 800HKD. There were 3 empty seats next to me. What a waste!
"
25,✅ Trip Verified ," I used Hong Kong Airlines from Tokyo to Bangkok via Hong Kong. Check-in was smooth and on time flight. I was saved because I got a fast track pass at Bangkok. In Hong Kong lounge was wonderful, comfortable space and delicious food and drinks. On the other hand, the Narita lounge was comfortable but the cuisine was one more, the Bangkok lounge was narrow and not very comfortable. The equipment is slightly old impression, but it was enough comfortable as a medium range flight. It was disappointing that there was no champagne in the welcome drink. In-flight meal was average content, but I enjoyed having a lot of wine. As local people were eating with time shifting, it seems that such services are also available. I think that it is more better if there is Japanese menu book.
"
26,✅ Trip Verified ," Hong Kong to Bangkok. I haven't flown with Hong Kong Airlines for well over a year and so much has changed (for the better). Both sectors the business class is 1x2x1 configuration fully flat bed. The new lounge at the satellite terminal is beautiful and really worth a visit.The service is top notch, with an improved menu. Welcome drink is just water and juice, no champagne on offer, but alcohol is served during the meal if requested. Boarding is very orderly and efficient both in HK and BKK. Crew are welcoming and pro-active, especially the senior purser who held a great conversation with me. On return, a new A350 aircraft is deployed and the product just got even better! The famous Blue elephant restaurant designed a good menu for them. I am truly impressed by such an airline from my own country, their business class tickets are often very reasonably priced. therefore I have no hesitation to fly with them again in future.
"
27,✅ Trip Verified ," Hong Kong to Seoul in March. The cabin crew was lack of teamwork. Food was fine but the beverage they offered was limited with very few choices. No personal TV was offered within the plane, so there was no entertainment.
"
28,✅ Trip Verified ," Hong Kong to Hanoi. First delayed for 45 minutes then delayed again for 2 hours ( technical issues). They provided 75 HKD restaurant voucher. After getting on the plane, the departure was delayed for 50mins. They shouldn't have made customers wait in the flight.
"
29,❌ Not Verified ," Auckland to Hong Kong. Flight was quite expensive but I had to book it last minute and no other options were available, as this was the Christmas-New Year period. I arrived well in-time for check-in at Auckland Airport; scheduled departure was 10:15 am, and I arrived just before 8 am. Online check-in was not available for this flight (no reason given). Only two counters opened for check-in at the airport for Hong Kong Airlines. There was already a long queue for what it looked like was a very full flight, and the line was getting longer behind me as well. Check-in process took awfully long; The three ground staff were slow, rude and unapologetic. I was still waiting for my turn at the scheduled boarding time of 9:30 am. They had to rush the last 20 or so passengers for check-in and rudely told us to run to the gate or we'll miss the flight. No priority was given at security, and no airport carts were used to transport us to the gate. I double-checked both at check-in and at boarding-gate with staff to ensure both my check-in bags were on the flight, considering the check-in was hectic; I was assured both times that my bags were on the plane. We finally made it onto the aircraft and departed almost 30 minutes late. Plane and seats were old but nevertheless comfortable - I had a window seat at the back of the plane; curtains and interior were a warm red colour. Cabin-crew were surprisingly nice and attentive; leg room was sufficient and I managed to get an empty seat next to me. Food was delicious, toilets clean, and the help-yourself-minibar at the back of the plane made the difference. IFE was mediocre; not a lot of choice but sufficient. Arrived in Hong Kong 20 minutes ahead of schedule. I went to the transfer desk in Hong Kong Airport to make my Jet Airways connecting flight, here they advised me and some of my fellow passengers that due to late check-in at Auckland, out bags weren't loaded onto the aircraft and they will be coming on the next flight. After I arrived at Mumbai, it took 5 days for them to deliver the bag to my Mumbai address after countless calls and E-mails. Overall, not a bad flight, but they need a more efficient check-in process to ensure all passengers that arrived on time are checked-in on time by the ground staff and ready to board at least before the schedule boarding time.
"
30,✅ Trip Verified ," I booked this Hong Kong Airlines flight to Vancouver from Hong Kong because of its unbelievable low price (USD380 return, tax included) it was due to the launch of this long haul service. This is the first long-haul route for HX. I took HX flight many times already but never on a long haul one. Honestly, I did worry a lot before the fight. Once I board the plane, I realised there was no TV on the seat. I was totally freak out as I thought I had to spend 14 hours on the plane without any entertainment. There was also no chargers as well. But after the plane took off, flight attendants hand out iPad with pre-loaded movies and videos to passengers. They are not wonderful but better than nothing. The seats are quite standard economy seats like other airlines. Surprisingly the quality of their food is not bad at all. One thing which makes the airline look very cheap is, they blocked out the whole front row and asked people to pay extra to sit. Even there was no one paid the seats, they left them all empty and put a plate on those seats saying you have to pay to sit there.
"
31,✅ Trip Verified ," I booked a flight from Hong Kong to Seattle through Hong Kong Airlines website. However, when I visited the counter to check-in, I was rejected and missed the flight because I didn't have Canadian visa as there was an internal transit at Vancouver. After asking what Hong Kong Airlines can do to fix my problem, they told me to call to contact center by myself, and it took me 7 hours (9am to 4pm) to get an answer that they could do nothing, not even a refund, and it was my mistake not checking with Canadian immigration rules before booking the flight. As a result, i needed to book from the another airline which is very expensive and I get nothing, not even sympathy.
"
32,✅ Trip Verified ," Hong Kong to Nanjing. Meal service only had pork as opposed to my request for something else. Cabin crew who was serving meal wasn't co-operating. Later another cabin crew and their manager came into help and provided me with some meal and offered to double check my return flight's meal request. Check service at HKG airport was good.
"
33,✅ Trip Verified ," I caught a red-eye flight from Bali to Taipei via Hong Kong. I had to ask four flight attendants over a period of 10 to 15 minutes before I received a blanket. One flight attendant brought my wife and I one blanket, but we clearly asked for two (we held up two fingers when we requested the blankets). She later gave two blankets to a couple several rows in front of us. I had to ask another flight attendant (the fourth) to get a blanket. Most people use a blanket on red-eye flights, so I can't see why they were not stowed in the seat pockets, as I have experienced with other airlines.
"
34,✅ Trip Verified ," Bangkok to Hong Kong. Pricing is the reason for round trips. I arrived at the airport kiosk, no queue. The hostess welcome was okay. Boarding time is 08.25 am. They were on time. but waiting so long to take off. Onboard, the seat was clean. but I want to change to long legroom. The hostess said I need to pay an extra charge, so I don't change. Seat big enough. They have a TV. The quality of the food was not too bad. I'd fly them again.
"
35,✅ Trip Verified ," Hong Kong to Okinawa. We arrived at the airport to check in. Tried checking in online and at the airport kiosk and didn't work, we saw the line was rather long so asked their staff whether we should do anything and both told us to stay in line until they call our destination for last minute boarding. We wait until they finally call Okinawa, followed the staff to the express counter, at which point they told us ""your flight is closed cos you're late"". What's worse is that they tried to pass it off as our fault at the beginning despite us following their instructions. When they did finally rebook us on tomorrow's flight they said ""we normally charge customers to rebook but we'll waive it for you"" as if they were being generous. In the end they rebooked us on tomorrow's early flight and as compensation they upgraded us. Also gave us two food vouchers for the airport, as if airport food is great. I told them I wanted to be compensated for the taxi rides to the airport, lost hotel night, and lost day of car rental but they can't do anything about it.
"
36,✅ Trip Verified ," Bangkok to Vancouver via Hong Kong. Pricing is the reason I flew them, so expectations were low. The cabin crew was very efficient, friendly, and professional. There were often three meal choices in economy. They were on time for the two segments I flew. The recline on the seats was spectacular. Sorry, people behind you. The A330 aircraft are older, with threadbare seats, no wifi, and an interior decked out in Reds and Golds. Their frequent flyer program is sub par. 208 cheap one way economy tickets from Bangkok to Hong Kong will get you a free one way economy over the Pacific. Not really worth participating in, unless you tend to pay higher fares. And the lack of entertainment in the seatbacks. They handed out iPads, but they really didn't stack up to a real entertainment system. The quality of the food was pretty poor, I left most of the suspected meat items on the tray. I'd fly them again, if the price was really right.
"
37,✅ Trip Verified ," Vancouver to Taipei via Hong Kong, Vancouver is a relatively new route by Hong Kong Airlines. All their airplanes are very new, the Hong Kong to Taipei leg was flown by a brand new A350-900! If that wasn't pleasant enough, their Hong Kong ground staff are even better. I missed my alarm clock that morning and arrived at Hong Kong International Airport only 35 minutes before the departure time, Hong Kong Airlines sent one of their staff to accompany me to a quick check booth going through the immigration and safely check, then all the way to the boarding gate. First class service!
"
38,✅ Trip Verified ," Flew Hong Kong Airlines from Seoul Incheon to Hong Kong. Website was overly-complex. At first it seemed only frequent flyers could access any of the services every other passenger would expect elsewhere. No self-check in service. I had to re-enter my data several times before it was accepted. Booking confirmation reference was 13 digits long and thus hard to remember since most only use 6 numbers. Gate was the furthest ends of the terminal for both origin and destination and there was no view. Seat was far too narrow and very hard and there was awful garish red upholstry. Legroom was quite good but my right leg was obstructed by the seat support in front. No footrest. There was a loose velcro strap hanging down from the seat in front to which could not seem to cling back. No USB port. Very limited IFE with really tiny manual buttons. Screen was dim even at brightest setting. Aircon was not adjustable. They gave cheap ear plugs instead of headphones. Sound quality was poor and required frequent adjustment. Cabin Crew moved so quickly in the aisle that I could not even get a beverage from them. Loyalty points cannot be claimed retrospectively. Lots of long announcements with an annoying bell chime that left your ears ringing about duty free but nothing about the hour long delay until landing. Will consider other options next time.
"
39,✅ Trip Verified ," Flew from Los Angeles to Bangkok and back. I was happy with the flight LA to HK and back as it was a brand new aircraft. HK to BKK was an older airbus but I preferred the older one as it had more leg room and wider seats. It looked like a higher grade plane, even rest room were more equipped. Pros: Good schedule, on time, we were anxious about a connecting flight from Bangkok onwards to India but made it in time. Crew were smart and nice uniform provided good service. No issues at all. There were snacks and juices at back to aircraft near galley that one could pick up anytime. Food was very good and served hot. Cons: Not many concerns, just the longer flight from LA to HKK was hard on the butt after few hours as it had less cushion, I guess to cut cost and weight that is my only negative esp. on a longer 15-16 hour flight the seat can get uncomfortable. A big one for me personally was the frustrating online check-in process that kept giving vague error messages that made no sense, just some weird code. That was the most frustrating part, the website, the human element and hardware was absolutely perfect. Airport Check in was smooth, friendly and efficient.
"
40,✅ Trip Verified ," Flew Hong Kong Airlines from Auckland to Narita via Hong Kong. Firstly, very slow in-flight service by the crew. Took 30 min just to get a cup of coffee, and I needed to ask twice for that. Secondly, my suitcase was not properly transported to my destination, and when finally I received it a couple of days later, they had locked it and so I ended up having to break it open. None of this would have happened if I hadn't chosen to fly this appalling airline.
"
41,✅ Trip Verified ," Early booked on this flight and got a relatively cheap deal, but you get what you paid for. The plane felt old and probably was from its parent Hainan Airlines. The flight itself was smooth, and the service was OK. The downsides are that the toilets never seemed to be clean and the meal portion was quite small for a 11+ hour flight. Also the ground handling managed to cause a damage to one of my luggage. Still waiting for airline feedback on compensation but it's not looking positive. The customer service phone number in Taiwan doesn't work.
"
42,✅ Verified Review ," Gold Coast to Shanghai via Hong Kong. My bag did not arrive with my business class flight with Hong Kong Airlines from Gold Coast to Shanghai via Hong Kong. I left instructions with HK Airlines for it to be forwarded to me at my hotel in Shenzen as I was departing shortly afterwards for that city. It took innumerable calls to track my luggage - I was finally informed more than 24 hours later that it had arrived at Shenzhen airport and I had to go and pick it up myself. This was after 9 pm at night. They refused to deliver to my hotel like any other airline would do. I had no alternative but to go the airport myself the following morning. The airport was an hour from the city, and i had appointments that i had to cancel to go there. Once there I had to wait 2 hours as the bag was not where they had said. It was an extremely difficult situation for me as very few people at the airport spoke english. After many phone calls to Hong Kong and Shanghai, the bag was finally located at a totally different place from where I had been told. Altogether it took almost 4 hours to get my bag back at my hotel. The bag also had a cut in the side. The only compensation HK Airlines offered for all this stress and inconvenience was the cost of the taxi to and from the airport! All in all, pretty poor service for an international airline!
"
43,✅ Verified Review ," Hong Kong to Seoul Incheon. The staff was so nice and friendly I had to write this review. They brought me every little extra stuff like more orange juice and bread and butter and stayed super friendly. They literally wanted to help me which was a nice feeling. Everything else was good too, food as well.
"
44,✅ Verified Review ," My first time travelling with Hong Kong Airlines from Hong Kong to Seoul and my flight was delayed by more than 3 hours due to operational reasons. Their website still showed the scheduled flight time, which was very misleading. I called up the customer service but they could not confirm the gate number. Finally, I had to check over the counter to confirm it.
"
45,✅ Verified Review ," Vancouver to Taipei via Hong Kong. I knew that because of a typhoon my flight in Hong Kong would be delayed. However the airline wouldn't let me change the time of the starting flight from Vancouver to avoid the bad weather. They promised a hotel in Hong Kong if the connecting flight was delayed overnight, but then once I got to Hong Kong it wouldn't give a hotel. To make matters worse it attempted the connecting flight to Taipei, only to turn back halfway due to strong winds. After that fiasco they gave us 500HKD (USD65), which is not enough for a solo passenger to get a hotel anywhere near Hong Kong airport. There was a typhoon. What did the airline expect?
"
46,✅ Verified Review ," My connecting flight from Hong Kong to Bangkok was suddenly cancelled, and changed to a flight 10+ hours later, only 2 days before. I was on my trip without the internet and just got informed about it when I checked in at Beijing. The ground staff in Beijing could not help with anything. I asked for an earlier flight, any hotel, any lounge service. They said I have to contact Hong Kong Airlines myself. Why would you have a ground service that cannot support a passenger that needs help? I flew to Hong Kong, just to find out that all rooms at airport hotels were fully booked. I went back to Hong Kong Airlines ground counter. They could not help with any accommodation, and only provided earlier flight to Bangkok after a lot of begging (now, +6 hours from the original one). My wife and I were stranded in the airport without support from the airline for 6-7 hours. When we came back to drop our luggage for the new flight, still no assistance and we had to wait in the long queue for over 30 minutes. If we knew that we can get an earlier flight, we wouldn't have taken out our luggage and just used transfer lounge to wait. Or even book a hotel in advance. The airline just did as it pleased, and didn't care about passenger experience at all. Such an awful, irresponsible, and inconsiderate airline. I don't recommend to anyone. This was my first and my last flight with Hong Kong Airlines.
"
47,✅ Verified Review ," Hong Kong Airlines ground staff were pitiful. The woman that printed our boarding pass for the Hong Kong to Beijing flight was absolutely rude and talked to us like we were stupid. We were only asking questions about our baggage to make sure we don't lose them. She was not nice, probably because it was 5:10 am. She was not able to provide a nice service, information and good words to customers.
"
48,✅ Verified Review ," Hong Kong to Taipei. Just flew them yesterday. Got to the airport 4 hours before departure, was told at checkin the flight had been overbooked, had the option to take another flight in a hour with another airline in economy or take the next flight with Hong Kong Airlines at 10:35pm which was 5 hours after my original departure. So we decided to wait and take their later flight. When we checked in to the lounge we was told the flight is at midnight now. However the staff ware very friendly, the seats was alright. The food was delicious and flight attendants was super friendly. They are great for value compared to CX business on the same route.
"
49,✅ Verified Review ," Tokyo Narita to Hong Kong with Hong Kong Airlines. The check-in counter did not open until 2 hours before the departure time, which is an annoying policy. So it is utterly useless if you want to arrive at the airport earlier and save time for shopping or going to lounge to rest after going through the customs. This is particularly hateful as an hour or so was typically not enough for Hong Kong travellers to buy souvenirs in Japanese airports as there are loads of stuff to buy. The flight was delayed for around 40 minutes, which was nice, at this occasion interestingly. The A333 is equipped with inflight entertainment, of which I can watch movies and listen music, pretty good. The legroom is within reasonable range, not spacious but acceptable. The hot meal is included in the ticket price. It was reasonably good. The crew refused to store my fruit in the fridge politely. No complain on this, just a bonus if this request was accepted.
"
50,✅ Verified Review ," Beijing to Hong Kong return with Hong Kong Airlines. The first flight was an older model without IFE. The second flight was on a much newer and more comfortable plane, with IFE. Usual meals and bathroom facilities. Happy with ground crew, she was able to send my luggage all the way to my final destination on a different airline and ticket. Budget airline and fare. It got me to where I want over the Chinese New Year festival.
"
51,✅ Verified Review ," This is the first time travelling with Hong Kong Airlines flying from Bangkok to Hong Kong. It's also my first experience in Hong Kong Airline J Class. My pork noodles were cooked by the famous Thai cuisine restaurant, Blue Elephant which were delicious. The cabin equipment is clean and tidy. Cabin crews are nice and very friendly! Entertainment services (movie, TV) are very up to date. Good service and tasty food. Affordable price, taking into account that I flew business class.
"
52,✅ Verified Review ," Hong Kong to Chengdu. Hong Kong Airlines is the low cost Hong Kong airline, owned by Hainam Airlines. It costs 1/3 flying them compared to Cathay Pacific, so I shall have no complaints. The seat pitch is tighter than Cathay or other airlines. It was a dinner time flight and drink and hot snack are served free. No complaints as expectation was not high, to be fair.
"
53,✅ Verified Review ," Ground Staff at Osaka Airport require more training. My partner and I arrived in Hong Kong on 29 October. We are both British passport holders although I also have a Hong Kong ID card. My partner has leave to stay in Hong Kong for 6 months and this is clearly stated on a slip attached to his passport. We took a trip to Kyoto (via Osaka) for 6 days. Everything was fine on the outward journey but the return trip yesterday was fraught with red tape. First, despite having checked in online 48 hours before, we had to get our boarding passes at the check-in desk at Osaka Airport. It was really frustrating as we only had hand luggage! We saw 5 members of the staff attending to one lady customer while the queue grew ever longer. Little did we know that we would have the same attention. The girl at the counter asked my partner how long he was/would be staying in Hong Kong, wanted to see his return ticket to England etc. We pointed out the page where it stated that he could stay until April 2017 of he wanted, but she sought advice from a colleague and then 4 more joined her!! We couldn't to get them to understand that he can stay in HK for 6 months. Eventually they asked my partner to sign a ""Release of Indemnity"". The process of queuing and grilling lasted from 14.25 to 15.50. They were all very polite and very apologetical - in fact 2 gentlemen later saw us at the gate and apologised again for their lack of English, but it was no less frustrating and annoying for us. My partner could not have been the only British passport holder in this situation. I think that with more training the check-in staff could have more confidence to deal with similar situations. Other than that, we were happy flying with Hong Kong Airlines on such short haul flights
"
54,✅ Verified Review ," I have been flying with Hong Kong Airlines many times on this same route from Naha to Hong Kong, it has never disappointed me. Excellent flight time, punctuality, matched with equally satisfactory inflight service and catering. Very often they sell seats at promotional price, make this an instant winner over the other airline from HK which serves this route (But at a hugely marked up price). For a 2 hour flight, from the airport priority check-in, lounge access, to the wonderful 1-2-1 seat arrangement (flat bed), there is nothing to complain about. Crew were enthusiastic and pro-active. The menu has 3 choices, and a small but acceptable wine list. I feel for the price I paid, this is more than I had expected. If anything to pick it would be the food, it's not bad, but it is not yet very good, one little area to improve on. Priority luggage first the belt, I couldn't ask for more.
"
55,✅ Verified Review ," Flew Hong Kong Airlines from Hanoi to Hong Kong. Flight attendant rolled her eyes at me when I asked for a glass of red wine. It was a major mission to agree to this request. Staff were rude, dismissive and completely uninterested in providing any type of service. Not recommending this airline to anyone.
"
56,✅ Verified Review ," Hanoi to Hong Kong with Kong Kong Airlines. Terrible staff attitude - rolls eyebrows when my friend asked for service. Staff totally disinterested. Gave another passenger a talking down for moving one seat over when did not matter. Unprofessional. As well, bags delayed excessive amount of time on arrival - staff did not care.
"
57,✅ Verified Review ," Gold Coast to Hong Kong via Cairns. Check in at Gold Coast was less than 5 minutes. No Lounge Service for Business Class. Left on time for 2.5 hr flight to Cairns. Only a muffin and drink served for breakfast but crew were very attentive. 1.5 hour stop in Cairns. Relatively full flight to HKG. 2 full meal services - 1 hour out of Cairns and 90 minutes before landing. Choice of 3 meals each service with 1 western and 2 chinese. Meals were good portions and very tasty. Plenty of drinks available with crew constantly checking for refills. Daytime flight so didn't take advantage of the fully flat seats, which are very comfortable. AVOD was limited with (understandably) mainly chinese TV shows. Crew were very professional and chatty making for a very pleasant flight. Hong Kong Airlines Business Class deserves it's 4 star rating.
"
58,✅ Verified Review ," The flight from Hong Kong to Hanoi is relatively short, but Hong Kong Airlines made it an entirely pleasant experience. I had checked my luggage through from TPE so I can't comment on their check-in staff, but the service and efficiency of the personnel at their lounge and at the gate were exemplary. The flight boarded, departed, and arrived on-time. There were only 2 passengers in business class, so we were attended to cheerfully and personally. HX loses some points for no alcoholic beverage service pre-departure and for very limited selection inflight. Also, the seats are somewhat outdated, but the pillows and blankets were particularly nice, and overall the experience was comfortable. Both meal choices were appealing, and the purser made sure our wine glasses were refilled throughout the flight. I can recommend HX business class enthusiastically for anyone flying into or out of Hong Kong.
"
59,✅ Verified Review ," Hong Kong to Beijing with Hong Kong Airlines. It is is a fresh airline company, but the price is cheap and we could enjoy flying with this airline. Their cabin staff are very kind and they could speak Chinese, English and Cantonese. The food was excellent, especially the dessert.
"
60,✅ Verified Review ," This was my first time flying with Hong Kong Airlines. Before buying the tickets I read some negative reviews about them but their price was so attractive that I decided to give it a try. Flight from Hong Kong to Bali was on time, departing from the recently inaugurated new terminal at the Hong Kong airport. It was an A300 and there was no entertainment on board. The return flight was an A330 and had entertainment, not a lot of movie selection but had some movies that were quite recent. Seats were comfortable, food was ok and the cabin crew were nice and friendly. The return flight had a little delay but some of the time was recovered on air. During my stay in Bali, my daughter had a barotrauma in both ears and couldn’t fly as scheduled. My husband contacted Hong Kong Airlines office in Hong Kong and after a few misunderstandings, and after sending all the proofs from the hospital we managed to change my flight and my daughter’s at no extra cost. I was impressed with their customer service when an emergency arises. Luckily everything went well and I really need to thank the airline.
"
61,✅ Verified Review ," This was an early flight from Hong Kong to Beijing. Hong Kong Airlines flight was from the newly opened Midfield Concourse Terminal. It was still relatively quiet when I reached the terminal. Boarding was called around 7am, and the queue was relatively long despite it was an early flight. Onboard, all seats are equipped with IFE. Choices and varieties of entertainment may not be as much as Cathay. The monitor of the IFE are not so advance as well. The design of this red cabin looks rather Chinese and conventional, nonetheless, I find the 31 inch seat pitch comfortable and roomy enough. The inflight service and meal are both superb. Cabin crew are friendly and well trained. This was my first flight with Hong Kong Airlines. Given it's low fare, I will definitely fly them again.
"
62,✅ Verified Review ," Taipei to Hong Kong with Hong Kong Airlines was a short, comfortable flight. I checked in online and bag drop took about five minutes. There was a slight delay, of about 30 minutes, on the flight. Boarding was very quick as there weren't that many people, considering the size of the aircraft. There was a small meal and drinks service which was quite surprising for such a short flight. The seats were comfortable enough, for such a short flight, and the legroom was adequate enough.
"
