,Status,Comment
0,✅ Trip Verified ," San Francisco to Bangkok via Hong Kong. My flight was cancelled on Nov 13, 11.45 pm to Nov 14, 11.05 pm but they use the word ""reschedule"" to not be responsible to the passenger. They do not have hotel to support the passenger just told us go home and come back tomorrow. If you are the tourists you have to find your hotel by yourself. Actually my previous flight from Bangkok to Los Angeles via Hong Kong was horrible also, the toilet on the plane was not available since I was on-board and they don't fix it. The rest was really dirty and I have to wait for a long time to use the toilet. Such a horrible airline. Can't believe Cathay has poor standard and service like this. I am very disappointed.
"
1,✅ Trip Verified ," San Francisco to Beijing via Hong Kong. I have been a Marco Polo member and several flights back and forth from the USA and Asian countries every year. Today, I called in to request a refund of a ticket that I had canceled several weeks ago. When I canceled, I thought that that was enough and I didn't have to call them to ""request for a refund"" until I realized that the fund has not been credited back to me. After waiting for more than 30 minutes, I talked to an agent. She started the conversation with a nice greeting. Then after she realized that the travel date of the CANCELED ticket has been passed and I didn't call in for the refund request earlier, she began to tell me that I have to be charged for ""no-show"" and ""cancelation fee"" (even though my ticket was canceled within the 24-hour grace period). To be honest, I didn't even know what I was supposed to call to ""request"" this refund, and I explained to her my situation. She put me on hold for a little while and talked to someone. She then came back and told me that Cathay can waive the no-show fee but not the cancelation fee. I told her that I did cancel within 24-hour and Cathay is obliged to not charge me any cancelation fee. I'm not unhappy because of the charge she insisted, but actually about what she was saying next. She said ""if you don't have anything else to say, then finish paying for the charge because I don't have time to stay on the line with you for this issue"". Really? I waited more than half an hour for the call. I admit, there are many customers on the line, but our call was not even 5' yet and more than 90% of the time it was about her checking the system and talking to someone else. But more importantly, I have never experienced any response like this from any customer service reps, and certainly not from Cathay Pacific customer service. Then I politely asked her that I'd like to speak to her manager. She told me ""ok"", but then she re-directed me back into the mainline and there was the wait all over again. Honestly, this is the WORST experience I have ever had from any type of customer reps. Since the time I started flying with Cathay, the service continues to go down spirally. There were indeed flying experience with Cathay, but I do not see the same level of service across different times, even on the same routes. I have almost over 300K Asia miles and I intend to use it, but I will not travel with Cathay ever again after that.
"
2,✅ Trip Verified ," Hong Kong to Toronto. In advance I paid extra for a seat with extra leg room, beside the exit door . In Bali (my previous destination) I broke my foot right before the flight to Hong Kong, not knowing it was broken I boarded the flight of 5 hours in excruciating pain. Once I landed I realized it was broken - Immediately called my doctor back home and asked what I needed to do. I didn't have travel insurance so I could not afford to go to a hospital. He instructed that I elevate my leg and ice it on the plane. When I arrived at the boarding gate in a wheelchair the flight attendant said nothing to me about changing my seat from the exit row, not until we were boarding on the ramp did I realize my seat was moved. At the door of the plane I asked why this was. They told me because I couldn't help in the case of an emergency. They put me in a middle seat behind this exit aisle. When I requested a change of seat they said there was nothing left but Economy Plus - something I would need to pay for if I wanted extra room. I had no choice but to upgrade my seat to ensure my leg was elevated (can you imagine a 15 hour flight with no pain medication and the cabin pressure causing extreme discomfort... well don't worry this airline can't imagine it either). They charged me $2,600 Canadian dollars to is in a seat that had leg room. I hope someone from this airline looks into this because I am very dissatisfied with your customer service.
"
3,✅ Trip Verified ," Hong Kong to Jakarta. If you wish to fly with your family or friends but don’t want to sit next to them during the flight, then book Cathay. They never put you in the seat next to the people who book the tickets together with you unless you want to pay more in advance (happened to me more than once). You will also get cold and useless service from the moment you check in and during your flight, until you land at your destination. Plus, the food also tastes bad. I hope I will never have to fly with Cathay Pacific ever again.
"
4,Not Verified ," London to Manila via Hong Kong. We booked our flights via this airline because it was the best value and good flight times. All four flights were excellent. Staff at all stages were friendly and helpful, the food was pretty good, plenty of leg room, and huge amount of choice of inflight entertainment. Not at any stage of our travels did we find an issue or find anything didn’t meet our expectations. Great value flights, would definitely use again and recommend to others, don’t be put off by the bad reviews. Cheap and cheerful.
"
5,✅ Trip Verified ," Adelaide to London via Hong Kong. My wife and I travel regulary with Cathay Pacific and have always been very pleased with all aspects of their service. We have tried other airlines but have always returned to cathay pacific. This August on our return trip we opted for a longer stop over in transit (12 hours) so we could take a visit to Hong Kong centre and have lunch etc. On our return to the airport we found the departure gates all closed as there were demonstrators all over the airport blocking departure gates. All the flights were showing cancelled on the information boards, so we just sat in a corner and waited for any news. Some of the demonstrators walked round giving people water and food, and apologised for the inconvenience being caused, they were not hostile at all. After several hours and no news that the flight would be going we decided to get the train back to the city and book in a hotel, as we was just about to go out the building my wife and was approached by two young ladies in Cathay pacific uniform and asked us if we were with CP, when we told them yes one of the ladies along with a young man without uniform chaperoned us to ""area A"" of the airport where there was another small departure gate. They spoke to some security people and we was slipped through the gate unbeknowing to demonstrators, on the plane only lost half hour. Were flying again this December with no qualms.
"
6,Not Verified ," Beijing to Sydney via Hong Kong. Late aircraft, uncertain which gate to go to. Staff were useless at best, not willing to do anything to help the lateness or provide any extras on board despite them causing me massive inconvenience. Terrible airline and lacks total empathy and customer service.
"
7,✅ Trip Verified ," Sydney to London via Hong Kong. We found the check in staff and cabin crew nowhere near as friendly as other airlines we flew in Business Class. Business Class meals are very poor quality and selection, they seem to cater for more Asian people in the meals, so in future we will use other airlines. Even their inflight entertainment selection is inferior to others, only good thing is the aircraft comfort. I will add a photo of the meal choices for the London to Hong Kong section. We flew from Sydney to London return and all the Business Class meals were below standard, many times only on plastic trays compared to other airlines who serve from a trolley. We won’t fly with Cathay again, other airlines for Business Class are far superior.
"
8,✅ Trip Verified ," Chennai to Seoul via Hong Kong. Had seen several videos on Cathay's premium economy and decided to indulge and get premium economy for my wife and myself, last month. However, it was the biggest disappointment. It was not worth paying double of economy class. There was no Champagne welcome in fact no welcome drink. After take off we were offered water and 3 hours into the flight we were offered breakfast which was in the same plastic trays as economy. Not to forget but there was no welcome kit. What is the difference between economy and Premium. A few extra inches of leg space! Of course there is no option to use the lounge at the airport while in transit. Wondering how could frequent flyers like us get so badly misled. Not worth the expense and would highly recommend economy class for travel and splurge more at the destination.
"
9,✅ Trip Verified ," Hong Kong to New York JFK. The economy cabin had rows of seats 3 x 4 x 3. It felt cramped. Service was satisfactory. A large library of films was available for viewing - decent headsets were in the seat pocket. On the seat, itself were a blanket and pillow and the seat reclined sufficiently. A menu card was distributed. Lunch and dinner were served and in between in the galley area, a wide selection of snacks, non-alcoholic beverages, eyeshades and socks were laid out. Bathrooms remained clean during this long flight. Flight attendants were efficient. Duty-free products were hawked but there was really nothing to buy from the catalogue on a flight to the US! Departure and arrival were on time. At the boarding gate, passengers were subject to additional security screening. The biggest drawback to the economy seats is obviously the tightness of space, including storage space around you (overhead bins are spacious on the 777-300) and the total lack of privacy. Just turning on the overhead lamp to read a book lights up the entire row. Overall, however, Cathay Pacific does well to ensure that economy class passengers have decent travel experience. We arrived in Terminal 8. Disembarkation was quick.
"
10,✅ Trip Verified ," I was flying with my family of 4 with 2 young kids from London to Nagoya via Hong Kong on CX0256 on 20th October. One of the stewardesses was especially rude to my wife, a Japanese national during dinner service. As my wife was on headphones and also attending to my 3 year old daughter, she might have not heard the stewardess asking her for her choice of meal. She then shouted ‘Dinner!, What do you want?’, needless to say my wife was taken aback. My wife also noticed that she asked a another lady sitting just across from her in a polite manner and wondered about this difference in treatment. A few hours later, my wife requested for a blanket for my daughter and herself through the call button and she then came back with the blankets and placed them right in front my wife’s face, shouting ‘Blanket!’. By this time I was rather agitated at her behavior and pressed the call button as well. The same lady came by my aisle which I found strange as it was not her service aisle, I requested to see her supervisor. Instead of her supervisor, she sent her colleague instead which I recognized from the same uniform. I eventually met with her flight supervisor and inflight supervisor for the flight. I was also informed by the inflight supervisor that I could also make a formal complaint. After the flight, I made a formal complaint via their online portal. A customer service executive attended to this case. Cathay Pacific offered an apology and did not try to pay any other offers of compensation through miles or vouchers on this incident.
"
11,✅ Trip Verified ," Flight from Amsterdam to Hong Kong in Premium Economy. It was the first time that I was flying CX Premium Economy, and I was impressed. The seats were very comfortable - they had generous legroom (it seems that the pitch was more generous than on most other airlines offering Premium Economy) and a leg rest that is also useful if you are more than 6 ft. tall. The meal service on CX is different than in Economy, and I enjoyed the meal that I had. The service was attentive without being persistent. It was one of the best (if not the best) Premium Economy products that I have experienced so far.
"
12,✅ Trip Verified ," Flight from Hong Kong to Amsterdam on Cathay Pacific in Business Class. Cathay has reverse herringbone seats in a 1-2-1 configuration. I found the seat to be very comfortable for sleeping. In particular, I had plenty of space for my feet and legs. Furthermore, there was adequate storage available. The service was very attentive, and the quality of the food was decent, however, it could have been slightly more in terms of quantity. Nevertheless, if the price is right, I would happily choose Cathay Pacific again.
"
13,✅ Trip Verified ," Dublin to Hong Kong. Disappointed. I flew good few times with Singapore Airlines and wrongly assumed that all Asian airlines are of the highest comfort. The crew is nice, but just the formal way of nice. No joy in the way they treat you. No going up and above. No personal touch. The food is acceptable, but that’s it. It’s no good but not bad either. Average and bit dull. The seat is fine. The only highlight was the entertainment system. It was awesome! And I loved the cameras. Definitely worth its price, but nothing else.
"
14,✅ Trip Verified ," Melbourne to Hong Kong. A bit disappointed considering that Cathay is a 5 star airline. I know that this trip was in economy and I did not expect business class However, no water was brought to us during the long flight and the entertainment system was not working well. I used the call button but nobody showed up. Cathay is good in business class but not in economy class.
"
15,✅ Trip Verified ," Paris to Melbourne via Hong Kong. The best part takes place before flying. You can phone any published landline number at any time of day from any location and get through to someone in 20 seconds. You can pay in any currency at the spot rate at that moment. The confirmation e-ticket and Locator number arrives by email before the end of the conversation. Qantas typically has over an hour wait time and they charge extra to speak to a human.
"
16,✅ Trip Verified ," London to Sydney via Hong Kong. From check in through to boarding and the flight, the experience was identical. This does show a level of consistency with the airline. On the flights themselves the CSM was superb in checking in a couple of times on each leg. Brought over a cappuccino in a china mug with some biscuits also at one point. The London Cathay lounge is fabulous. A compact version of their lounge in HK. The noodle bar is great and had some dim sum plus noodles from there plus use of the shower facilities. Great buffet also. My 'home' lounge is Qantas right next door but equally happy to use Cathay. Cathay are a great airline and my default choice to Europe if not flying on Qantas. Only downside - the noisy B777 jet but nothing can be done about that.
"
17,✅ Trip Verified ," Sydney to London via Hong Kong. This was a return to Cathay after a couple of years. Being a OneWorld airline I can accumulate points and status credits to go to my Qantas account. Overall the experience on CX is satisfying. From check in (at the CX First counter on account of being a Platinum with Qantas and One World Emerald. This is important even when in the economy cabin). Lounge was familiar at Sydney being the Qantas First. Boarding painless. Now the aircraft is one that is love - hate. It is the 777 - 300. Comfortable ride but its downsides are well known. 10 abreast seating a cabin that is narrower than the Qantas A380's i'm used to and oh boy is the 777 a noisy jet. By comparison the 380 is whisper quiet and the 777 sibling, the 787 Dreamliner is quiet also. The economy seats were fine although the padding was a little firm. The IFE is very good but loaded up with Netflix I did not really use it save for the excellent maps. Now being an Emerald One World, the CSM was very attentive. Three individual cabin crew introduced themselves including the CSM. It's a very nice touch from an airline that I do not often fly with but shows the advantage of One World membership. Of the other OW airlines I fly with (American and British) only Cathay gave such attention. The F & B was not really sampled as I had eaten in the lounge. But it looked fine. Overall the flying part was satisfying except for the loudness of the 777! Now HK airport is one mighty big place. I had a 4 hour layover and headed to the Wing which is one of Cathay's flagship lounges. It was 5.30 am in the morning so the rest of the airport was closed. Separate review of the lounge. Cathay is an airline I'll definitely be using more in the future.
"
18,✅ Trip Verified ," Hong Kong to Singapore. I found the Cathay proposition to provide excellent value, 10k miles redemption for a 4 hour flight. Ground check-in was seamless, zero queues. Seats in economy certainly are average, but I'm sure I've had it worse with some other airlines. I was comfortable enough to sleep for 3 hours on this flight and the only remaining time awake was meal time. IFE had a vast selection of options and these were new systems installed on the slightly older planes. They still offer some of the widest and most varied destinations coupled with reasonably good service. Not the best, but good enough for what I paid.
"
19,✅ Trip Verified ," Singapore to Hong Kong. Cathay had long relied on their name. While the cabin crew and flight crew continue to offer professional service, it can only be a matter of time before Cathay becomes a Chinese domestic airline. Take that comment as you will - all Chinese carriers today are all terrible and what with HK it's a matter of time. My last business class was in the now defunct Jet Airways and I would prefer that over what I experienced today: 1) No wifi. 2) Movies and TV are biased towards Chinese / HK releases with family oriented fillers in the English section. Disappointing to find absolutely nothing to be watched. 3) A lacklustre menu, but I went for the fillet steak. If you like stringy, stewed and overcooked steak with a taste of low cost cooking oils then this is is tour flight, tepid gravy with a skin, tepid potato scooped tasting of oil not butter. 4) Mediocre seat not designed for anyone over 5.5' The transfer information screen really sums it up. All the fights are there, but with no actual usable transfer information. Lounge experience equally poor. We talk of Emirates going downhill, but why not when the competitors drop to this. Put your money back in your pocket, buy a Scoot ticket with all the addons. You aren't missing anything.
"
20,✅ Trip Verified ," Perth to Hong Kong. It used to be a great airline; in fact it used to be my favourite airline. But Cathay has gone from bad to worse. I'm not really a big guy (185/85kg), but I suffered in that tiny economy seat. Behind me was a similarly tall guy, whose knees were constantly in my back. I could barely move in that seat and I'm surprised that there are no restrictions as to how small a seat can be. But looking at the 'Premium Economy', I know what Cathay economy used to be. The other aspect is food and beverage. For a long-haul flight of more than 7 hours I expect decent meals and good supply of at least water to prevent dehydration. Neither was provided sufficiently. Especially the breakfast was a total joke. I'd be ashamed to serve that. As far as hydration is concerned, I asked twice to get more water and was ignored. In the morning I asked for more coffee and was ignored as well. Does the crew have too much stress? They used to be a lot more caring, attentive and forthcoming. The only advantage I felt was the 30kg baggage allowance, but even that becomes more and more of a standard and does not give Cathay an edge over other airlines. I hope Cathay can find back to its former glory. For now I'll try to avoid it.
"
21,✅ Trip Verified ," Sydney to Hong Kong. For Business Class they are way below the other airlines for meals and crew friendliness. Imagine our disgust when dinner was a choice of prawns or a hamburger with soggy chips! It’s a disgrace and served on a plastic tray. The seats and cabin are fine, but we have been spoilt by the crew of other airlines, Cathay fall way short. This is the first leg of our Business class trip to Paris return, not a good start
"
22,✅ Trip Verified ," I choose to fly Cathay Pacific from Manchester to Phnom Phen with my school. It was a wonderful experience. The aircraft from Manchester to Hong Kong was modern and new. The seat was comfortable and equipped with personal in-flight entertainment screen. The IFE contained large options of films, TV shows and Music. The seat itself was comfortable and adjustable with headrest. The seat provided a pillow and a blanket with headphones. The seat pocket contains everything that every long-haul airline standard have (magazine, safety card, sickness bag, shopping magazine etc). The crew handed out a menu which is very useful for making meal options. The flight departed on time from Manchester and lunch service was provided an hour after took off. The food was delicious and of a high standard. The crew were really friendly and motivated. They constantly providing refreshments for passengers for a whole flight. This is an overnight flight so the cabin lights dimmed very early. The dimmed was through out the flight until the breakfast service around 3 hours before landing. The toilet was modern, clean and have good facilities. The breakfast service was fast and like lunch service, the food was delicious The flight arrived on time in Hong Kong. The first flight is really impressive long-haul flight. The transfer process in Hong Kong is easy and fast. I took my second flight to Phnom Phen with Cathay Dragon. The seat is really comfortable and the aircraft equipped with air vents. The onboard service is good with a complimentary drink and mid-flight snack, but the crew weren't really friendly and didn't hand out all papers to hand into Cambodian immigration. The flight depart and arrive on time. Overall, I was really impressed with Cathay Pacific, despite a minor fault, I would fly with them again.
"
23,✅ Trip Verified ," Dublin to Brisbane via Hong Kong. We have previously flown with Cathay Pacific in their Premium Economy class and we decided to upgrade to Business Class. The comfort level in Business Class in wonderful with a very comfortable seat, lots of leg room and a seat that converted to a flat bed. The Business class seat has amble compartments for your personal items along with charging station and good quality headphones. The entertainment offered on the flight was a little disappointing and I felt was a limited selection, my recollection from previous flights with Cathay was that the range of entertainment offered was larger and has since diminished. The customer service is fantastic and the cabin staff should be commended, as well as the ground staff, who I have found to be timely and efficient. The only criticism that I have is that I found it difficult to sleep due to the constant flow of cabin staff who made their way to the kitchen area. I understand that the cabin crew are very busy, however I wondered whether the traffic during sleep time could be minimised. I would recommend Cathay Pacific to my friends, and I would also recommend business class.
"
24,✅ Trip Verified ," Hong Kong to Rome. To my surprise, I thought A350 economy seating should be much better Seats space are terrible, not much different than AirAsia seating. The seat reclining angle is also very limited, I can hardly get any eye shut for my 12 hours flight. Inflight entertainment selection really poor as well, not much movies or classic blockbuster available. The flight departed late for more than an hour. Food is just meh.. I thought I made a good choice for choosing Cathay flying their latest aircraft, but it was really a bad option, only good thing out of this flight is a direct flight from China to Rome due to business schedule. From now onwards, I will avoid taking Cathay A350-1000 economy.
"
25,Not Verified ," Hong Kong to Singapore. The food was spectacular! The seats were nicely furnished and they were surprisingly comfortable! I would recommend the airline as they are very kind and they have patience as well with kindness and happiness!
"
26,✅ Trip Verified ," Manchester to Hong Kong. Amazing service. The premium economy product was faultless. The seats were amazing as was the mini cabin. The food selection was something out of a high end restaurant. Constantly offered drinks and snacks. Will use again without a doubt
"
27,✅ Trip Verified ," Mumbai to Vancouver via Hongkong. I was travelling on a student visa to YVR and I was asked to weigh laptop bag along with my cabin bag and together it should be 7kg. At the check in counter my luggage bag weighed 23.5 x 2, the agent there at the airport counter did not allow 0.5 kg extra weight.They asked me to pay $100 extra to carry this 0.5kg extra. During the heated conversation that I was having with them, they told me that the luggage allowed is purely keeping in mind the safety of the passengers. I would like to ask what happens if I agreed to pay $150 extra and was allowed to carry 32kg extra baggage. I am never recommending this airline.
"
28,✅ Trip Verified ," Booked the trip as far possible out as I could so I think it was value for money compared with other airlines. The A350 being a new aircraft is great to fly in. Best features about the flights Lie flat bed great for me being 6 feet plus, no need to ask a crew member to make the bed up. Managed to sleep quite easily. Crews on all legs, polite, courteous and workmen like (no unnecessary chit chat ) addressed by my name and cabin staff introduced themselves. The privacy of the cabin is excellent. Food - I would say average plus, tried the Beefburger and Chips (It didnt work for me). Minor grumble no additional breads offered any more at the main meal or breakfast and I had to ask for coffee, otherwise I would never get one. Great showers in the Wing at Hong Kong airport. When it runs well Cathy is a very good airline.
"
29,✅ Trip Verified ," Washington DC to Hong Kong. Boarding was done efficiently and we were shown to our seats by cabin crew. The purser came up to introduce herself and happened to be a very chatty Japanese lady who was sweet and helpful. The seat was comfortable but I was surprised by the lack of storage space at sitting level. There was a small storage box at the bottom of the seat and one by the armrest, which I didn't dare use for fear of leaving stuff behind. The flight left on time and we had options of a quick supper or a full meal. I opted for the former and was served a rack of lamb which was beautifully cooked. The accompanying vegetables were overcooked and I was surprised that service comes on a tray instead of being brought out course by course. There was also no dine on demand but there were snack options available throughout the flight. There was no mattress for the seat so that was a minus for me. Otherwise, the pillows were adequate and there was a duvet which I didn't use as I found the cabin too warm. The IFE was good and responsive and we were given good quality headsets. There was a very basic amenity kit provided. The crew were proactive and responded to calls quickly and were always pleasant. There was breakfast before landing which again was served on a tray and there was no spoon provided to stir my coffee! Overall, I like flying Cathay but it pales in comparison to the Business class product of Qatar airways. It was a 'no-frills' business product but then again, the seats were quite comfortable, crew were nice and the plane was clean and brand new.
"
30,✅ Trip Verified ," Zurich to Tokyo via Hong Kong. I chose to upgrade my Economy Seats for one way from Zurich. It was one of the best flight experiences I've had in business class so far. The seat was retractable into a flat position so that it could function as a bed. The return flight was unfortunately booked out completely, so that I had to return in economy class. Which was not a bad experience after all, and it was my own fault in the first place as I had not booked business class in advance. Fortunately at ZRH airport, upgrades could be made directly at the gate. The food was very good in both classes, however there was the additional option of ordering food at any time in business class, which was a nice perk, but haven't really taken advantage of because the lunch, dinner and breakfast was more than sufficient to satisfy my hunger. The in flight entertainment system was extremely well designed, and the selection was huge. I would 100% recommend this airline, and I'm looking forward to possibly fetch a good deal on a business class flight from Zurich to Tokio next month again.
"
31,✅ Trip Verified ," Shanghai to Barcelona via Hong Kong. The 1st flight was late, so we barely caught the 2nd flight. I made it, but my luggage didn't. They told me that they will only be able to deliver the suitcase 2 days later. I was instructed to call the airlines for the compensation. The service is terrible. They never pick up their phone calls and never respond to the emails. No one cares. It is so frustrating. My suitcase was supposed to be delivered 2 days later at 1.30 PM, then in the evening, then the following day in the morning. Seems like I'm never going to get it back. I would not recommend this airline to my worst enemy.
"
32,✅ Trip Verified ," Cebu to Dubai via Hong Kong. The flight was delayed by more than an hour in Cebu but the consolation is that we were upgraded to Premium Economy for Cebu-HKG route. I hate delayed flight, they did not provide any drinks or snacks, fortunately, I have access to the Premium Lounge courtesy of my MC. The flight was comfortable, the legroom and the seat pitch was good enough. The HKG-DXB route was not quite interesting, food served was bland and the plane cabin was not neat as expected. The handling of the crews aboard the flight is very average.
"
33,✅ Trip Verified ," Hong Kong to Washington. Transit in Hong Kong on 31st August after arrival from KUL. Premium Economy on Cathay Pacific does not allow lounge access. Boarding process was a mess. They announced boarding was about to start and pax were lining up but then delayed boarding for at least 45 minutes citing security issues. In the meantime, I was questioned by a young security staff asking me silly questions about my trip. He was rude and repetitive and cold hardly speak English. When we finally boarded, the flight was delayed and only left the gate about 50 minutes after departure time. On board, the PE seats are a fail in my opinion as they are definitely not 20 inches wide and appear no different to an economy seat in terms of width. I have flown Premium Economy on the Cathay Pacific 777-300 and although they are older type seats, they are wider. The seat pitch is good as is the recline but when the passenger in front has their seat reclined, it gets very tight. The leg rest is a bonus and as I was in a window seat, the seat is jammed right against the window leaving no space to store blankets etc. The IFE was good and very responsive. The screens are large and crisp and there are additional storage spaces below the IFE screen. The seat pocket is very low down and limited in what it can hold. Basically storage is a problem. The food is the same as economy, small portions but I ordered a kosher meal which was delicious and plentiful. The staff were pleasant and better than the KA staff o the previous flight and were present throughout the flight. There were snacks available during the flight but the offerings were limited. Deplaning was was uneventful. Overall, Premium Economy has very little to boast about when compared to economy on CX.
"
34,✅ Trip Verified ," Hong Kong to Singapore. The experience is nice. The premium economy seat allows me to lying down to a large angle (much better than economy seats). The space between each seats are greater. Noise cancelling headsets are provided. It's worth the price especially if traveling on long distance. However, the meal is too simple, even comparing with my economy experience on the same route a few years ago.
"
35,✅ Trip Verified ," Cathay has a very good design on its seats on A350, it has enough space to put my things and the TV screen is huge. The food on board is fine, the service of the flight attendants is great. In conclusion, I love to fly with Cathay!
"
36,✅ Trip Verified ," Gold member on EK but decided to fly with Cathay from Singapore to Vancouver via Hong Kong and back. Influenced by the pricing strategy of the airline which is to entice passengers from countries in the Far East to travel to YVR with Cathay. Very much regret the choice. Noted a big deficiency in the airline’s punctuality and the casualness of ground staff. Not an airline to use if the connecting time is short. Outbound flight from SIN to HKG was delayed, meaning that the 2+ hours connecting time vanished. All connecting passengers (about 10 of us) had to literally sprint in HKIA to catch the YVR flight. On the inbound flight from YVR to HKG, an initial delay of 1 hour was announced. Despite the fact that connecting time in HKG was only 1 hour 15 minutes, the ground staff gave full assurance that the plane would make up for the lost time. Alas, with a delay of more than 2 hours to depart from YVR, the connecting flight HKG-SIN was missed. After a gruelling 12 hour flight from YVR plus the delay of 2 hours, I had to wait for another 5 hours in HKG to catch the next flight to SIN. As a souvenir, a meal voucher was offered!
"
37,✅ Trip Verified ," Flew Dubai-Hong Kong-Saigon. Started the travel from in transit in DXB 19-20 August 2019 on A330-300 and B777-300 aircrafts. Cathay uses the Lufthansa Lounge in DXB but it only opened 3 hours prior to departure and I had 12 hours in transit. Thus, I used BA’s lounge instead as I am Oneworld elite card holder. BA lounge is much better and lounge staff extremely polite and helpful. Flights on time. Service levels by FAs among the best in the skies. Food and drinks are deteriorating and has absolutely no business glamour: only 3 juices offered, only 2 cheap industrial beers (Carlsberg and San Miguel), no smoothies, no blue cheese. Seat Belt was on for hours without any turbulence – likely a cost saving measure and to allow FA to rest? But the passengers are left in the dark and there is no serving while the seat belt lamps are on. Bad experience. First flight provided a good dinner (3 options). I had seabass and later Japanese Noodle soup as mains. However, breakfast poor and only cold stuff served. Second flight was a morning flight: nice large Chinese Dim Sum breakfast served with lots of different, sophisticated dumplings. Lounges in HKG are very good and I was offered 5 options. IFE is good and clear. Priority boarding. Luggage handled perfectly. Mileage given quickly. Not cheap.
"
38,✅ Trip Verified ," Madrid to Hong Kong. On my Palma to Madrid flight with Cathay Pacific, the code share partner Iberia refused to issue me my boarding pass for Madrid to Hong Kong when I checked in in Palma on August 11. I was told to get the boarding pass when I arrived in Madrid, this despite my plea that I had under 1.5 hours transit time. Things got worse when I arrived in Madrid. There was no Cathay Pacific counter in the transit hall, so I approached the Iberia counter to explain I needed my boarding pass to clear immigration in order to catch my flight to Hong Kong. The staff was adamant she could not meet my request as the two code share partners are on different systems. My only way to get the boarding pass was to get out of transit and check in at the Cathay counter. I kept pleading and finally the Iberia staff asked what time was my flight, and when I told her it was taking off in less than an hour, she took out a little notebook, found a number and called a Cathay Pacific line. The instruction from Cathay was to have her manually write down my name and flight number on a piece of paper, stamped with the Iberia company seal and present it to immigration. Her words to me were: ""I'm not sure if this works but you will have to try. Now run, there is no time."" So I ran as fast as I could. At the immigration check, I was asked where is my boarding pass and all I could produce was the manually written pass. Thankfully, he accepted it, I ran for the shuttle train and made it Terminal 4S where passengers were already queuing to board the plane. I looked for a Cathay Pacific staff in charge of the boarding procedures and explained to her ""I need my boarding pass."" Thankfully, she understood what I had just went through and quickly had my boarding pass printed. Even the Cathay Pacific staff in Hong Kong airport transit found it incredulous and urged me to ask the airline for an explanation so that it can rectify the issue before other passengers get caught out. I'm not sure if others have experienced similar with a code share partner refusing to issue a boarding pass because the airlines are on different systems. This is a back end matter that should have been settled before tickets are sold. Passengers like myself have paid for the ticket and do not expect to be denied boarding pass because of unresolved back end issues.
"
39,✅ Trip Verified ," I travel between HKG and SIN on Cathay Pacific quite often. This is my first time choosing CX650, an early morning flight. The aircraft (A330, 18 years in service) is too old comparing with other flights on the same route. The food is okay but they no longer serve the Haagen Dazs in economy class (as they did a few years ago). I will still fly with Cathay Pacific but I won't choose this flight again unless a different type of aircraft is used.
"
40,✅ Trip Verified ," Jakarta to Hong Kong in October 2018. Great take off, great landing, good service, pleasant flight attendant, but only sandwich, no choice, and no other menu. Good choice of drink. New aircraft.
"
41,Not Verified ," Seattle to Hong Kong with Cathay Pacific. The flight departed puctually from Seattle Tacoma Airport. The flight attendants were very friendly, polite and helpful. The meals inflight were delicious However,the seat was a little bit uncomfortable for me as the pillow on the seat was hard but there was a pillow (extra) provided. Anyway, we landed in Hong Kong safely and punctually.
"
42,✅ Trip Verified ," Vancouver to Singapore via Hong Kong. My first experience flying Cathay. Vancouver to Hong Kong leg was a 777-300ER both ways. It's a magnificent airplane and their business class layout makes it better. Cathay lounges at Vancouver, Hong Kong and Singapore were very nice, clean and well decorated. The lounge food options are a bit subpar in all three locations, though. The in-flight service, as well as food, was great. HKG-YVR had amazing Australian beef steak served. Their signature burger is also very tasty. The FAs were attentive, and answered requests promptly. On the YVR-HKG leg, I slept for 7 hours, when I woke up, an FA came by to ask if I needed anything. The only bad sides were a poor selection of movies and tv shows (only 4 episodes of Family Guy for example) and lack of Wifi on their planes, which I found very strange. Great experience overall and will consider Cathay again.
"
43,✅ Trip Verified ," Delhi to Hong Kong. We arrived about 3 hours in advance for our flight just to have some barrier time in case anything goes wrong. Once through our ID check and into the terminals we checked our flight on the board and headed towards check in. There was a lady at the front of most of the cues and checked our boarding pass as we proceeded to the Business class cue. I was quite surprised there was no first class on this flight as I couldn’t see any such check in counter. Normally on a 777 they do have one. Queue was fairly short and efficient. Our baggage got tagged “priority” and we were given our boarding passes. Once exiting check in we headed to a first class and business class security and immigration lane which is meant to “fast track” premium passengers. CX use the Plaza Premium lounge here at Delhi and we took the lift to the concourse and entered in. Lounge was pretty crowded but still comfortable if your not to picky. Onboard the seat was fairly comfortable and had a decent privacy divider and ample storage space. The amenity kit had all the amenities you could need. I’m pretty happy CX provided two blankets and which were very comfortable. I was given a hot towel. CX use StudioX for there IFE and there was a decent amount of movies and Tv shows. After a movie I decided to order one of their steak options which was pretty disappointing. I left it and was gonna go with the biryani but was full. I decided to get some shut eye, the bed could go fully flat and was pretty comfortable.
"
44,Not Verified ," Gatwick to Hong Kong. Im a CX gold card and lounge access at BA given. Boarding fast, lovely welcome, seat in PE great, loads of space. Food really tasty, snacks, noodles delivered quickly. Captain informative and after slight delay, we arrived on time. Crew are good, a lot is expected of them and they deliver. Big negative is new 'print off your ticket and bag tags' procedure. Its not that clear how.
"
45,✅ Trip Verified ," My husband and I flew from London to Hong Kong using Cathay Pacific We were most disappointed in the Premium Economy seats. Our seating was at the back of the section actually in the economy cabin with a curtain drawn only after dark between us and the front row of Economy by using an angled curtain. The flight was uncomfortable because the leg rest would not fold back under the seat properly and the footplate which is minimal spun around so it was difficult to keep the feet on straight footplates. Staff did their work pleasantly but were not in evidence after the meal was served. One had to locate a remote control for being able to call a staff member and the remote control was not immediately evident being by one's thigh so it proved difficult or impossible to get staff attention without this knowledge. As a concession to Premium Economy, a fancy printed menu was received for the meal but when the meal arrived not only were they out of most options but the grey sludge which appeared as the remaining fish dish was most unappetising. As I was next to the economy passengers there appeared no difference between the meals in each cabin although I think there must have been some slight difference. Premium Economy is that only in name in Cathay Pacific. There was minimal extra room between seats and it was very difficult for the person on the window to climb over the person on the aisle to go to the toilet. We had also done the Hong Kong London sector going and the comments are the same. Premium Economy is Economy with a new name - I would not waste my money again.
"
46,✅ Trip Verified ," Adelaide to London via Hong Kong. After paying almost double the cost of economy I believed premium economy would just be a little better all round, not so, the seating was a little better but the service was unhelpful. By the time economy had been served the choices of courses were reduced from three to one, there was no brandy and and only one choice of wine and no champagne on boarding as offered on your website. Items on the menu were not available, and at no time did the crew approach me for drinks or snacks. I'm hoping the return flight to Adelaide on 9th August has improved.
"
47,✅ Trip Verified ," Adelaide to Bangkok via Hong Kong. Both flights on time, with the good service. Seats were comfortable and food was decent. IFE had a great choice with decent size touch screen. As a One World Platinum member, the lovely Purser made sure that I was comfortable all the time.
"
48,✅ Trip Verified ," Dubai to Manila via Hong Kong. I have always been a fan and loyal customer of Cathay Pacific and been happy with the level of service and product. However, earlier this year, I flew with Singapore Airlines, economy, and there I experienced a superior economy class service and product. From IFE panel and content, cabin crew service and food. To mention, They offered hot towel and simple amenity kit, in their economy class. This recent experience with CX, DXB-MNL via HKG was somewhat confusing. I am going to blame it due to being a full flight, and service will be affected. Just to note some, male cabin crew told a female passenger who asked for assistance with her luggage storage when there was no space “why you came late?”. Another female cabin crew, while I was watching, suddenly called my attention and I thought she was offering me hot drinks. I replied “coffee” and she clarified if I was the one who asked for tea earlier. When I said no, she moved on, i am not sure if she apologized for it and at least should have offered if I wanted coffee. There was also a minor glitch with IFE for few minutes. The saving grace, the CX935 HKG-MNL leg. Crew were all friendly, captain very jolly and inflight service manager sound very friendly on announcement. A350-900 felt new, cool seat design, IFE panel and interior were amazing. DXB airport ground crew were all friendly, polite and helpful. HKG airport is a joy to stay for layover.
"
49,✅ Trip Verified ," Barcelona to Hong Kong with Cathay Pacific Airways. This flight did not live up to expectations promised by the 'Go Beyond' advertising. Boarding was efficiently managed although the flight departed nearly an hour late. As a regular long haul traveler I look forward to the airline food and normally choose the Asian option as I have done very well on other carriers based in Asia. However it was very disappointing so I assume the budget had been cut to the minimum. Cabin crew were polite but often not around much between meal times. The A350 has good sized screens for entertainment however the choice was limited. I will probably look at other flight options next time.
"
50,✅ Trip Verified ," Hong Kong to Copenhagen in 2018. The seat is quite comfortable. The space isn't too narrow and the headrest is soft and comfortable. The personal television is large and there is many movies, TV, music and games provided. The personal television can clearly show where are we and the basic info. of the plane(speed and attitude etc.). The meal includes the main course, ice-cream, salad and drinks. It is quite delicious.
"
51,Not Verified ," Gatwick to Melbourne via Hong Kong. Have travelled on Cathay every two years or so on this route in business class. Surprised and disappointed to be told on boarding at Gatwick that pyjamas are no longer supplied in what is clearly a long haul overnight flight. A stupid cost cutting measure that trashes Cathay's business product. Excellent service and food diminished greatly by this decision. Amusing to see fellow canny passengers sitting up in their Qantas PJs for the flight - not a good look Cathay! I have contacted 'customer relations' on this matter and received the usual PR blah blah response. Such a shame and a ridiculous decision.
"
52,✅ Trip Verified ," London to Hong Kong. I was able to get a last minute ticket to Hong Kong with Cathay Pacific Airways and it was very good price. The pro is 4-5 flights a day from Heathrow to Hong Kong and onward to many Asian cities. Service and product is consistent. However for a premium economy passenger (I often fly their business class and find it underwhelming) I think other Asian airlines do a much better job. The seat is comfortable but very dated. On my return journey the economy class cabin had received a make over - with more seats squeezed in but also new IFE installed. Premium economy meanwhile still had the old IFE and old deco. I also found Cathay Pacific entertainment very limited. Catering onboard was not good. I always eat in the lounge when I fly with CX and skip meals onboard. Even their business class meal is not up to standard let along Premium Economy offerings. I also found service deteriorating. Most of the crew were robotic and just about to manage their tasks. Also depends on your luck. On some of the 777 premium economy you have to go to economy class to use the toilets. And when you reach there the toilets are not clean. Overall if you want a good flying time then CX is good, otherwise if you are looking for a good travel experience go with SQ, BR and CI.
"
53,Not Verified ," Singapore to London via Hong Kong. If you are going to pay more for travel, you might as well fly business. Seems when you are in Premium Economy, you are still just another passenger. I am not a fussy flyer but to be told i could not use the business class washroom on a long haul flight albeit the closest to PE and the reason being it was for business class only. Other passengers were not stopped when they tried to use said toilets. I do not intend to fly with the airline anytime soon. Funnily enough all the other hostesses were really nice just the one hostess that screwed up the entire experience.
"
54,✅ Trip Verified ," Dubai to Hong Kong. Want to be robbed in business class? Then let me recommend Cathay Pacific. Apparently this happens enough that showing people kindness and compassion does not matter to crew members as demonstrated to me when my purse was stolen from the business class bin where the flight attendant put it and found in the economy toilet during my night flight from Dubai to Hong Kong. After I exited the plane and the police conducted the investigation that did not recover the lost items, no crew member offered their apologies or help. Not one offered to help me find the lounge or my connecting flight. No one asked me where I was going or if I needed anything. In tears I asked security personnel for help. She asked a Cathay employee to take me to the lounge. The employee looked less than thrilled and put upon. She walked several strides ahead of me as I struggled to keep up. I'd trade a fancy lounge for safety, kindness and an apology any day.
"
55,✅ Trip Verified ," Cebu to Los Angeles via Hong Kong. I have no issue with the service in the cabin. However, this is the 2nd time I flew with Cathay Pacific and both times were delayed screwed up my hotel reservations and plans for work. I purchased the higher price so that I don't have to have a long layover but end up staying 12 hrs. My original ticket depart from CEB-HKG and then HKG-LAX and I was supposed to arrived July 3rd 10pm. My flight from Cebu to HKG got delayed for half an hour but I only have 55 mins layover in HK. The moment I arrived in HKG, I was told my flight is reschedule (I expected it) the airline did provide me a hotel to stay at including free breakfast. My new ticket departs July 4th and my arrival in LAX is July 4th. I'm just upset that I purchased the expensive ticket and my flight still got delayed. I get it delays and stuff comes up but come on. This is the 2nd time that happened to me. Same 12 hrs of layover and I had to cancel my hotel and couldn't get my refund.
"
56,✅ Trip Verified ," My first experience on Cathay Pacific was horrific. I waited in line for 2 hours at JFK to board flight 841 to Hong Kong (with a connection to Koh Samui) that was scheduled to leave at 10am on Wednesday June 26th while the gate attendant kept saying there was a minor technical delay and we would be boarding in a few minutes. After two hours the desk attendant said while the flight was not cancelled we had to all leave the gate immediately and pick up our luggage. I called to reschedule my flight but was told I could not do so because I was already checked in for fight 841 and had to go to the service desk. After waiting another hour for my luggage I went to the business class service window where I had a three hour wait to be helped. There was pandemonium at the window with hordes of people crowding the counter and the agents ignoring the lines. After waiting for hours and finally getting an agent to help me I was told that I was already rebooked on flight 845 which was leaving at 1am the following morning. I had not received an email or text about this and it appears I waited in line for hours for no reason. When I showed up for flight 845 at 10pm that night after losing a day of my life waiting at JFK I was told it was overbooked and they did not have a seat for me. I was trying to connect to a flight to Koh Samui where I had reservations at a resort. In the end I was booked on a flight that went to Vancouver and then on to Hong Kong which added five hours to my flying time. I missed an entire day at the resort where I was headed. And the worse of it all is that there was no communication from the airline.I paid $10,000 for this business class ticket and spent the money hoping that by going business class I would not be subjected to so much stress. I am a frequent flyer on Delta and American Airlines and although they have their problems I have never experienced anything like this before in terms of the lack of communication, misinformation, pandemonium at the check-in desk, customer service that said it could not help me because I was checked into a flight that never took off, being rebooked onto a flight that had no capacity and lack of any apparent management oversight. In the end the airline has offered my a $250 voucher toward a future flight which feels inadequate. I am really disappointed in an airline that I though was among the best in the world.
"
57,✅ Trip Verified ," Hong Kong to Cairns. Very poor premium economy service. This was the worst inflight service I've ever experienced. Took two hours for food to arrive on a relatively short 6.5 hour overnight flight. When it did arrive it was abysmal. Very small portion, bland, and overly salty tomato sauce on dried pasta. Not even three course meal. Crew very inefficient, passengers still had meal trays waiting collection three hours after take out. Then we were woken up again two hours later for ""breakfast"" which was a dry pastry in a box. This was my third trip on Cathay on this same route, and their inflight service has been very poor indeed each time. They are not cheap, and I would not want to fly again with them. Their seats are very comfortable but the rest falls far behind their competitors.
"
58,✅ Trip Verified ," Johannesburg to Hong Kong, Boeing 777-300 ER. It was my first international flight to Asia especially, Hong Kong. The cabin crew was the friendliest and the service on board was amazing. Fortunately for me, I had no other passengers seated next to me and it was so comfortable and relaxing throughout my longest flight ever. The only down factor was that it was very cold throughout the night. My feet were very cold because of the air conditioner and of course flying over oceans too. I loved the fact that the flight attendant handed passengers disembarking from the airline for Hong Kong special visitor slips. I think it was really handy and going through immigration went quite fast. Thank you to Cathay Pacific flight CX 749 back to OR Tambo International Aiport from Hong Kong on the 16th June for giving me a last-minute seat onboard this flight because I missed my actual flight on the 15th June 2019 back to South Africa. Cathay Pacific flight CX 749 was really comfortable and much warmer on board and the service was good but can be improved. I will definitely fly again with Cathay Pacific in the future.
"
59,✅ Trip Verified ," This is an interesting 5th freedom flight operated by Cathay Pacific, with the aircraft continuing onto Hong Kong from Bangkok. My first time flying an A350 and I was amazed by the spaciousness of the cabin. Leg room was comfortably sufficient for economy class and the load factor was relatively low so I had the row to myself which is a plus point. Food was above average and quite a spread - Main course, fruits, bread, water, drinks, ice cream. Cabin crew were largely courteous and smiley, except for one who kept a poker face for most of the time. Departed and landed on time.
"
60,✅ Trip Verified ," Sydney to Dubai via Hong Kong. At my Sydney bag drop, I was fortunate to be advised at check-in by the most engaging, informative supervisor. Time was taken to explain my seating. advice re: my HK layover etc. Her kindness was appreciated. Sadly that was the end of any memorable Cathay experience. It was a full flight on an ancient aircraft which might have been doable except for the inconsistency with the cabin crew. I found any interaction with some was most unpleasant. Others were helpful but few. After seeing the menu I was waiting for refreshments to arrive. I watched the trolley loaded in the galley and was totally ignored. I was surprised and with the attitude of the female crew member in my area hesitant to ask. As this woman was abrupt, dismissive, actually bordering on rude. Therefore I left the flight certainly looking for some refreshment. These flights are not budget and the disdain I experienced was awful. The HK to Dubai was better as it was a night flight but breakfast was very ordinary. After my return home, this will be my last Cathay flight. I dread if anything goes wrong based on their attitude when all was on schedule.
"
61,✅ Trip Verified ," Boston to Jakarta via Hong Kong. A missed connection on American Airlines bumped me to Cathay Pacific. The 15 hour flight to Hong Kong was ok. The food was average, the flight staff were nice. My problem came when they refused to even considering to allow me to fly standby on a flight that was 9 hours earlier because locating my baggage with a 5 hour window was going to be too much trouble. I even offered to retrieve the bags the next day since 1 of them appeared to be left in Boston anyway. The customer service was terrible and they just keep reminding me it was American Airlines that caused me to miss the original flight not them so they were not obligated to help me. C.H. an unfriendly girl at the service desk was particularly indifferent and unapologetic. She suggested that she couldn’t help me because she didn’t know how much I paid for my original ticket. I was 38 hours into this nightmare and she had no problem adding another 10 hours to my trip because I originally booked with a partner airline. Whatever this One World partnership is they should boot Cathay out of their system for terrible customer service.
"
62,✅ Trip Verified ," Travelled Ho Chi Minh City to Dubai via Hong Kong on 29 June 2019 on B777-300 and B330-300 respectively. Smooth check-in with 3 business class counters open. My luggage got checked in to the next 4 legs (including on another ticket with Kenya Airways). Nice. Priority lane for security and lounge in Le Saigonnais (was given 2 choices) were fine. First flight delayed from SGN. An early announced 1 hour delay ended up to be 2 hours made me miss my HKG-connection by 2 hours. That caused me to miss my connection in HKG where staff waited for me tried to rebook and examined a lot of option. Next CX flight to DXB kicked off only 10 hours later and made me lose my onward tickets (2 legs). A lot of courtesy, assistance, and sympathy was received in HKG due to the delay but the results and outcome eventually became nil as they regretted early promised options of sending me onwards via Jo-burg or with Emirates to Dubai. Suffered many hours in desperation trying to sort out my further connections from their Bridge Lounge. First flight world class cuisine and caring. Business class full. Second flight so, so – dinner hardly edible. Both flights: FAs are active, caring, and truly professional. Beer choices are a disaster and limited to mass produced industrial stuff (Heineken, Carlsberg, Foster, and San Miguel). No WiFi; good IFE. Clean aircraft. Good lounges in HKG. Delay unacceptable and delay handling unsatisfactory: was denied to see the manager as the staff would not allow. They pay lipservice, a lot of lipservice, but significant results, actions, or willingness to pay for any additional routing are not to be seen. They let down passengers by eventually being stingy: nothing must cost them anything additional. Not a true business class experience. The airline falls behind what I expected. Wonder how they treat economy class passengers during irregularities? I can mention 10 airlines that supersede CX with a better biz-class product. It seems at least that they had a bad day.
"
63,✅ Trip Verified ," Hong Kong to London. Ground service was smooth and efficient. Though the gate was a bit far away from the immigration, the check in counter was very quick. The seat was modern and they provided a wide range of movies and TV shows in the IFE system. Two meals were served and snacks including cup noodles were served in between. Desserts were also served in the economy class. I could get my check in luggage swiftly and reached central London in an hour.
"
64,✅ Trip Verified ," Cathay arbitrarily cancelled my daughter's return ticket, leaving her stranded in Philippines. We had no other option than to purchase a fare at full price the day of the flight. This is how they operate. When they have you at a disadvantage figure on getting screwed. Never again Cathay.
"
65,✅ Trip Verified ," Hong Kong to Taipei. Cathay has lost its shine. I transferred over $40,000 Asian miles into my account for this trip without knowing that it will take a week to arrive my account. Offered to pay cash for HK lounge Access, which was what listed on its Marco Polo section of the website, pay US$75 at the counter to enjoy the lounge. I was denied access and been sent away to pay to use the airport paid lounge. Flight delayed more than 2 hrs and counting. Would steer away from Cathay at all costs.
"
66,✅ Trip Verified ," London to Hong Kong. I have been flying this long haul route for some years, and often with Cathay, in fact this sector recently as well. I’ve never posted a review and never had cause for complaint before now. But something has recently gone very wrong with this previous exceptional airline. On boarding, even though I was on early, I wasn’t offered a drink and the staff seemed manically busy. But that’s not a biggie. After takeoff, the usual polite approach about meal choices - and this is where it all went wrong. The choices where limited (OK, it happens) and pretty dreadful. The ‘express’ option was either a vegetarian salad (OK, I’ll live with that as well) or soup (soup??). That’s it. So now I’m pressed for what I’m going to have for brunch (brunch? Where did brunch come from? Wasn’t mentioned on the last three same sectors I’ve done). I can’t describe the options as other than the omelette the words were unknown to me - I investigated further and found one that was fried turnips with some sort of porridge on top. No thanks, so I gave up. By the way, later on I was told that first class had cereals and croissants and toast - are you kidding me? So back to ‘dinner’. The vegetarian choice was a warm salad which sounded ok - and by the way, still haven’t been offered a drink which would have been nice. The ‘meal’ arrived with half a glass of red wine (which was good - disappeared quickly though), and wait for it. It was a sort of salad although you couldn’t see it as it as an orange foul smelling hot sauce had been poured on it. Disgusting. I politely handed it back, gave up and asked for the cheese. That appeared a little later - three water crackers, three grapes and two tiny wedges of cheese. Two and a half hours now passed - asked for a top up of wine. It never came, so I gave up, put my tray on the floor, drank some water and went to sleep. Six hours later, tried to get a tea, told the seat belt light was on and they couldn’t. Ok, I get that, but believe me, there was zero turbulence that anyone could possibly feel and the crew had disappeared. Got my fried turnips (sans porridge) and water at “brunch”, then when the bumps increased, off came the seat belt sign and I got a cup of tea and the chief of cabin crew got me a small croissant from first class! No, I’m not a whinger, yes, I understand safety and I know an airline when it’s losing the plot - sorry Cathay but I worked with you some years ago, have flown this route countless times, but we have choices now, and that was a shocker. What ever genius found your ‘chef’ and threw away the up and down the aisle service (forget the ipads - they take ages for the crew to work them out), get rid of him or her and go back to what you were doing less than 12 months ago - it worked.
"
67,Not Verified ," London to Manila via Hong Kong. I landed in Manila on the evening of 13 June but my luggage did not arrive with me. While I understand that missing or delayed luggage is not uncommon, you have to note that there were about 4 or 5 other people complaining that their luggage did not arrive with them. All of these people flew Cathay Pacific! That tells you something about their baggage handling. When I posted about my experience I have friends who reached out to me that they too experienced the same same thing, one even shared it happened some two years ago and where they lost 2 luggage which was never recovered and it took them months before they got compensated for the hassle! My experience with them about my missing luggage tells me that they are notoriously terrible at handling their customers' luggage! Never flying with them again ever and I would never recommend this airline to anyone!
"
68,✅ Trip Verified ," Singapore to Hong Kong. Excellent Economy Class seats, however, older A330-300s may have smaller and lower quality IFE screens. Cabin was clean in general, and food was substantial. Crew were great and provided excellent service.
"
69,✅ Trip Verified ," Cathay Pacific used to be the highlight of our travel back to the UK. Whilst the Business Class Cabin is clean and the facilities modern with all the bells & whistles, service excellent, refreshments good, the food is terrible! I don't know what I ate, but it was mush, at best? The midnight hamburger looked great, but I went with the fancy menu. What a huge disappointment. Why don't they just bring back real meals? Good old, roast meat & vegetables with gravy ? Or Stir Fry Beef and Vegetables - Chinese style? My first main option was not available (which was promoted on both flights to & from Hong Kong. A Chinese beef dish in tomato sauce?), so I chose something that I really don't know what it was trying to be? It was absolutely tasteless and looked terrible? Probably 'nouveau' to some? It was the same with the starter - yuck. The vegetarian breakfast option was worse??? Im not fussy, but I look forward to dining as a way to waste the time and I enjoy it. After all, traveling Business Class is a treat, so I was disappointed at my recent trip & that Cathay Pacific has chosen to go down the 'fusion' route and basically, treat their passengers as imbeciles. We wouldn't choose that kind of food if we were at a Restaurant, so why try to experiment, on a 12 hour flight? Cathay Pacific please re-think your menu. Also, it was a hot cabin. I felt nausea it was so hot? Lovely female attendant was very helpful and turned it up for me.
"
70,✅ Trip Verified ," Hong Kong to Madrid. Excellent from Check in to Baggage collection. Food was very good, great sleep, loads of movies, crew were professional and very accommodating to random requests. l prefer the A350-900 over the Boeing 787, toilet is bigger and a decent size hand basin.
"
71,Not Verified ," San Francisco to Kuala Lumpur via Hong Kong. Food was below expectations, stewardesses spent their time chit chatting when the lights were dimmed (hardly any offer of water to customers during flight). MJy headset jack was spoilt and they could not do anything about it so I was watching silent movie for many hours during my 13.5 hours flight.
"
72,✅ Trip Verified ," Washington to Hong Kong. I had such a good experience with Cathay. This was a 16 hour direct flight and I was not particularly excited for the length of this one but it wound up being perfect. The flight staff were incredibly attentive. The middle section of the plane had great headroom. The flight was smooth and the pilot was great. The in-flight entertainment was great.
"
73,Not Verified ," Barcelona to Hong Kong. This was my first time flying with Cathay Pacific. I had very high expectations of such airline; they were met but only to a certain extent. I did my check in using its app; it was fine, I have seen smoother apps, but good overall. Bag drop and boarding in Barcelona was very easy - they even gave fast track access to go through security as it was really crowded and I had 60 minutes. The flight was fully booked, but the 3x3x3 configuration of the a350 is a big plus as it does not feel that crowded. Seats very comfortable, with a massive touch screen, foldable support for phones and tablets, USB charger and an incredibly convenient cup holder. Also, decent leg room. However, in my own opinion, IFE was sort of limited. Two of the major disappointments were service and food. Yet and by all means, they were not bad! Service was correct and very attentive, but I never get that vibe that makes you feel extra special. In regards to food, it was also ""just"" correct - not different to more average airlines. I have to say it was fantastic that you can order hot noodle cups at any point as a snack. I am not 100% sure if that was the A350, but I dealt with jet lag better after that flight. The cabin was at a very convenient temperature, air was not very dry (and I feel it instantaneously as I am using contact lenses). Overall, a very good flight with no complaints. However, and due to Cathay's reputation, I expected to have a better opinion after flying them. But I would fly them again, as they did a very good job.
"
74,✅ Trip Verified ," Purchased ticket as ""early bird fare"" at a great price and was best decision made. From the moment you enter the cabin after a visit to the Qantas business class lounge at Sydney Airport (One World partner) it is a very comfortable and enjoyable experience. An A330 from Sydney - Hong Kong, the plane was a little dated but still fine however the A350 flight from Hong Kong to Amsterdam was a near new plane, very sleek and modern.Welcome drink and warm towels are handed to you prior to departure and meals are served not long after take off. Great choice from the menu including a Wagyu burger they make from the galley - very delicious. Seats are shaped like a pod so there is plenty of personal space to stretch legs and relax (pod stretches out to form a comfortable bed to sleep in). IFE is fine, with a good choice of movies, music, games etc. Staff are attentive and keep an eye on any requirements during the flight. Spent some time in The Pier Business Lounge at HKIA in transit to Amsterdam and has showers, yoga room, bar, dumpling house and tea house. A great way to unwind for a connecting flight at HKIA.
"
75,✅ Trip Verified ," Vancouver to Hong Kong. Wonderful flight, don’t know if could ever go back to economy!! Flew business class in a lovely little pod type chair. Was able to fully recline and get a decent sleep on this 13 hour flight. When you push the recline button it slowly reclines into the footwell and headrest that is self contained, so you don’t disturb anyone else at all. My husband was in pod next to mine, and by leaning forward we could see each other and talk. Was not hungry on boarding (after snacking in lounge), so just had cheese platter and glass of wine while watching a movie then settled in to try and sleep. Cabin staff were fantastic and friendly. Enjoyed full breakfast about 2 hours before landing. Snacks available anytime if wanted, eg caramel popcorn, ice cream, salad, noodles. If you have to do a long flight over night then this is the way to do it.
"
76,✅ Trip Verified ," Seattle to Hong Kong. I was pretty excited to fly premium economy on the A350. The seat was not as amazing as I was expecting. Great design and storage, not as comfortable as the extra cushioned Boeing 777-300 PE seats. As always, food was very boring. It's almost always the same. Same starter, same main and same ice cream. Extreme consistency means lack of excitement. And, of course, same breakfast as always. The presentation of the food as always very sterile and basic, making the food taste even worse. Flight attendants robotic but still helpful. Overall not at the level of most of the other premium economy experiences I had with other airlines. Not worth the price.
"
77,✅ Trip Verified ," Auckland to Dublin via Hong Kong. I found Cathay Pacific terrible. 6 of us travelled in cramped seats and the food was terrible. We didn’t get what we wanted because they ran out. One dinner I handed back because it was disgusting. There was no offer of anything else. I had heard great reviews but don’t think I will fly them again. As a family of 6 adults this has cost us a lot of money and it was the worst trip I’ve ever experienced. Unfortunately we have to on the way home on Thursday. I think we should be upgraded as this was the worst travel I have ever had. I have told others about our trip and they don’t want to fly Cathay now either. Disgusted family of 6.
"
78,✅ Trip Verified ," I used to fly Cathay Pacific Business between Europe and Asia (and was disappointed with the service) but had to fly Premium Economy this time due to the high price during holiday season. Overall I think it represents better value than business class. Check in at London Heathrow was fully automatic - you have to print out the boarding pass, luggage tag and attached it to your bag and drop it using a machine. Not an issue here. Boarding was smooth and easy and we took off on time. Hot towel and welcome drink were provided. I was able to secure the first row of the cabin and found the leg room much better than other seats in PE. However the screen is stored below the arm rest so if you plan to watch a lot of movie or have gate to gate entertainment this is the row to avoid. The A350 used for Hong Kong to Taipei sector is far superior than the B777 for long haul. I found the food and service ok - given the fact that it was sub standard in business class. One thing I don't appreciate is unlike EVA which I often fly with, the toilets were not regularly cleaned. I also found the selection of movies poor. When I booked my Premium Economy ticket I was inform that the flight from Hong Kong to Taipei would be operated by A330 without PE so I was allocated a seat in economy. When I arrived at the gate I spotted that it was changed to A350 with PE and check with the ground staff if it is possible to get a seat in PE. I was told that the airplane was still an A330 and there was no PE available - that proved to be totally wrong.
"
79,✅ Trip Verified ," Sydney to Hong Kong. It is sad to see Cathay Pacific fall from grace. I have flown them for many years however today was my first flight with them for over 3 years. What a shock. From the old tired plane, no warm towels, no welcome drink, no snacks, absent staff and incredibly poor meals it was all downhill. The biggest shock was the poor service. I used to recommend Cathay Pacific, no more. Very sad
"
80,Not Verified ," Toronto to Hong Kong. This was an agonizing trip. I’m about 5'5 tall and my knees touched the seat back in front of me. When the person in that seat reclined he was literally in my lap. It was a long trip, more than 15 hours, but cabin crew discouraged people from standing and stretching legs. And though we left after 1am, the cabin was kept dark almost the entire trip. The food was okay but the entertainment system had some really good movies. What was surprising was that we changed planes in Hong Kong and flew Cathay Dragon into Beijing and that plane was so comfortable with plenty of legroom. That was only a flight of 3 plus hours.
"
81,✅ Trip Verified ," Madrid to Tokyo via Hong Kong. Friendly staff, seat on the A350 is great to lounge/eat and even sleep. On 777 bit less so and more chaotic and economy class meal. A350 to Hong Kong premium meal which was nothing to complain about. Enough snacks and drinks during the flight. PE well worth the money.
"
82,✅ Trip Verified ," Hong Kong to Singapore. A much older plane with very old 2-3-2 seating layout, it didn’t help with my osteoarthritis and over an hour delay compounded the condition service was friendly, the entertainment system was good I watched a few classic episodes of Frasier, the food was tasty.
"
83,✅ Trip Verified ," Melbourne to Tokyo via Hong Kong. Every time I've flown with Cathay it hasn't been great but this flight proved to be nightmarish. Landed in Narita via Hong Kong only to find my luggage had been lost! Although it was recovered in a few days time, the inconvenience caused by this cannot be understated. I was not offered any form of compensation beyond a simple apology. On the way back, there was also a 90-minute delay applied to the (midnight) HKG layover, during which they were asking if guests were willing to take a flight the next day as the replacement plane could not fit all passengers. Furthermore, the reason for this delay was never explained by the ground crew! Cabin staff overall was average bordering on robotic save for one exceptional hostess, I still gave it a 2 as on the return leg, menus for dinner/breakfast was not distributed and incoming passenger cards were only provided upon request (!) Speaking of which, meals were nothing special either compared to JAL, Emirates or even Delta. The only positives I can think of is the above average legroom and the relatively up-to-date inflight entertainment, including full seasons of many TV shows.
"
84,✅ Trip Verified ," Hong Kong to Milan. I had high expectations and most of them were disattended. The aircraft was extremely noisy, even with headphones the noise was really strong. The choice of movie is not so great. The seats are comfortable when you are seated but not when you lay flat. There is no extra mattress or something that soften a little the hard seat. Food is sufficient but nothing special. Flight attendants were nice
"
85,✅ Trip Verified ," Hong Kong to Manila. This was a horrible experience flying with Cathay and a horrible customer service experience compared with any other airline I’ve ever flown internationally. Flight was delayed resulting in me missing my connection. Airline refused to rebook the next leg of my flight or pay for a hotel even though rebooking caused me to have to overnight a place I had not anticipated. Underwhelmed by the service during this event and the quality of the airline all around.
"
86,✅ Trip Verified ," Hong Kong to Brisbane via Cairns. Worst business class experienced. Definitely not worth the money. Hong Kong Business lounge is alright and the catering staff is generally friendly and helpful. Grumpy, cold and slack crew. Knowing I had injured my shoulder, the crew didn't bother to help me with my cabin baggage in any capacity even when they saw me struggle. In-flight meal was awful. Cold, thick-skinned dim sum. The braised salmon was cold in the centre as well. I left almost everything uneaten, but the crew didn't bother to care or ask why. Cathay's cost cutting measures are really hurting its core product. I'd take my business to Singapore Airlines in a heartbeat, which even provides free cabin WiFi.
"
87,✅ Trip Verified ," This was my first time flying Cathay so I cannot compare it to its previous glory days. Overall I was satisfied with my experience. Cathay is comparable to the other better airlines out there, though none of them are particularly great these days. I liked that I could check in 48 hours in advance and take 2 suitcases with an economy fare, which is better than most airlines. Having to enter my advance passenger information 4 times (once for each flight there and back) was ridiculous, however. Boarding was well set up, with separate lines clearly signposted for each class of passenger. This prevents massive scrums to board. On both flights (B777 and A350), legroom was good, seat recline was excellent, and IFE was very good with large selection of entertainment and high quality screens. Cabin service was efficient if rather robotic and cold. Meals were pretty decent, especially the Asian dishes. I particularly liked the curry fried fish with rice and the noodles with dumplings. On my return, the flight from Perth was delayed by 2 hours. I received good advance notification via email and text message about this, so I could leave 2 hours later to the airport. Fortunately the delay worked out well for me, as it reduced my stopover in Hong Kong from 9 to 7 hours! I have two major criticisms, both regarding the 15-hour flight between Toronto and Hong Kong: 1) The new 10-abreast seating on the B777 is awful (apparently Cathay used to have 9-abreast seating until recently). The seats are very narrow and the armrests stick-thin. For 15 hours you are constantly being elbowed, knocked and brushed by your neighbour as well as people walking down the aisle if you have an aisle seat. I have a very slender and narrow build, so I cannot imagine how passengers with broad shoulders or who are overweight can tolerate this seating. Sadly, virtually all airlines now have this 10-abreast seating on their B777s, so passengers may have little alternative but to suffer. The FAA should not have allowed this layout, especially for super-longhaul flights like this. 2) There were only 2 meals served on this very long flight: one after takeoff and one before landing. No meal service for 12 hours in-between!! ""Snacks"" were available in the galley throughout the flight, but they were minuscule (literally bite-size) and unhealthy. There really should have been a third meal or proper snack box served mid-flight. I'm not sure if this is standard among other airlines for super-longhaul flights, but it's woefully inadequate. Despite these two criticisms, and with alternative airlines not really being better overall, I would choose to fly Cathay again.
"
88,✅ Trip Verified ," Sydney to Phuket via Hong Kong. As others have said in recent times, I don’t believe Cathay deserve their 5-star rating anymore. I have a long history of flying Cathay, going back to 1979, on one of their final B707 flights into SYD. This trip was very, very ordinary to say the least. Firstly, I chose the flights I did, so as not to fly with their 10-abreast B777ERs. So, all 4 sectors were flown with A330s, 2 with mainline, 2 with Dragon. Much more comfortable. I found the cabin crews were still excellent. The problems come from what they are given to work with and offer passengers. Just off the top of my head, in addition to the race-to-the-bottom that are the 10-across B777 configurations, in the past 10 months since my last trip, the following have gone from Y-class service: amenity kits, refresher towels before takeoff, juice or water prior to take off, deserts on the meal trays (the ice creams which are now the dessert, had always been an “extra”). Until now, I’d go out of my way to fly with CX. No longer. I’ll use them if it makes geographical sense to do so, like Aust - Europe and that, mainly due to the Marco Polo club benefits. But no longer, say, for Aust - N.America, as I quite often gladly did in the past. All very sad! I hope that management eventually realises that you don’t regain profitability by cutting and cutting relentlessly, and becoming “just another ok airline”.
"
89,✅ Trip Verified ," Arrived at Perth for my return trip to London LHR to be advised that the flight was delayed by 2 hours. As a consequence I would miss my connecting flight at Hong Kong (HK) so they had rearranged this. This resulted in a 14.5 hour stopover in HK. I was not happy and clearly distressed. I advised them I had a health condition and could not sit in an airport for 14.5 hours. I purposely chose a stort stopover (and paid a premium for it) as long haul travel is challenging anyway. I was advised that I would be put up in a hotel in HK airport. On this basis I took the flight. On arrival in HK there was no hotel. I was however given access to the Business Class lounge. Whilst this was very comfortable, I still had to sit in the airport for 14.5 hours. I am not happy. I have repeatedly asked to discuss this with someone at the airport and have been given a customer comment form to complete and post off! This is not helpful! Even if they do respond it will be far too late to rectify this situation. As far as the outward journey went, I must admit to not finding it as good as previous trips. Previously, I would have said Cathay Pacific was not far off Emirates & Singapore A/L but even based on the outward journey alone I would no longer get say this was the case. Food disgraceful. Were not offered regular drinks of water. Overall very disappointing trip which I am not planning to repeat.
"
90,Not Verified ," Have had great experiences flying premium economy with Cathay so am upset to hear they are cutting the services into Cairns. What is the logic behind this as to go with another airline we would have to fly to Brisbane. This will add an extra 6 hrs flying to our trip which is already very long to Europe. Always when we have flown with you previously the planes were full so why cut the service now. Hopefully another airline will pick up the slack. Extremely disappointed in a decision that no-one can give me a reason for. Guess you won't be getting my custom anytime soon. Great way to support loyal customers. Very, very disappointed. Plus couldn't find anyone local to discuss this.
"
91,✅ Trip Verified ," Hong Kong to Ho Chi Minh City. The average service I think. The cabin crews would like passengers to get some rest,so the meal service(all kinds) started as the seat belt sign turned off. The meal was great, as refreshment at night, especially the curry fish rice. But the crews, at first, said they would just provide tea or coffee when they cleared meal trays,as a result that they focused on it really after we finished the meals,without sparing space to provide hot beverage.
"
92,✅ Trip Verified ," Hong Kong to Brussels. Used to fly CX a lot when we lived in HK and was looking forward to flying their business class again. What a disappointment! Seats don’t seem as spacious and luxurious as before. The breakfast was tiny. All I got in the continental breakfast was a mini pastry, natural yogurt with a tiny bit of granola and fruit. There was butter but no bread to spread it on! No coffee refill. What happened to the lovely service where food was brought out on elegant carts with bread baskets offered several times? The toilets were also not business standard, more like a good economy. Flew Singapore Airlines out and their premium eco toilets were better than Cathay business. Very sad to see such a supreme airline lower their standard like that. Also the lounge at the airport was so overfilled the exclusive touch is completely lost. Poor food selection. Nice shower facility, though.
"
93,✅ Trip Verified ," Vancouver to New York. I hadn't flown with CX if a few years, so I was looking forward to their amazing hospitality, food, comfortable seats, and great service. Sadly, their food and outdated seats made it uncomfortable. Their meals service for this short-haul flight was worse than flying North-American airlines' business class. I know that this flight is late at night, but the meal was small and taste-less. The cabin crew were more concerned about turning off the cabin lights than to actually serve the customers. The seats on this particular plane were very outdated and needed refreshing. A few spots had the fabric torn-up. CX - I had faith in you. Where did the 5 star go?
"
94,✅ Trip Verified ," Hong Kong to Zurich. I was really disappointed by the quality of the food, the lack of service and by the cabin design. As a vegetarian I ordered the 3 types of vegetarian meals that Cathay and Cathay Dragon has to offer on my way in and on my way out. They were all terrible. I wanted a Bloody Mary and was offered a glass of water that stank chlorine at first and after reappearing myself I got a tomato juice and then asked for some vodka and finally had some salt and pepper. The boarding was a total mess. The service during the flight was non existant. My wife saw that they refilled some water bottles from the tap in the kitchen for thirsty customers. The toilets were never cleaned during the 12 hour flight. I do not understand how they still have 5 stars. They should have 2 or 3 stars. I flew with this company 3 years ago from Hong Kong to Toronto and the overall experience was OK. This is why I chose them to do this long flight trusting the 5 star report. Never again will I use this company. I would rather spend some more bucks and get a decent experience.
"
95,✅ Trip Verified ," Booked a last minute flight on a fifth freedom flight from Cathay Pacific between Bangkok and Singapore as they offered the cheapest tickets for me. I was not able to check in online and via check in counters received a seat with my girlfriend at one of the emergency exit which gave me tons of legroom, but no window to watch. Flight departed slightly late. IFE screens available and a good tasting meal was served en-route. Luggage took a very longtime to appear.
"
96,✅ Trip Verified ," Hong Kong to Bangkok. A great flying experience. The staff both on the ground and on the air were accommodating and caring. But there's a disappointment with the catering served inflight as the food was dull - if there's an improvement in the catering part, it will be perfect.
"
97,✅ Trip Verified ," In this trip, I bought Premium Economy class and HKG-JFK round trip, but when I reached the airport counter, the ground staff told me that my flight changed from CX840 to CX890, which is HKG-JFK changed to HKG-EWR as well as downgraded me to economy class when I reached the gate. The ground staff were friendly and helpful and gave me an appropriate compensation. They provide a comfortable economy seat and a superior entertainment system, so I'm still satisfied with Cathay Pacific after the changes and downgrade. When I came back from New York, they upgraded my seat to Business Class, which was a great experience. The funniest thing is that I bought the Premium Economy Class, but I never tried it for my round trip.
"
98,✅ Trip Verified ," I flew round trip with Cathay from New York to Bangkok with a layover in Hongkong which equates to 4 separate flights. In my opinion this airline is overrated. The one positive is the legroom is decent for economy. I'm 5'9"" and my boyfriend is 6'3"" and there was just enough space. However, the seat cushion was flimsy and did not have enough support. Customer service is subpar relative to other airlines I've flown on internationally i.e. Emirates, Eva Air, United. The food is barely edible. The flight attendants aren't as attentive. The plane seemed old, my audio for the TV wasn't working so they offered to move me to another seat but couldn't do the same for my boyfriend so we were separated. The seats were uncomfortable and the worst of all there is an odor from the bathroom that never subsides. Never again!
"
99,✅ Trip Verified ," Bangkok to Singapore. New Aircraft. Cabin okay but cabin crew not engaged, like in economy class. Bring food, need to ask salt and pepper. Did not bring any coffee after finishing the lunch. Food was similar to Economy. Overall very disappointed.
"
