,Status,Comment
0,✅ Trip Verified ," Colombo to Mumbai. Cancelling an international flight 9 days before departure because you don’t pay your fuel bills? Air India you are officially the worst airline I have flown on. And I have flown on a lot. Every time I fly with you you are a complete disaster. Frequent flight delays of hours, missed connecting flights, chaotic check-in with endless queues, terrible service. Never again.
"
1,✅ Trip Verified ," Toronto to Amritsar via Delhi. The worst flight I have ever had. Screens were not working. Arm rest was falling apart. Usb port not working at all. Washroom was not even clean. Recommendation to other passengers this flight does not value your money or satisfaction
"
2,Not Verified ," Kathmandu to London via Delhi. This was my first time flying with this airline, and it will be the last. Both flights were delayed by hours, and no one took the time to provide any explanation as to why, or any apology for the inconvenience. The flight from Kathmandu to Delhi was delayed by 2 hours, and when it came to finally boarding the aircraft there was another security check of bags before you walked up the steps to the plane, it felt really disorganised and unusual given we had already gone through security. It almost puts doubts in your mind as if they don't trust the airports security process. When we got on the plane, the air hostess was rude and demanded I put my bag in the overhead locker despite just taking my seat and organising what I needed out of my bag. The food was not nice, and the plane was quite dirty. We were recommended this airline by a family member, I'm not sure if standards have dropped over the years, but it certainly was not up to ours given the air fare. We will not be recommending or using this airline again.
"
3,✅ Trip Verified ," Seoul to Bangalore via Delhi. From the moment I entered till I got out of the plane, the whole 8 hour journey was unbearable with that strong, thick curry smell. Other passengers too were clearly uncomfortable and wore masks the entire flight. Flight attendants don’t show up at multiple calls. Plus, the cabin crew were loud and you call that in-flight entertainment? By far the worst international airline experience. Canceling my return flight.
"
4,✅ Trip Verified ," Delhi to London. Check in took over 2hrs in a queue as other late arriving customers for other Air India flights were rushed in front. Rude customer service. Our flight delayed by 3hrs due to technical problem? (2.50am in the morning). Inflight poor service, they rush pass you as you don't exist. Not a clean maintained flight, lost luggage and still awaiting for the update. Worst flight experience ever, will never fly Air India again.
"
5,Not Verified ," Newark to Mumbai. This 16 odd flight was really as bad as it can be. (1) There were no blankets supplied in most of the economy. When asked the flight attended simply said “We are sorry we ran out. When the ground crew said they only had used blankets from prior flight we refused for your safety”. (2) the in-flight entertainment system was broken and attendants simply said: “sir this is an old aircraft so many are broken - too bad”. Many “low class” customers travel in the Middle East / India sector and don’t know how to use the system and end up breaking it”. (3) food. I traveled by Air India many times and their saving grace was always good food. But this time I noticed it was super frugal (just an entree and small piece of bread ). To understand all this I struck up a conversation with one of the attendants and learned some stunning truths. He said “ sir everyone in Air India is aware of the poor quality of aircraft, non-working in-flight entertainment systems etc. but don’t seem to care. In fact, we file a detailed report after each flight, citing customer grievances, key issues etc, but nobody that can impact the situation cares. Net, it is a leadership problem. There are no customer service metrics attached to senior operational leaders’ performance evaluations and hence the outcome, As long as India government subsidies with plum jobs, customers like me can refrain from using Air India but that will not matter at all as economic forces are not at play here, For those wondering, the fare between United Airlines and Air India for this same route was almost equal (United was actually $100 cheaper and Air China was 50% lower), so Air India does not have the proverbial price advantage. I also learnt 2 new aircraft were acquired for traveling public but later converted to Air Force One for political leaders. The older aircraft if used for fare paying public. The business model is unsustainable. In new India, will someone take notice?
"
6,Not Verified ," Yesterday I was travelling to Delhi to Dubai via Cochin AI 933. On d way to Delhi to Cochin, I asked a crew member a blanket for my 3-year-old daughter as the temperature was very low because of the AC. Its a matter of shame that I was denied.
"
7,✅ Trip Verified ," Birmingham to Rajkot via Delhi. I have tried this airline first time and now it was last time because there is no service available on plane. Nobody came when I wanted something on plane even though put the buzzer on. Plus flight attendant was so rude to me. Basically you won't get nothing once you served. I wouldn't recommend this airline next time. Plus I paid more than other airline.
"
8,✅ Trip Verified ," Colombo to Delhi. The ground staff and cabin crew were very courteous. The quality was ok but not great. The cabin crew was helpful and pleasant. No in-flight entertainment.
"
9,✅ Trip Verified ," Hyderabad to Visakhapatnam. This is the fourth time flight delayed I don't know why they are showing fake timings Every time I'm missing my train from Visakhapatnam. Not valuing customer time. Care less. I don't prefer air India for any journey.
"
10,✅ Trip Verified ," Mumbai to Bangalore was a very smooth flight and I was surprised that the check in agent was happy to provide me with an exit row seat which showed that the load on the flight was on the lesser side. A good breakfast of idli and pongal was provided which was hot and fresh. The cabin crew were very friendly and as I was seated at the exit door seat, they gave very clear instructions about emergency evacuation. It was pleasing to note that this time there was an airbridge to deboard from compared to the standard remote bay. The flight itself was good and comfortable.
"
11,✅ Trip Verified ," I recently took a flight from New Delhi to Chicago and back and had contrasting experiences. On my flight to Chicago, the crew was excellent and extremely helpful and the experience was quite comfortable, let down only by malfunctioning screens. On the other hand, my experience on the return flight from Chicago to New Delhi was really bad. Right from the unhelpful staff, to shoddy screens and toilets not working, spending those 14 hours was a nightmare. So, overall I still don't know whether to recommend Air India or not, only thing is fly only if that's the cheapest deal anyone is getting.
"
12,✅ Trip Verified ," I had booked my 18.50 flight via agent from Pune to Delhi on 9th October. But they cancelled this flight and merged with 22.15 flight due to less passengers. This was not informed to me. My eticket message received to me on my contact no, but this flight cancellation message not received. I had to spent 4 hours on Pune airport doing nothing. Secondly I reached Delhi at 1 pm on 10th October. On Pune airport no staff available to take my complaint. They had treated us very badly. I was really disappointed with the treatment received during this incident.
"
13,✅ Trip Verified ," I was travelling from Delhi to Bombay through Air India, AI665 on 16th October 2019 whose scheduled time is 8 am. It gets delayed (for no reason as there is no bad weather and no other flight of any other service provider gets delayed) for 1 hour and it's rescheduled time would be 9 am but the flight takes off at 9.40 which caused many inconveniences to many of us. I have a conference meeting in Thane Maharashtra at 12 noon and I got there after 1 pm which ruins my image. I request Air India to please take care of such types of inconvenience caused to passengers.
"
14,✅ Trip Verified ," Bengaluru to Mumbai. On this flight, even though the cabin was completely full, the flight departed and arrived on time. It was pleasing to note that the crew still made announcements during the safety demonstration and at other times instead of having that automated like the LCCs. It adds a personal touch. The breakfast was hot and filling and the overall attitude and demeanor of the crew was positive. One area which prevents them from getting a full rating was the fact that it was observed that the in-flight magazines were not placed in the seat pocket of each and every seat which perhaps should have been there. As on flights with a slightly longer duration, having something to read would have been really helpful. But compared to other airlines such as the LCCs, Air India provides a much better experience and service. The baggage was retrieved very quickly. Thank you for a comfortable flight.
"
15,✅ Trip Verified ," London to Delhi. Seats were not comfortable in fact broken. Screens were not working. Reading lights were not working. Crew was not helpful at all in fact they tried to be sarcastic and advise us to join them in kitchen and help them when we made complain that screen and lights are not working!! Very unprofessional attitude. Crew totally ignore customers by not answering to call buttons. They didn't even had biscuits on their flights.
"
16,Not Verified ," Delhi to Kathmandu. First impression the flight was delayed by an hour. Then we were told that the the gates had changed at the last moment so we had to rush to another gate which was a chaos. After boarding still lots of passengers hadn’t taken their seats and were searching for it but no flight attendant came to help. Even when I hadn’t taken my seat the plane began pushing back from the gate. Then finally we took off and looking at the condition of the seats on board I didn’t even want to sit there. The seats had almost turned black. There was no inflight entertainment except an old magazine from who knows when. The food was ridiculous, we got served minced meat with giant tomatoes in it and a bun served with a small bottle of water.I mean couldn’t they afford at lest a glass of coke? I had about 150g over baggage and they wouldn’t even let that through. They asked me to pay over baggage fees but instead I took out a packet of sweets from the bag and we were ready to go.
"
17,Not Verified ," Delhi to Kathmandu. The plane was delayed by an hour. Then at the last moment we were told that our gate had changed. Then everyone had to rush to the new gate which was chaos. After boarding the plane lots of passengers hadn’t taken their seats. Many of them including me couldn’t find their seats and there was no flight attendants to help out. Then the plane began pushing back from the gate even when many of us were not seated and the flight attendants didn’t bother to help and took their seats instead. Finally, we took off after about a delay of one and a half hours. I was already not feeling that great about choosing air India and looking at the condition of the seats, began regretting choosing air India. The inflight meal was ridiculous. We were served minced meat with giant tomatoes on it with a small bottle of water. The inflight entertainment was none except an old magazine from who knows when. Oh yes almost forgot they don’t even allow an extra gram of excess baggage. I had 150g of excess baggage and they wouldn’t even let me through for that. They asked me to pay excess baggage fees but instead I took out the packet of chocolates instead. Then we were ready to go. Well, I personally recommend to not fly with Air India.
"
18,✅ Trip Verified ," Delhi to Dubai. Arrived Delhi airport 3 hr before time, no row was showing on display for my flight,1st the ground staff said that check in in row E, that was too crowded, after spending 45 min in that queue come to know that I am in wrong check in area, again have to queue at another one for 45 minutes, then come to know that they had don't have any info about my selected seat which I paid for, after that 15 min at check in counter to short out the matter, later immigration in Delhi was as pathetic as mostly, reach boarding gate just at the time of boarding even after reaching Airport around 3 hr before. Flight was ok, food good, on time.
"
19,Not Verified ," I travelled from Dubai to Cochin on Sept 22nd, take off time from Dubai is 13.35. May be Off season offer air India announce a baggage of cabin 40 kilo and hand 8 kg. But my cabin bag includes only 34.5 kg and my fate my hand bag just exceeds 500gms while they weighing in boarding and it shows 8.450 kg. But they imposed a penalty of 70 Aed at the boarding entrance. They were not ready to allow a single gram. And also inside the flight the cabin hostess behaviour also found to be too harsh. I never support air India flight for a long travel. Inflight entertainment the headset and screen is not working and I ask for a better service to the hostess she replied that Air India have this facility only.
"
20,✅ Trip Verified ," Varanasi to Delhi in August. Was travelling with only hand baggage so checked in using self checking kiosk. Boarding started on time, may be as it was just few days before Indian independence day, they took body and baggage search at boarding gate. Aircraft was just ok, need to improve cleanliness, seats were comfortable. Journey was just above one hour, they served complimentary snacks, paneer tikka served was good, no alcohol on domestic rule as per DGCA rule and only veg for economy for so called cost savings. Crew were ok. Overall not a bad airline when travelling domestic and ticket prices are at par other airlines.
"
21,✅ Trip Verified ," Delhi to London. Flew with Air India for the convenience of the direct flights. They were the same price as there competition, which we decided to use the National airline. We wish we never. The only positives are it’s direct and left on time. The plane was badly damaged on the inside. The clientele really don’t look after the planes. The seats were damaged or squeaky, the tray tables broke, netting to hold books iPad etc broke and then the toilets. They were gross. Worst toilets I’ve ever seen on an airline. Also in two that I went into the seat was broke and wouldn’t stay up on it’s own accord. The food was terrible. IFE was sufficient for the 8hours. The crew’s on board safety was awful. None of the safety checks were carried out when landing or taking off. I have to admit I was excited to Air India. But overall the experience was shocking.
"
22,✅ Trip Verified ," Mumbai to Bengaluru. This was a comfortable early morning flight which took off on time and even though the flight was completely full, the flight attendants were quite nice and the breakfast service which consisted of a idli / poha was not rushed. Flight itself was very smooth and we landed also well enough. Kudos to the airline and the crew.
"
23,✅ Trip Verified ," Travelled last week on Delhi to Dubai route. Actual departure time was 16:50 but got message/mail/call in morning that it has been rescheduled for 17:20,ok,good that they informed early through all possible means. At Delhi Air India have common check in desk for all international flights still at the time I reached wasn't much crowded, 15 min in queue and 2 minute at desk. Boarding started on time but no zone wise boarding, everyone was boarding same time. They had only one scanner machine for boarding pass scanning but there were 2 queue to board,complete chaos,not a decent boarding experience. Aircraft was Boeing 787-8, AirIndia has some of the best leg room for economy, interior was just ok, not looking fresh. It was just 3.5 hour flight, they started beverage service just half hour after flying, not a bad selection of beverages,after that dinner, option of veg,chicken or mutton, was ok but earlier on same route got better. Finally landed in Dubai in 2 hr 50 min, half an hour before schedule. Inflight entertainment need to be improved. Overall okay experience for the price I paid.
"
24,✅ Trip Verified ," Singapore to Delhi route was on negative side. Check in :I was flying 1st time from Singapore, my wife had flight to DXB by Emirates few hours before my flight, they had fully automated self checking and was expecting same for Air India but I was wrong. Air India still use conventional method of checking. Boarding was on time. Aircraft was in shabby condition, needs serious maintenance, torn back pockets, damaged window light control and many more. Breakfast served was just Ok, didn't expect this on a route like SIN DEL.Flight crew was ok. On time:Arrived Delhi before time,that was good.
"
25,✅ Trip Verified ," Bengaluru to Mumbai by Air India. The flight was slightly delayed by an hour or so due to crew work time limitations being exceeded but this was communicated well in advance and so there was also no adverse consequences as a result of that. The flight in itself was a very standard fare with breakfast served and the crew being fairly warm and receptive. Had it not been for the delay this would have been the perfect flight but nevertheless an enjoyable and comfortable flight experience. Also travelling on the Airbus A320 Neos is quite good as they are newer aircrafts and more fresh.
"
26,✅ Trip Verified ," Delhi to Mumbai. We had a 1 hour delay on the tarmac with non working air conditioning cabins and very minimum air venting at 40c temp in cabin . Were told by crew it would get better when we were airborne and while air vented a bit better when airborne it was still very warm. The staff knew Air Con had an issue and were told by numerous passengers even while on the tarmac but lied saying “air would be more once airborne”. Crew and Pilots obviously knew they had a fault, werent expecting to be on the Tarmac for an hour waiting for a delayed USA connection to this flight and flew with a fault anyway to keep schedule.
"
27,✅ Trip Verified ," Delhi to Mumbai. Changed my flight to a different one and of an earlier time. Didn't bother informing even once. When I tried enquiring at the airport, they didn't find it important to reply to me for the same. Moreover, the flight's AC was having issues which again wasn't informed about. Hot and highly uncomfortable throughout the journey.
"
28,Not Verified ," San Francisco to Delhi via Hyderabad. This was the first time I was flying Air India, and I have truly never used a worse mode of transportation ever. Air India has the worst aircraft with the most ancient entertainment systems. But that is a mere inconvenience in the harrowing experience that Air India considers to be an acceptable journey. After missing my connecting flight at Delhi International Airport, thanks to the inefficient airport security, and spending the night at the airport, when it was time to check-in to my new connecting flight, the Air India personnel at the counters were extremely curt, unhelpful and uncooperative about checking in my luggage that was already cleared from my previous flight. Upon boarding my next flight, I was welcomed to an unclean seat and food tray. Once I finally landed at my intended destination, Air India managed to lose one of my checked bags, which I was reconciled with after 6 days. This experience has definitely turned my family, friends and me away from Air India as future customers.
"
29,✅ Trip Verified ," I booked my ticket in the UK with Southall travel. 2 days before my outbound flight to Delhi I telephoned Air India to reserve my seats. I was told that I now had reserved window seats on every one of my flights and there was no need to check in online. It was all done. I arrived at Heathrow and took my pre booked window seat to Delhi. On 14th April arrived at Delhi international airport at 09:50 in the morning to fly to Kathmandu. The flight was due to leave at 12:50. 3 hours later. I queued with my luggage for almost 2 hours. When I got to the check in desk I was told that Air India had over booked the flight so I would not be able to fly that day and would have to fly the following day. I protested and said that this would not do. I spoke to several members of staff and two managers. I was pushed from pillar to post. I demanded that Air India put me on the next available flight with whichever carrier they could. I was told that this would not be possible as the only other flight to leave that day was a Nepal Airlines flight which was already full. I persisted. Finally they called Nepal Airlines who agreed to put me on the flight if there was a cancellation and the 2 airlines would sort out everything between themselves. While I was waiting I questioned the Air India representative who informed me that it happens quite regularly and that every week at least one or two passengers do not get their seats due to Air India over booking their flights. He said that confirming seats for my future Air India flights by telephone was not a guarantee that I would get the seat because priority would be given to people who book their seats online and if I ever was to confirm my seat by telephone then Air India's policy is to advise customers to arrive at the airport to check in at least 4 hours prior to departure. The agent in the UK said nothing about this when I confirmed my seats with him. A seat came up with Nepal Airlines at around 14:35. I was told to hurry forward. I did so do with the Air India representative towards the Nepal Airlines check in desks. However when we got there the Air India Representive informed me that I would be liable for the excess baggage as Nepal Airlines allow only 20 kilos of luggage whereas my luggage allowance with Air India is 46 kilos. I refused to pay; It was not my fault that Air India over booked their flight so why should I, the passenger be penalised for their utter incompetence.
"
30,✅ Trip Verified ," We had a awful trip from FFM to Colombo and back with Air India. We chose them because they were offering the best times for both trips (but they changed them later from 8.40 in the morning to 2.40 in the middle of the night - and they do this apparently regularly). On both flights (actually all 4 flights because there is a stop over in Delhi) the online check-in was not working - as a result my family of four were spread all over the plane. In one case they booked as in row 23, but the aircraft only has 21 rows. So their IT is simply not working, everything is utmost slow (it took us 20 minutes to check in at the desk in Colombo). The aircraft from Colombo to Delhi is really old and dirty and this in combination with a non working IT, you don't believe that they really care about technical standards and safety. The entertainment system didn't work on both flights from FFM to Delhi. Every passenger needed numerous resets to get the minimum going - the minimum means a really small collection of outdated movies. I think even 15 years ago other airlines had better entertainment systems. This is clearly not acceptable. Sleeping was also difficult because we had numerious kids crying on all flights. The only positive aspect: some of the staff (not all) tried to do their best to solve the problems. So at least for us: never Air India again no matter how good their flight times are or how cheap they are. It is a shame that they are a member of the Star Alliance group.
"
31,Not Verified ," Had booked Business class from Kathmandu to New Delhi. Without any notice Air India changed the flight to an all-economy flight. All staff were extremely rude and the only answer we got was - this happens sometimes. Got told to contact ground staff on arrival in New Delhi to get a refund. Ground Saff said I'm not eligible for a refund since I didn´t book my ticket with an Indian bank card. Worst customer service ever experienced from an airline. Will never use Air India again.
"
32,✅ Trip Verified ," 15th August I arrived in Dehradun with Air India AI 9609. But my luggage was missing. I made a complaint to the lost and found. Until today, the 18th of August they are not able to track the luggage. Air India staff are useless and so unprofessional. I will never recommend Air India to anyone.
"
33,✅ Trip Verified ," Milan to Melbourne via Delhi. Pleasantly surprised by Air India Business Class. The cabin only has 18 comfortable seats which make excellent beds at the press of a control. The layout is 2x2x22 so you could be unlucky if travelling alone as not much privacy. Get an aisle seat for mobility. The food for main meals was delicious especially the vegetarian options. The drinks service was limited but all that is needed. The cabin crew on the long leg were kind and helpful, One elderly man took ill and they did everything they could to help him. The entertainment options are limited but the seat and bed are great value. Transfers at Delhi are slow and understaffed and need upgraded body screening equipment. I would fly business class with them again.
"
34,✅ Trip Verified ," Muscat to Madurai via Chennai. Worst flight service of India. Poor time maintenance and customer service. All the time it's late. Those who want to have a pleasant on time journey don't choose Air India.
"
35,Not Verified ," Delhi to Chicago. Very bad staff at reservation counter. Also hopeless tickets allotment, all of us given 3 different spots - row 36, 42, 45. I had 3 yr kid with me they says talk to people in flight. My question why they ask age while booking? Can anyone be ok to keep 3 yr old without parent, They should have used age while pre-allocating tickets.
"
36,Not Verified ," Birmingham to Kochi via Delhi. This was the worst flight I've been on. First of all it was a last minute decision to fly to India regarding a family emergency so we booked an inexpensive flight and that flight was air India. The staff were rude to us and the the tray table was filthy and had bits of dried up food stuck on it, when I reported this to the stuff they handed me a tissue asked me to it clean up. You could have at least cleaned up the aircraft for the passengers to use and I take this offensive because hygiene is important to me. Next when we reached Delhi we were told to collect our luggage from the luggage belt and load it on to the next flight because it was a domestic one, this was the first ever time any airline had asked us to collect our luggage when we hadn't even reached our destination. At first we weren't sure because we had flown before and this had never happened so I asked the people at the information desk for help, there wasn't anyone else there but for some apparent reason the people at the desk couldn't see me I said excuse me about three times before someone looked up from their phone and when they did they were unhelpful and they looked at me like how could I disturb them from they're phone's. All in all it was a horrible experience and I will never fly on this airline again.
"
37,✅ Trip Verified ," New Delhi to Dubai and I had a great Flight. I would like to specially Mention a senior cabin crew, Sheetal. who was very kind and dedicated towards her job. Thank you for your hospitality.
"
38,✅ Trip Verified ," Tel Aviv to Sydney via Delhi. First flight with this airline, and pleasantly surprised. Aircraft staff were friendly and attentive, food was great and wine free flowing. The seating style seems a little old fashioned, but provided for more comfortable sleeping as your leg positions aren’t as constrained as in the latest corral style business seats. Air India also provided crisp cotton covered quilts in addition to a lighter day blanket. On the Tel Aviv to Delhi leg we were offered pyjamas; perhaps we could have asked for them on the next leg. The staff at the lounge at Delhi was the only weak point. The lounge itself was well provisioned and well equipped, apart from the lack of a shower, but the woman at the desk was unhelpful to the point of rudeness.
"
39,✅ Trip Verified ," Mumbai to Hong Kong via Delhi. My flight is for 27 December 2019. I have booked a Mumbai to Hong Kong flight - via Delhi and I am now trying to change the flight to a direct flight. I am just not able to do so. I called the call centre more than 3 times and every time my call lasted for about an hour. Crazy long waiting time, and still no solution. Every time, they take all details and just before the final change, the call disconnects and now when I call them, they are asking me to call tomorrow or maybe later. wow - what a solution. they also suggested that a call back can be arranged, but not today.. hahah. Are you serious? I have 11 tickets to be changed for my entire family members. All this happened today (23 July 2019).
"
40,Not Verified ," New York to Hyderabad via Delhi. The lack of customer caring and the rudeness was appalling. My last name changed when I got married therefore my new passport has my married name. For some reason they would not accept the passport and my marriage certificate as a proof of that. My Indian visa is on my maiden name. I tried to reason with them that the US government takes security seriously and that they issued my new passport, drivers license, social security card etc. only after verifying everything. The airline demanded that I produce a court document showing name change - I dont have a court document nor does any one that I know. That is not what we do in the US for marital name change. They refused to let me get on the airplane with this reason. I was literally travelling to India for two days to attend to a family emergency and I couldn't make it. The worst part is the way the Air India staff in JFK treated me. One would expect that they would try and help the passenger but the person incharge was extremely rude and treated me like I was not human. I was literally in tears explaining to them that I have traveled like this before and no other airline objected. Like banging your head on a wall
"
41,✅ Trip Verified ," Mumbai to Bengaluru by Air India. On this late afternoon flight to Bengaluru, the flight was on the lighter side and so, as a result, the check-in process was a breeze and boarding started well before the scheduled boarding time. A light snack was provided consisting of a savoury cake and samosas/pav bhaji and the portions were generous in quantity which was well appreciated. The crew was friendly and engaging which was good. The flight departed on time and arrived well before the scheduled arrival time which was a huge plus. Air India provides great value for money and they should keep it up.
"
42,✅ Trip Verified ," Washington to Delhi. I had a family emergency, so I bought whatever ticket was available. Unfortunately, it ended up being Air India. I flew from Denver to Washington on United (Code Share) and then Washington to Delhi on Air India. The flight was delayed by a couple hours. Also, the boarding process was a mess. I stood in the line for like 45 min and then they asked me to get a new boarding pass when I was just about to get in, then put me back at the end of the line! I did not find my bag at the baggage claim in Delhi. So, I had to file a delayed baggage claim. The whole process was a nightmare as there wasn't enough staff available to help. Nobody knew what information to provide. After struggling for a couple hours, they filed a delayed baggage report and they told me I'd be receiving my bag within a couple days. After a couple of days, I called them and they told me that they didn't know where the bag was. So, I started calling them everyday. It would take me a couple hours of calling before they would pick up the phone. The phone operators never had any information about what was going on. One operator told me that the air india flight was not being operated anymore!!! I also sent several emails to the email provided on the delayed baggage report. But they never responded! After 10 days, I received a call from a local airport. They told me to come pick up the bag. I was surprised as the Air India people had told me that the bag would be delivered to my home. As I had a family emergency at home, there was no way I could travel a couple hours to the airport to pick up my bag. So , I told them that I would be filing a police report for stolen bag if they didn't deliver my bag. After several hours, they called me to let me know that they are sending the bag with someone to my home. On Air India's website, it is mentioned that there is $50 delayed baggage compensation if the bag is delivered after 24 hours. I have been trying to contact Air India customer care to get my compensation, but no one responds. I have been sending them emails every day without any luck. I recommend everyone to avoid this airline like plague. I am never flying with them again.
"
43,Not Verified ," Mumbai to Newark. Horrible experience ever had. My flight would fly on July 2nd at 1:30am, but they delayed 3 hours first then delayed for ove night 3rd July 2:30 and we did fly by 4 am, and it supposed to be direct flight but they lay over at Ahmedabad airport for 4 hours and told us for only 1 hour and half. We basically waited 25 hours on airport with no hotel accommodation. They didn’t provide water and blankets till we asked on 2nd July. 3rd July we argued with staff and manager and they agreed to give us lodge and food. I would never fly again Air India and not recommend this airline ever.
"
44,✅ Trip Verified ," We had a local connecting flight from Hyderabad to Mumbai (scheduled departure for 10 PM and scheduled arrival for 11:30 AM) and then we had an international flight from Mumbai to Newark (scheduled departure 1:30 AM and arrival around 5 PM India time). Very bad communication skills with customers- For our Mumbai to Newark flight that was already delayed by 12 hours (it was scheduled for July 2nd 1:30 AM). We finally arrived in Mumbai around 10 AM. While the flight attendees were going through the security check, the Air India staff informed us that our flight to Newark would leave at 2:30. Later on, the Air India staff told us that our flight would actually be leaving at 2:30 AM not PM. Not only is our original flight being delayed by 25 hours, but Air India did not correct its customers when they were continuously feeling relieved over false information. As an airline, it is their duty to be clear to the customer as to when the flight is leaving and being clear with that information especially when they are aware the the flight attendees are on a consensus different from the fact. Horrible Service- In our first flight, from Hyderabad to Mumbai (left at 11:30 PM) , we flew all the way to Mumbai spent 1-2 hours in the air there and returned back to the Hyderabad airport at 3 AM because the flight had no place to land and apparently because of weather. Then, after we returned to the Hyderabad Airport, they kept us in the flight until 7:30 AM and at 7:30 AM we finally left for Mumbai and arrived at 9 AM. This means we stayed in an airplane for 6 hours when we should have only spent 1 and half hour in the plane for our flight. During this entire fiasco, the Air India staff only provided us with a biscuit packet with 2 biscuits and a lunch voucher that only worked during a horrible time. How is one lunch voucher and some biscuits suppose to last us for 17 and a half hours?
"
45,✅ Trip Verified ," Bengaluru to Mumbai. On this early morning flight, it was surprising to note that the check-in was a breeze and the flight was not full. There was a hot breakfast provided which was of good quality. The flight attendants were attentive and looked after the safety and comfort of passengers. Luggage was received swiftly without too much waiting.
"
46,✅ Trip Verified ," Mumbai to Newark. Due to the short length of the runway at Mumbai airport and incompatibility of Air India, they always remove passenger baggage without ever informing them. They use a very common excuse ""bad weather"". So don't be surprised if you realize at your destination that your baggage was removed and never arrived with you. All other airlines are perfectly fine to land and take off from the Mumbai airport and you never hear any excuses from them. After realizing that you and several other passengers reached their destination without your baggage, the real fun (or frustration) begins. You will realize that Air India has only one phone number for their customer service contact which is the real deal. Average wait time to talk to a representative is over 60 min based on online search (I'm not exaggerating, in my personal experience these were the timings: 96 min, 118 min, 72 min and 130 min). Well after these wait times, you'll end up talking to the most idiotic morons on this planet who probably hate the entire human race. They no idea about anything related to Air India and no respect to listen to what you want, let alone help you. The frustration continues as these reps have no connection to the baggage department and then ask us to get a mystical ""complain number"" before they can look into our case. After calling the customer care for the fourth time, I was told that the number for US baggage department (973-242-0078). Now, I called them over 10-15 times over a period of two days and no one picks up the phone. The fun part is their voicemail box is full and not surprisingly you cannot leave any message or ever get that mystical ""complaint number"". Wrote emails to all departments of Air India including the baggage department. Still waiting for a reply. It's been three days and I'm looking for the lost baggage for me and my parents who travelled to the US and sill have no response from Air India. Please save yourself all this trouble and choose any other decent airline over Air India (even if its a few hundred dollars more pricy).
"
47,✅ Trip Verified ," Mumbai to Ahmedabad. Save yourself trouble and never fly Air India. I had a horrible experience with them twice when flying Economy which is why I stopped flying with them and picked Emirates instead. Unfortunately had to book a last-minute ticket and didnt have a choice. This time I hoped the experience will be better since I was flying Business. I am thankful that it was United who issued my tickets and were reliable enough to help me. Air India CS was a nightmare to deal with. Couldnt help. They couldnt find my record, they couldnt assign me a seat, they couldnt confirm anything. Not to mention I was on hold for an hour before they answered the phone. It was United Airlines who put in an hour to communicate with them and help re route me when my flight got cancelled.
"
48,✅ Trip Verified ," San Francisco to New Delhi. Worst of the worst. Don’t fly Air India unless this is your only resort. 1) I was traveling alone with my twin 3 year old daughters. They offered no support during the flight. I smiled more than they did. 2) I asked the hostess for water upon boarding and she told me to look in the seat pockets. No such thing was found. The seats were in horrible condition when we arrived. No one had cleaned after the previous flight. 3) No inflight entertainment. Everything was broken. 4) Calling the hostess is a useless exercise. Don’t bother waiting. 5) The arm rests were broken and cracked dangerously enough to cause a hazard for little kids. They kept falling on them when they were trying to sleep. 6) They have nothing to offer little kids. No coloring sheets, stickers. Nope. 7) Had booked child meals and was never offered the option while serving. When I complained, they simply said “You should’ve asked for it.” 8) When I whined about all this, one of the hostesses said that she’ll come and take a look. She never came.
"
49,✅ Trip Verified ," Delhi to Hong Kong. Air India flight was supposed to take of at 11 pm IST on 15/06/19 but let us cook in the flight for some 3 hours while mending a technical fault in the aircraft. Then at 2 am the air craft becomes grounded & we are requested to deplane to board another aircraft. Further we are subjected to a security check a second time which also became a harassment as there was hardly any staff to speed up the unnecessary process. The small children had become very fussy by 3 am. Then we boarded the next flight running to the next opposite gate so that flight could now leave in a orderly fashion. But after 15 minutes an announcement was made that the pilots had to deplane because of some regulations. With no further explanations about the current situation, there’s an announcement plz open gate l2. At 5 am with much confusion people started deplaning the aircraft a second time only to surround the two ground staff for some kind of explanation. It was really shameful to explain to the foreigners who didn’t understand hindi that its okay for the National Carrier Of India to behave in such fashion. But my biggest challenge of the night was dealing with my own 3 year old who was so excited, didn’t sleep until 4am in the morning & was constantly asking ‘when’s the plane gonna fly, when do we get on our cruise?
"
50,✅ Trip Verified ," Delhi to Mumbai. The worst baggage service and customer care which I have been ever seen. Please don't choose Air India which makes your journey and day of the journey and also entire trip as painful and stolen/broken luggage.
"
51,✅ Trip Verified ," Colombo to Kathmandu via New Delhi. Horrible experience from the start till the end. There were multiple changes to the flight schedule which disrupted our travel plans and we were provided ridiculous alternatives (we are transiting in Delhi and the new flight meant that our connecting flight would depart Delhi even before we arrive in Delhi- how is it even possible for us to catch the flight if we arrive in Delhi at 11am and the flight to Kathmandu from Delhi departs at 9?). So after a gruelling process of speaking to an agent we are offered new flights. This time around we had a one hour transit in Delhi which most travellers would agree is cutting it thin if you consider queues and other unpredictable scenarios. But as luck would have it, our flight from Colombo was delayed by over 30 minutes. We were slated for an 8.20am departure according to the ticket but when we spoke to the staff they told us it has been pushed to 850am. That leaves us with 30 minutes to transit? How can we possibly disembark, go through security and get to our new gate in this time? To make things worse. At 840 people were still disembarking from the plane which appeared to be a turnaround flight. This meant that the staff would still have to clean up the plane and it was evident that our flight would not depart punctually at 850- but at this point no announcements were made whatsoever, not even on the notice screens. Upon checking with the staff they told us it would depart at 905 instead. What on earth is happening? All this while the staff insisted that I would be able to make the flight even though I initially had a one hour transit and the original flight has now been delayed over 45 minutes. That leaves us with 15 minutes. Rather than providing us with helpful information, they gave us flimsy assurance that we would make it even though the odds were clearly against us. This uncertainty is disconcerting for travellers who have actual plans that may need to be shelved if we actually miss the connecting flight. Air India needs to stop selling tickets they cannot guarantee and work on being on time. It makes no sense for a national carrier to be so flaky with their timing.
"
52,✅ Trip Verified ," I had a connecting flight with Air India from Amritsar to New Delhi. The airline changed the time of flight by three hours and interrupted the whole schedule. And then on contacting with airline customer service after 40 minutes of waiting on call, I have been advised that they can’t help me. Seriously they don’t understand what is the value of the customer.
"
53,✅ Trip Verified ," Dubai to Chennai. I booked the ticket for my family (3+1 Infant), when my family entered the aircraft they had not provided the infant carrier & for my family also seats provided at the last row, which the seats did not have recline. The flight was to reach Chennai @ 05.00 am today, due to less fuel they landed in Bangalore airport & they said that we are landing in Bangalore due to bad weather condition in Chennai, during the filling of fuel they switched off the engine & AC, more than 1 hour. All passengers are suffocated due to no air supply after all passengers shout they opened the emergency exit, my family had to hold the baby until they reached Chennai. They reached Chennai @ 07.30 am.
"
54,✅ Trip Verified ," Frankfurt to Sydney via Delhi. Happy with new aircraft, sad with Service. No drinks provided on seat, no response of call light. Need to walk to kitchen and ask for my drink.
"
55,Not Verified ," Varanasi to Amritsar via Delhi. This is the worst experience I’ve ever had with an airline. Staff had no intentions to help you. -My first flight was delayed and they only publish the new time and gate 15 minutes before boarding, which was frustrating. My second flight was cancelled! Poor customer service, poor traveling experience, and very frustrating!
"
56,✅ Trip Verified ," Singapore to Chennai. I travelled in this airline, very disappointed. Poor service and very disorganized. Not worth for traveling in this. Just for one blanket need to ask few times. Next the seat can’t push back while sleeping. Seat number 14. In future for sure I will not take this flight.
"
57,✅ Trip Verified ," Paris to Mumbai via Delhi. Air India sorry to say is the worst airline experience any can ever have. I was traveling with my son and to make it easier instead of 2 suitcases of 23kg each I chose to carry 1 suitcase of around 28kg. While going to Paris I travelled in Emirates with same luggage allowance and had smoothest check-in. But for my return flight they did not let me check in because I had one suitcase and asked me to either make it in two bags (which I didn’t have on Paris airport) or pay for excess. Even on requesting and telling them I have 46kg combined allowance for both tickets on same PNR but they denied stating I have to pay if I am beyond 23kg or I need to find my solutions and come back to them for checking. The air hostesses in flight were least interested in service. The headphone of my seat and my neighbours weren’t working and even after multiple requests they never even for once got time in a 9 hour flight to change our headset and thus no entertainment for us. Our flight from Paris to Delhi gets delayed. After customs and immigration the luggage drop off counter is a small crowded counter. No proper queues and Officers are the most rude people you will encounter. They at the last moment before dropping our luggage asked us to check in the liquor bought on duty free. We had to take out clothes from our bag and put bottles inside on the counter which was badly crowded and unprofessionally managed. Upon arrival in Mumbai after almost 15-18 hours and waiting for almost 40 mins for our luggage we are told that our baggage is left in Delhi and will come in the evening flight and will be delivered only after 1:00Am. On telling them that this delivery time is not acceptable they day they can only deliver that time or next day but when we told them there wont be anyone at home as we will be at office. The executive there told me that its my problem not hers. In all this was the worst experience in terms of an airline I can ever had.
"
58,Not Verified ," San Francisco to Delhi. I booked this flight in February for June flight - unfortunately there was bad experience with me. Third class food, and the baggage service very poor - they lost my bag at Delhi airport and they didn’t pick my call and then 4-5 days after they said I have to come airport again and pick up my bag - I am living 600 km away from airport. i would never recommend to anyone this airline.
"
59,✅ Trip Verified ," I made a reservation Amritsar to Mumbai for 3 passengers with Air India. They deduct the total amount of my credit card but any booking confirmation came. I call them, email them etc etc. and till today I still have no answer .. except that they are verifying. I gave them the approval number for the credit card (that my credit card customer care gave me), but even with that info they are unable to help.
"
60,✅ Trip Verified ," Chicago to Ahmedabad via Delhi. Wish there was option for no star at all. Air India definitely deserve that at this point. My mom had flight to go India for June 7,2019. and the flight was early departure and no notification was sent. Now my mom has call all her relatives that she will not be able to make it to the wedding that she has been planning for months. It might be her last time she gets to see her family. Thank you to air India for taking that away for her.
"
61,✅ Trip Verified ," Dimapur to Kolkata. We didn’t get the seats we purchased in advance (seat 02A & 02B, AI 710). We were given seats way at the back! After consulting the Dimapur AI booking staff, they realized the error and cited a “different aircraft.” Shortly before take off, a ground staff came to where we were already comfortably seated and invited us sit in the “business class” since the seats were empty and because we didn’t get our preferred seats (with payment). But our nightmare was just beginning! We were badly insulted on flight by two attendants. After the flight took off, these two attendants raised a tantrum saying they were not informed and forced us back to the seats where we were previously comfortably seated. They blamed the ground staff for this misunderstanding. We felt harassed and embarrassed. We are still shocked at such lack of coordination. The pathetic service of Air India is a living nightmare. The payment for seats hasn’t been reimbursed either.
"
62,✅ Trip Verified ," Delhi to Calicut. Ridiculous service. More than 2 hours queue for check in; air India employee let all passengers who were saying they were late to jump the queue, causing delays also for people who were there more than 2 hours before. The employee at the check in let some passengers not pay for extra weight luggage while other (such as me) had to pay (which is of course correct, but the treatment should be the same for everyone); moreover to pay I had to make another queue; they make fun of me because at the end of this queue they told me it was not correct so I have to come back to previous queue, where thanks to the kindness of other passengers I could have reached the desk faster, otherwise I would have lost my flight, so that just for check in, it took more than 2 hours! Moreover the flight has been delayed of more than 1h 30 mins and they advice us just late in the previous evening, causing me to not participate to an important business meeting. No words for this service. I felt very bad, especially for the total lack of respect towards me.
"
63,✅ Trip Verified ," Melbourne to Hyderabad via New Delhi which had a transit time of 14 hours at New Delhi Airport. They asked to recheck in at Delhi Airport. When I was trasferring from International terminal to domestic terminal they dint even allow me to enter the airport stating that my flight has a long time to go and you need to wait. I was asked to wait outside the airport where there was no proper seating facility and waiting area available. When I was trying to contact Air india office they were not ready to listen and they were very rude and arrogant. I’ve been living abroad for the past 6 years and travelled with Malaysian, Singapore, Thai, Cathay Pacific and Sri Lankan airlines and never faced this kind of a problem. I was so unhappy with the customer service they have provided to me and finally when i demanded that I’l lodge a complaint against the airlines they finally allowed me inside the airport. I’ve my return flight on July 9th and I’ve the same 14 hours of transit time. I’m trying to contact the customer service helpline, Delhi airport office, Hyderabad airport office to enquire about the hotel booking or lounge booking but no one is picking up the phone and its keeping on hold line for more than 40 minutes. This is not the way you guys treat a customer. This is the worst customer service experience I’ve ever had in any airlines. Definitely I’m not flying with Air India again and will recommend to all my colleagues and friends not to fly with Air India.
"
64,✅ Trip Verified ," I flew from Lucknow to Delhi, a short sector of just 45 minutes it was nice to see the crew served food boxes which composed of a veg sandwich and a mango juice. The best part was the 25kg Free check in luggage. I would fly air India again.
"
65,✅ Trip Verified ," I booked my mother's flight from Ranchi to San Francisco via Delhi in Feb for a May travel date. The night before my mother was scheduled to fly from Ranchi we received a call, mind you, no email stating that she will need to wait at the Delhi airport for 12 hours as her outbound flight from Ranchi to New Delhi has been re scheduled to an hour later. Thankfully, we had made the reservation using a 3rd party, since air india customer service did not pick up our call for over 40 minutes and counting. My mother's entire itinerary was moved a day forward and she still has to wait in Delhi for 12 hours to board her SFO flight. No wheelchair has been assigned and the meals have also not been assigned. To add insult to the injury, I paid extra for aisle seats and there is no way for me to get reimbursed for that expense since the payment applied to flights that have been re scheduled now. I faced similar issue with my in laws itinerary with their itinerary being randomly changed. It can not be by chance, that this lame airline messed with 2 random itineraries both in my family.
"
66,✅ Trip Verified ," Copenhagen to Bangkok via Delhi. Do they know the word customer service? I booked tickets flying from Copenhagen to Bangkok via Delhi. They changed the scheduled times 3 times. The last time they only allowed me 10 minutes in transit flying from Bangkok to Copenhagen via Delhi. I tried to call 3 different numbers to try and fix the problem, but I wasn't able to get a real person to answer the call. I then tried to write to different mail addresses, again I had to wait almost 2 weeks before I finally got an answer. Their solution was to offer me to fly from Bangkok to Delhi 1 day earlier, but then I had 12 hours in transit in one of the worst airports in Asia. When I wrote back to accept their offer, I had to wait another 2 weeks, and finally the night before I was supposed to fly back, they sent me an updated itinerary. On the first leg of my trip, the entertainment didn't work. The seats are very hard and old. The service is very poor, when I compare to other Star Alliance companies. The tickets were cheap, but I will not fly Air India again.
"
67,✅ Trip Verified ," I was pleasantly surprised by the overall experience on this 1 hour flight from Lucknow to Jaipur. The check in was smooth and in the flight I was surprised that they serve sandwiches on such a short flight and making rounds asking passengers for more. The free baggage allowance and seat assignment is another reason represents the full service tag.
"
68,Not Verified ," Chicago to Chennai via New Delhi. My initial flight from Chicago to New Delhi got delayed couple of hours because of delayed start. I had only couple hours for my connecting flight at New Delhi. Air India agent at Chicago has rebooked my flight from New Delhi to Chennai without asking my concern and the connecting time now I have is 9hrs. I was told at Chicago that I will be provided with a hotel and asked me to talk to Air India people at New Delhi for allotment. When I reached New Delhi, I was told that they do not have any hotel but can provide me with lounge access which has beds to sleep and fresh up. I was provided with a complimentary dinner from Dilli Street restaurant inside the domestic terminal. But when I came to lounge to take rest I was told that there is communication for them to provide lounge access and we had to escalate this to a manager at New Delhi airport who in turn told me that they did not promise me any lounge access or beds. I was told to just stay at boarding gate. This is my first time flying with Air India. When I mentioned the same with Air India agents they said that this always happens with Air India and the service is not that great with Air India. When I spoke with manager and asked them ""Shouldn't they be providing accommodation for delays from Air India and is this how you treat passengers?"" Her reply was you can interpret that in any way but I cannot help you in any way except for asking you to wait at departure gate. Entertainment system in international flight did not work for my co passenger. I had to switch seats and we had to take turns to watch movies. I would rate them 0/10, but unfortunately I do not have that option.
"
69,✅ Trip Verified ," Another very good flight with Air India. I was able to upgrade myself to Business and have not regretted it. The plane was very new and clean (including toilets throughout the flight), flight attendents and food excellent. The flight left on time and arrived in Melbourne about 10 minutes early. Although the layout is 2-2-2, the lie-flat beds are comfortable and Air India provided a warm blanket, pyjamas and a nice amenity set. The only slight drawback was the check-in procedure (that was not flight-specific but for all AI flights) and that took about 1 hour and 15 minutes of waiting to get four lines of passengers checked in before me, although these were the 'drop-bag' check in counters. Either Air India has upped its game or I was very lucky to have had two excellent flight experiences.
"
70,Not Verified ," Hyderabad to Washington via Delhi. There is so much uncertainty, delays and unscheduled stops. Overall it was horrible. When I booked the ticket it was a 21 hrs flight with 3 hrs halt in Delhi. 4 days before the flight, I got an email of re-routing the plane through Mumbai and it added 7 hrs extra time on the flight. The problems did not stop there. Boarding from Hyderabad was rescheduled to 7:40 PM instead of 7:15 PM which was okay, but after that I received another email saying there is 2 hrs delay and it will be 9:00 PM. I am so frustrated and no one called or sent an apology. This is unreasonable and unethical. There should be accountability, responsibility and explanation. This is not right. They are stressing out travelers and their families.
"
71,✅ Trip Verified ," Delhi to Paris. I had my worst flying experience so far with this company. I had my retrun flight from Delhi on April 29th 2019. When I arrived at the checking counter and presented my passport, another client with many passports just passed in front of me without any explanation. She was accompanied with what seems to be the manager. The agent ignored me completely and focused only on the new customer with many passports. I asked for explanations many times but the only answer I got is ""one second madam"". After about 10min, when finished with the ""out of nowhere"" customer, he handed me back my passport while telling me that my flight is tomorrow. The only explanation I got is that there was a technical problem with the company's server and there were not enough seats. After getting my boarding card for tomorow's flight I went to Air India's agency to demand an accommodation or any other assistance while waiting for my flight the next day. The only answer I've got is that there is nothing I can get on the spot and all I can do is to send a complaint by email to ask for compensation. If possible, avoid Air India at all cost. They will not even treat you as a human being if you don't know a manager or have some kind of a mysterious privilege
"
72,Not Verified ," I had a flight from Ahmedabad to Najaf via Delhi on April 1 2019. I was travelling with family (2 adults + 2 kids). We all were travelling on the same ticket. I got the boarding passes from Ahmedabad to Delhi in Ahmedabad and was told that the Delhi to Najaf boarding passes will be issued in Delhi. Also, I was told that I will get my luggage in Delhi and will need to check it in again. Fine with that. Reached Delhi, saw that the Najaf flight was scheduled and was showing as scheduled on departure boards as expected. Asked couple of ground staff about the checkin desk etc. I was told to stand in a queue at one of the desk. Stood in the queue for about an hour. Reached the desk and was finally told that the flight has been cancelled. If the flight was cancelled, why was I not informed in Ahmedabad. I was then asked to go to the service desk. The jokers at service desk asked me to go the ticketing desk. So I exited the airport as the ticketing desk was outside the airport. The manager at that desk told me that the only thing which they can do is refund back money of Delhi to Najaf. No compensation. No help in getting a hotel. No help in getting another flight back to Ahmedabad. No nothing. I had no food with me and was not allowed to enter the airport. The manager on the ticketing counter was so rude as if she was working for me. In any case, I have decided not to travel through Air India again in future. And I would suggest other not to travel as well. All the staff members are rude. Ground staff is rude. Air staff is rude. Plus its a government owned airlines. It will stop at any time and you will lose your money and time.
"
73,✅ Trip Verified ," We booked the combination of 2 flights. 1st flight from Jaipur to Delhi 2nd flight from Delhi to Varanasi. The 1st flight with Air India got a delay of more than 1 hour and because of that we lost our connection to Varanasi and there was no other available flight to Varanasi on that day. While we where waiting for the Air India flight in Jaipur we asked several people from your company if we still could catch our 2nd flight and all people we asked told us that it would be possible. So we trust we could make it and unfortunately that was not what happens which ruined our vacation plans to Varanasi, people and make us lost money that we were not considering.
"
74,Not Verified ," Shanghai to New Delhi. Positives: Main course was okay Arrived on time Negatives: Otherwise, the food was rubbish The hollywood section of the entertainment was frozen so didn't work, not like it offered good or new movies anyway. Only one small meal was served on a 7.5 hour flight. Seat was hard and uncomfortable. Interiors were outdated and in tatters even though it was a relatively new plane. Service was unremarkable. They didn't allow my bag to go even 0.5kg over the limit, wanted me to pay 200RMB extra. The cabin was very smelly, nothing felt clean at all. Even Chinese carriers are better than Air India.
"
75,✅ Trip Verified ," I travelled on 13/4/19 from Amritsar to Mumbai. Thank god Air India is going, very much better, joyful crew, food was amazing, and above all pilot who landed 25 minutes early. Keep it up.
"
76,✅ Trip Verified ," I had bought a round ticket Mumbai to Hong Kong and Bangkok to Mumbai. While my trip from Mumbai to Hong Kong was a surprisingly good experience with excellent food and service, the return trip was not half as nice. The cabin staff were rude to say the least. And not only to me but to several passengers. When one passenger spoke out, more than 30 passengers clapped to support him.
"
77,✅ Trip Verified ," Terrible communications and poor service, not again! Was flying from Kathmandu to Kolkata on the 22nd of April. The flight kept getting delayed and there was no announcement or any sort of information. The Gate no was not provided as well. We kept guessing what was happening. Finally got to know that the Gate no. has been provided from staff but the same was not announced or updated on the digital boards. When the boarding started, there were two weird vehicles attached to the stairs of the plane, which were basically for another round of security checks. It was so hard to get up in those vehicles as the stairs were steep and my mom and dad who are old, struggled badly. Male security persons were opening ladies purses and searching them so disrespectfully. When I asked what's this checking for, I was not given any answers. The body check was also done in the most disrespectful way and everyone was feeling frustrated. When we finally came onboard, none of the staff or the captain apologised for the almost 2 hrs delay. Everyone seemed as if the flight is on time. Finally landed in Kolkata and many passengers missed their connecting flights because of such irresponsible behaviour of Air India. Never again! Such a shame!
"
78,✅ Trip Verified ," Air India Mumbai to Bengaluru. The check in counters were full of passengers as there were only 2 check in personnel who were there so the airline could have done better in staffing more check in agents at the desks which would have sped up the process. Even though the flight departed 30 mins after the scheduled time, we made up for the time on air and reach the destination 15 mins after arrival which was appreciated. Surprisingly the airline had opted for the A319 on this route even though the flight was full. Dinner was served on this flight which consisted of mixed vegetables with a paratha and biryani which was quite tasty. The crew were also enforcing the rules such as ensuring that no pax were roaming around when the seatbelt sign was on which was quite positive and showed that they were serious about their jobs. This was one of the better BOM-BLR flights I had taken.
"
79,✅ Trip Verified ," Melbourne to Delhi. An excellent flight, left on time, arrived Delhi 50 minutes early. The flight was about 80% full and other than a few very minor things I could not fault Air India. The food provided was excellent (breakfast of egg omelette with sausages, croissant, butter, jam, coffee/tee), lunch consisted of three choices (lamb, chicken, vegetarian). The chicken came with rice and vegetables with a separate side salad and desert, all of which was tasty and of good quality. On top of this there were two drink-runs and before landing they provided another sandwich. The seat was good (admittedly I forked out for an exit row which I then was happily able to have the whole row to myself), legroom good enough for a giraffe. The only very minor minus points were the not-working global map and a rather limited selection of new films. The crew was responsive and courteous and happy to assist. Overall, one of the more enjoyable flights in economy I have had over the last 40 or so years of flying.
"
80,✅ Trip Verified ," Air India Bengaluru to Mumbai. Upon arrival at the airport, we were notified that the servers for the airline were down since 3am and so due to this, there were flight delays and a huge cluster around the check in desks as the agents were trying their best to resolve the issues and get things moving as smoothly as possible. The airport manager was particularly impressive in ensuring that all the passengers were checked in for their respective flights and due to the systems being down, the agents had to manually write the flight details on the boarding passes to compensate for this unforseen situation. As a result of this, the flight which was supposed to depart at 6.45am instead left at 7.35am when pushback commenced. The aircraft cabin was very fresh and clean as the airline have leased the Airbus A320 neos so they are comparatively newer. The crew were lively, engaging and kept providing regular updates and even though the load on this flight was quite full, they still were attentive and polished. On this sector, a breakfast consisting of idlis, upma and croissants was served which was very tasty. Touchdown was 47 mins past the arrival time which was not exactly ideal but this has been mentioned extensively many times that the airline needs to improve in the OTP area. The in-flight was by and large, excellent. And if they can show their reliability with regards to OTP, they can beat any other airline on their day.
"
81,✅ Trip Verified ," Dehradun to Delhi via Pune. Pathetic service. Air India lives up to their expectations yet again - late again. Poor service by staff who have unbelievably poor social skills. If given an option never opt for Air India.
"
82,✅ Trip Verified ," Sagwon to Hyderabad. We had a very bad experience with airlines and the staff. The flight was supposed to depart by 5 pm. We were waiting in the queue for boarding and there is no response from air india staff. After enquiring many times at 4:40 they informed that the flight got canceled. How could airlines cancel the flight at the last moment. This is a second bad experience. Even taxi drivers at Shirdi airport are saying the flight is canceling very frequently and Pls don't relay on air india. If this is the case why are troubling us. Stop running the service. I want to go rating below zero. Unfortunately there is no option for that.
"
83,✅ Trip Verified ," Pune to Sydney via Delhi. My 60 year old mother with limited English speaking completed Delhi to Sydney on 15/03/2019. The flight departure time was 13.15 pm however it departed on 22.30 pm as the flight got delayed way too much and caused a great inconvenience & stress. Till the day we never know the real reason for the delay. The only great thing they did at least supplied food in the afternoon. We contacted Air India regarding compensation for delay however, the request was denied. It is one of the most expensive airlines with such a poor service.
"
84,✅ Trip Verified ," Hyderabad to New York via Delhi. When I saw there is a delay in my first flight from Hyderabad to Delhi, I reached out to Customer service and they said we need to talk to someone at the airport counter to get alternate arrangements. we went to Airport counter and explained the situation. They said the next flight (AI101) would wait until all the passengers are boarded. By the time we arrive in New Delhi AI101 flight already left and now they are saying next flight would be next day same timings and until then they are going to provide accommodation and food. I dont understand how come these guys are so reckless in handling the customers. Everyone has their own schedule and some wont be able to break it.
"
85,✅ Trip Verified ," Delhi to San Francisco. I was appalled by the lack of cabin services. None of the TVs worked in rows 30-32 across all seats in spite of repeated resets by the crew. Imagine that on a 16+ hour flight. The remotes did not work and neither did the reading lights. So, I was unable to read as well. I did not see the slightest smile on any of the crew members. I know we have come to expect poor service on airlines but this kind of customer service is unacceptable. Is this how Air India is representing the national airlines of India? Shame on them.
"
86,✅ Trip Verified ," Sydney to Mumbai via Delhi with Air India. The inflight services were pathetic. The crew were negligent, directed to the wrong seat and then made it look like it's your fault when the passenger claimed her seat. Embarrassing! Requests for a blanket was forgotten/ignored. Outdated inflight entertainment films. Flight was delayed over 2hrs and Baggage did not arrive at destination. Luggage arrived after 8 days, after numerous calls and emails. Ruined my holiday. No decency to provide updates. Pathetic customer service. What more could go wrong? All this is worth INR 3000 compensation! Worst airlines ever! Worst flight experience ever! First and last time.
"
87,✅ Trip Verified ," Chennai to Delhi. Excellent service by the airline. I am very happy and would recommend it. They provided food and blankets in domestic flight as well. Keep up this service.
"
88,✅ Trip Verified ," Washington to Delhi. Poor Customer Service. Difficult to get in touch with US Staff. Inidia Phone Staff is not supportive and not clear. I made a mistake in booking. Usually, you should be able to cancel or make changes within 24 hours. The staff was charging money for cancellation within that timeframe as well.
"
89,Not Verified ," Birmingham to New Delhi. We have not yet flown but in the past 3 months have found Air India the worst airline I have ever booked with and I am well travelled. I booked the flight in my maiden name but my passport is in my married name. I tried to seek an amendment but was told it was not possible. I had to cancel it and rebook the flight for double the fare. Air India have took it upon themselves to cancel the flight! It is an absolute joke.
"
90,✅ Trip Verified ," Mumbai to Bengaluru. I had rushed in order to check in for this flight and to drop my baggage because I was running late and I noted that the flight which was supposed to depart at 8.15pm was instead rescheduled to depart at 9pm due to the late arrival of the incoming flight which ensured in an ironic way that I was able to check in successfully for this flight although for other pax, it must have surely been an annoyance. I have travelled very frequently on the BOM-BLR route and vice versa and I have always observed that this route is almost always delayed which is not ideal and perhaps the airline should do something in order to reduce the delays. The boarding started 1 hour 15 minutes after the original departure time. The load was quite full for this flight as there were many office goers who were returning back from work. Dinner was served on this flight which consisted of a vegetarian fare of mixed vegetables and dal rice followed by gajar halwa and dahi vada for dessert. The food on Air India's flights has always been sumptuous and this is one of their main USP's. Landing was of-course delayed but the disembarkation and baggage retrieval was done very swiftly. The flight in itself was very comfortable and even though it was delayed, it ensured that I was able to make the flight on time although flight delays is something that is still affecting Air India and unless and until they can find a way to resolve these issues, the airline will be at a disadvantage as compared to other rival carriers. Hopefully they will take note and try to rectify these issues surrounding flight delays because from my observation, most domestic pax prefer not to waste time on delays and get from their origin to destination with minimal fuss.
"
91,✅ Trip Verified ," The return flight from San Francisco to Delhi was scheduled for a late night departure and being quite empty ensured that there would be sufficient seats to stretch out to sleep. The flight departed on time for this epic 18 hour flight which was flying eastwards. The crew were very helpful and assisted a lot. There were 3 meal services offered on this flight (refreshments / lunch / dinner) including alcoholic / non alcoholic beverages so this ensured that satisfaction was there. Throughout the flight, I was able to rest comfortably and was even able to watch a movie or two which was very good. As the Pakistani airspace still remained close, the flight has to go through Mumbai / Gujarat before arriving at Delhi and yet the flight still landed 15 minutes ahead of schedule. Reached the destination fresh which was very important during this long haul flight. Thank you Air India for such a wonderful flight. Air India may not be a luxurious airline but it is much much better than what people think. For anyone travelling to the west coast, I would highly recommend this product as it provides great value for money and reduces the travel time considerably.
"
92,Not Verified ," We had a flight Madrid to Delhi for this Easter and two weeks of the trip we have canceled alleging that the airspace of Pakistan is closed, yes, only have canceled the two less profitable routes to the company, from Madrid and Birmingham , nevertheless, from other places they have not canceled the flight, diverting the trajectory to avoid the conflict zone (Pakistan). Incredible the lack of seriousness of the Indian company. ES: Teníamos un vuelo Madrid - Delhi para esta semana santa y a dos semanas del viaje nos han cancelado alegando que el espacio aéreo de Pakistán se encuentra cerrado, eso sí, sólo han cancelado las dos rutas que menos rentables salen a la compañía, desde Madrid y Birmingham, sin embargo, desde otros lugares no han cancelado el vuelo desviando la trayectoria para evitar la zona conflictiva (Pakistán). Increíble la falta de seriedad de la compañía india.
"
93,✅ Trip Verified ," Delhi to Mumbai via Indore. After landing in DEL, as the airline had provided a very tight connecting flight from Delhi to Mumbai as a result of which that connection was missed. So the airline staff, had provided an alternate connecting flight but this was via Indore which added up to the travel time which was not exactly ideal. What was surprising was that the airline did not have any connecting flights to Mumbai from Delhi between 9am till 3pm. Because Delhi to Mumbai is usually such a trunk route that there are enough flights. So this was not very good. During the checkin of the flight, the check-in agent was very helpful and told us about the status of the flight including the seat availability and other details which was really helpful. The flight in itself was slightly delayed due to connecting passengers from Srinagar. From Delhi to Indore a light snack featuring a sandwich and a drink were provided which was good. After landing in Indore, we had to sit inside the aircraft as the servicing was done and other passengers joined in. For the remaining Indore-Mumbai leg, again a snackbox was provided and arrival was 30 mins delayed which was not preferable. It seems that Air India's international product is fabulous but on the domestic sector there can be improvements with regards to the frequency of flights / flight delays. The flights were pretty decent. Would recommend but would expect more connections and frequencies of flights because I had to wait almost 5 hours to get my connecting flight back to Mumbai and that also with a stopover.
"
94,✅ Trip Verified ," No matter how bad you think the Air India might be, it's actually going to be worse than that. I'm a multi-million miler, and I'd be hard pressed to think of a worse experience than 15 hours on Air India. Not all of it is the airline's fault--but if you connect from a domestic flight to leave from Delhi, you go through seven different ID and security checks before getting on the plane: everything from accessing the terminal to accessing the gate, each has its own separate security inspection. I'm not sure what terrible people they believe would pose a threat to an airline which needs no help falling apart. At the gate. We were delayed several hours for reasons unknown and unexplained. When we did board, there was immense disappointment. The seat cushion at my seat was clearly from a regional aircraft and did not fit the seat, It covered maybe 75% of the seat area, and the rest of me was sitting on the gap or directly on the metal seat frame. The entertainment system was non-functional. A 15 hour flight, and it was broken. But whatever, it's 4AM and we've been waiting almost four hours to leave. It's time to push back. And we're back to the gate. At least the pilot checked to see if we had fuel before taking off. Because apparently we didn't have enough. And refueling took another 40 minutes. That hardly seems like a top up because we idled the engines for too long. And now we're finally on our way. The food served was...pretty dreadful. The cabin crew did their best, but the condition of the aircraft wasn't their fault. However, the cleanliness of the aircraft was indeed their responsibility. By midflight, all but one lavatory had run out of toilet paper and paper towels. The one lavatory which hadn't run out of paper had an actual hole punched in the bottom of the toilet, and was covered in human waste as it could no longer flush. It was probably the most disgusting thing I'd ever seen, and even worse, there were no alternatives--waiting another 6 hours wouldn't end well for me. The ironic thing is that the inflight maps show the locations of famous shipwrecks as you fly over them--which serves as a reminder that there are some journeys that actually are worse than flying Air India. Change here needs to start from the top, and run through this organization like an avalanche. They'll need years of good reviews and quality results before I'd consider them again, but I don't think they'll have that luxury.
"
95,✅ Trip Verified ," Chennai to Delhi. I was skeptical when booking a flight with Air India because the website is like from 90'. When boarding I was pleasantly surprised. Even for me (2m tall guy) more than enough leg room, comfortable seats. The dinner was included for this short (2h30m) flight.
"
96,✅ Trip Verified ," Delhi to Kathmandu. Don't ever fly this this airlines, it was overbooked and they will just bump you out of the flight. The duty managers, and ground staff are very impolite, lack hospitality and are unaware about customer rights.
"
97,✅ Trip Verified ," The second onward connection from Delhi to San Francisco was scheduled in the evening and on this sector surprisingly not all the seats were full as the airline has increased the frequency of flights to SFO. Boarding happened on time and departure was ahead of the scheduled time which was a big plus. Once airborne on this 17 hour flight, the crew regularly looked after the passengers with food and drinks at regular intervals. At my seat the IFE was not working but it was not of any real consequence as I had planned on maximizing my sleep / rest time onboard. There were 3 hot meals provided on this sector with refreshments / dinner / breakfast provided. As there were some seats vacant I was able to slip back to those seats, stretch out and take good rest for 3-4 hours which was a huge advantage as I was feeling really fresh upon arrival which was 15 minutes ahead of schedule. I believe along with DEL-JFK, this flight is also one of Air India's best products as it reduces the travel time considerably and the service is warm and hospitable. Kudos to the crew for an amazing flight.
"
98,✅ Trip Verified ," I had taken the morning flight to Delhi as part of my onward connection to San Francisco and as the web check-in was already done prior to arriving at the airport, the baggage just had to be dropped at the counter. Then post security checks boarding happened on time which was a plus but as the checked in baggage was still getting loaded it caused a slight delay in pushback and departure happened 20 mins past the scheduled time. Once airborne, refreshments were served consisting of pav Bhaji with samosa chaat and chocolate cake which was very sumptuous. Arrival into Delhi was 15 mins past the departure time but it didn't cause any problems with catching the onward flight. It was a good standard flight and everything went well. Thank you Air India.
"
99,Not Verified ," Flight was delayed from Goa to Bangalore by 8 hours by Air India, then they brought our connecting flight from Bangalore to Bangkok forward by one hour too. Therefore missed the Bangkok flight. The staff at Bangalore were the most unhelpful, lazy staff I have ever encountered. Eventually, wanted to reroute us to Delhi, wait for hours there, and then fly to Bangkok arriving more than a day late. Ended up buying a new ticket from Bangalore to Bangkok with another airline. Low and behold our returning flight with Air India we were informed when we arrived at he airport at 4am, was delayed by 8.5 hours. Missed our connecting flight again, going back to Goa and had to buy new tickets. Air India totally didn't care. Useless, airline - don't deserve any business. Will never use again. Avoid at all costs.
"
