,Status,Comment
0,Not Verified ," Excellent staff. I hope someone from Air Canada reads this review. I flew on Monday 11th, November with AC859 from London to Toronto. All the cabin crew were friendly, supportive and looked like they love their job. Most of Air Canada's crews are like that but last night it was beyond good. Although the weather conditions were bad and we landed with delays the captains are awesome sharing with the news and extra smooth take of and landing .They never lost their mood and kept on serving us. Thank you very much.
"
1,Not Verified ," Worst experience with an airline. We flew from Montego Bay to Toronto Canada as a layover. As we boarded the plane the Captain advised that it was snowing in Canada, but we will be on time. As we arrived to the Toronto airport we spent a hour and a half on the runway. Due to traffic and the airline plowing. You would think they would of plowed ahead of time or at least prepped for snow. So are connecting flight was boarding in 20 minutes as we lay in wait on the runway. We checked Air Canada site and it stated that our connecting flight was delayed 2 hours. So my wife and I believed we had time to make the connecting flight being that we were sitting for our an hour on the runway. Well we were wrong not only didn’t they let people with connecting flights exit off plane first but the staff and the website lied about the delay. (The connecting flight was on time) As we approached the gate to our flight we were stopped and not allowed to enter US customs because they closed at 9pm. We arrived at the gate at 849pm and had time to walked 50 feet to customs. But not to our knowledge Air Canada already rebooked our flight for the following day for 920pm without advising us. The staff was rude and blamed it on US customs even after we told them we have 11 minutes. Then they advised that we couldn’t go through customs because our check bag was on our previous flight. We explained that they can send the bag at a later date because we have to get home to our kids. Note there are over 25 other people they denied as well. Also, other airlines sent our check bag at a later date of flights were running late. Furthermore, Air Canada did book our hotel rooms but did not state when we had to check out. So at 11am the next day we received a phone call that we have to check out. Our flight wasn’t due to arrive until 920pm. What were we supposed to do from 11am to at least 7 pm. With no winter clothes because we are coming from Jamaica and we didn’t have our clothes due to the checked bag being on the previous plane. We called several Air Canada customer service lines and we met with excuses. I will never fly Air Canada or will recommend this airline. We were warned but decided to try them out anyway. Lastly, my wife checked for flights and they had a flight leaving Toronto at 11am the next day but Air Canada boomed is on the last flight leaving because it was more convenient for them. Absolutely no regard for their customers.
"
2,✅ Trip Verified ," Toronto to Providenciales. This is the second time within a year that I have shown up to the airport in Toronto to check in for my flight to discover that the ticket I had booked through their app did not get paid. Last time I missed my flight entirely and Air Canada did nothing to rectify the situation telling me it was an issue with my bank. I ended up flying American. This time I once again arrived at the airport to check in, to discover I had to go to ticketing and purchase the ticket. At no point in either of these situations did I receive a notification that the ticket was pending payment, rather I received a reference number and 24 hours prior to my flight I began receiving check in notifications. This was the similar experience I had last flight. This time when I booked the flight I had my bank on the phone to ensure it wasn’t on their end. They confirmed it was not. Both times due to their issue I was inconvenienced and stressed about not being able to return home to my family in time. Air Canada charged me for my baggage and only offered up that it must be an issue with my bank. Unacceptable service and poor communication. Thankfully I was able to get on my flight this time.
"
3,✅ Trip Verified ," Whitehorse to Vancouver via Toronto, Air Canada turned me away at the airport. Never try to fly with your pets in the cargo hold. After booking my ticket, I called to book my 2 cats in the cargo hold. I was moving across the country. Everything was fine and I booked my pets. On the day of the flight, I arrived at the airport only to be turned away due to an embargo on flying pets. They did nothing to rectify this and left me stranded. I ended up having to fly with Air North and Westjet who were great.
"
4,✅ Trip Verified ," Quebec to Toronto. The seats space between seat are too narrow for me, my knees touch front seat. You Can not assign your seat until 24h before, calling to airline, waiting time 20-30 min Except tant you paying $150 extra. Good Staff.
"
5,Not Verified ," London to Toronto. I found this trip on Air Canada's B777-300ER pretty overwhelming. I enjoyed the cabin feel and the colours. The IFE was not going to be activated till after takeoff, and that meant that there would be no WiFi until the IFE was on. Then came a cockpit PA 'Attention passengers, this is your captain speaking. We will be delayed by 1 hour due to an accident on the apron.' That accident was a pushback truck that broke down, and they needed to move it. They couldn't turn on the IFE until at least one engine was on. One hour later we pushed back, and the IFE came on. I decided to check out the entertainment selection. As this was a 1:30 PM flight, lunch was served shortly after takeoff. My cheesy pasta was sufficient. After the meal, I checked the WiFi, and the prices were pretty reasonable. $29.78 for full flight of WiFi (that's 5 hours from LHR-YYZ). Later in the flight, we were served some kind of pie/wrap thing with chicken in it.
"
6,✅ Trip Verified ," Brisbane to Vancouver. My trip on 4 Sept 19, was a very pleasant, comfortable trip. Staff and food were great. My baggage was damaged on arrival, reported it, got claim no, they did offer immediate repair on wheel if i was to be there for 3 days, however I was on a tour, elected to do it on my return home. Within a week of coming home on 4 Oct 19, I did online claim, easy enough for an girl, response with in 24 hrs, claim settled within 2 weeks. Cant beat that, thanks Air Canada.
"
7,✅ Trip Verified ," Montreal to Tokyo. The welcoming staff at Montreal airport was unbelievably rude. The check-in machines were not working and there was only one desk open for the check-ins. One desk for the largest company in one of the most important airports in Canada, unbelievable. After 20 minutes of waiting without any improvement, people started asking the staff what was happening and we were just told; ""20 minutes is nothing, if you're still in line in 6 hours you can come talk to me again but before that, it's not my problem, get over it"". The rest of the check-in and management staff on the ground though were all very nice and accommodating after I have to say. The flight was a 13,5 hours to Tokyo in a Boeing 787. Plane was nice enough and all the cabin crew staff were very good and welcoming. I was not expecting much for the food but this went beyond anything I had. The chicken was white and dry and had a blend tomato sauce with it...I actually felt sick and disgusted after eating it. I don't know what the breakfast was supposed to be but I could not finish it. For an airline that considers itself the best in North America, they really really need to improve their game.
"
8,✅ Trip Verified ," Atlanta to Toronto on an Embraer 175. Check-staff were not welcoming to me and did their basic duties without much enthusiasm. My ticket terms stated that I was eligible for same-day standby on an earlier flight, but they insisted on charging me for the change, and could not offer any explanation except ""the computer says so"". I showed them my ticket and again, they said the computer tells them to charge the change fee. This despite the fact that I had called the airline and the customer service agent on the phone told me to show up early at the airport to make the change free of charge. The flight was rather uneventful. The plane was old, and seats cramped in Economy. The crew were similarly very disinterested and unenthusiastic to me. At the end of the flight, the chief purser stood by the door texting on his phone, and barely acknowledged the passenger disembarking - the crew on the outbound flight three days earlier was a remarkable contrast. Half way through the flight, the entertainment system broke down. The crew said they would reset the system, but they could not.
"
9,✅ Trip Verified ," Sydney to Vancouver in February 2020. I actually want to highly commend an Air Canada ticketing agent.! I received incredible service from Gonzalo who went out of his way to assist me in purchasing a B-class economy fare and then upgrading to business using points. He initially could not find any availability for me and I hung up, very disappointed, after thanking him. Gonzalo then did something which NO other Air Canada agent has done and called me back! He then proceeded to assist me with exactly what I needed. I cannot thank him enough! I think he should receive some commendation from Air Canada for his outstanding and beyond helpful service to travellers flying with Air Canada.
"
10,Not Verified ," We spend several months traveling this Summer and flew with a number of airlines, and Air Canada was the best, head and shoulders above others. They were efficient in getting people on and off their flights, the crew and staff were friendly and genuinely helpful. We didn't expect food on our flights. Not only was there food, but it was good. They have a stopover program, which allowed us to stopover in Toronto for no extra charge. The flight attendants, between them, spoke 7 languages. Where there were lines, the moved people with soon to be departing flight to the front of the line. Here is an example of how great the Air Canada people are. On our flight from London to Toronto there was a man who had taken his 3 children to London (by himself) for a holiday and they were returning home. His 3 children sat together behind us and he sat in an aisle seat across from them. Not long into the flight an exhausted dad fell asleep and the flight attendants took over. Mind you the children were delightful, but the flight attendants were amazing with the children. The flight staff made that flight pleasant for everyone. That was the daytime.flight from London to Toronto on October 15th and the flight staff really should be commended. While that flight was remarkable, all our Air Canada flights were great. I will fly Air Canada every chance I get.
"
11,✅ Trip Verified ," Sudbury to Calgary via Toronto. When I booked my ticket, from Sudbury to Calgary the Air Canada website did not show any available options. I had to book Sudbury to Toronto and Toronto to Calgary separately in order to get from Sudbury to Calgary - the website did not do this automatically. The only Toronto-Calgary flight showing was 6h later than preferred (even though this is a frequently travelled route). Thinking that was the only option, I booked it. When I checked again, a few days before my departure, it turns out there were a number of earlier flights available. When I asked to change flights as a result of the website malfunction, the Air Canada employee was completely unhelpful and refused to change my flight notwithstanding my flights were booked at a time during which the Air Canada website was obviously not working properly. Air Canada's failings were many: inability to book a connecting flight on the Air Canada website, failing to show other available flights, and failing to be of any help whatsoever. I am forced to give them a poor rating. I've escalated my claim and will revise my rating if a supervisor ends up being more helpful than the employee who took my call.
"
12,Not Verified ," Fort McMurray to Bathurst via Montreal. Paid $905 dollar for a flight that got cancel in Montreal. I can only get a flight in 24h. Gave me $20 dollars to eat and no hotel to stay at just a number to call for a discount. I wait on the line for 15 min to be told they don't have any more rooms with a discount call back later. What a joke.
"
13,✅ Trip Verified ," London to Vancouver. Pre-boarding and on board service all quite good. The service was professional and attentive all through the flight. Food could have been better; Air Canada do not appear to have changed their menu on this route for over a year. IFE quite good though BA offer a wider choice on this route. Boeing 777-300ER with Air Canada's high density seating configuration is extremely uncomfortable. The seats are very narrow and uncomfortable, aisles very narrow and leg room very limited (I'm 5' 9"""" tall). For a day time flight, this aircraft is tolerable but I would avoid it if at all possible for an overnight flight.
"
14,✅ Trip Verified ," Toronto to Vancouver. I fly with this airline weekly for work. On Board the bigger the plane, the tighter the space, very uncomfortable. There have been a few times where attendants have skipped over me on flight. When I ring for service I am again ignored . Today my luggage was left at my departure. So disappointed.
"
15,Not Verified ," Worst airline ever. Highly unorganized. Never ever going to travel again with this one. Rude staff at the boarding. We were traveling from Montreal to Toronto and they didn't give us any seat though we paid the full amount to buy the tickets. And when we approached the person on the gate - he was too rude to listen to us. And on our flight from Toronto to Montreal - this one was 3hrs late. Too frustrating.
"
16,Not Verified ," Brussels to Montreal. What an improvement over my last flight. This time, the food made all the difference. The vegetarian meal was excellent: full of flavour, quality ingredients and was an appropriate size. Red wine on board was delicious as well. I had decided to abandon Air Canada for international flights until I took this flight. It seems, based on my conversation with a crew member, that the airport of origin matters, although I hope it doesn't! Crew was very kind and accommodating, nothing could have been better about this flight given the amount I paid for this portion of my trip. They have an ample selection on their in-flight entertainment system; although I do not judge an airline's quality based on that nor the availability of Wi-Fi; but rather treat them as bonuses.
"
17,Not Verified ," London to Toronto. This was a smooth flight, and the landing was not good, food was not good, flight attendants were ok, it was a clean plane, and the seat was comfortable.
"
18,✅ Trip Verified ," Toronto to Munich. The stewardess I spoke to about making sure my Border Collie was on the plane was great! She took my seat number and name and got back to me saying she spoke directly to the gentleman who put her on the plane. Although I panicked because she didn’t get back to me right away and I asked another stewardess who was not quite so friendly, telling me ”how would I know if your dog is on the plane?” I explained she could ask the captain at which point she asked me for proof that I had a dog, I gave it to her and she went off to ask, coming back with a yes.
"
19,✅ Trip Verified ," Montreal to Seattle. It all started with them making check my vest because it had studs and spikes. Then my flight was delayed a ton and they didn’t think it’d be an issue with me landing 5 minutes after boarding started on my connection. I brought this up to customer service multiple times and they just shrugged and dismissed it without any investigation or consideration. Once I arrived they canceled my connecting flight because they couldn’t transfer the luggage that I was forced to check on time. They scheduled me for a flight literally 24 hours later. I refused and asked for an alternate so they sent me to Vancouver and say they’ll have a hotel for me on arrival. I arrive at 11:30 and they have no clue about any hotel. I’m dealing with them for another hour before they get management to book a room. I don’t get to it till nearly 1:30 am. I leave wake up at 5:30 to get ready and catch my morning connection. While in immigration and customs line I get a text saying they canceled my connection and pushed me back to another flight 2 hours later. I called customer service and they just gave the same dismissive attitude. At this point, I’m running off of 4 hours of sleep and have missed all my work meetings for the day. They show no sense of remorse or need to remedy it. I called to demand some sort of refund but they just said to send them an email. Not worth the price they charge by a long shot and by far the most garbage experience I’ve ever had with an airline.
"
20,Not Verified ," Dublin to Toronto with Air Canada. 7+ hour flight. Boarded and took off quickly. Really wonderful staff and captain. Very proud of what they do. Multiple announcements to keep us in the know throughout the flight. Actually great food.
"
21,Not Verified ," I have been flying Air Canada - Toronto-Delhi-Toronto for the last 3 years (Premium Economy and Business), at least once a year. The service has been good and bad i.e. not really consistent but nothing so bad that it would motivate me to take time out to write a review. However, this time when I was flying direct to New Delhi from Toronto on Oct 8th, AC042, 22.10 departure, I had some experiences worth noting. Once we settled in the air hostess came to take our dinner order (choice between veg and non-veg). Coincidentally, my husband and I were the last 2 people she got to in a section of 22 passengers. Her words were: Unfortunately you will have to get the vegetarian option as that’s the only option left. We got a little irritated by her choice of words as we have paid the same fare as every other passenger in that section. So if every other passenger has been given a choice, why shouldn’t we be. And we expressed this with the air hostess. She said: “I will bring someone else to talk to you about it.” She then comes back after having a chat with her colleagues and said they’ll see what they can do about the meal. I am vegetarian so I would have chosen that option anyway. But just the way she said it was quite unprofessional. Over the span of the rest of the 13 hour flight, she was quite unpleasant and unprofessional whenever she would be serving us. She came to our seats to get our meal trays back but no thank you or a smile. Courtesies like these are basic tenats of any customer-facing industry, let alone airlines or hospitality which is quite a competitive market. Additionally, I rang the call bell once during my entire flight, and it took the staff 20 minutes and multiple times switching off and on to grab one of their attention. Even though they were walking up and down the aisle a couple of time. Maybe Air Canada needs to invest in training their staff on how to provide the best customer service that they claim in their advertising. Overall, it was quite disappointing for the fare prices we paid.
"
22,✅ Trip Verified ," Osaka to Vancouver. Air hosts seem frustrated and made us feel as if they were doing us a favour by having us on board. I’m not going to complain about seats and food because yes when you pay for economy you’re not expecting luxury. Even just making way on the aisle and the simple requests were not pleasant exchanges. The air conditioning was leaking on my seat and tissue had been stuffed into the vent to prevent this. After take off it stopped but when notifying the cabin crew there was an issue they just said we can’t do anything about it. I didn’t ask for anything but just to notify them there was tissue shoved in the vent. Don’t really expect much from North American Airlines. The east and Middle East do a much better job in all classes.
"
23,Not Verified ," I have no idea how Air Canada has won any awards. I fly with them monthly and have nothing but issues with this airline. Last flight from Chicago to Vancouver I get a text that there is an issue with the entertainment system and the plane didn't even have screens on a flight over 4 hours. My flight home to Edmonton we were given 3 seats to myself and not one of the headphone jacks worked. So disappointed with them.
"
24,✅ Trip Verified ," Toronto to London. This review is only for Check-In desk staff. My kid and parents were travelling, and their seats were not together. The staff were humble and helpful and went above and beyond to get their seats together. I really appreciate her efforts as my kid was just 21 months old. I'm really thankful to that lady.
"
25,✅ Trip Verified ," This past Thursday we were on our way back to Vancouver from DC through Montreal with Air Canada. On the second leg of the trip, we were seated in the 15th row (preferred seating) in front of the exit row and discovered our seats didn’t recline. We asked the flight director if we could move and before take off he remembered our request and moved us to two vacant bulkhead seats. The rest of the flight crew were just as professional and attentive. We felt it was important to acknowledge that this crew went above and beyond to make our trip enjoyable!
"
26,Not Verified ," Toronto to New Delhi. I waited to purchase duty-free and was told that the it was impossible to do so as there are less than 2 hours left in the flight. I originally pushed the service button 1.5 hours prior to the duty-free closing and not one crew member came to my assistance. I then went and flagged down a crew member explaining the fact that I've been waiting for 1.5 hours to have someone bring me duty free. She then left and said that she would return in 15 mins. 15 mins later she came back notifying me that the flight had passed the 2-hour marker and was unable to provide duty-free. So, because it wasn't my fault and yet the crew members for not entertaining to the service call, I have realized how bad Air Canada is and as a Canadian disappointed at the service we offer. Will never be using Air Canada again. Would rather fly with an airline that cares about the travellers.
"
27,✅ Trip Verified ," Dubai to Toronto. I was travelling with 3 kids and my husband. My 2nd daughter got a bug bite. It is very common for her to get that. It was itchy and she was crying. The lady behind us told the flight attendant that she was hurt. The flight attendant called nurse on board and one nurse came and assisted her. Everything was okay. She didn’t get any medications and slept good. Before reaching Toronto airport, I asked the flight attendant, do we have any procedures to do because of the bug bite? She said, just give your address and she was the one who was doing everything. But, when we went to the gate for boarding to Regina, they said, we are not allowed to travel until we get approval from med- assistant. They send us to the customer service. It was very hard for us because I had to travel with 3 kids and walk all the way to customer service. They all were tired of 2 days of travel. I didn’t get good experience from the person at the customer service. We missed our flight to Regina. We called med- assistant. The med-assistant said, my daughter has to be consulted by on call doctor in air canada. Otherwise, I have to take my kid to a clinic and fill out a 6 page form! But without doing this all, they sent us to Winnipeg. So we had a bad experience in our travel.
"
28,Not Verified ," Montreal to Dubai via Toronto. I would like to express my disappointment with Air Canada customer service. I had a flight delay in Montreal, causing me to miss my flight from Toronto to Dubai. Customer service failed to book an alternative flight and they are not responding to my communications through emails, and no one is answering when I am calling on the phone. In Montreal, me and some other passengers were promised a booking for a direct flight from Toronto to Dubai. When we reached Toronto airport, we were surprised that they booked us on British Airways via London with no consideration to the class of booking we had or visa restrictions some might have which was clearly explained by me to their staff in Montreal. The only option was Emirates. Air Canada staff couldn't book us on Emirates with an excuse of no seats available. I booked on Emirates myself, and since then I am sending emails for refunds, and to express my disappointment, with no response and no care for my needs as a customer. I really don't recommend Air Canada, because if you got stuck with the customer service, you will never receive good service, neither help.
"
29,✅ Trip Verified , ✅ Trip Verified 
30,✅ Trip Verified ," Had a serious delay at the Canadian Border, so tried to call Customer Services to inform them that I might be late in check in. Was on hold for +15 minutes twice. No operator or consultant available. Arrived at the airport 15 minutes before gate closed, informed client manager at the checkin line. Was told to wait my turn. Obviously then missed the flight. The ticketing office offered me a ticket at 3x the original price. For my luggage refund I have to apply online but that could take weeks. Customer service at the ticketing counter was callous and not interested in their clients. I was in the line there for another 20 minutes. As a consumer I will vote with my wallet. Air Canada will never have the pleasure of my clientele ever again.
"
31,✅ Trip Verified ," Toronto to Vancouver. This airline is getting more and more ridiculous by the day. They keep eliminating staff and replacing them with machines. Remaining staff are getting more and more useless. Now they have started charging for one single luggage unless you pay their high fares. If you want to check in your small carry on bag they charge you $30. Limited food options in domestic/North American flights are outrageous for what they are for such low quality and the food in international routes are hardly digestible. In the world that most airlines are competing to get worse Air Canada is one of the top contenders.
"
32,✅ Trip Verified ," Vancouver to Yellowknife. The flight itself is fine, flight crew are nice, but the customer service on the phone is horrible. My bag got lost on the way to Yellowknife. I am here for work on a tv show and have speciality clothing and other things I need to go to work with and they cannot tell me where my bag is. The call centre seems like it is in another country and they have no idea what they’re talking about. Very disappointed with this customer service and I still have not received my bag.
"
33,✅ Trip Verified ," Brisbane to Vancouver. From the moment we were greeted by the cabin crew, we knew we were in for a good flight. We were very pleasantly surprised by the leg room and general space of the aircraft. The food options were suitable for the journey and the cabin was well lit to reduce jet lag.
"
34,Not Verified ," Punta Cana to Toronto. Air Canada just get worse and worse by the minute. This company should be shut down. There is always an issue of some sort. My son arrived at YYZ at 6:45 pm. It is now almost 8 pm and in still waiting outside for him. Not to mention I just received another update from him saying they would be another 45 minutes. This is an absolute disgrace. It's always the same garbage.
"
35,✅ Trip Verified ," Toronto to Vancouver. Flight left on time, cabin crew extremely friendly and attentive. Two servings for tea/coffee etc and one for water plus the meal service. Tried the Bistro Menu for the first time - not great but fine if you are hungry and the price reasonable. Greeted by attendants and Captain upon leaving the aircraft. An enjoyable experience all round.
"
36,Not Verified ," Los Angeles to Vancouver. Employee who works for Air Canada at the counter LAX by the name of Gloria was so accommodating and lovely when we arrived. She made our check in so smooth and easy.
"
37,✅ Trip Verified ," La Guardia to Toronto. The day I started my journey from Toronto Pearson airport the flight was late by one and half hours and today I am returning to Canada by the same airline and the flight time was at 5:45pm but after reaching to LaGuardia airport suddenly they have change flight departure time to 7pm. And again after one hour, they have changed departure time to 7:30 pm. It is really frustrating and boring. It seems to be the service of this airline is very bad. Above all, I need to pick my car from the park n fly zone. No doubt I am going to lose money due to this delay. My question is who will take this responsibility for my financial loss and stress which is going to hurt my health.
"
38,✅ Trip Verified ," San Francisco to Toronto. Just got on a flight in which the staff at the check in counter was extremely rude and forced us to check our legally sized carry-on bags. We were part of boarding group 3 and they claimed that the overhead storage was already full. When boarding the plane, we realized that the storage compartments nearly wide open. The remaining 3 groups continued to bring carry-on bags much larger than ours into the main cabin overheads. The flight attendant was appalled that the checking agent forced us to check our bags and she did everything that she could to get our bags up to the main cabin (she was the only competent person that we encountered and deserves a raise). The fact that the checking agents decided to single us out was absolutely ridiculous and inexcusable. Air Canada, you have every opportunity to make the boarding experience pleasant and fair, there is absolutely no excuse for this kind of incompetence.
"
39,✅ Trip Verified ," Vancouver to Paris. Very poor experience with Air Canada. Very hard seat, because space optimization has gone too far. Very bad food (vegan like pasta with no taste at all, awful salad and cheap chocolate muffin). Worst entertainment system, you must watch 5 minutes of ads before doing any of your choice (films, musique or game) you have access to music compilations with no possibility of selecting a precise artiste or soundtrack. This company has a service level more similar to low cost.
"
40,Not Verified ," Vancouver to Melbourne. This flight was the largest flight of my trip and my second last flight of my 5 flight trip and my first time on Air Canada. I was pleasantly surprised by the friendliness of the staff and how chatty they where, they wanted to know how my time was in Canada which i thought was nice considering i was flying only in economy class. The seats where very comfy compared to Lufthansa and the in flight entertainment was much better than Lufthansa. Overall the flight went quick because of the great service, food, entertainment and comfort! I recommend Air Canada for long haul flights to and from Canada, but i will stick to Singapore Airlines for the rest of the world only because of their reward system is amazing! Great flight with Air Canada.
"
41,✅ Trip Verified ," Vancouver to Osaka. Check in and boarding we’re fine for AC039. The seat was quite uncomfortable and seemed smaller than what I remember on other 787s. The meals were just pathetic, served in plastic containers and virtually tasteless for me. Choice of pasta or chicken with rice. We had to struggle to tear off the sealed lid. No drink before the meal. Only plastic bottles of wine or beer on offer with the meal and only one was permitted for me. I was disappointed as I was looking forward to the flight. I hadn’t flown AC internationally for a long time (I live in Bangkok) and usually fly CX. I remember AC international inflight service as being pretty good. What happened?
"
42,✅ Trip Verified ," Toronto to Philadelphia. I flew business class via Air Canada. Due to some unknown delay (this was not mentioned during the flight, prior to, nor after landing) they determined that my bags would not make the transfer between gates, (landed at 17:10, with a flight departure of 18:10, that did not depart until 18:22). 60 minutes between, based on the scheduled departure time, 72 minutes, actual time. I was able to get to the gate on time, but ran to be sure. I arrived at the gate, F34, which was still boarding Zone 2, at 18:04. Upon attempting to board, I was informed that I had been moved. The Gate agent was rude and offered exactly no consolation other than the new ticket, which was scheduled to not leave until 21:20; 3 hours later. The immediate prior time flying with Air Canada, also to Malpensa, we were delayed for 24 hours, causing us to miss out on our Lake Como part of our Milan trip. I will not book Air Canada again.
"
43,✅ Trip Verified ," Today's experience with Air Canada was very frustrating. I got up at 4.30 am to catch a flight to Ottawa. The flight was cancelled due to mechanical failures. I was re-directed on another flight and was reassured both in my destinations of departure and arrival that my luggage would follow shortly. It is now two hours past the arrival of my luggage and I am being told it will arrive at my hotel before midnight. Will it? I am exhausted and have my most important meeting tomorrow. This is not good.
"
44,✅ Trip Verified ," When Air Canada canceled the Boston to Montreal flight for no good reason we missed our Montreal connection to Lyon and ended moving from business class to coach on TAP Airlines through Lisbon. We barely made it to Lyon and the first Women's World Cup we were going to watch with our two grandchildren.. On return I asked for a refund for the change in class where the difference in fare was over $800. They offered $72. I am still fighting them.
"
45,✅ Trip Verified ," Second time flying with Air Canada. First was last August, Boston - Kelowna via Toronto. Due to delayed flight, missed connection, Air Canada offered no courtesy and we had to sleep on the floor of Toronto as it was delayed by 8 hours overnight. This time, flight delayed from Kelowna to Calgary, missed connection in Calgary to London. Air Canada offered nothing other than a rebook on the next flight. I lost a whole day in the UK. Not okay! Lady at airport was lovely but outcome was still insanely disappointing. Couldn’t forget the feeling they were basically ‘sucks for you, how about you pay for an upgrade and we’ll get you there on time!’ Terrible. Never flying again after this trip.
"
46,Not Verified ," Calgary to Tokyo. My special meal which was prebooked was given to me cold. The pasta dish was still cold and the quinoa salad on the side was frozen. When kindly mentioning this to one of the flight attendants, she told me that there was nothing she could do about the frozen salad, but she could heat up my pasta meal a bit more. No apologies or effort to get me another salad that was not frozen. Despite reheating my meal, it was still slightly cold when returned to me. Nobody went above and beyond to make up for the poorly served meal. I will be making sure to avoid booking with Air Canada again in the future.
"
47,Not Verified ," Vancouver to Calgary. I had called air Canada because I needed to change my flight. I ran into so many problems when calling in, I had asked to change my flight to a different day, when they said that this was not possible I asked to cancel my outbound flight but keep my inbound flight. To which they said this could not be done. I asked my and the representative told me that it just couldn’t. When trying to check into my inbound flight they would not allow me, saying I had forfeited both flights. They gave me a huge run around when trying to figure out what was happening.
"
48,✅ Trip Verified ," Toronto to Hong Kong in Premium Economy for the first time. Although it is significantly more expensive than economy, it is also significantly better. 10 across in Economy is painful. The reason I am writing this review and would give Air Canada top marks is the experience that they (and one particular person) gave to my daughter. She was running down the aisles multiple times in the middle of the 15.5 hour flight and got the attention of one of the flight attendants, Joyce. After getting our ok, she spent the next hour showing my daughter how the whole back of the plane service worked and gave my daughter an experience that she will never forget. She was amazing and Air Canada is lucky to have her.
"
49,✅ Trip Verified ," Booked airline tickets in April 2019 with Air Canada from Vancouver, Canada to Cancun Mexico on their regular airline. And once again, received notice this August, my flight there and back has been changed to Air Canada Rouge (new flight numbers, different aircraft, changed time departures). I have phoned Air Canada and asked to speak to a supervisor and requested to be seated in ""preferred seating"" at no addition cost as compensation for being ""downgraded"" but they refused my request. I will try again after Dec 15, 2019 when the new Air Passenger regulations come into effect. I hope the new regulations will put an end to Air Canada rescheduling their flights from regular aircraft to their low-cost carrier, Rouge without compensation to the Air Canada clients. Seat comfort is terrible on Rouge.
"
50,Not Verified ," Toronto to Ottawa. I flew with a different airline from Dublin to Toronto and I missed the Air Canada flight as it took hours to get through immigration control so I went to the Air Canada desk to ask. The man serving me did not seem to know what to do, as all flights for the night were full which I was fine with but when he told me I was rebooked onto the one the next morning he did not print me a boarding pass and sent me to call the help line on the phones in the airport. After half an hour of trying to get through I went to speak to someone else who did print my boarding pass, thankfully not with the rebooking charge I was previously told as missing my flight was through no fault of my own. Then when I had my next flight the following morning it was delayed.
"
51,✅ Trip Verified ," We were traveling from Beijing to Philadelphia and making a transfer at Toronto. Air Canada cancelled our connecting flight at the last minute. Since we traveled with a 10-month-old infant, we asked the airline staff to please help us book the next available flight, but no one was willing to help. All the staff in the airport are so indifferent. Overall, the experience with Air Canada and Toronto airport was terrible.
"
52,✅ Trip Verified ," I've been a frequent traveler of AC for a while now (last 3 years - 50/75/50k) and from my experience flying with AC is getting worse and worse. The seat leg room is getting smaller, the fleet is aging, and the airline has consistent staffing issues. I am not sure if the staffing issue is related to the number of people they staff causing burnout in their ranks or poor training, but as a customer it is definitely felt. In my experience besides the order of boarding and access to the lounge, Altitude status is irrelevant.
"
53,✅ Trip Verified ," I have been flying Air Canada to Calgary from Boston through Toronto for the last five years. Each year the Boston to Toronto leg has been at least three hours late leading due to broken connections. It has never been on time. Avoid. I will be flying Delta through Minneapolis or Salt Lake next year.
"
54,✅ Trip Verified ," We were a family of 4 (with young children, one with a freshly broken arm) flying 3 flights from London, ON - Toronto - Vancouver - Terrace, BC. Upon arriving at the airport we discovered that our supposedly 2 free checked bags were not free. We got the TD Aeroplan card because we were told that the primary card holder gets a free checked bag, so my husband and I got them. No one told us that we only got them free if we booked with aeroplan points, which we didn't this time because we didn't have enough points yet. The Air Canada attendant who told us this information was not very friendly or polite, but I stayed super friendly with the lady the whole way through it all. The lady went and got sheets and pointed out the details. So we had no choice but to pay for the bags. If I had known in advance, we would of left a lot of our stuff at my parents home and only took what fit in our carry on. we would of brought that stuff later when flying home with West Jet where we get 1 free checked bag for myself and everyone else flying with me no matter how we pay for our flights. After paying someone told me that she had the authority to waive the bag fees if she wanted to. After this experience I did not want to fly Air Canada again. But on our last flight from Vancouver to Terrace which was delayed the attendants were amazing, they were full of smiles and super friendly even with all the stress they had of trying to get the plane ready for people who had been waiting a long time. They had great personalities and were great with all the kids on board. Because of them on the last flight, I might decided to fly Air Canada again, but at this point I will book future flights with WestJet where I get free 1st checked bags for myself and anyone flying with me no matter how I pay for my flights. Also I have never had an issue with their service with WestJet. I used to work in customer service and giving super great happy customer services was a big thing for me, so I expect the same when spending my money on service and products. I would of given a 0 rating, but because of our last flight with the super great attendants I wont give it a 0 rating.
"
55,✅ Trip Verified ," London to Toronto and this was a much better experience with Air Canada than the one I enjoyed last Monday and Tuesday, because although my flight back to London in 19th August 2019 was ok the only bad part about the flight was that I sat in the back of the plane and it was the worst place to sit on a plane because of the engines being so loud and felt big turbulence. But, my flight to Toronto on 21st July 2019 was much better because a great part about the flight was that I was originally supposed to sit in 21H aisle seat but they changed it to 21K window seat and it was the best seat I had and the engines were much quieter but on my return flight.
"
56,Not Verified ," MEX-YUL: The flight is operated by Air Canada Rouge. Check In and Boarding Gate staff in MEX is fantastic, polite, courteous and efficient. Legroom is insufficient, I am not tall, and my knees were touching the seat in front of me. No personal entertainment screens, you need to download the app. Food being sold on the plane is mediocre, bring your own snacks. Crew was actually nice and helpful. YUL-YYZ-BOG: Couldn’t check in online or the kiosk, so forced to go to the counters. A very long check in line, 1 agent attending the general line. Since I travelled alone with a small child and quite a lot of baggage, I attempted to use the special assistance line. Immediately confronted by a very rude agent, who barked at me for not standing in the right place. All she had to do was move me 1 meter to the families check in, but in her very rude and arrogant way she sent me to the check in entrance. Was attended by another agent who was very rude and arrogant. Apparently, my flight was cancelled, I had to stay 24 hrs. in Montreal. No apologies, no explanations, just rude and condescending attitude. No effort to accommodate me on another flight. Next day: Again, could not use the kiosk, had to use the check in counters. Ground staff in YUL is rude, slow, inefficient, the agent attending families was taking passengers from the general line. Flight YYZ-BOG: Crew was nice and friendly, but the airplane is old, dirty, worn out seats, no inflight entertainment. Altogether, I would spend my money elsewhere.
"
57,✅ Trip Verified ," Seoul to Toronto. Photogenic but uncomfortable! Air Canada Business Class is probably the worst of the herringbone configuration designs. Seat is extremely hard and the space between the bed and the table is very limited, almost impossible to turn without hitting the table with your knees when in the sleeping position. AC does not provide pajamas and their amenity kit is so cheap.
"
58,✅ Trip Verified ," I used this airline for return flights to Toronto and from Havana to Montreal. Even for 5 hour flights, this airline does not serve food or alcoholic drinks. The seats are narrow and there is not much legroom. Also, the web checkin site (3rd August 2019) did not work for the 24 hours prior to the flight. I then called the customer services and, twice, had to wait for almost an hour before someone took my call before telling me that he could not help me at all. Worst of all, from Toronto, August 3rd 2019, my flight was delayed by more than 2.5 hrs. Air Canada did not inform me, infact, their web page still showed the original time as being 'on time'. A service called tripcase informed me about the delay. At the airport, the check in machines did nit work either. Many years ago this used to be a reputable airline. Not any longer, it seems. There are other choices, fortunately.
"
59,✅ Trip Verified ,"  Madrid to Toronto. My bag is delayed for 6 days now, and the staff in Air Canada is careless. I am without clothes for 6 days and they are careless. I flew from Madrid to Toronto on the 14th August. Before I leave I asked Air Canada about my bag, they told my they have it, but it wont be on the same flight, it will arrive tomorrow. When I arrived to Toronto, I informed Air Canada about it again, they registered it in the system & told me it will be delivered in 24 hours. It didn’t arrive. Now it’s been 6 days without my bag.
"
60,✅ Trip Verified ," On 2/3/19, I purchased a one layover trip with Air Canada to Delhi, India (round trip route: 7/21: DC-Toronto-Delhi 8/5: Delhi-Toronto-DC). However, 10 days before our departure day (7/12), I received an email letting me know that my flight schedule had changed. After speaking with a representative I was informed that Air Canada had terminated the Toronto to Delhi route and that I would have to be placed on different flights in order for me to reach my destination at the dates I had initially selected. After a few back and forths, I was able to be placed on a two layover journey to India, with the following route: 7/21: DC-Montreal-Munich-Delhi, 8/5: Delhi-Vancouver-Toronto-DC. As a result of this change, my initial one layover ~18h trip turned into a two layover ~26h voyage. Additionally, when booking my trip, I was asked to select and pay for my seats, as the seats were not free of charge. Once I had boarded, I realized that I had not been assigned to the seats I purchased. I contacted Air Canada about this but never received a reply. On August 4, 2019 (one day before the return flight), I received a text message from Air Canada letting me know that the AC45 return flight on 8/5 would be departing at 5.55am (although the return flight I had initially been placed on was scheduled to leave at 7.40am). Over the course of my return, the boarding gate for two out of the three flights were changed shortly before boarding, resulting in a delay for one of the flights.
"
61,✅ Trip Verified ," London to Toronto via Halifax. It's definitely not the old AC business class. No drinks order before take-off, no champagne offered only mimosa, maybe time of day. Meals delivered automaton by most of the crew (a couple stood out for warmth) but I have to say the London kitchens came through again for vegan with a delicious chick pea curry, mushrooms, steamed spinach and baked tomato. The Toronto AC kitchens should take note as mostly appalling idea of vegan food served from them. I had the croissant, I know not vegan but worth the stray. Other than meal service crew were scarce. 60 minutes after take off and no drink or crew member seen. I had to press the call button after a couple of hours to order some red wine, no top up after the meals at all. Still the best business class seat in North America and though entertainment was pretty mediocre compared to years ago I managed to find something on HBO to keep me hooked the whole flight.
"
62,✅ Trip Verified ," London to Toronto. A 2 hour delay for unexplained scheduling issues (no other delayed flights at LHR). Complete mess of a boarding process meant the whole thing turned into a melee. The policy of 2 carry on bags meant that we wasted 20 minutes trying to find space for everyone’s hand luggage. Also an old plane which hadn’t been fully cleaned.
"
63,✅ Trip Verified ," Flew Montreal Dublin on one of their new A330. Brand new paint job on the outside but the inside left a lot to be desired. Faulty recline, old seats, wonky tray tables, very dated and tatty cabin. Entertainment screens failed before they started, crew had no idea what to do. Not a big deal as these things happen and crew handed out coupons. A week later the return flight, same plane and the gate attendants tell us the entertainment systems still not working. What are you playing at air Canada? Why are you sending defective aircraft on transatlantic flights, really not on, you had a week to fix it. The 1 in this rating is for the cabin crew who were good. Looking forward to Aer Lingus doing the route next year.
"
64,Not Verified ," I have purchased Air Canada ticket at a higher price in order to get a shorter connection time. Instead I got delayed 1 hr from Milan to Toronto and 2.5 hrs from Toronto to Montreal. When I asked the customer service why I could not make an earlier flight from Toronto to Montreal I was told that 1.5 hrs was not a sufficient time to transfer the baggage. It looks like 1.5 hrs min was enough for baggage transfer when I paid for my initial itinerary, at least thats how it was presented.
"
65,✅ Trip Verified ," Toronto to Shanghai. Seat comfort terrible. Air Canada used to be average airline, but now aircraft configuration is such that passenger comfort is least thought. Seats are too tight and so few washrooms with long lines on ultra long flights like mine.
"
66,✅ Trip Verified ," Both flights from Toronto to Montreal and Montreal to Toronto delayed. First from Toronto to Montreal because the captain was late then because some of the crew was late. Waited 2h in the plane without moving. Coming back from Montreal to toronto delayed again, over an hour waiting in the plane. Captain makes an announcement apologizing for delay but they are still waiting for passengers supposed to be on the plane. I guess next time I can sleep in and Air Canada will park the plane and wait for me. Never flew aircanada and not had an issue to I would definitely suggest staying away if possible. Book another airline and save yourself the pain.
"
67,Not Verified ," Toronto to London. Boeing 787, so ok aircraft. Premium economy so bigger seats. Onboard staff don’t know how to smile. Only small glass of orange juice or water in premium econ (compared to virgin where you get Prosecco). Food really odd. A breakfast omelette with fried potatoes and creme freche - on a 7hr flight 9am to 9pm Toronto to LHR. Followed by a turkey and cheese rol. No vegetarian option without booking ahead, and a breakfast followed by snack on a 7hr flight? No lunch. Like being on a bus, but costing nearly £2k a seat.
"
68,✅ Trip Verified ," Toronto to Rome. Excellent Check In process in dedicated area, our Oversize luggage was handled efficiently. Maple Leaf Lounge lacked European Newspapers and was tired. Efficient Boarding process, no welcome drinks or attention prior to take off (The Purser told be she had a late arriving Commissary and was struggling to Board 450 passengers hence no service in Business Class prior to take off). Comfortable Lie Flat Seats, Good selection of Wine & Champagne. Dinner was acceptable but poorly presented. Excellent Breakfast with a freshly cooked Omelette. Service was courteous and efficient but lacked charm and it really seemed that the Cabin Crew were just going through the motions. On Time departure and arrival. We will continue to fly Air Canada Business Class but this flight was not one of the best we have experienced.
"
69,✅ Trip Verified ," La Guardia to Dublin via Toronto. When I checked in to my flight, I already knew I would miss my connection with them so I asked them to make sure they do not lose my bags (the flight was delayed due to weather). When I reached my gate, I asked the agent to check my connection and she said I came too late to her because there are no more flights to my final destination the next two days. I have been delayed and missed my connection on many airlines but none were as disorganized as this. The first leg of my flight was New York to Toronto. In Toronto, my bag was already lost. I reached there 2 am and the lady did not file a claim when I told her my bag was lost and rather told me to return the next day to find it.The next day I returned to find it 4 hours before my next flight and they still did not find it in time for the bag to make my connection. They told me to file a claim when I reached my final destination but AC was very dismissive here at my final destination of Izmir in Turkey and did not allow me to file a claim with them. When I tried to file a claim online, I needed a incident report number, but since no one ever filed a claim for me, I never received an incident number. On the phone they were very unhelpful and rude. First of all I had to wait 21 minutes to even get an agent and then they told me to just file a ""lost and found item"". Now I am trying to understand how I can get my bag back?
"
70,✅ Trip Verified ," Toronto to San Francisco. This is the worst flight I have had. There was a long overlay in Toronto, my flight was 8.00 that was changed to 12.35. They did not put me on an earlier flight, and put me in a middle seat. Never again.
"
71,✅ Trip Verified ," Flew Air Canada from YVR to NRT and back to YVR and flight was pretty good. Seatback pockets were average. Price was pretty good. They had boarding zones assigned into like 6 lines which were nice. Seat was not very comfortable, would prefer leather seats with more cushioning. Staff were very friendly and spoke multiple languages. IFE had an ok selection. Food was good at times. Recline was average.
"
72,✅ Trip Verified ," Toronto to Philadelphia flight never happened because of bad weather. We flew in from Calgary and should be connected at Toronto-Pearson to Philadelphia. But they changed our gate twice, then announced our flight is cancelled without giving us instruction what going to happen next. Then we asked them they sent us to the Air Canada info desk which the representative stated “there is nothing they can do at the moment bc all flights are going to Philadelphia because of bad weather. They took us to a private hallway and handed us refund info card. And told us our baggage will be at claim 10. Baggage took 1.5 hours to get out. They automatically booked us for the next afternoon flight. Then again, canceled that and rebooked is for two day later flights. Nobody contact us for any help. We were left stranded there and had to find our means to get out to Toronto. Work loss. Time wasted over the phone. Air Canada handled this situation very poorly and irresponsible. The weather in Philadelphia wasn’t bad as they were telling us. Our friends and family in Philadelphia were confused bc the weather was fine. We are never going to fly Air Canada again. It is frustrated and sicking now that I am sitting on a megabus to nyc and then Philadelphia.
"
73,✅ Trip Verified ," Toronto to Montreal. Problems with IT systems and lack of sufficient staff to deal with backlog. Pre paid luggage but not able to check, staff very unhelpful.
"
74,✅ Trip Verified ," Rome to Toronto. Seats were comfortable, Seat belt was really sticky. Service wasn't friendly to me and my entertainment wasn't fully functional. Regarding other passengers on the flight, what a group of slobs before - when I used the bathroom halfway through the flight, there was a cup filled with paper towels, toilet wasn't flushed etc. I can't blame Air Canada for this, but some of the passengers were slobs.
"
75,✅ Trip Verified ," Prague to Toronto where I was supposed to continue on flight to Washington DC at 2pm. With me I only had a carry on luggage which I took with me on board. I was trying to find a place to store my luggage and one steward told me he will take care of it. That was really nice of him. Then he asked me if I had any important stuff in there, so I took my documents I had from school and he left with the luggage again. Then I learned my suitcase was checked in with the rest of the checked suitcases when they gave me the luggage number. So I told them that I’m going all the way to DC and they told me they have no idea if the suitcase is going all the way to DC or not and that I should ask some employees on the airport what is about to happen with the suitcase. I had no idea my suitcase is being checked in the plane storage. So there was nothing I could do about it afterwards. When I got out of the plane in Toronto I have asked about five people and every single one of the told me a different information. Nevertheless later they told me they lost the suitcase and couldn’t find it. And nobody was able to give me a proper information. All I was hearing was “I don’t know” and people there were not actually trying to help me, which is really frustrating when you’re supposed to catch a connecting flight which obviously I did not catch. When they finally found my suitcase I was told I can join the next flight to DC. But since I haven’t had my carry on suitcase with me because it was checked in I had to wait hours in Toronto for a flight at 8:50pm which was delayed for 90 minutes. So instead of getting to dc at 3:25pm I have arrived at midnight.
"
76,✅ Trip Verified ," Rome to Toronto. An excellent flight. Welcoming refreshments on boarding, Good Choice of Newspapers. Professional, Courteous and Competent in Flight Staff. Excellent Meal (Better than coming out of Toronto). Good Choice of Wine & Champagne. In Flight Entertainment easy to operate and a good selection of films etc. This is how I expect Air Canada to be. On time departure and arrival. Bags promptly delivered.
"
77,✅ Trip Verified ," London to Toronto flight was delayed first because bathroom sinks were not working which is causing us to miss our time slot for departure, and eventually made us miss our connection.
"
78,Not Verified ," I had an awful experience with Air Canada on my recent trip to Europe. Every single flight on my trip was delayed, but that was the least of my worries. On my way there, my bag was lost. I was unable to contact anyone who could give me any information as to where it was. When I received it nearly 3 days later it was severely damaged. On the way home I had even more troubles. Due to substantial delays, I missed my connecting flight in Montreal and had to stay there for an extra day before I could get another flight home. I was denied any compensation for a hotel room, cab fare, or food while I was stuck unexpectedly in Montreal for an extra day. They gave me a phone number to call to get a hotel room at a ""discounted rate"". However when I finally got through, I was told there were no more discounted rates left and the best they could offer me was a $300 room at the Marriott. No thanks. I booked my own hotel room for half the price on Expedia instead. When I finally got home the next day do you think my bag made it home too? Of course not! Once again it was delayed and further damaged. I have also been denied my claim for a refund of baggage fees, so I guess I paid $60+ each way for the privilege of having my bag lost and destroyed. It has been impossible to get ahold of an actual person to talk to about this nightmare of a trip, and all of my online claims have been denied. I have received $0 in compensation for any of this, even though I spent hundreds of extra dollars as a result of Air Canada's incompetence. My friends who were also flying Air Canada (different flights) to attend the same wedding all had similar troubles as well. This is not an isolated incident. Air Canada is a joke and treats their customers terribly. I will never recommend them to anyone.
"
79,✅ Trip Verified ," Montreal to Toronto. First they cancelled the initial flight (AC407) for supposedly ‘operational reasons’, then they rebooked all of the passengers for a flight they created out of nowhere (departing 2 hours later) AC1999. Then the new flight was 1 hour late. Finally, arriving in Toronto bags were not there, and are being sent on a later flight. Sorry guys, that’s it for me.
"
80,✅ Trip Verified ," London Heathrow to Toronto. It was an awesome flight with Air Canada because when I checked in, my seat was originally 21H but the lady at the airport changed my seat to 21K which is the window seat and I sat next to the wing. When I boarded, I went to meet the pilot and they were such gentlemen. It was also been such a long time I took a 777 Flight. Always go for the engine seat on the 777!
"
81,✅ Trip Verified ," Toronto to LaGuardia. Our flight was cancelled due to thunderstorms which is completely out of Air Canada’s control. However, the way they dealt with this situation was terrible. Zero customer service. Sitting on a hot plane for 3 hours. Flight cancelled and told to go to level 3 Desk 2. Wait 45 mins in a line, nothing. Told go to Desk 12, then told go to desk 15. 3 hours of additional inconvenience. No hotel voucher, no refund and stranded in Toronto for the night. Air Canada have a high flight cancel rate, so why not have a system in place for these situations? Also, on our flight to Toronto, they did not know who was on the plane. Calling passengers names over intercom on plane before take off to confirm they were in fact on board. If people are on the plane that you are not aware of, they is unacceptable.
"
82,✅ Trip Verified ," Connection flight from Victoria to Vancouver rescheduled (delayed 3 three times) so would miss connecting Air Canada flight to SFO. Landed with 10 min to run to gate. Had to go thru customs. Missed the flight at 1.30. They bumped us to a 7.30 pm flight. There were 2 earlier flights for which we asked to be on standby. There were others on our flight who made it onboard an earlier flight. We were never called for boarding pass. Went to gate counter several times. They had seats on the 4.30 flight which 2 hours earlier they said there would not be any problem getting on - lots of seats. So they loaded everyone on and had seats in all categories but would not give us any, including paying for upgrade to first class. They said there just wasn't time to get us our boarding pass. They offered only a $10 food coupon per person. All due to scheduling issues on behalf of Air Canada - which a frequent flyer at the time said (too late) happens all the time. The supervisor would not give us a refund so we could fly another airline to get home before 3.00 am. So had to wait in airport a total of 8 hours because of their repeated scheduling errors.
"
83,✅ Trip Verified ," Brussels to Calgary via Montreal. On the first flight, from Brussels to Montreal, the screen of my seat was broken, nothing the crew could do about it. The airplane was very old as well. On the second flight, which boarded 1hr late, my screen didnt work. After waiting 30 min on the plane for departure, with broken airconditioning, we had to exit the plane and wait 4 hours for another plane to finally be able to depart. Would not recommend at all.
"
84,✅ Trip Verified ," We booked and paid the higher prices for a direct flight taking 5.5 hours and departing early afternoon from Heathrow to St Johns, Newfoundland. Air Canada later cancelled the flight (for an appropriate reason), rescheduled us onto an indirect flight via Toronto taking over 13 hours and requiring a 4am departure from home with young children, but have failed to provide any meaningful compensation. E-mails to Customer Services (which have been the only way to contact them) have resulted in rude, unprofessional responses. We want to complain not only about compensation, but also about the attitude of Customer Services. However, they don’t seem to publish their Complaints Procedure anywhere. Therefore, nearly 6 weeks ago, I e-mailed to ask what their complaints procedure is if unhappy with the response from Customer Services – they have not responded. I thought Air Canada would be a professional, well-run business with competent, trained, efficient staff. In our experience, nothing could be further from the truth.
"
85,✅ Trip Verified ," Toronto to Vancouver. I had an excellent flight with Air Canada last week. The 777-LR with the pods and AC's Signature service is wonderful. The staff were attentive and friendly. I had the beef and the salad, dessert and cheese with a glass of wine were memorable. I flew on their latitude fare (which is full fare economy) and they gave me an up-grade from economy to a seat in the front cabin. My advice is if you fly several times a year fly with the same carrier or alliance because they notice and treat you like gold. One can look for a lower cost fare. However, as a tall guy I really appreciate the service and the big seat and it was very comfy. Also, the IFE was excellent. The AC wide body planes have an excellent number of choices and the front cabin has very large screens. I watched two films and hopefully when I fly AC again I can watch the other half of the third film I was watching. I appreciate that they have 'classic' films because the recent films are not necessarily my first choice.
"
86,❎ Not Verified ," Toronto Pearson to London Heathrow. This airline was amazing. The 777-300ER wasn’t old. Staff were lovely and my flight was on time. From Toronto Pearson to London Heathrow were the best 8 hours on an airline. I would recommend this airline. It’s one of the best airlines money can buy. Food wasn’t shabby as well. When we arrived at London Heathrow baggage reclaim was excellent. No mix-up or any problems. 5 stars.
"
87,✅ Trip Verified ," We had a connection flight from Victoria to London that stopped in Vancouver, with only a 1h10min stop over which had been arranged by the airline through the Air Canada website - we are experienced flyers and had we been able to we would have booked ourselves on the 16:00h flight rather than the 18:00h flight that we ended up on. The first flight from Victoria was delayed by half an hour which mean that we had even less time to get between the flights and we knew Vancouver airport was rather large. The flight was then delayed again meaning that even though it was supposed to take off at 18:30 actually took off at 20:05, which was 5 mins before our next flight was supposed to take off. There were 16 other people on the same flight with us that were also told that they were going to try and get Vancouver to hold the flight for us as there were already many delays in Vancouver. However, the flight was not held for us and did in fact take off earlier than it was supposed to at 20:05. We missed the flight and expected some compensation as it meant that our entire journey had been delayed by a full day as the only flight they could get us on was for the evening after, and Air Canada did not even provide any hotels for us, despite them being the cause of a 24h delay. As well as this, we had paid money to be put in the preferred seating with extra legroom and when we brought this up while they were booking us on the next flight they were unable to do anything to help us. We understand that other people would have booked the same seats we did and they would be unable to change this, but even after several conversations with the customer ""service"" for the airline asking if they could possibly upgrade us to premium economy as we had paid for more room which we were now not getting, and been delayed by their incompetence, but they remained unhelpful throughout the whole process. Overall, although the individual employees were trying their best to help us, the airline as a whole was awful at helping us and made the journey very difficult as it was in fact them selling us the tickets with only an hour in between that lead to the problems we face.
"
88,✅ Trip Verified ," Toronto to Montreal. I have a 75k status, been at the airport since 11:00 am, it is now 6:30 and I am still not on my way home to Montreal. Now the 6:00 pm flight will not leave before 7:00 pm, the toilets are not flushing, so the pilot tells us we can go at the airport. The staff at the gate will not let us go.
"
89,Not Verified ," Chicago to Montreal. This flight was amazing. The only problem we had was the long 4 hour delay but that was due to the very poor weather in Chicago. When we boarded everything was clean. We were met by an AMAZING flight attendant, sadly I forgot her name. When we sat down we noticed that there were IFE screens, on a regional jet. The only problem with those was that they were a bit unresponsive. When we got up in the air there was only a drink service but if you wanted you could have purchased a voucher for the buy on board menu or you could have just bought it from the menu. Card only! There was a limited selection due to there being no ovens on the Embraer aircraft but I opted for the chicken noodle soup. Sadly they had run out so I had oatmeal instead. Other than that it was a smooth flight. The bags were on the carousel when we got there and we were gone.
"
90,✅ Trip Verified ," Montreal to Vancouver . There was a lighting storm that stopped most flight on the day, and it was a public holiday, jazz festival and a Sunday that can't be helped and meant all could not be put up in a motel. The problem was that there was no communication at all to tired and stressed travellers. They were able to organise security to subdue travellers, when official announcements and communications should have been priority. This came 3 hours after, too late and baggage was not delivered until 5 hours after so nobody could really leave anyhow. Cabin staff were short and rude on the eventual flight after anyhow, when many had been sleeping at the airport for 28 hours.
"
91,✅ Trip Verified ," Montreal to Grenada. We had a connecting flight in Toronto, however the plane had technical issues in Montreal and, as consequence, we missed our connecting flight. We lost 2 days at the Sandals resort and it is so complicated to have some sort of a refund from Air Canada, too many document requirements, complex process & hard to reach.
"
92,✅ Trip Verified ," Montreal to Paris. 4hrs+ flight delay and they didn't apologize at the boarding gate. The plane was old and uncomfortable, with the IFE remote control located in the armrest of my seat . Catering was the worst I had.
"
93,✅ Trip Verified ," We flew Dubai to Montreal and then Montreal to Porto with Air Canada rouge. Air Canada lost our luggage on both flights ways and couldn't tell when it would be delivered. I fly regularly for business 20-30 times year and have had my luggage lost once in the last five years. There always seem to be problems on AC last time we flew they cancelled a flight and we were stuck in Toronto. Canada deserves better.
"
94,✅ Trip Verified ," OK so I’m getting senile. Back in 1972 I vowed I would never fly with Air Canada again but, stupidly, this year I decided to use them on a short sector. I received, shortly before I left for the airport, a text message telling me not to forget my flight, to Halifax, so I went to the airport. When I went to check in, and before the woman who was handling the desk I was going to use, could say anything, her next-door colleague announced in a loud voice that the flight had been cancelled. As the aircraft was to come from Halifax, some 2 hours away, someone should have told the computer to send me a message telling me that. This is where Air Canada customer handling came to the fore – come back at 20.30 and we will get you on that flight. I explained I had 3 more connections that day. Whilst one of the two check-in staff made an effort to sort out the problem the other indicated she could not care less about our problem. Due to that I had to pay full fare on WestJet for both my wife and self. It should be said the contrast could not have been greater the check-in lady to whom I spoke bent over backwards to help us – Thank you WestJet! I have told my wife if I even think of Air Canada again to have me certified.
"
95,✅ Trip Verified ," My flight from Montreal to Vienna was delayed and wasn't going to be leaving until the following morning. This caused me to miss my bus from Vienna to Munich which cost over 100 euros. I spent 9 hours in the airport waiting. They didn't do anything but give me a coupon to use with Air Canada. I'm never going to use it as I never want to fly Air Canada again. I'm now on my way home from Vienna and my flights been delayed an hour and a half causing me to miss another ride so I will have to get a hotel for the night in Vancouver as I live 2 hours drive from the airport. Well done again AC.
"
96,✅ Trip Verified ," Barcelona to Vancouver via Montreal. My dad was supposed to be home yesterday but his flight was cancelled and he had to spend the night at the airport. The phone lines had very long holds of over and 90 minutes if you could actually get through. After waiting an hour and a half on hold my mom was disconnected. Rather than teaching staff how to deal with tired and frustrated people waiting they simply sent in armed security guard and threatened to arrest anyone who was rude to Air Canada staff. I just want my dad to be home. I am still waiting for him.
"
97,✅ Trip Verified ," Rome to Toronto. Flight delay for 4 hours and I miss connecting flight to Milwaukee. When landed, I was in a rush to check my next connecting flight and approach the ground staff and I was given a Next day flight, and staff said that they cannot do anything and direct me to counter F to check for optional flight to Chicagon. I have no choice, but take the only option to fly out next day at 8.30am. After immigration than I realise that I left my laptop in the magazine compartment. I go to the lost and found but they cannot locate it, the lost and found staff have send message twice to check the flight but still no sign?
"
