,Status,Comment
0,✅ Trip Verified ," Flight itself was very smooth and take off and landing were good. Air hostesses were horrible. Very rude, inconsiderate, unprofessional and incomprehensible. Value for money is horrible because the inflight meal seems like they've slapped some leftovers together. A passenger next to me who had ordered the vegetarian meal, was given a single puri (Indian bread) without any condiments or vegetable side - a pathetic excuse for a meal. The non veg meal was hardly tolerable as well. On a flight with mostly elderly citizens, the hospitality was certainly not good.
"
1,✅ Verified Review ," Kota Kinabalu to Hong Kong. It was a pleasant experience flying on the second day of Chinese New Year. Flight KA060 was delayed until 1500 from the original schedule departure 1200. Due to unforeseen circumstances, I was not able to make my flight connection to Beijing. I was delighted that a notify sms was sent to my mobile informing of such delay. Another notification was sent from BKI based ground staff to further confirm such. I arrived the airport earlier with the hope that I will be able to get a replacement flight to Beijing. Seemingly that it was indeed risky for me to get a connecting flight from HKG to PEK on 1830. They offered me the option of next day departure which I agreed upon. Travelling was made easier as a confirmed seat and boarding pass for CX390 was also issued at the same time. Similarly, hotel was also arranged for me. Upon boarding flight KA060, I was assisted by the cabin crew to my seat. A apology was also made prior to departure informing the reason behind such delay. I am impressed with the professionalism of the flight attendants. In flight meal was promptly served after airborne. I had been flying Cathay Dragon since 2014. Nonetheless, I am slightly disappointed with the in-flight meal. The portion has now been re-sized to smaller portion since 2016. In the last 12 months I had also flown with other airline in this region. Asiana Airlines still serve dessert and metal cutlery which Cathay Dragon now longer provide.
"
2,✅ Verified Review ," I commute quite frequently from Hong Kong to Beijing, either on the 5pm Cathay Pacific or the 6pm Cathay Dragon, and it is Dragon that offers better service in general from my experience. The meal is better, though again cabin staff no longer bother to greet members. What is better is the meal choice from Hong Kong restaurant dishes, but what is downgrading is the offer of a piece of cheap 'Hong Kong street cafe cookie' promoted by a local actor unknown to international passengers (wonder if this is advertising). The cookie is not tasteful and its distribution is below the dignity of business class (and I note that on this flight they even have First class). But my dislike of the cookie does not deter me from flying this flight again.
"
3,✅ Verified Review ," Hong Kong to Da Nang. First day as Cathay Dragon but unfortunately really disappointing. No inflight entertainment, no drinks run of any kind; chose the chicken with noodles but the chicken must have been on holiday. Staff were ok and cabin clean but it all looked rather tired. Have had much better experiences on no-frills airlines for less money.
"
4,✅ Verified Review ," Dragonair is part of Cathay Pacific. From Hong Kong to Guangzhou is less than 100 miles, but they provide an excellent service . When on board, cabin crew deliver a bottle of water and a cookie. The cabin crew are very nice.
"
5,✅ Verified Review ," Kolkata to Hong Kong. The look of the cabin is like a budget airline cabin with no entertainment, charging plug or Coat hook. However, they do provide blanket and pillow. Seats are comfortable with enough leg room. The food was served in a box, and contained a sandwich, a small bowl of fruit, packet of two cookies and small bar of chocolate. Though the flight starts at 01.15 AM but the quantity of the food served is very less and is not as per Cathay standard. Toilets were clean and fresh. Beverage cart service is not available in the flight but if you ask for any beverages they will give you what you want, subject to availability. Similarly while returning from Hong Kong, they served me whiskey on demand. Crew was very courteous. The flight would have been Cathay standard flight if they had added entertainment in their flight like other Cathay / Dragonair flights and improved the food. After all, we are paying more compared to the budget airlines for the services.
"
6,✅ Verified Review ," Flew Dragonair from Hong Kong to Busan. Before landing in Busan, cabin crews started their checks, making sure if all the window blinds were open and all seats were in an upright position. At that time, I asked one of the male cabin crew to help me clear the meal box away, he shouted at me and instructed me to put the meal box into the seat pocket. Many passenger were looking at me which was embarrassing. I saw other flight attendants helping passengers clear their rubbish and the meal box.
"
7,✅ Verified Review ," Hong Kong to Chiang Mai with Dragonair. Best flight imaginable. Service was friendly and efficient. Special meals were honored, and my low-lactose meal even had a piece of well-prepared fish. Amazing. The seats were fine too. If every airline offered the service provided by Dragonair on this flight, there would be a lot fewer air travel complaints. We loved this flight.
"
8,✅ Verified Review ," Flew Hong Kong to Beijing. Good flight, while the two previous flights were cancelled due to the notorious 'traffic control' in Beijing. My flight departed on time and had a rare on the spot arrival. Service was good and the meal is good. Dragonair is part of Cathay Pacific but remain a separate operating entity, and in my opinion they are better than Cathay, and I always prefer them on this route. Business seat is of older configuration but does not matter for a short haul flight.
"
9,✅ Verified Review ," Kolkata to Hong Kong with Dragonair. The flight was almost like a no-frills airline. Did not expect this from Cathay Pacific. No personal screens on seats, no drinks options, just a snack box. The seats were OK though. Lot of turbulence, especially just before landing at Hong Kong a big bump! No seat chargers. Cathay Pacific needs to improve its Dragonair flight services on international routes.
"
10,✅ Verified Review ," Beijng to Hong Kong with Dragonair. Very smooth flight - on time, which is not easily expected for a flight from Beijing where there is always problems with traffic restrictions or weather. There is nothing to write home about for any economy flight as such but it is good that bottled water is provided at each seat (not provided by parent company Cathay Pacific) and hot items available at breakfast. Service is adequately good. It seems that Dragonair flights are preferred to Cathay and I hope now that the airline is renamed Cathay Dragon, the service standards will not change as I feel Dragonair is better - particularly for meals.
"
11,✅ Verified Review ," Wonderful flight and fantastic cabin crew. We had just flown Cathay Pacific from Adelaide to Hong Kong and then on going to Beijing with Dragonair. Brilliant service, greeted with smiles from cabin crew. Very fast and caring about passenger safety, comfort and top quality service. Very good food such as beef or fish or duck and all food presented piping hot and tasty. Great value in a clean fresh and well looked after aircraft, well done Dragonair, we will fly again with you soon.
"
12,✅ Verified Review ," A good flight with Dragonair from Hong Kong to Tokyo, on time, and the arrival at Haneda is a good thing free from long queue and custom hussle usually experienced at Narita (will remember to choose Haneda flight if available). Good breakfast, hot items include rice dishes. Service is OK but no greeting to members (they skipped this god gesture). New flatbed seat but not very useful for shorthaul even it was an early morning flight. A satisfactory flight but nothing special.
"
13,✅ Verified Review ," Flew Hong Kong to Kota Kinabalu. Dragonair used to have good service: good food and beverages and good service from crew members. I used to look forward to travelling with Dragonair but not anymore. Wine was not served during meal times and the welcome juice service has now been strangely abolished. Upon cruising altitude, meals were served immediately. Considering that the flight was not full and it is a 2.5 hour flight, welcome juice service could have been factored in. Crew members were young and highly inexperienced: impersonal and not friendly. They were there to perform a perfunctory duty and were rather robotic at times.
"
14,✅ Verified Review ," Hong Kong to Shanghai. Flight was initially delayed from 1200 to 1340 but then we boarded around 1325 and sat on the aircraft not getting airborne until 1600. This was due to ""bad weather"" in Shanghai although probably more likely the usual chinese air force airspace delays along this route which I am given to understand are almost constant. I accept this is no fault of the airline. However it might have been better to let us sit in the terminal rather than on the aircraft for so long. They gave us our meals on the ground, these were good. The flight was good, friendly staff dealing with loud and frustrated passengers well and spoke good english. The seat was comfortable. Check in and ground staff were friendly and the aircraft was clean. Return flight to Hong Kong was cancelled. This again due to ""bad weather""/chinese airspace. Problems with every airline so not Dragonair fault. However two queues to ticket desk (both massive) when we arrived, were for different things. No one told us which queue to stand in so we split up and stood one in each, eventually got a standby number, came back 2 hours later and was put on a new flight. This flight left very soon so were given priority security and baggage tags. Missed our connection in HKG but staff helped us get accommodation and a new flight in HKG. Staff at Shanghai were slow, didn't tell us which queue to be in or what was going on. However check in clerk was helpful. Again not Dragonair fault but could've been handled much better. 4 hours of queuing and then a sprint to security not fun. Flight itself was on A330, clean and had ife. Meals were good, so were crew, seats slightly dated but fine and aircraft clean. Would recommend Dragonair, they are a good airline and delays not their fault, just staff in Shanghai need more training at how to deal with this especially as it happens frequently. They are excellent though when it comes to reorganising in Hong Kong and as sister airline to Cathay Pacific make connections to them as seamless and worry free as possible. As you can make it all (international flight and domestic flight connecting) under one booking they will sort hotels and new flights if you miss connection so would recommend Dragonair especially if you are doing international flight followed by domestic flights within China.
"
15,✅ Verified Review ," Hong Kong to Beijing with Dragonair. This was a redemption flight and it was good in that it is right on time, for flights to Beijing and Shanghai you can almost expect delays. The first time I board a plane that is painted with the new logo, Cathay Dragon, the service was not bad for the 3 hour flight. In fact I found Dragonair better than Cathay on this route which I fly much, and the Purser did come to greet me as a Sapphire member: they rarely do so this days especially with Cathay.
"
16,✅ Verified Review ," Dragonair flight KA 854 from Hong Kong to Wuhan was slightly delayed. A refurbished A320-200 registration B-HSP aircraft with new smart bin and seat. An apology was made by the Captain once on board. It was a full flight. The crew were very attentive and helpful. Inflight meals were served and we were given a choice of chicken or fish. As for beverages, only coffee, tea and mineral water were available. I would suggest that a variety of juices are served too. A big thank you to the crew for their professionalism.
"
