,Status,Comment
0,✅ Trip Verified ," Bogotá to Paris. Air France business class is excellent! I flew from Bogotá to Paris, flight attendants were very attentive, friendly and professional. The full flat bed seats are very comfortable, I slept almost during the entire flight. Food was good (food is amazing when flying from Paris). The Inflight entertainment is great, many movies (old and recents ones) Totally enjoy flying with Air France.
"
1,✅ Trip Verified ," Manchester to Miami via Paris. It's a long time since I last flew Air France and that was because the crew attitude, seats, food and IFE left a great deal to be desired for the price paid. This flight did little to change my view except in one, important respect and that was the cabin crew. The flight from MAN to CDG was the normal, awful, offering you get from most European airlines these days. 3x3 economy seating on an old airbus narrow body with the middle seat left empty. The experience of CDG was as bad as I recall. The flight to Miami was on an old layout 2x2x2 in business class with angled flat seats. For 2019 and a 10-hour flight this was not acceptable. The only rays of sunshine were, the fact that this was a day flight so the ""bed"" was not too important and the cabin crew. Far from the surly, self-absorbed individuals I had seen in the past the Air France crews on both legs were excellent and as good as any other airline in my experience. Interaction with passengers was friendly but professional and they clearly knew their jobs and the aircraft thoroughly. The food on the flight to Miami was mediocre and barely edible.
"
2,✅ Trip Verified ," I booked a flight from Paris to Beirut and because of the political issue, they said the ticket was fully refundable in voucher. After completing numerous online forms, endless follow up phone calls, they refunded a 718 Euro ticket as 84 Euros. Each customer service representative pawns me off to another member of their team including Saudi Arabia (nothing to do with my location or my ticket). I have spoken with at least 15 people in the process, and yet, I have still lost my money. It's been extremely frustrating and such a waste of time. If I knew this would happen I would never ever have considered AF.
"
3,Not Verified ," Paris to Calgary. My return flight from Paris was supposed to be 5pm. However, 10:45 am someone called from Air France saying the flight was cancelled (regular business practice to save money) she only gave me an hour and half which was not enough to go through security and tax refund. So I called back and she gave me another flight one hour later but kinda threatened me that it was the last flight they offered. I thought that was rude since they are the one that cancelled the flight. Long story short I just had enough time to get on the plane. This airline charges more but offers less service which is not right
"
4,✅ Trip Verified ," Manchester to Tbilisi via Paris and return. A320 Economy. Both MAN - CDG legs on time with modest but OK snack. CDG - TBS delayed because of problems with starboard rear door. Captain kept us well-informed throughout, before eventual transfer to another aircraft. Good inflight catering. Good customer handling of delay. Seat allocations maintained and luggage made the transfer as well. TBS - CDG delayed departure because of ATC problems but time made up en route. Good breakfast - a bonus because France isn't a great breakfast country by and large!
"
5,✅ Trip Verified ," Aberdeen to Dallas via Paris. The flight from Aberdeen eas late and I missed the connecting flight so they put me on another connecting flight via New York. The whole trip took about 24 hours instead of 12 hours. The bad part is I was travelling with my 3 years old daughter, i can’t explain the torture i had to go through during the trip.The worst part of trip was Air France lost my baggage which had all my custom made dresses which I had specially made for my nephew’s ceremony. It’s been already 4 days, tomorrow is ceremony and Air France has no idea where my baggage is. I have called Air France more than 20 times and visited their office 2 times in DFW airport but still they don’t have any clue in which city or airport my baggage is. The Air France staff have acted so slow and carelessly, it has shocked me.
"
6,✅ Trip Verified ," Bucharest to Zurich via Paris CDG. Air France is surprising me lately! Functioning like a clockwork. Both flights leaving at time and arriving early! Onboard service very good, very helpful crews. Only minus was the seat in the A318, on the second leg, which has a fix/blocked back. Sitting on the emergency row, so very good seat pitch. Highly recommended!
"
7,Not Verified ," Mexico City to Paris. Rude staff and the food quality was terrible for me. Flight without wifi despite advertising that this service was provided. It was extremely cold and no alcohol apart from wine and beer. Departure from Paris with 90 minutes delay and I had to travel away from my partner due to their rules to make people pay even more. At the return, I forgot my phone in the toilet of the airport of Cancun and realised that I missed it when I was already in the aircraft but still on the ground waiting for the departure. I asked the staff to let me go quickly and come back as people was still boarding the plane and they said no and added that as it was Mexico, I could forget my phone and declare my loss when I will arrive in Paris. As it turned out my phone was found and returned to my home address.
"
8,✅ Trip Verified ," New York to Belgrade via Paris. My flight from JFK was 95 mins late and I miss my connection flight. Then I don't have direct connection flight and I end up arriving in Belgrade 10 h late. Not to mention lost luggage, poor service both on the airplane and at the airport, small non-working screens on a flight. I will never use Air France ever!
"
9,✅ Trip Verified ,"  Paris to Nice. On my way to Nice I paid for a luggage 80€ and in Nice I didn’t receive this luggage. At the airport the air France staff in the office informed me that I’m entitled for refund. So I make a claim and never received this money. On the time of the claim i did not receive one phone call or email. I had to call and send email always. On top of all this I was not refunded my money back.
"
10,Not Verified ," First, the flight, food and service were great. My issue is with the baggage policy. We flew business class from Atlanta to CDG, then had an internal France flight to Marseille. We returned on a flight from Lyon to CDG, then business class from CDG to Atlanta. Business class was not offered on the internal France flights. Business class is allowed 2 checked bags. This wasn't a problem on the outbound trip. On our return we had to pay excess baggage fees because the first leg of our flight was economy and we were only allowed 1 bag each. Multiple calls to AF customer service indicates this is their policy. The originating leg dictates the baggage allowance. So be aware even if you fly business class if one of your legs doesn't offer that level, you don't get the full benefits of business class.
"
11,✅ Trip Verified ," Rome to Paris. It was my first time flying with Air France and the first impression I got after being boarded was the yellowed up plastic around the old screen panel on the back of the seats. The in-flight entertainment on the A380 was disastrous. To give the impression that they have more movies to offer, a movie with 4 languages would be displayed as 4 movies; touch screen was extremely non-touch-sensitive; screen pivot was broken. The saving grace was that I managed to get some sleep in the air. Air France booked a 75 min transfer for us, and thanks to landing 20 minutes early, we managed to board on time for our connecting to Rome. On our trip back at Rome, ground staff assistance was non-existent, the pre-checked-in queue for bag drop was slower than the normal check-in+bag-drop queue. A queue of 4 parties spent almost an hour moving down the line, I was only moved to the front during last call for check-in...I arrived 2 hours before scheduled departure. Connection in Paris CDG was horrendous, the moment we landed, we had to rush out of the plane, rush to a shuttle to take us to the transit area. It was the longest queue I have seen at an airport passport control. We snuck into a priority queue and went to the front. Alas, after clearance, we had to wait for a shuttle to get to another terminal. At this point, we were almost sure we would miss the flight. Disembarking the shuttle bus, we rushed to the terminal lobby and luckily managed to find our way to our boarding gate at last call. We were so glad Air France booked us on China Eastern.
"
12,✅ Trip Verified ," There was a delay from Florence to Paris so we were denied boarding on our connection flight though we arrived at the time of the last call. It took a 2 hrs to find our luggage. We were given very poor accommodation for a family outside CDG airport. We were booked on next day flight with the British Airways. They charged us for the luggage which was already paid for with Air France, because they failed to pass the details to the BA. After almost a month of correspondence and emails AF had decided to pay us only £27.40 rather the 75 Euros charged for our luggage. AF has shown no understanding and they evaded all the issues raised in a complaint against them.
"
13,✅ Trip Verified ," Flight from Paris CDG to New York JFK on A380 behemoth airplane. Boarding to the upper deck is smooth for business class. The first impression is tainted by dirty seat (s. photo) with stains and crumbs on it. The seat is not a full-flat with limited recline and quite cramped. Service during the flight was not impressive with FA seemed to be overwhelmed. I was not able to assess IFE since remote control was broken and to press the touch screen all the time was annoying. Food tasted amazingly bland: appetizers including bread seemed to be served directly from the fridge with poor presentation (s. photo). The main course (I had zucchini canneloni) was OK. Fresh fruits for dessert were mashy. Enigmatic was the deck in front of the cabin (s. photo) - the bench imitation was of no use since you slide down when trying to sit on it. Another surprise - the lack of wi-fi which nowadays is provided on most even smaller planes. Overall impression: sloppy product, not something one would expect from Air France.
"
14,✅ Trip Verified ," New York to Paris. This was one of the many Air France-operated flights that are booked and managed through Delta, and this made the few gate changes and delays we experienced on both legs of the trip more complicated. However, the in-flight experience was pleasant and the aircraft was nice. I prefer Airbuses whenever I can fly them, and Air France does a good job of keeping seat pitch in theirs roomy for economy passengers. At the advice of some other reviewers, we paid the small and reasonable fee each way to ""upgrade"" to the upper deck of the cabin, which is a much more intimate space with a better attendant-to-passenger ratio. The pitch was also about 3' more generous, and the upstairs was a more quiet, warm space than any I've flown internationally. Meals came noticeably quicker in the upper deck, even considering that we were some of the last people upstairs to be served, and I did not run into a waiting line for the restroom once on either leg of the trip. I did not book in time to get an upper deck window seat, but I'd heard about the added bonus of a storage container that these passengers got included in the same ticket price I paid. I was in the middle but had a woman to my left without someone next to her, and I saw her window seat storage bin first-hand. It was big and literally fit all of her odds-and-ends. It was awesome and another reason to book this seat if you can. Well worth the money. Crew was friendly, food was okay but warm and well-portioned, and the in-flight entertainment was good. The only real negatives were the complications of booking Air France through Delta, which I feel created more delays and gate changes than would have occurred if I'd booked direct. Further, I feel this made my options for upgrades more limited.
"
15,✅ Trip Verified ," My original Air France flight was Brussels to Lyon. After it was cancelled Air France reacted very rapidly to offer me alternatives. After 30 minutes everything was set. Very friendly and professional customer service. Flight Paris to Lyon was perfect. Very friendly crew. Departed on time and arrived earlier. Fantastic job all the way.
"
16,✅ Trip Verified ," I flew from Paris Charles de Gaulle to Panama City on economy with Air France. Very enjoyable flight. The aircraft was new, comfortable seat with a quiet large entertainment screen with many movies and music albums. The food was good and the flight attendants were polite and professional.
"
17,✅ Trip Verified ," Paris CDG to Budapest. More than 50 minutes since the boarding started people in aircraft were looking for place to put their baggage. No coordination between stewardess, no help, no idea what to do. Pilot 2 times ask from passenger to be faster. Many passengers had 2-3 bags, nobody checked that.
"
18,Not Verified ," Paris to Budapest. Sad, no organisation during the boarding, no coordination, bad staff work during boarding. Each passenger had 2-3 baggage, more than 50 minutes of boarding.
"
19,✅ Trip Verified ," Bought a seat in business class for this flight from Paris CDG to Lisbon. Everything at Paris CDG went smooth and comfortably, from the priority security screening to the AF lounge and Boarding. All staff was kind, specially the cabin crew. However: They had no business catering for me, and gave me a economy meal, with the promise they would send me a 50€ discount for a future flight with AF (haven’t received anything yet). The seats were not specially comfortable (standard economy seats) and legroom very short. Very poor business class, in an otherwise very good experience.
"
20,✅ Trip Verified ," Paris CDG to Lisbon. I don't understand why they don't dim the cabin lights on the early morning and evening flights so passengers can get some sleep. Cabin was very cold again but my request for a blanket was promptly accepted. Food was better. It departed and landed with at least 30 minutes delay but Captain kept passengers aware at all times of the reasons why this happened.
"
21,✅ Trip Verified ," Lisbon to Paris CDG. Operated by Joon aircraft. Legroom was insufficient so I had to empty the seat pocket. Food given was miserable and not fresh. Cabin crew professional but distant. It departed and landed on time. Totally full flight.
"
22,✅ Trip Verified ," Basel to Paris CDG with Air France. Plane was heavily delayed. No proper information was given. Unprofessional attitude of ground staff. Flight was ok. Steward was helpful, while his female coworker was not.
"
23,✅ Trip Verified ," Dreadful experience. Orly airport is unusable. Long connection transferred from CDG to Orly with heavy bags on packed bus. Got to Orly, have to wait three hours to check in, no free seats, sat on floor and Air France staff are rude to me. Ordered to sit in a disabled reserved seat. Have had some good experiences in the past but good memories with Air France are becoming a distant memory...
"
24,Not Verified ," Flight from Bogota to Paris in the new Boeing 787 was nice and comfortable even in economy class. The service in Air France is outstanding. flight attendants are very receptive and show a good and educated way to help the people at the airplane. I liked very much the way Air France is doing things lately, its no doubt a great improvement on the service this company is bringing.
"
25,✅ Trip Verified ," Dublin to Singapore via Paris CDG. Flew La Première on the Paris to Singapore leg and return. This is my fourth time flying La Première with Air France and the service is outstanding. By far the best first class experience for me. All the fine touches start as soon as my flight arrives in Paris, escorted to the superb lounge in a limousine and again when boarding the flight. The return Singapore to Paris flight deserves a special mention. I met the stewardess that I had met on a flight in 2017 and the service was simply impeccable. When you fly with a great airline and you meet someone you know it certainly adds to the special touch. My only minor issue is the luggage delivery was slow at Dublin airport ( like in previous years) but Air France explained that this was due to customs check at Dublin airport so that is beyond their control. However notwithstanding my priority baggage came out much later as there was also a mix up re priority. Air France apologised and did reply promptly when I raised this. Entertainment on board La Première was OK but I would have loved to have new albums by French stars like Matt Pokora and older icons like Brigitte Bardot.
"
26,Not Verified ," An enjoyable flight between Lyon and Washington. Exit row seats offer a great amount of space and are really comfortable. The flight attendants were perfect. I could bother them anytime and they would still help me. Food was good and a self-service minibar was present for economy passengers on the long-haul flight. However, due to non-present passenger on the first leg, the flight was subsequently delayed in order to remove his/her luggage. But in our case, the second flight departed on time but without our luggages, which arrived the next day at 11pm. That's a minus 3 points for that.
"
27,✅ Trip Verified ," Mumbai to Paris. Air France are just a money making, if you check in first you lose or you pay for seats. If you dont pay that you will go in the middle seats (no sleep for you). And finally the seats will be given for the last to register..
"
28,✅ Trip Verified ," Bangkok to Paris. Everything was very good. Very good cabin crew, on time and the 1-2-1 layout is good though it can feel a little cramped even compared to a 2-2-2 layout. The screen swings out and is ok in size but not big. It is also right in your face but at least I can reach it if I don't want to use the hand control. It would have been an easy engineering job to let the screen sing out then push it a bit further away again. The food was ok without being great and they have come to their senses and served the 2nd meal 1.5 hours before landing. Last time the 2nd meal came soon after the first with 4 or 5 hours of the flight left. I still hate the timings and having to wait at CDG for 3 or 4 hours for a 10pm 2nd short flight that is never on time. The movies was an ok selection. So much better than my KLM flight going out. 4.5* would be about right. I just wish I could trust the strikes by lots of different people to risk going out with them.
"
29,✅ Trip Verified ," Venice to Paris. I've flown with Air France 6 times in my life and each time I regret it. Twice I had my luggage misplaced for days. Second to last flight I was separated from my family members due to the flight being overbooked (I checked in online a day prior). The staff’s statement was “Air France has the right to overbook a flight.” What does that even mean? That Air France has the right to be unorganised and ruin a customer’s schedule? The last flight I had a terrible encounter with 2 rude staff who insists that I have not paid for checked in luggage. They refused to even look at the receipts I shown them, stating “If we say you must pay then you must pay!”. Only after a lengthy argument she finally found that we indeed has paid! No apologies whatsoever.
"
30,✅ Trip Verified ," Birmingham to Budapest via Paris. This is our most terrible travel experience. We traveled with Air France on 11/06/2019 from CDG to BUD flight AF1494. After boarding the flight the captain announces that there is a 55 mins delay. On arrival at BUD, our baby stroller was no where to be found and had to queue for lost and found, which means more delays getting to our taxi. We arrived at our airbnb late at night (9:30pm), hungry and tired. Then I noticed a big rip across the top of my suitcase. I've filed a complain with them, but because I couldn't apply for compensations towards my damaged suitcase within the 1 week time frame, nothing could be compensated. For the terrible service that we've experienced, never again will we be taking Air France.
"
31,✅ Trip Verified ," Atlanta to Paris. Air France is just a horrible airline to fly, especially compared to delta. They do not update their movies on their tiny screen they put in front of you it’s the same movie names repeated over and over to make it seem like there are choices. I found the food disgusting and they have no WiFi on the plane. I would not recommend flying Air France at all unfortunately due to work and my routes I’ve had to use them 4 times.
"
32,Not Verified ," Johannesburg to Paris. I booked my husband and I next to each other and we were moved apart. I now have a seat that cannot recline as there is an ablution behind. This is not vaguely the same as the flight I had previously to Spain in Air France and will consider before booking again. Very disappointed. The plane is not at all the same and seats are small. should have booked economy or flown with a different airline.
"
33,✅ Trip Verified ," Our flight Paris -Shanghai (Thu 18/7/19) had to turn back to Paris after 1 hour on the air. The flight was never cancelled, they delayed it to the next day (Fri 19/7/19) at 4.30 pm. They provide accommodation for us Thursday Night. When we come back on Friday, they informed us about the connection changes. Paris- Shanghai (Air France) Shanghai -Shenzhen (Southern China) Shenzhen - Melbourne (Southern China). They give us a Boarding Card for the first two flights (not for the third and not an itinerary). When we finally landed in Shanghai, we just discovered that we had to pick up our luggage and check-in for the domestic flight to Shenzhen. To do so, we had to request a 24-hour Chinese visa to change terminals. Because we did not have an itinerary showing our flight leaving the country, we could not get the visa. We were in China, so any email or internet access was limited. We could not connect with Air France because their office was inside the terminal on the other side of the passport control line. Luckily, I managed to contact the plane cabin crew before they did the passport control. They contact Air France to ask for ground personnel to help us. 45 min later, a person came to organise our connection. By them, we have already missed the flight to Shenzhen. They had to book another flight for us and give the information to the passport control officer for our visas approval. After one hour we had the visa and booking with Qantas to fly to Sydney 6 hours later with a 1.5-hour connection to Melbourne. Our flight to Sydney was delayed, and we missed the connection to Melbourne witch we had to change. Overall we were booked to get into Melbourne Sat 9am, and we got here Sun 1pm (28 hours later). I will not travel by Air France ever again. The way they manage the situation was deplorable. They hid information from us and were never clear about our options.
"
34,✅ Trip Verified ," Paris to London. Really enjoyed flying with Air France. The aircraft was clean and looking new. Boarding was very organised and all cabin crew were polite and professional. Sandwiches and beverages were offered during this 40 mins flight.
"
35,❎ Not Verified ," Los Angeles to Amman via Paris. The best airline I have ever flown. I have previously flown on Lufthansa but Air France is a way better airline and I recommend it to everyone. Everything is good, no problems and satisfying. I have read too many reviews for baggage lost but this is common when you only have a 40-minute layover. Thank you Air France!
"
36,✅ Trip Verified ," Dubai to Stockholm via Paris. DXB-CDG on Boeing 777 then onward to Stockholm on A320 and return CDG-DXB. Crew on all flights were nice and friendly cabin is clean and seats are surprisingly spacious and comfortable. The entertainment system is good and easy with some Arabic programs as well. Food and drinks are very limited I must say for a 7 hrs flight but it’s ok I don’t like much the airlines food. All in all is a nice experience however Paris CDG is a nightmare in connection. The CDG-ARN was on a regional smaller aircraft A320 which was ok also served coffee and tea and a small snack was fine for the 2 hrs flight.
"
37,Not Verified ," Paris to Florence. Air France lost track of my luggage during a connecting flight. When my bag was found, I was told it would be delivered to me later that day. When it wasn't delivered, I was ""guaranteed"" it would arrive the next morning. It has now been 2 whole days and I still do not have my luggage, nor have I received any help in getting ahold of it. I have called the airline 4 times and have been told repeatedly that there is nothing they can do, and that I can't speak to a supervisor. They can't contact the courier service that is supposed to deliver my bag to me, and they can't give me a number or address for said courier service. They also can't put me in contact with someone at the airport in Florence who speaks english that might be able to help me. I have cancelled various tours and events to make sure that I am close to my Airbnb when I get a call about my delivered bag -- all a complete waste. I am in the dark on when I'll have access to my own toiletries, clothes, and technologies and Air France refuses to help me. If you want to guarantee your checked luggage will arrive at your destination, DO NOT fly Air France.
"
38,✅ Trip Verified ," Paris to Zurich. It was a short nice trip. It departed and arrived on time. Baggage claim was pretty fast. Food and drink were served during the flight, even thought its duration was only 75 minutes. The aircraft is very clean. In general, I felt highly satisfied and had nothing to complain!
"
39,✅ Trip Verified ," Nouakchott to Paris. Really really bad. Old plane, no hot water in business class. The entertainment was awful, you couldn't see a movie properly, it was blurred and the screen were so small. Meals were good but overcooked. The only positive thing was the professionalism of the cabin staff.
"
40,✅ Trip Verified ," Air France shines with poor communication and even worst customer service. Arrived an hour late in Paris, had an hour and fifteen minutes transfer, I already warned them about that after booking our tickets, you give us a transfer that is too short, they said that this is never a problem, your connection flight keeps a eye on it. On arrival in Paris we had to run to catch our flight, two customs checks, at the gate I asked if our suitcases were coming, yes they said, they are already on the tarmac don't worry. On arrival in Bangkok I saw a list on the belt with of course our names on it to report to baggage service, our luggage had not come along, we received a print that they would now be coming via Singapore and had to be there in the evening, nothing came. It turned out that Air France in Paris had put a flight number on our luggage from Singapore Airlines, from Singapore to Bangkok, which doesn’t exist. So apart from lying and unfriendly, they are also stupid. I send them a email, no reply, at last our luggage arrived more then two day’s after our arrival and they arrived separately from each other at our hotel. Why didn't the crew inform us about it, and why is the communication that poor, one day after we received our last bag I got a message that our bags had arrived at Bangkok airport and should be delivered to our hotel within 24 hours, so that’s very accurate. Service on board specially in Business class was poor, it took a long time before we got a drink, meals served very fast, didn’t see anyone for over 9 hours, and they complained that they were very tired because of the long flight, excuse me, are you complaining to your business class travellers who hardly saw you during our flight, strange attitude. So conclusion, never again Air France, as a frequent flyer in business class this was the worst we have had compared to Qatar, Cathay, Singapore Airlines, Swiss and even KLM and British Airways where we find the service is also not worth the money.
"
41,✅ Trip Verified ," Kiev to Montréal via Paris. I really enjoyed my trip with them. The flight attendant were so mannered. The food was so delicious and so filling.The pilot too did a great Job. I will recommend this flight.
"
42,✅ Trip Verified ," Short flight from Paris to London and so expectations were not very high. As expected, on a short flight like this, there was no in-flight entertainment. The seats were 3+3 and leg room was not very good. The boarding in CDG was very slow with long queues building up on the skybridge. Part of the problem was with passengers carrying bulky kitchen sink-like ""hand"" luggage. The airline should enforce the standard rules on bulky and heavy hand luggage. I had to stow my modest 4Kg ""Cabin Max"" bag under the seat! The snack and drink were adequate for the short flight.
"
43,✅ Trip Verified ," Milan to Marseilles via Paris CDG. Lost our luggage for 3 days before we got it all back. Terrible communication, totally dysfunctional process, no one could tell us where our luggage was or when we would have it.
"
44,✅ Trip Verified ," Tokyo to Paris. We were on our honeymoon and thought we would spend a little extra on a more reputable airline such as Air France. Our outbound flight from London Heathrow to Tokyo had no entertainment and we were kept in the dark the entire flight. We were told we would get compensation and an apology email and heard nothing. Filed a complaint but response was unsatisfactory and did not address my concerns. On the flight back we couldn’t sit together and made no effort to assist.
"
45,✅ Trip Verified ," Mauritius to Paris CDG on a Boeing 777-300ER. This flight wasn’t our first choice, as we were originally booked on a Air Mauritius flight, but were rebooked to this Air France flight because of the cancellation of the Air Mauritius flight (we knew this 2,5 months before departure). When we checked in online we were assigned two aisle seats on row 22. When we later checked our seats in the Air France app again we found out we were assigned different seats; row 20 and 54! The reason of this was a equipment change; Air France was operating a less dense 777-300ER with a lot less Economy class seats. During check in we adressed the seat issue and lucky we got new seats; 47A and B. When we sat down we felt extremely cramped; the seats were very uncomfortable with terrible leg room and appealing shoulder space. Air France is operating the 777 in a 3x4x3 configuration, and this cramped configuration is used with an increasing amount of airlines. The PTVs were of good quality with decent content; movies, series, music, games, interactive map and a front camera. The cabin crew was very professional, proactive and polite. Both meals (dinner and breakfast) were of a good quality, but a bit small. Last but not least, the temperature on board was extremely hot during the first few hours. We addressed this to the crew and they acknowledge, but couldn’t do anything about it as the system was not reacting properly. To sum up; this was my first and most definitely last experience on board of an Air France 777-300ER. The service was fine but the seat discomfort made it one of my most uncomfortable flights ever. I would certainly fly Air France again (this was my fifth flight with them), but only if it isn’t a Boeing 777!
"
46,Not Verified ," I had a surprisingly stellar experience despite an overall horrific travel experience. I had booked my initial travel on business class on Polish Airlines from Los Angeles to Tblisi since it was the shortest flight in the duration of 18.5 total. It was on May 3th, 2019. By the time I got to Warsaw and waited for 6 hours that was expected, then there were delays, then unexpectedly they cancelled the flight at the last moment and informed us that we needed to wait for another 24 hours to fly to Tbilisi. They did provide a hotel. However, I had a family waiting for me for a celebration and I needed to get to Tbilisi as soon as possible. So, I arranged an arduous fight back to Paris, then to Tbilisi that saved more time. My overall flight lasted 37 hours and included lots of schlepping, but I have to mention the detour through Air France that provided light and amazing service through this ordeal. The flight to Paris included this delightful female (unfortunately I didn’t get her name) flight attendant that made things so pleasant. From Paris to Tblisi, on the last exhausting leg, I encountered a flight attendant named Patrick, who made my day pleasant. I can not undermine how he changed my horrific flight experience to quite pleasant. He was authentic, didn’t try too hard. light attendants have a difficult job of dealing with stressed public.
"
47,✅ Trip Verified ," Paris CDG to Dublin. Flight arrived earlier than scheduled. Good and smooth travel right from check-in to landing. As a platinum member of flying blue I also had access to the lounge in Paris. Good choice of food. The stewardess even introduced herself when we were on board and addressed me by name. A really lovely gesture that was much appreciated. Baggage arrived swiftly on arrival in Dublin.
"
48,✅ Trip Verified ," Another good flight with Air France. I booked last minute as my flight with Transavia to Orly was cancelled due to the general strike in France on the 9th of May. Upgraded at the gate to business class. Good collation served, well presented. Service impeccable just like what I have been accustomed to with Air France. Baggage arrived promptly on arrival.
"
49,✅ Trip Verified ," Paris to Vienna. My recent flight with AF was a pleasure from beginning to end. Easy to use IOS app both at purchase and check in. Airport check in was smooth with no line at CDG T2F. Security line was longish, but not too bad. Hand luggage allowance is generous (12 kg). Boarding was fast and ordered, divided by zones. Economy new seat is great in terms of comfort. Cabin was clean. Breakfast consisted of pain du chocolate and coffee/tee/soft drink which was ok for 80 min flight. New entertainment system was a huge surprise to me. You log in to Air France onboard wifi and get internet for messaging for free, plus flight info plus variety of tv shows and movies, also for free. USB port is at every seat. Arrived on time, bag was on the belt in 15 min. Miles arrived to my account next morning. Flight price was 44 euro. Brilliant.
"
50,✅ Trip Verified ," Havana to Geneva via Paris in February 2019. Poor onboard catering, pursers dialogue and treatment, and staff friendliness, welcome and attentiveness. The story is so long that I regret writing it to Air France customer feedback. I will never travel again on this airline and is a shame that it partners with KLM which is way above in so many terms.
"
51,✅ Trip Verified ," Paris to Freetown. 20+ year old plane. Economy has not been updated. Old disgusting fabric seats. Screens looked like my old Palm from the 90's. Service was equally terrible. Found a roach crawling over my things next to me. Told the flight attendant and she said that was normal and laughed. On the way back to Paris, upgraded to premium economy. Service was equally bad. The air conditioner broke and we were stuck in Conakry for 3+ hours. I think the safety commercial they use to market the airline says it all. A video reflecting superficial woman playing the role of ding bats reflecting an image from the 50's. A complete insult to women and where we are.
"
52,✅ Trip Verified ," Paris to San Francisco. The interior of the plane was very dated. The entertainment system was old, and bad quality. The movie selection was poor. The flight attendants weren’t available or responsive of anything going on in the cabin. They spilled coffee on the guy next to me and when asked for a napkin they said “yes I’ll come back” and did not until asked again. There were over 8.5hr between meals with one drink between in those small plastic cups. With less than 60min left in the flight they served lunch. Then because we were also starting the descent, we had about 10min to eat and give them the garbage. It felt frantic as the were speeding through the cabin spilling trays as they grabbed them and skipping people. It was pretty bad. Next, the bags took over half an hour to start coming out. They assured us over loudspeaker they were in fact coming. Because that’s how long it took. The food was really bad. Like I’ve had airplane food before but it was gross. The boarding process was terribly organized.
"
53,✅ Trip Verified ," Toulouse to Munich via Paris. A not much frills but decent experience. All flights more or less on time, aircraft clean and staff friendly and multi-lingual. Service is a drink and snack. Transfers in CDG painless. Seating however uncomfortable.
"
54,✅ Trip Verified ," Munich to Singapore via Paris. The transit time is only one hour! The first flight is even delayed. Customer isn’t very friendly. If you can choose other airlines to avoid transit in Paris, don’t choose Air France.
"
55,✅ Trip Verified ," Flew the Boeing 777-300ER from San Francisco to Paris on our trip there and the plane was quite nice, crew performed their duties well and aside from the realities of Economy Class I had no major complaints. Our flight back on the A380 was significantly less enjoyable. Boarding was reasonably efficient, but I was again the victim of additional security checks at the gate (Happened my last trip in Taiwan as well) which meant I didn't get to board with my friend, and was among the last people on the aircraft. Luckily I didn't have any issues finding overhead space once finally onboard. Once on the plane I was shocked at how dated and worn everything appeared. Seat covers were ill fitting and faded, cabin lighting was dull, the IFE system was among the oldest and in quite poor condition, the remote was filthy, and the bathroom was something Air France should be ashamed of. I can only imagine that since they're already looking to retire half their fleet of 10 A380's they're avoiding putting absolutely any money into them. I've included photos of the more glaring discrepancies. The first meal service occured in the strangest and most haphazard manner I've ever experienced. Seated in row 46 there were about 5 rows behind and two rows ahead in our section. They began serving the rows at the back first, but then stopped, skipped the front three including my own row, then moved on to the next section of seating. After starting at the front t of that section they worked their way backwards until our row was the very last served. This meant room temperature food, and a wait of over an hour all while enjoying the aroma of food in the cabin directly behind us. In addition, the cabin crew disappeared completely for about 6 hours in the middle of the flight. At some point some snacks were placed in the galley area but we were never notified or served. I just happened to see someone seated ahead of me return with ice cream and was lucky to be in an aisle seat where I could grab one myself. The sole redeeming quality was the low cost of the flight, $360 RT, but the poor quality of the A380 cabin and crew means I would never recommend it. If you have to fly Air France always choose the 777 instead.
"
56,✅ Trip Verified ," Milan to Marseille via Paris. The worst airline I have flown. Lost our luggage today, left us stranded with nothing, did not even offer a voucher. I'm 70 years old and take a lot of medications, the really rude woman suggested I go to the hospital. Woman in lost luggage was really rude, and she even said ""Air France has terrible customer service"". Avoid this airline like the plaque! Narrow, uncomfortable seats.
"
57,✅ Trip Verified ," Fort de France to Amsterdam via Paris. Hands down the worst experience I have had.The plane looks like it flew right from the 80s with seats that were super old and uncomfortable. The entertainment system is also at least 20 years old - it's also malfunctioning. Useless entertainment of terrible quality so I just turned it off. Then at the end of the flight, where I did not sleep (I usually do and this time I even took a sleeping pill), we got the worst breakfast. The flight is a connecting flight through Paris, but you have to take a bus to from orly to Charles de Gaulle which. This is terrible by itself but it becomes much worse when you have no clue what to do and have to pick up tickets on your own somewhere else, then we had to wait for almost an hour for the bus to CDG! Almost missing our connecting flight, stressful and ridiculous the way this is organised. Also, somehow the French staff seem too arrogant to speak English, which is something they should do if your are flying an international crowd. If it is not needed, I'm never going to fly air France again.
"
58,Not Verified ," Paris to Shanghai. It could be better. Comfortable seating. New aircraft. But flight attendants were outraged by their behavior. In the middle of the flight, none of the flight attendants could be seen. Pressing the flight attendant call button 5 times no one approached. In flight entertainment is pretty not bad. Everything went without delay.
"
59,✅ Trip Verified ," Madrid to Johannesburg via Paris. Air France's customer service is the worst I've ever encountered with an airline. Having been delayed for a total of 26 hours they are refusing to pay any compensation despite me providing invoices for a rebooked flight from Johannesburg to Harare because I missed my original flight due to the delay. I was very unhappy with the manner in which I was dealt with on arrival in Pairs, by the airline staff on the outgoing plane who told me I had nothing to worry about and would make my connection, no information at the disembarking gate to say it was futile to go the boarding gate for a flight that had already closed, and no assistance enroute at any stage in a very unbusy airport terminal. Also no compensation for having paid extra €85 euros for extra legroom seat which was not not available on my rebooked flight the following day.
"
60,✅ Trip Verified ," Check-in started three and half hours before take-off. Premium economy passengers are allowed to use Sky Priority check-in so it was quick and easy. Boarding started on time. AF's premium economy seat is in a hard shell so it slides forward to recline. On this flight I found my seat was working so I got full recline, where my wife's seat was slightly broken and did not recline fully. Like the journey to DXB the PE cabin was in need of a refresh, so while clean, it was showing its age. I did find the seat comfortable when fully reclined and managed to get 5 hours of sleep. A snack was served after take-off which was significantly better than the micro tuna sandwich we got coming to DXB. Breakfast was served 90 min before landing in CDG. Choice was omelette or creme. Both choices were unmemorable at best. The IFE system was ok but the choices seemed limited and the flight was not wifi enabled. The crew on this flight were very french and seemed grumpy, bordering rude. We landed early at CDG which was a good thing as the line for transfer security was ridiculously long for 6 am. The flight to LHR was a standard intra European flight but AF still managed to serve a snack and drink during the 45 min flight. Again for the price point I cannot recommend AF premium economy, it is simply not twice as good as regular economy.
"
61,✅ Trip Verified ," Flight from LHR to CDG was an unmemorable, standard intra European flight of 45 min. Despite this AF managed to serve a drink and a snack. CDG is a very confusing airport but we managed to find our departure gate. AF allows premium economy passengers to board via Sky Priority group 2. The seat is rather strange as it is a hard shell where the seat slides forward to recline. However I found my seat to be slightly broken so it did not recline as much as it should. My wife's seat next to me was in better condition, so she got full recline which looked comfortable. Generally the cabin looked very tired and in need of a refresh. The in-flight entertainment selection was not bad but limited compared with other airlines. The food was, on the other hand, very good. I would not have been disappointed to get the vegetable pasta in business class. The pre-landing snack, however, was probably the smallest tune sandwich I have ever seen. It was borderline a joke of a snack. The crew was friendly and attentive and they seemed well intended. We landed on time at DXB in the old terminal one but immigration and customs were quick and easy with no queues as we arrived at about 22:30. All in all not a bad flight, but not good value for money. This flight was not wifi enabled.
"
62,✅ Trip Verified ," Bangkok to Aberdeen via Paris. I am pleasantly surprised to say that Air France have appeared to have upped their game. All the flight attendants was very pleasant and even in CDG the staff was smiling which is a significant difference from previous adventures. Whatever has happened keep it up AF. I had a great journey today.
"
63,✅ Trip Verified ," Forced me to check in my luggage. Lost it. Promised to deliver. I called 5 times and was told to wait and that they were going to deliver, apparently they were not going to deliver. It is 11.31 pm and I’m driving to the airport again to pick my luggage up. I have to make it before 12 because the desk will close. Worst airline service I have experienced. People on the phone barely speak English.
"
64,✅ Trip Verified ," Hong Kong to London via Paris. Flight was cancelled one hour prior the boarding. The ground staff from Air France came after 1.5 hour, not very clear in the explanation to all the passengers. Pretty impolite I would say, leaving people wondering and upset. Our flight was rescheduled for the day after, but we have to use another airline for the connecting flight, means take all luggage again (which is inconvenient travelling with a baby). The alternative provided by the service is being redirected and downgraded to economy with another airline. I am Platinum member, I would have expected to be upgraded for the inconvenience, not the other way around. Everybody at the customer service understands, but never really solve your problem. Expensive, average-low service, poor handling of customer issues.
"
65,✅ Trip Verified ," I purchased tickets for myself and my friend from Air France website, which was operated by China Eastern. I couldn't check in and select seats online before the departure, so I only found out that our given and family names got back front in the system the night before our departure. This eventually caused serious loss, inconvenience and panic for us. My complaints to Air France are based on Very inefficient and bad communication service. My friend (whose first language is English) called Air France to address this issue many times on the night before our departure, our call was always transferred to the Air France office in the Philippines. The staff there had limited English, couldn't understand my friend much and it was also very difficult for my friend to understand them. He called more than 10 times, and only figured out the names cannot be changed but we are still not sure the reason. Air France and China Eastern tried to blame each other rather than helping us out. The day for our departure, we went to the airport to talk with the China Eastern. The staff there said names back front happens every day, the airlines can change them for us but it has to be Air France. We called Air France on site a few times with China Eastern staff together, we got the same answer, the names cant be changed because our flights were operated by China Eastern! China Eastern airport staff didn't let us board as they insisted that Air France has to change our names. As a result, we were stuck and had to see our flights leave in front of us, which was one of the most frustrating experience in my life. We eventually went home, called Air France office many times to negotiate. At last, they said the only way they could offer was to make our tickets as a voucher of 3200 AUD, we had to still book Air France to use the voucher. Being desperate, we booked another Air France tickets, the cheapest one is 6600 AUD for two people, which meant we had to pay the same amount of money again to catch the plane that night. Also, our planned trip was greatly disturbed as these cheap tickets meant we had to come back Australia 2 days later, which caused my visa issue (one day overstay in Austria), two days work, and extra two days hotel and food cost. I will never recommend to travel with Air France.
"
66,✅ Trip Verified ," Frankfurt to Buenos Aires via Paris. The service attitude seemed to deteriorate throughout the flight: it began with the silent treatment by the crew who would not address pax during service and moved on to simply ignoring them after service. I had the purser in Business Class of Air France tell me I could fetch water myself at the self-service bar when I tried to order. Plates are consistently not cleared so space around the seat is just a horrendous clutter by the end of it. The end of it was that one flight attendant whom I had not seen in the 11 hrs of flight went around the cabin after landing giving me a thumbs up and saying everything ok as if to rate the performance on this flight. Wouldn’t fly Air France again regardless of the good seat and decent food. The lounge too was a bit underwhelming, with appointments at Clarins Spa and seating being very hard to come by. Had to wait 2hrs for a shower with the lounge attendant apologizing, but how can this be a premium experience? Their customer service don’t seem to respond to complaints either, which is a big no no for me. I would stay away.
"
67,✅ Trip Verified ," I flew from Paris to Taipei with Air France, the entire journey was perfect. I used the Air France app for the check in which was easy to use. The cabin crews were very polite, friendly and professional. The food served was quite good compared to other airlines and champagne was available even on economy class (free of charge). The aircraft was looking clean with comfortable seat and plenty of new movies on the inflight entertainment system. Thank you Air France.
"
68,✅ Trip Verified ," London to Nairobi via Paris. I fly internationally about 6-8 times a year over the past 30 years and this is by far the worst airline I've ever flown. The staff (ground and air) were terribly rude, refusing to allow me the hand case which had all my personal items instead wanting to check it through to Entebbe by force. I was also shocked that they would let passengers wait in the cold tarmac and stairwell in the middle of a cold wintry night to board a flight which was already delayed by 2 hours. Poor quality service and largely aged airplanes aren't unusual on the African leg of non-African carriers however the way passengers expect to be treated still dumbfounds me and Air France was no exception to this. All this without any apology to the hundreds of passengers who missed their onward flights from Nairobi to Harare, Entebbe, Bujumbura, Zanzibar, Accra etc. Unless Air France and several other carriers change their attitudes to Africans traveling to Africa, I'd recommend they (Africans) take their local carriers from Europe, USA, UK as they are guaranteed great service from fellow Africans in good airlines.
"
69,✅ Trip Verified ," I was denied boarding at the gate even though I had a ticket. I originally booked my flight with Lufthansa. After my original flight was canceled, I was booked to an Air France flight that departs for CDG from ATL at 8:25 pm on March 1st, 2019. I was able to check in online successfully, along with a note that says I will receive my seat number at the gate. When I arrived at the gate 2 hours before the flight took off, I was told by the agent that the flight is full and I was on standby, even though I had a ticket. Very soon, I found out that there are 8 passengers in total who were on standby tickets without knowing so, and were transferred to AirFrance one way or another. Eventually, the flight took off with 7 of us remaining on the ground. The agents at the gate in Atlanta were rude to passengers and spoke to us like it is our fault that we were on standby without knowing because we had our tickets. They were never apologetic, appeared not knowing the procedures, and told me and another passenger that since Lufthansa booked our tickets with Air France, it is not their problem that we did not get on the flight. I have never had contact with such rude staff and been denied boarding at the gate! This is my first experience with Air France, and it is such a shame that a big airline displays this extent of disregard to its passengers.
"
70,✅ Trip Verified ," Paris to Dublin. Very good overall. Aircraft clean, boarding on time. CDG very nice airport, huge, clean, with lots of staff that can guide you. Counting that got tickets only for €49 with taxes-a bargain. Since I was flying with my little daughter who's suffering from travel sickness very important for me how smooth landing was on our flight from Paris to Dublin. So a kids friendly rating approved.
"
71,✅ Trip Verified ," Manchester to Johannesburg via Paris. We paid to be seated together with extra cost and when we checked in the lady would not listen to us as we should our booking with the seat we had paid for but she just said she could not change our seat as that’s what it show. we then went to customer service at Manchester airport but she also was very rude and not wanting to help. we paid good money for our seat. so we got to France and I spoke to a nice gentleman who said he will try to help which he did then sort our seat to a different seat, not happy as wanted to seat on upper deck which we booked on. on return flight with KLM the ladies said sorry but your seat are already for you but she also gave me different seat. I said I paid for this seat. I was very angry so spoke to another lady and she said your seat are her so she put me back on our seat. why do you charge for seat when you check in you are given different seat when we have paid for second our meals we ordered veg but no food came as they said we have run out. Shame on Air France you charge so much on ticket and you cannot get it right.
"
72,✅ Trip Verified ," Basel to Seoul via Paris. This is a fantastic airline to fly, the service is great, flight entertainment is decent and so on. I am dissatisfied that Air France sells a ticket to Korea with 40 minutes layover in CDG and the fact that my baggage had to come on the next flight do to this tight transfer ticket that they sold to me. Anyhow the seats was better than any other airline I flew in the past. Plenty of snacks and drink buffet at the rear of the plane for Economy. They provide a free internet access for messaging only but it is really just so slow for it to do Internet browsing and sending emails. You can do those, it will just take a much longer time than buying there internet service for a not so cheap prices. Meal was decent, I mean what can you expect from a Economy plane food from any airline. Well, it was a much more pleasant experience than with Lufthansa. And looking for my trip with KLM in this coming week back to my home.
"
73,✅ Trip Verified ," The flight from Paris to Sao Paulo with Air France was excellent. Service friendly and professional. Meals and beverages on board were first quality. I slept 7 hours and arrived relaxed into Sao Paulo.
"
74,✅ Trip Verified ," Munich to Nairobi via Paris CDG. It was my first time, flying Air France and I got a good impression on both a European and international route. Booking was through KLM, which caused quite a bit of trouble, as by that time, online booking was not working. Booking via a telephone was new to me, but worked out fine. Check in at Munich Airport was very fast and efficient. Once I arrived at the gate, I was told the flight was 30 minutes late, but I was amazed how good both the ground staff and the pilots tried to get back in time. We arrived 5 minutes late in Paris. The A318 is extremely small and seating is not very comfortable, but the friendly steward made that up. Snack was two small muffins, extremely tasty and satisfying. Transiting through CDG is not the best, but worked out fine. Flight from CDG to Nairobi was a 7 hours and 30 minutes red-eye flight, very smooth, again with extremely nice crew members. Although I don't speak any French, I felt very welcomed. IFE system is good to handle with a big variety of movies and music, I did not use it though, because I slept through most of the flight. Food was not outstanding but not bad either. I heard so many bad things about Air France beforehand, but I actually enjoyed my flights. Would definitely fly them again!
"
75,✅ Trip Verified ," Flying Air France for the first time from Delhi to Paris. The boarding was chaotic but the staff tried their best to secure peace and order. Being a 2m tall guy and flying economy class is not the best experience. I could barely fit to the window seat and there is no way to stretch the legs. On the other hand if you are 1,8m you would be completely fine. The UX of fun portal was a bit outdated. There is a power outlet as well as USB output. The crew was fine. Due to flying over night we got a snack and then a breakfast. Both meals were fine as well.
"
76,✅ Trip Verified ," I was on a flight yesterday that was cancelled which I blame no one for but then the staff afterwards was not helpful in the slightest. We were told that we would be put on a different flight which never happened then another which never happened.. we were told that all of our stuff was finally switched and we arrive this morning after waiting outside in the cold for 45 minutes last night to take a bus to the hotel, and we were told that the flight we were put on we actually weren't. And the woman this morning said and I quote ""I dont know why this happened, the woman last night made a huge mistake"" that being said nothing has been done to right this wrong. Then on top of that we were given the run around trying to find out were we needed to go to get our new boarding passes and we got a different answer every time.
"
77,✅ Trip Verified ," London to Johannesburg via Paris. I enjoy flying with an A380. The seats as usual were excellent spacious and with adequate legroom. I always try to have an A seat as I lean to my left against the window to sleep. However seat 35A was quite far away from the window/side of the plane making it impossible to lean that way. The variety of entertainment although not as good as some airlines was good. The food was not great. Crew handed out a menu stating we would be offered an apéritif. The definition of this is ""An apéritif is an alcoholic beverage usually served before a meal"". We actually got our drink with our meal. Half a tiny glass of champagne with a very small plastic bottle of water on the tray. Tea, or something resembling that was offered. They rush through so much one doesn't get the chance to ask for something else. That was that until 2 hours before the landing. Paris to Johannesburg is a long long way. At no time did staff walk around with trays of water or just to see if anyone needed anything. I don't feel comfortable 'summonsing' someone with the call button to request one and the two passengers next to me slept the whole way so I didn't want to wake them. I used to fly this route with AF regularly and stopped. Now I know why. I won't be using them again.
"
78,Not Verified ," Birmingham to Delhi via Paris. Upon arriving at CDG we had trouble finding the gate so I enquired from an Air France member of staff to help, the response I got was “read the board”, appalling. The flight was ok. That’s where it ends, I received a text to say my luggage would not be arriving. 2 days later I made countless useless telephone calls and I am still waiting, I am now in Nepal with nothing. I was told by Air France my luggage would not be on the next flight out of CDG as the plane was at its weight limit, my luggage was 13kg. I have received no further communication.
"
79,Not Verified ," Prague to Miami via Paris. Booked trip 10 months ahead through tour group, had one connection each way when I booked (with Air France), some time before travel Air France changed itinerary on return trip, now two connections adding a lot of time and hassle right off the bat. Then on return leg flight delayed leaving Paris (middle leg) due to issue with Air France plane, causing us to miss the added connection, then had to take later flight. All together at least 8-10 hrs extra travel time over original itinerary. How did they think it was ok to add an extra connection? All I can say is there’s a lot of options to fly to Europe. I will not be using Air France again.
"
80,✅ Trip Verified ," Short flight from Paris to Madrid but excellently executed by Air France. Check in simple and fast, fast track through passport and security, fabulous lounge with nice breakfast available. Efficient boarding, new comfortable aircraft with friendly staff. Flight arrived on time. Air France consistently performs.
"
81,✅ Trip Verified ," London Heathrow to Paris CDG. Really enjoyed flying with Air France. Boarding was fast and organised, new aircraft, friendly staff and croissants and hot beverages was offered during this 40mins flight. Totally recommend Air France.
"
82,Not Verified ," We were very disappointed with the way Air France thinks of passengers as just air cargo. As a 50th wedding Anniversary we had booked well ahead but on the return leg could not select seats as the first leg was from Malaga to a connecting Flight from Paris. We were separated in our seating to 2 different areas of the plane , and it was a full flight - from the airline that purports to fly from the city of love. This was a low point of a fabulous trip!
"
83,✅ Trip Verified ," London to Johannesburg via Paris. First time in Business with this airline. Short hop to Paris followed by long layover in CDG Lounge - reasonably comfortable but little service. Departure delayed by 75 minutes of de-icing. Cabin crew stylish but a little aloof; generous with the champagne but slow to get going on the dinner service, despite it being well after 2.00am. Excellent food and wine when it arrived but poor breakfast before landing. 175 degree reclining seat allowed 5 hours of sleep.
"
84,Not Verified ," Bengaluru to Paris. Air France kept us on the jetway for 4 hours, without air conditioning and did not allow us to get off the plane, despite the plane still being connected to the jetway. After the inevitable cancelling of the flight, we were then taken back through customs. After getting another flight with another airline (that was not in business class), we tried to have them honor our business class tickets by allowing us to wait in the executive lounge, which we had been able to access with our business class tickets, but since we had to get coach tickets at the last minute, then we were not allowed to wait in the lounge. The only positive that I can report is that the flight attendant was kind and remorseful; this was obviously not her fault in any way. However, as a company, Air France left a lot to be desired
"
85,✅ Trip Verified ," Paris to New York. I particularly asked for a vegan meal when I booked the flight one month in advance. On Skyteam it appears that vegan meals are referred to as vegetarian non-dairy. I booked my flight on Premium Economy on Air France. There are two meals offered from Paris to New York. First is the main meal which was vegan but I noticed that because it was vegan, I got less food than the vegetarian sitting next to me. One and a half hours before the flight was set to land, a sandwich snack was offered to me. It looked like a chicken sandwich. When I notified the flight attendant, she took the sandwich back and disappeared until the flight was about to land. Other flight attendants came through quickly pick up the trash. No one bothered to follow up with me. I felt cramped in premium economy seating but I guess it offered extra legroom than regular economy.
"
86,Not Verified ," Joon (operated by AF) from Cape Town to Paris offered a satisfactory business class experience. Configuration was 2x2x2 which made access to the aisle a bit difficult as you had to climb over the person occupying the other seat. Service was friendly from a young crew. Food was OK. The almost flat bed was reasonably comfortable and I had a good sleep. The business class from Paris to Toronto on the 777 offers the pod-style in a 1x2x1 configuration giving everyone aisle access. Service was efficient, friendly and comfortable. Food OK. Enjoyed the snack prior to landing. Lie flat bed was good and I thoroughly enjoyed this business class experience.
"
87,✅ Trip Verified ," I flew with Air France from London Heathrow to Ho Chi Minh City via Paris. Both flights were enjoyable. The seats were comfortable, both aircraft looked new and clean. Flight attendants were polite, friendly and helpful. The food served for the Paris - Ho Chi Minh was quiet good compared to other airlines. Hope to fly with Air France again soon.
"
88,✅ Trip Verified ," Paris to Atlanta. In spite of asking for Vegetarian meal I was provided something with meat. When I told this to the hostess in english, she said something in french and moved on. Just ate the bread / yogurt that came with the meal. Second meal again was given a bread with some ham piece on it. Better avoid if you are very particular on what you eat. Seats were uncomfortable. Return journey in Delta was very comfortable - better seats and good vegetarian meal option.
"
89,✅ Trip Verified ," New York to Paris. We upgraded to premium economy on the day of the flight, costing £60 and resulting in a new boarding card being issued - all fine, we did this in order to be on 2 separate seats rather than a bank of 3 or 4 given it was a night flight. As we boarded we were stopped and without explanation or apology, issued new boarding cards which were for 2 seats not even together and on a bank of 3! We were dismissed upon discussing this, the staff were so rude and abrupt saying ""there must be a reason, what did she say ""I explained we weren't given one! We were simply instructed we had to sit in the new seats as the ones we'd paid for weren't available. It turns out, Air France had simply sold the upgraded seats twice and the other couple happened to get on the flight before us. The plane was dirty, the staff were surly and rude, the food was disgusting and despite an 8 hour duration, there was drinks offered twice only. We flew outward with Delta who were amazing, we had snacks and 2 meals as well as over 5 drinks rounds. the staff were friendly and the plane was immaculate. With regard to the comfort - zero, I got no sleep, the chair didn't recline properly. With regard to in flight entertainment - poor selection and a clunky system that constantly forced you to watch adverts before proceeding. I will never ever use Air France, we still have had no apology or reason for our last minute seat reallocation and I imagine there inst a hope in hell we will get that wasted £60 back.
"
90,✅ Trip Verified ," Bangkok to Paris, a day flight. The IFE was worn out and out of date. No touch screen, unclear screen and poor sound. Leaving Thailand, I ordered the Thai dish. It was terrible, dry, tasteless and inedible. No cabin crew serving refreshments during the 13H flight, you need to go to the galley. This is totally impossible if you are by the window with sleeping neighbors. Terrible inflight service. Dinner of raviolis was served upon landing, but who really cared after such a terrible flight. The airline is completely out of touch with the offering of competitors and remains locked in in what is believe the French class. Well there was no class to be seen just gloating, pretension and an overpriced flight
"
91,✅ Trip Verified ," My last experience with Air France was very good. Had a very long flight from Papeete to Paris via Lax for transfer. The cabin crew were very caring and even funny! The inflight entertainment offered a wide choice of movies and music, with some recent releases. The food quality was exquisite, two times services from PPT to LAX and again from LAX to CDG. The seat was very comfortable and I slept like a baby! I would book for sure again Business Class on that route, if only prices wouldn't be that high for this way! It was worth it!
"
92,✅ Trip Verified ," Ho Chi Minh City to Paris. Flew out from CDG with Vietnam Airlines as part of their code share agreement and was very impressed. On the return journey I expected a similar cabin lay out with the business class pods as they are plastered all over the Air France website. We were so disappointed to see that they were conventional seats that just extended out. I queried whether this was business class as it was not what I expected and was told this was an old style aircraft. The seat was very uncomfortable and it was not possible to lie in any other position than straight flat and even then the seat belt housing was digging in my side. Despite claims on their website there were no charging ports and the space was very cramped. There was nowhere to put a small ladies handbag. The screen had to be pulled up from the arm rest as was smaller than an ipad. The food was fine but the space to eat was cramped. The cabin itself had significantly more people in as the layout was 2x4x2 meaning greater pressure on toilets, staff etc. The hospitality pack had a very small tube of Clarins hand cream and one of moisturiser. Hardly generous and only just about fits the website description. Did not feel that special or particularly valued
"
93,✅ Trip Verified ," Singapore to Warsaw via Paris. I was surprised by the new Boeing 777 interior. It's very modern and comfy. Full HD IFE is great, however there aren't many Hollywood movies, mostly french. Food was delicious, but the portion was rather small. During the flight drinks and snacks were available. On the way from Paris to Warsaw there was only a drink and small cake. In my opinion it's too little for a full service airline as Air France.
"
94,✅ Trip Verified ," Warsaw to Shanghai via Paris. Nice cabin crew, much legroom. Food onboard is very good. Stopover at CDG without any problems. No IFE in the A321 and old IFE in the A380. Generally I enjoyed old A380 cabin, nice seats. When flying AF long haul there is a galley in kitchen with complimentary snacks and soft drinks.
"
95,✅ Trip Verified ," Mexico City to Paris. Very limited leg room, the screen equipment almost falling apart, dirty toilets, terrible food and inattentive flight crew. What else can one ask when travelling on such a long flight?! Never ever again.
"
96,✅ Trip Verified ," Brussels to Lome via Paris. Perfect service, professional and with good mood and humour. As usual excellent meal and As usual excellent food and drinks. The crew takes the time to talk, to make your trip as pleasant as possible.
"
97,✅ Trip Verified ," Paris to Atlanta. Very hard seat. The food was without taste. Wine great. Service during the flight almost non-existent. Near the end we did see 3 offering of water. The breakfast was a “pizza hot pocket” warm yogurt and bad juice. Great coffee but not enough. I did not eat my “breakfast.” Their motto French in the air. It is not! What a great country with excellent food choices and comfort.
"
98,✅ Trip Verified ," Nuremburg to Paris. I flew in business class, thought it´s worth it. Staff is very rude and not caring. You see that they feel bothered if you ask them for something (water, wine). No smiles and I didn´t feel welcome on board. And if you dare to ask for something the first thing you will hear them is a sigh. During the whole flight the flight attandants spend the time in the galley chatting and giggling. Later I saw them eating there and they ignored the button calls from their passengers. Never again and I would not recommend them. There are other carriers that value you, your time and your money much better than Air France.
"
