,Status,Comment
0,✅ Trip Verified ," Nadi to Christchurch. At the check-in they asked for the ticket out of New Zealand. It was a ticket from Auckland to Santiago. The agency from I've bought the ticket didn't sent the ""booking reference"" of the flight, but I had the booking proof and receipt of payment. Fiji Airways refuse to check me in because I didn't have the booking reference. They didn't even offer to help or suggest any solution, just saying I had 20min until they close the check-in. It was night time in Europe, and after 20min and more than 60 Euros on the phone I got the mighty booking reference.
"
1,Not Verified ," Auckland to Fiji via Los Angeles with Fiji Airways. Would recommend this airline. I lost my phone and the cabin crew went through the area and found it and were able to open the seat to retrieve it with engineers help. I really thank you or I would be lost in L.A.
"
2,✅ Trip Verified ," Sydney to Nadi. They cancelled my flight, and even after constant phone calls they only confirmed alternative accomodation the day before we flew. They refused compensation and when you complain they don't respond. Its a shame that there in flight experience isn't too bad - it is simply their reservations staff are understaffed or incompetent. The CEO in the inflight magazine encourages people to email feedback and yet they have not replied. They may be cheap but we discovered after our holiday they are well known for late cancellations.
"
3,✅ Trip Verified ," Melbourne to Nadi. Booked my flight 1st April to fly on 19th August, get an email 3 days before we fly that our flight was overbooked and changed to fly out the next day. By then our accomodation has all been locked in and for any changes via booking.com will be a fee of the whole booking. I called the airline, emailed them and all they could do is say sorry, there was nothing they could do. Then coming back from Nadi to Melbourne, we had trouble checking in, we were told the flight was overbooked and that they opened a seat for us to accommodate getting both of us on the flight. The seats were separate to each other. I later found out when sitting next to a young couple with a 9-month year old, that I took their baby's seat where he was meant to sleep in and that one of the flight attendants said that they overbooked flights because a lot of the time people don't show up and that a lot of the airlines do it too. The flight attendants are lovely but the airline needs to get its act together and stop messing people around with their booking.
"
4,✅ Trip Verified ," I recently booked my travel to Fiji from NZ and without notice the airline canceled both my flights. My hotel bookings are done and are non refundable. I told them that I have to be back in NZ at any cost on 1st Sept but they have given me the flight back on 4th. The reservations team have no sense of customer service. They have been passing on my complaint/ concern from the email team to the so called manager who is behind the scenes and is not available to provide any response to me. They asked me to wait for 48 hours for a response and now after continuous follow up, they have asked me to follow up after 48 hours. With less than a week left for my travel, I have got no response for the team. I would never recommend anyone to use this airline.
"
5,✅ Trip Verified ," Los Angeles to Nadi . Getting from Toronto to LAX was very time consuming and almost resulted in us missing our Fiji Airways flight to Nadi. We were quite upset but the wonderful treatment of the Fiji airways staff alleviated the stress. They were so kind to me and my family and seem very genuine. Coming back from Nadi was a breeze with no delays. Fiji Air had a wide variety of drinks, delicious meals and the IFE was substantial in the range of movies, games and music selections offered. Indeed the level of service, professionalism, and attention to passenger needs was indicative of a 5 star airline. These ticket prices are very, very competitive and they are adding A350s to the LAX route in a few months.
"
6,✅ Trip Verified ," Brisbane to Nadi with Fiji Airways. Hidden fees, expensive, cartoons for entertainment and operated by Miami Air. This was booked as a Qantas flight however this is simply a codeshare so don't expect any decent standards of service. When I arrived at the airport I had to pay extra for a surfboard, Qantas allow surfboards for free. Then got on an old plane for this 3.5 hr flight operated by Miami Air which had one screen every ten rows on which they played a video of Tom and Jerry. They served terrible meals. This was not a budget flight nor was it advertised as a budget airline it was advertised as a Qantas flight. So with the additional surfboard charges it cost $800 for a 3.5 hour flight.
"
7,✅ Trip Verified ," Nadi to Melbourne on one of their Boeing 737-800s. The journey was almost 6 hours and I felt cramped as it is a much smaller aircraft to the A330s they sometimes operate to Sydney and Melbourne. There was no wifi which wasn’t really a significant issue but there were no individual IFE screens, only overheads showing two films of the airline’s choice in intervals of the flight. Cabin service was ok and the meal was dinner, which also wasn’t bad.
"
8,✅ Trip Verified ," Apia, Samoa to San Francisco with Fiji Airways. Seats were ridiculous! There was no room to move at all. Approx 2.5 feet between my own seat back and the seat back in front of me. 11 hours in the middle and I could barely walk. The staff were professional, courteous, and helpful. This was my 3rd time to the South Pacific/Asia and it was the most uncomfortable trip of all. We were simply sardines.
"
9,✅ Trip Verified ," Suva to Nadi. As a frequent flyer with Fiji Link am disappointed with the level of service at Nausori Airport. I was due to fly FJ24 but due to issues with the aircraft they had to downgrade the aircraft to an ATR42 which meant at least 20 pax had to be offloaded. They were seeking volunteers, I happily volunteered. I was given a hotel which was pathetic but that is another story. The next day, I was told my pickup will be at 5.15 from the hotel. 2 taxis came, took other passengers that were assigned to them and left. I was waiting with two other guys, finally a taxi came I asked the driver about my pickup the driver said he was not aware. He called Fiji Airways and spoke to the rep and her reply was ""I don't know about any Avneel or whoever he is"" much to my shock. Mind you the phone was on speaker and I could hear what she said. The two guys offered me a lift, when I got to the airport the rep responsible for arranging taxi started pushing the blame to the manager from last night rather than apologising. When I requested the check-in staff for a window seat she rudely said ""there is only one seat left"". I have always had issues at Nausori, never at Nadi or Labasa or other airports I have traveled with Fj.
"
10,✅ Trip Verified ," Los Angeles to Nadi. Great airline! From the moment I stepped on board to the moment I left the arrival gate I felt safe, secure and well taken care of. The seats were very comfortable and had lots of leg room, the inflight entertainment varied from movies to video games which was very fun, and the inflight food was included in the flights cost and was quite delicious, served at very appropriate times, and the portion was filling. Staff were friendly and attentive!
"
11,✅ Trip Verified ," Labasa to Nadi. Our flight got cancelled on the 5th of Jan from Labasa to Nadi due to bad weather. We made about 30 phone calls to Fiji Link both in Suva and Nadi. Each time a different story was told. Absolutely no help has been provided. We were meant to be back at work today. It's 3 days now. We asked Fiji Link to give us a date when we could travel back to Brisbane so that we can inform work. Fiji link failed to do that as well. No supplimentary flights have been arranged,we have not received a single phone call,text or email to say they are making arrangements to fly us out ASAP. We even went down to the local airport only to find locals travelling out of the Island. How about those who are visitors here and have to return to work and attend to medical appointments?They fail to answer questions and are not supportive at all.
"
12,✅ Trip Verified ," Terrible service. Flights to and from Singapore cancelled with no notice. Worst customer service I’ve ever seen. No care given to the passenger throughout. Cancelled flights at last minute are the normal thing for this airline. Check online to see how many are cancelled. Warning do not fly with Fiji Airways if you want to have a holiday or business trip that is on time. Terrible, terrible service. Worst ever airline. Old planes also.
"
13,✅ Trip Verified ," Had a flight from Singapore to Nadi and 3,5 hrs before departure get an email that there is a delay of 24hrs. Long time on the phone, line was several time interrupted. No offer how to help staying overnight in Singapore or how to help with the cancellation of the non-refundable hotel on Fiji. For problems caused for the customer Fiji Airways does not care.
"
14,✅ Trip Verified ," Nadi to Adelaide. Ground service very good, very fast check in. Business class lounge was new, nicely decorated and well stocked with food/snacks, drinks and newspapers. Only thing: loud music. Flight: a very tired and old plane, seats very uncomfortable for a 6 hours flight. Seat controls did not work properly. Personal space was pretty cramped; sleeping impossible. Blanket an small pillow were provided. No amenity kit. Service was OK, nothing special, the same for food. Very small portions and service was over within les than 1 hour after take-off. We had expected more reading other reviews. That this flight is a direct one is a plus, however for better seats and service I would not mind a stop.
"
15,✅ Trip Verified ," We flew Brisbane to Honolulu return, stopping over in Fiji for a couple of days on both the outbound and return trips, and were quite happy with the service and comfort. The aircraft comprised B737-800 between Brisbane and Nadi and the slightly smaller B737-700 between Nadi and Honolulu. The Brisbane to Nadi flight was almost full, although we were lucky enough to score an empty seat between us. The Nadi-Honolulu flights stopped over briefly in Apia, Samoa on the way over and in Christmas Island, Kiribati on the way back. The Nadi to Apia leg of the outbound flight to Honolulu was totally full as was the Nadi to Brisbane return flight. However, the Apia to Honolulu and Honolulu to Nadi flights were both less than half full, so we had plenty of room to spread out. All flights departed on time and arrived early. There is not much in the way of in-flight entertainment on these older 737s, with their small retractable overhead screens, but apparently, Fiji Airways will soon be taking delivery of the first of their new 737MAX aircraft to be used on these routes, and these planes will have individual TV screens. We found the service to be quite friendly and relaxed and the food and drinks offered were more than adequate. As they say at the end of their safety briefings, welcome to Fiji time! Our only real criticism was a very hard landing in Brisbane at the end of the trip. However, overall we found this to be a very relaxing way of traveling between Brisbane and Honolulu.
"
16,✅ Trip Verified ," We were told there would be a one hour delay for 9 pm departure. At the end of that 1 hour we were told there be another hour delay. At the end of that hour we were told there would be another hour delay because we were changing planes. We received only 1 communication per hour and no explanation until the last announcement. When finally boarding we were told that due to the late nature of our flight that their own booking people would be re-booking all of our connecting flights for us and they would be waiting at the gate in LA with our new flights and boarding passes. That was a lie, it did not happen. All of us ended up having to go through re-booking in LA after exiting customs and security and nobody from Fiji Airways in LA had any idea why we were there. Most of our connecting flights were all missed and we were on our own booking connecting flights with 2 overwhelmed Fiji Air people. At every point where they said they would have things fixed for us, they lied. Their gate staff at Nadi were completely clueless and could not answer any questions!
"
17,✅ Trip Verified ," Hong Kong to Nadi. Basic but good considering that it was not a very long flight. Inflight entertainment was virtually non-existant because of small drop down screens. Cabin service was adequate and the hostesses were cheerful. The flight was smooth
"
18,✅ Trip Verified ," Nadi to Los Angeles. This was my second time flying on Fiji Airways, the first time being a few hours earlier when I flew from Brisbane to Nadi. This was a relatively long flight (nearly 11 hours) so I expected a different level of service and comfort and I was not disappointed. The flight crew, including pilots, were polite, courteous and service oriented. We were greeted with a warm ""Bula"" (hello) and a smile. The staff were great. For business class, I thought the cabin was a bit cramped (2-2-2 configuration) but the seats were comfortable and I was quite comfortable while sleeping. We were given a large pillow, a duvet and a blanket - more than adequate for comfort. I found the food on the flight to be better than average but not outstanding but then again the price point of Fiji Airways is very reasonable and thus this was not unexpected. The amenity kit offered was different in that it featured a hydrating mist in addition to the usual moisturizing cream, ear plus, socks, eye mask, etc. I found that to be a really nice touch and I must say that the scent of the moisturizer was wonderful. When given the chance, I will fly Fiji Airways again.
"
19,✅ Trip Verified ," This was my first trip on Fiji Airways - I was en route to Los Angeles through Nadi from Brisbane. It was on a Boeing 737 which has always been one of my favorite aircraft to fly. The experience was excellent. We were greeted warmly by the crew with a ""Bula"". The cabin crew were courteous, gracious and warm. I noticed that some of the flight attendants took particular time with children. The seats were quite comfortable, thanks in part to the significant amount of pitch and a wonderful foot rest. The food on the flight was tasty and served with courtesy. Each seat was supplied with a large and comfortable pillow as well as a blanket which made the ride more comfortable and made taking a nap quite easy. Departing the plane for my next flight was simplified by the cabin crew's excellent directions and instruction. I will definitely fly Fiji Airways again when there is an opportunity.
"
20,✅ Trip Verified ," Port Vila to Suva via Nadi. Last year, great. This year, completely unreliable, misleading and no customer service. I was off loaded at the airport because the passengers that had checked-in before me had excess baggage and the plane was overweight. They preferred to off load passengers rather than the excess baggage. Months later I tried going again, and I got to my destination but then my return flight was cancelled. I was booked onto the next flight (3 days later) but missed my connecting international flight. Got stuck in Suva for an extra 2 days and was then given the wrong re-booked return flight details (in writing) and missed my unknowingly booked flight, and was then re-booked again on a non-direct flight. No compensation for the additional accommodation expenses was offered when requested. The customer service team then issued me a credit for my flight, but when I tried to use the credit I was then told I didn't have a credit. This was after days of correspondence confirming the contrary - and only written correspondence because their customer service phone number didn't work. My next trip has been cancelled consequently but not in sufficient time to have my accommodation bookings cancelled without charge. All I got from Fiji Airways was a 'sorry, there was a misunderstanding' with no further offer of assistance or attempt to rectify the situation. The 'Manager of Customer Service' was unavailable to make any further complaints to. In flight - the flight attendants are great but the food is a disgrace.
"
21,✅ Trip Verified ," My fiancé and I booked our honeymoon for November in Fiji and Fiji Airways offers direct flight between Hong Kong and Nadi. We have got everything booked (expensive non-refundable resort) and later found out that our return flight had been cancelled. We called customer care to see what they can do to protect us on another flight via Singapore or Melbourne on the same day (because obviously the hotel dates can’t be changed), and asked for compensation such as hotel for overlay due to additional transfer and taxi fee due to late arrival (after 12am) in Hong Kong. The response we got was that it is under their terms and conditions that they can cancel whatever flight they want, and that they won’t be giving us any sort of compensation, and if we are not satisfied then we can cancel our trip. This is probably the worst customer service from an airline I have ever encountered.
"
22,✅ Trip Verified ," Christchurch to Nadi. Fiji Airways are awesome in customer service and I will highly recommend this airline to my friends and family. The staff was awesome in attending passengers requirements and also with the call button service.
"
23,✅ Trip Verified ," I recently travelled San Francisco to Nadi. My meal preference was Muslim meal that was horrible. The meal on our way to Nadi for breakfast was pancakes with cream cheese, and was some sort of chicken tikka, a piece of naan and some rice. The meal on our way back for breakfast was an egg omelet and potatoes. I would suggest to find a new cook, and offer better food for the Muslims. I’m sure I am not the only one who ordered a muslim meal, perhaps the only one who will address this issue!
"
24,✅ Trip Verified ," Auckland to Nadi. Fiji Airways service was excellent and the staff was attending to calls immediately. I would recommend flying with Fiji airways again. Keep it up Fiji Airways.
"
25,✅ Trip Verified ," Great disappointment that ruined my holiday. On the way to Honolulu 8th May there was a 5 hour lay over in Nadi airport. Decided to use the lounge so paid FJD $99 per person totalling FJD $198. They charged us twice. We decided to wait as foreign transaction does take few days to process hoping one of them will be auto cancelled. The two charges have been debited from my bank. Got in touch with Fiji Airways, took a couple of days to get an email saying the refund will be processed. the refund still hasn't come through as of 17th May. Was supposed to be on the flight back to NZ 18th 1am (night of 17th). So booked accommodation checking out 17th so that we could leave luggage in the hotel then go to the airport that night. Got an email, out of blue, on the night of the 16th that our flight was re-booked, leaving 18th 9.30am due to overweight, apparently their company policy is that overweight re schedule is not entitied to accommodation. Now we are spending the day finding accommodation and missing out on our planned tour. Have to pay an additional night accommodation that was not planned thanks to Fiji Airways.
"
26,✅ Trip Verified ," My wife and I flew to Nadi from Adelaide via Melbourne on a Friday night flight (FJ930) and then direct back to Adelaide on Monday with Fiji Airlines (FJ961 booked the codeshare Qantas flight number as I'm a Gold FF) to make it a long weekend. At Melbourne Tullamarine we needed to do a quick baggage check at the gate counter prior to boarding and rather unfortunately my wife hit her head on the counter overhanging ledge as she stood up from getting her passport out of her bag. It was completely no-one's fault but she was clearly a little upset at the shock of the it all. Naturally the staff were concerned on her welfare at the time, but what impressed me greatly was after we boarded, a ground manager came on board the plane asked after her personally, offered us both a bottle of water and moved us to an exit row for greater comfort. A terrific gesture and showed great care and consideration. I found this attitude from everyone at Fiji Airlines, including the tremendous Tabua Club at Nadi airport. which has been stylishly upgraded. Well done Fiji Airways!
"
27,✅ Trip Verified ," Flew Fiji Airways from Brisbane to Los Angeles with a 5 hours stopover in Nadi. Flight to Nadi only had entertainment via a few screens and was rather poor, however service and meals were really good (for an airline). Ended up paying to go into the lounge in Nadi which was worth every cent - highly recommended. Flight from Nadi to Los Angeles was excellent and even managed to get a few extra seats to get some sleep. For the price we paid we were very happy.
"
28,✅ Trip Verified ," Los Angeles to Sydney via Nadi. I loved flying Fiji Airways and I think it is absolutely value for money. At the time I bought my return ticket Sydney - LAX, Fiji Airways was about 30-40% cheaper than its competitors (United, Qantas etc.). Some reviews made me a bit hesitant to fly Fiji Airways, but I am glad that I did! The online check-in was easy and their ground personnel at the baggage drop counter was friendly and helpful. Also the boarding went smooth and all four flights I had departed on time. On one of my flights, just before take-off, a steward came to me and asked me whether I preferred to move to another seat that had an empty seat next to it, because of my height (6 foot 6/1.95 m.). I think this was very kind of him and in general I found the stewards on board very friendly and willing to help. The food and the in-flight entertainment was alright. It may not be as fancy or shiny as the food and entertainment you get at huge airlines like Emirates or Qatar, but for the money it was good value. For the meals you had a vegetarian and non-vegetarian option and the in-flight entertainment was sufficient. (again, Emirates may have a 150 movies to choose from and Fiji only 30, but you can't watch them all anyway) Also the seats were fine and just like any other company (besides maybe the more luxurious A380 seats). I would really like to recommend Fiji Airways to fly with if you want a good value for money. Don't expect too much luxury, but expect very friendly personnel, food, entertainment and seats that do the job and a company that brings you from A to B for 60-70% of the price of their competitors.
"
29,✅ Trip Verified ," Nadi to Auckland. If you are a parent of a child who is not a teenager do not use Fiji Airways. Our flight was delayed (understandable) due to a strike by their ground staff hence we weren’t provided any meals on board. They have a intercom announcement system yet they failed to inform us at the counter, over the system and at the boarding gate that meals won’t be provided and we were allowed to take a meal with us. I have a 1y 4m toddler, she grew hungry within an hour on the flight. An attendee just 2 rows ahead of me ignored me when I first asked for assistance and continued even when another passenger informed him I required help. The second time I reached out an tapped on his shoulder and excused myself asking for just a cup of water to make formula for my crying toddler, who by now was in a full on hunger tantrum. The attendee turned around and told me sternly that I would be attended to by his co-worker. When the second attendee approached me with the meal cart I asked for water and voiced out as to how rude the other attendee was to which she replied “it’s okay, it’s okay”, any parent with a hungry baby would know it’s not okay to see your child in tears. It was so hard to get a cup of water from these people I don’t know what they would do if a more urgent issue arised. My problems could have been taken care of at so many stages of the days events. They could have sent an email out informing us about the strike and that there would be no meals on board, at the check in counter, announced it, at the boarding gate, by the staff. I am a parent, I will always need to know that I can feed my child. If I had known at any of these stages that there weren’t any meals I would have requested to take a bottle of water with me. If you are a parent, my advice to you is to not use this airline or if you really have to then you have to take on the responsibility to keep checking with the staff for any issues which my hinder your journey, cause lord knows they won’t do it!
"
30,✅ Trip Verified ," Sydney to Los Angeles via Nadi. Booked exit seats and paid online, got to counter they had been given away, mind you we were one of the first to book in. After 9 phone calls not understanding the Fijians and 6 weeks later finally got a refund. Food is terrible, seats uncomfortable. Go through all security checks in Sydney bags checked etc etc. Get to Nadi get off a plane and walk straight to security check go through my bag again where they claim you cant have a small roll on Deodorant has to be in a small plastic zip bag. Why is this? I have just carried it off a flight from Sydney its less than 30ml it is unopened. Of course I don't have a zip plastic bag so I have to give it to them they cant tell me why I cant take it. I'm on a 14 hour flight I should be able to stay fresh I have abided by the rules set in Sydney. Walk out and guess what I find in the lounge the same deodorant I asked them do I need to put this is in a bag to take on the plane girl looked at me odd. I would go with you get what you paid for, be prepared for the worse.
"
31,✅ Trip Verified ," Nadi to Los Angeles. We paid for our two adult children to fly at the bulkhead seats and to have bassinets for their babies. When we get to the airport they changed the seats and gave them away both on the inbound and the outbound flights. We tried to work with them and showed them our confirmation of the seats and payment of the extra fee. They said that other people were confirmed and that our seats were only requested, even though we had a confirmation email. When we asked a supervisor they said that it was because there were three younger babies on the flight and they gave the seats to them. When we boarded the plane and saw that those ""babies"" were over 65 years old we knew two things. One, we feel they doublebooked those seats and stole our money and they lied to us about why our seats were given away. Very poor customer service. We have flown with them more than a dozen times and they always seem to change seats either on us or those we fly with. We only find out when we get to the ticket counter. I will not be flying with Fiji Airways again.
"
32,✅ Verified Review ," Los Angeles to Sydney. Terrible customer service. We booked a flight from San Francisco to Sydney via Los Angeles. When we arrived in LA we were transferred straight to our gate to wait for our next flight to Sydney. When it was time to board we were told that Virgin America in San Francisco did not check us in through to Sydney so they could not let us board the flight. When we called the service team they were rude and not helpful. Our only option was to pay a fare difference and change fee of over $1000 to board the flight that was 24 hours away. And even if we wait for this flight we are not confirmed and may not be able to board. We called multiple times to try to work out what was going on with Fiji Airways service team and no one was able to help. I would not recommend flying with this airline as it was definitely not worth the hassle considering we had to book a new ticket with another airline as it was cheaper than paying the many fees Fiji Airways wanted to charge.
"
33,✅ Verified Review ," Nadi to San Francisco. On the check-in counter for my return flight, they inform me there is a problem with my ticket and they must change first for second name with the cost of 50$ . The guy at the Nadi check in counter blames me for buying on line (easyest and almost only way to buy it in Spain) with a terrible attitude (this was the first and only bad attitude I had in Fiji) says take it or cancel and stay here. Really bad to have nasty people solving passengers problems.
"
34,✅ Verified Review ," Nadi to Auckland on July 3rd. It was my first time to fly with Fiji Airways. The check-in in Nadi was fast. The staff did Fijian welcome and said ""Bula"" to every passenger. The aircraft was Boeing 737-800. The seat was comfortable and had enough leg room. The meal onboard was good.
"
35,✅ Verified Review ," Nadi to Auckland. I like the level of comfort in the aircraft and also I am very happy with the cabin crew.They way they serve their customer is fantastic and the way the cabin crew looks after the passengers in the cabin was good. I really love the Fijian welcome as you enter the main door of the cabin. I highly recommend this airline.
"
36,✅ Verified Review ," Wellington to Nadi. The check-in in Wellington was fast and good. Boarding process chaotic. The seat was ok, but not much to do, only an airline magazine. Food was really good for this short flight. Fiji Airways forgot my luggage in Wellington, but after three days (and a bad facebook review) they brought the luggage to me. Fiji Airways only paid 100 Fiji Dollars. To get this money you have to walk through the departure terminal building, go one floor upstairs and look for the refund office.
"
37,✅ Verified Review ," Nadi to Singapore. This is my first long haul flight with Fiji Airways. The boarding process was smooth with the ground staff were calling for business class as the rest had already almost blocked the boarding lane. A warm Fijian welcome was waiting for us with drinks etc. The seat arrangements was 2-2-2 with a semi flat bed. The pillow was hard and the leather seat was fine. As I was seated in the front I had sufficient leg space. As it was a very full flight there were some passengers who were upgraded to business class. The crew were attentive and asking frequently the passengers on whether they need drinks etc, I did not eat on this overnight flight. However my bag was the last to arrive on the baggage claim with sand and my black bag looked brown.
"
38,✅ Verified Review ," I made a booking with Fiji Airways online service on Tuesday 7/3 for my mum to travel from Fiji to Adelaide in April. Unfortunately I did a typing error in spelling my mums family name. I typed 's' instead of an 'a'. I called Fiji airways customer service on Thursday to get my error corrected. I was told they had to get approval from their coordinator and it would take 24hrs. 5 days and 120hrs later I call customer service only to be told they can only change the name on their flight. And because there was a connecting flight through Jetstar airways I had to call them myself and get the name change done. I just can't understand why provide a service when you can't deal with simple issues as such. Customer service is so pathetic am still waiting for a call back. Surprisingly their email system gets down as well so things cannot happen. Just warning other customers please triple check your booking as if things go wrong Fiji airways isn't going to help you at all. I feel embarrassed to write this review for my very own national carrier.
"
39,✅ Verified Review ," Nadi to Singapore with Fiji Airways. Excellent airline: aircraft very clean, staff very friendly, efficient and helpful, on time. It's the exoticism and friendliness of the Fijian population coupled with high quality standards. The direct flight from Singapore to Fiji/Nadi is making the trip easy. All this is definitely an incentive to go to Fiji again soon.
"
40,✅ Verified Review ," Singapore to Auckland via Nadi. Our flight from Singapore at 1055 was rescheduled to 1400 but we were not informed. We arrived at the airport at 0930 and found out the new timing, only to wait there for 5 hours. The flight from Nadi to Auckland delayed also from 0945 to 1300. Nadi airport was very basic and noisy. It was terrible to spend 8 hours there although we were given food coupon. Because of the delay, we collected our rental car after 6pm so we had to pay late charge of NZD 60. Fiji Airways didn't want to refund us and just offered discount for the next ticket which I was not interested in. Fiji Airways customer service is the worst I've ever seen. The positive side is the aircraft looks new and very clean.
"
41,✅ Verified Review ," Sydney to Los Angeles via Nadi. Flight was delayed due to a problem with aircraft. They compensated on the stopover by putting us up in a nice hotel, room service meals included. The flight from Nadi to Los Angeles was the best ever, I was asked if I wanted a 4 seat row to myself when I already had a 3 seat to myself. Best sleep ever on a plane. Very happy with the level of service!
"
42,✅ Verified Review ," Not perfect but better than expected. Having flown quite a bit around the Pacific, most of which does not warrant a good rating, I was pleasantly surprised by the latest offering from Fiji Airways. The plane was newish, the flight crew were friendly and the seat, for a relatively short haul international flight, was pretty much as good as you get (lay flat, power and widgets etc.). The IES was a tad lacking but this is only a one film flight so there was just about enough. And by the time you read this most of the renovations at Nadi airport should have been completed so you wont have to experience the rather dismal business class lounge. Going the right way.
"
43,✅ Verified Review ," Nadi to Los Angeles. The onboard crew need to be more efficient to customers. Waiting 15 mins to get a glass of water is ridiculous. The special meal request was accepted by the airline but no special meal was offered, when asked I was told they don't have my request. I will avoid using Fiji Airways, not worth it for such a long flight.
"
44,✅ Verified Review ," Los Angeles to Nadi. There is still a lot of work to be done by this airline, but don't get me wrong it is my favorite airline and will always be my choice of airline. I am still disappointed with the inconsistency of service, and on this flight some cabin crew just do not live up to the mark. When boarding started one of the cabin crew was standing at the entrance barking at passengers to have their boarding pass ready to show, the other cabin crew welcomed everyone on board with a smile. During the flight the same cabin crew woke me up rudely to serve my dinner. I asked for a vegetarian meal on this flight from Los Angeles which was just steamed veggies with rice. Apart from two crew, all the rest were wonderful, smiling and making their rounds of the cabin. The ground staff at LA were more friendly and efficient compared to the staff at Nadi.
"
45,✅ Verified Review ," Nadi to Los Angeles. I checked in on-line and it was super easy, the flight was only 3/4 full and the seat next to me was empty for this 11-hour flight. I get to the airport for baggage drop - I don't see the purpose of having that because the girl serving the counter was really slow, the business class line had been cleared and I dropped my bags there, and by the time I was done the girl at the baggage drop was still serving the same people as she was when I came in. The flight was delayed in boarding because their system was out, they then did boarding manually, but even then we managed to pick up speed and arrived on time. The cabin crew were once again the highlight of the experience, super-friendly, always smiling and making rounds of the cabin with drinks and water. Quite frankly the only reason I fly Fiji Airways is for the cabin crew, the ground staff have a lot to learn from them. The deboarding was delayed because there were issues with the aerobridge.
"
46,✅ Verified Review ," On the outward leg to Fiji we had selected our seats over 4 months prior, and the selected seats were confirmed during online checkin, and again when we did the bag drop on date of travel. When we reached the boarding gate we were advised that due to safety reasons and load balancing we had been re-allocated seats from row 16 to row 36. It transpires that someone else was allocated our original seats, making a joke of the reason given. The website suggests that inflight entertainment offers a range of movies and other media, but in reality economy passengers get to watch a movie on overhead screens serving two rows of seats. So 70's style entertainment. If you want a wine with your meal, you have to pay for it, as your choices are juice, coffee or water. For a front line airline, they act more like a budget airline.
"
47,✅ Verified Review ," Nadi to Suva. I fly domestically a lot and don't usually feel the need to post reviews, but I just had to with this one. So when I got to the airport I saw a lady dressed in Fiji Link's cabin crew uniform. At first thought, I said to myself ""How could she be a cabin crew, and what could she possibly have to offer"" but I was wrong. I was seated in Row 1 which means I board first and from the first to the last passenger, she did a head count and found 10 passengers to be missing, now here is where she won me. She went out, leaving the Junior Cabin Crew on board with the passengers, and looked for the 10 passengers who were still clearing immigration after arriving late from LAX. First and foremost, it was a very rare sighting, I have never seen a flight attendant go out of his/her way to look for passengers so they don't miss their flight. I was a little annoyed with the 30 minutes delay, but the way she handled it was marvelous, once she came in and closed the doors and went over the PA ""Ladies and gentleman I sincerely thank you for your patience"" yes that's right she thanked us, instead of generically apologising, at that moment all my annoyance was gone. . Even while disembarking she treated everyone with respect.
"
48,✅ Verified Review ," Sydney to Nadi and return with Fiji Airways. We traveled with 3 adults and 3 kids. I thought the service standards were very good. They were a little disorganized around boarding but the experience was otherwise great. The staff were friendly. We got the larger A330 over which was better than the B737-800 that we came back on due to the back of seat entertainment in the Airbus.
"
49,✅ Verified Review ," On June 24th I was booked on the first flight from Nadi to Labasa via Nausori international airport. The check in was supposed to open at 4.30am, we get to the airport around 4.45am and no one shows up till 5am for a flight that was scheduled to leave at 6.00am. Once at the check-in, instead of checking us right through to Labasa the agent only checked us to Suva's airport only. Upon insisting that we only have a 30 minute transit time which contradicts with their check-in policy which states check-in closes 30 minutes prior departure. The same plane from Nadi to Suva goes from Suva to Labasa. On asking for a reason she said ""oh don't worry you have ample time"" so I chose not to argue any further. Fast forward to Nausori, once we get there we collect our bags with 15 minutes to departure and boarding call made. Once we get to the Nausori the staff were unhelpful and said ""the flight is full go on the 10am one"" I obviously said ""you can't tell me that because we are booked on that flight and our seat should be there"". The supervisor was unhelpful, and she walked inside and came out after 10 minutes and then checked us for the flight. This caused a delay of 20 minutes of the next flight. Upon complaining to the airline they took so much time in responding I chose to go and confront the check in agent myself and she was giving me lame excuses. The only reason this airline is getting even a 5 from is because the inflight staff were very friendly, and the check-in agents on my return were helpful and friendly. The flight attendant on the return leg from Suva to Nadi is the best FA I have ever come across.
"
50,✅ Verified Review ," Singapore to Nadi with Fiji Airways. Service excellent and cabin crew were friendly, attentive and approachable. They ensured customers feel at home. During the flight numerous checks, offering water / juice to passengers. Seats were comfortable. Ample legroom for a 5'9 guy. Inflight entertainment would be my only gripe. I exhausted the list of movies pretty quickly during my flight. Food is comprehensive and sufficient. Wide selection (3 choices) and they were tasty.
"
51,✅ Verified Review ," Absolutely disgraceful experience. We were travelling Fiji Airways from Nadi to Sydney at the end of our holiday and waited two hours, we reach the front of the line (people still checking in adjacent counters), and get told after a bit of back and forth that the aircraft is overbooked! So they attempt to free seats by upgrading other passengers and after a bit more magic - zero seats on the plane. Their excuse? ""Sorry, we thought people wouldn't show up."" Seriously? The next flight wasn't for another 10 hours, naturally at this point we're a little annoyed (as well as probably another ten passengers who had the similar misfortune.). But, they say they'll give us a hotel and lunch to compensate. They just need 'twenty minutes' to sort it out. Three hours later (with near zero communication) and with no small part of hassling from our part, we finally get a shuttle to the hotel. I'm still not convinced that anything would've happened if we didn't keep asking them every 30 minutes. The only other passengers who came with us were the two who kept asking - I don't know if the other six got any sort of accommodation or food to compensate. When we came back for our priority check in flight - we saw another eight or so people getting the same story we got told ""We've overbooked, sorry. We didn't think people would show up"". I wouldn't recommend this airline to anyone. The service was poor, and you have to hassle them to get anything done. The inflight food was poor, and inflight entertainment was non-existent. The whole experience just about soured our holiday.
"
52,✅ Verified Review ," It has been a long while that I have used Fiji Airways domestic service. From my previous experiences though it has been not so pleasant due to the delays. This time around though, the flight was on time, the check in was very efficient - be warned though that sometimes the flight may leave earlier. At the time of buying the ticket for Flight FJ7 I was told the flight will depart Nadi at 6.45am, but at the airport the same flight was scheduled for 6.30am. The product has improved as well, for a 20 minutes flight obviously you can not expect food, but you get a bottle of water, newspaper and refresher towels which I guess is reasonable. The legroom on the ATR is surprisingly good, I am over 6feet tall and it still had some space to spare.
"
53,✅ Verified Review ," Checked in at Nadi Airport, waited for flight, through boarding gate and heard a beep sound. Offered an Upgrade into Business Class, so why not accept it. Pleasant surprise. Very comfortable seating, very friendly and outgoing cabin crew. Preflight drinks, and more than one were offered, personal introduction by cabin attendant and set for takeoff. Superb inflight service, breakfast was great, not like some airlines where breakfast is inedible. In flight entertainment system had plenty of choices. Seat turned into angled flat bed, very comfortable, even with my height. Overall, an exceptional flight, service and offerings on Fiji Airways and very very happy with the product.
"
54,✅ Verified Review ," Auckland to Nadi return with Fiji Airways. Check in at Auckland Airport was efficient and friendly. Allocated seat in economy cabin was fine and ample leg space to boot. First impression of cabin crew were that they were tired, but they still smiled away and undertook their duties as and when required. Lunch service was prompt, drinks service also prompt, even a second round offered to this pax. Cannot understand why the lunch trays could only be collected so late in the flight, seems to be the norm on Fiji Airways, serve the meal and drinks and then leave it for some time to come back and take the trays away. For a short 3 hour flight, really quite satisfied with the price we paid, the service offered and comfort level of seating. Flight was full. not am empty seat in sight, so they must be doing something right, despite negative comments from previous reviewers.
"
