,Status,Comment
0,✅ Trip Verified ," Tehran to Hamburg. Iran Air is one of the worst airlines in the world. Crew behave badly to passengers and don't respect passengers, food was awful, delay for flight was eternal in this airline. I don't suggest this airline at all. After 8 hours delayed without any food, without any apology, waiting at transit is not acceptable at all. I never fly this airline again.
"
1,✅ Verified Review ," Flew Stockholm to Tehran with Iran Air. I had good flight with the new fleet of this airline, 20 minute delay but the cabin was new and clean with good seat distance and very tasty food. Iranian film and music and route information was provided. I recommend flying with Iran Air on international routes because of the nice cabin and good meals for the value of money.
"
2,✅ Verified Review ," A wonderful flight from Tehran to Paris with new A330 that was very modern. Good entertainment system but only a small number of film and music choices, but a very good flight map. The aircraft was very clean. Two meals were served, first a very good breakfast and a snack later.
"
3,✅ Verified Review ," I had a pleasant experience on my Teheran Mehrabad to Shiraz flight. It was a little bumpy due to weather but a delicious packed snack and drink were served for the short flight. All the crew were very friendly and are a credit to their airline. The A320 (EP-IEG) was clean with a decent seat pitch for my 6 foot frame and I was given a row of seats to myself. All in all, a very nice company who charged a very reasonable $53 for my one way ticket. I wish Iran Air the very best with each new addition to their expanding fleet and this won't be the last time I fly Iran Air.
"
4,✅ Verified Review ," I had a flight from Tehran to London on 5th May 2016 in economy class. My baggage allowance was 40 kg according to my ticket. I did not have any cabin bag. My baggage altogether was 42 kg. One of the Iran Air staff members at Tehran Airport asked me to remove the extra 2 kg from my baggage as I was only allowed the 40kg allowance. I explained that I did not have any cabin baggage, she was rude and asked me to remove this extra baggage, pay or cancel your flight. I asked for her manager who came and gave permission for my 42 kg baggage and to continue onto my flight. I always fly with Iran Air, this was the worst experience I have had.
"
