,Status,Comment
0,✅ Trip Verified ," I was travelling from Heathrow to Dhaka via Dubai. The flight from Heathrow to Dubai was awesome. When I was boarding from Dubai they weighed my hand luggage again and asked to pay for my Duty-free shopping which is 4 kilos. I said this is my sweater and chocolate which I bought duty-free. They said we can consider 1-kilo rest you have to pay for it otherwise you can return your duty-free shopping. Moreover, you have only 15 minutes on your hand. If you can’t come back you will miss your flight. I tried to explain, I’m from London and always fly on Emirates it’s only 4 kg extra which is duty-free. I already weighed from London. Then they became so rude and gave me options pay for 3 Kg or throw away your products. I paid AES 240 which is around £50. Their bad customer service is enough to spoil a holiday.
"
1,Not Verified ," Dubai to Delhi. I loved going on Emirates with my family. The food was good, and so were the kid's meals. The kids got toys. The entertainment was great. The only thing was that I couldn't sleep and I wasn't very comfortable.
"
2,Not Verified ," Denpasar to Auckland. Happy with outward bound flight, but return flight was a bit different. Service and food went from great to terrible. At least they got us home safely and thats the most important thing.
"
3,Not Verified ," Dubai to Milan. Emirates normally provides excellent service, yet one weak link staff member could damage the airline’s image. Although, gold customers, we entered, from the business lounge to upper deck holding economy tickets, owing to Gate boarding directions. The boarding staff was unwelcoming, rude and arrogant, over what he wrongly perceived was our error, not Emirates’ operations. Worse still. Indicating clear distress, from my recent spine injection, he said “that doesn’t matter”. Leaving me to carry me, with no assistance from aircraft staff, to change levels. Once seated, we could hear the clunks from others changing levels, so we were not alone. My wife and I were considering upgrading at the service desk. It was unattended and the flight was late and no alternative access appeared to an economy gate was closed or not properly indicated. Miserable staff member, this flight only.
"
4,✅ Trip Verified ," London to Singapore via Dubai. I’ve flown most major airlines and Emirates wins hand down. I’ve flown with them on business and first and the service is incredible. The crew look after you and go above and beyond. Special thanks to air hostess Alix, so attentive and professional. Cabin was spotless and very comfortable. Fantastic work Emirates keep it up.
"
5,✅ Trip Verified ," Newark to Kolkata via Athens and Dubai. During the flight from Athens to the Kolkata Emirates damaged my suitcase. Right when I collected my suitcase from the airport baggage collection conveyor I noticed this and brought to the attention to Emirates staff. I had to wait approximately 90 min for someone from Emirates to fill out appropriate forms, copy my boarding pass and passport. Then Emirates told me that someone will get back to me within 24 hours. They called me after 3 days and asked for the receipt of the bag. I emailed them the receipt promptly the same day. Then Emirates staff said, Emirates will process my request and will contact me after a few days. Then after a couple of weeks, they contacted and asked to get back the damaged bag in order to send me the compensation. I was away from Kolkata and told them that I am away from Kolkata and it will be tough for me to go to Kolkata airport to give the bag, what if they collect it from me after I go back to the USA. They said okay. After coming back I contacted Emirates via phone and the customer service responded with the utmost courtesy and apologized every time for the delay and promised that someone will get back to me within 24 hours. Emirates never got back to me. I wrote several emails to emirates customer service with incident # and reference #, not a single response I ever received. It is a nightmare. Just a terrible service.
"
6,✅ Trip Verified ," Kathmandu to Gatwick via Dubai. Emirates are mis selling these flights. The Kathmandu to Dubai leg is with FlyDubai, their budget airline. No mention is made of this when booking the tickets. The flight between Dubai and Gatwick was great as you would expect and the FlyDubai was fine for a budget airline BUT I didnt realise I was booking a budget airline. It's in a totally different terminal with minimal facilities and you need to allow 1 hour to transfer. If I was only travelling between Dubai and Kathmandu fine but I had a 5 hour wait in a sparse terminal after an overnight flight. Then was on a budget flight, no offer of even water until we were 1 hour into the flight. No problem with budget airlines if its what I choose but I and everyone I spoke to about the second flight felt we'd been tricked by Emirates.
"
7,✅ Trip Verified ," Newark to Athens. This has been my worst flying experience. I received an email to check into my flight from Newark to Athens, which I did hours before my flight. Due to a glitch in the system, the app failed to provide me with a digital boarding pass but confirmed that I was checked in. I figured that I would print my boarding pass when I got to the airport so I didn’t worry too much about it. Upon reaching the airport I go to the clerk to print my boarding pass and she tells me that I am not checked in. I show her the confirmation in my phone from their app confirming that I am checked in and for whatever reason she cannot seem to find me in their system. So I ask her where's the kiosk so that I can quickly check myself and come to find out, Newark airport has no Emirates kiosk and the lines are flooded with passengers? I tried my hardest to inform the Emirates representative at the desk that I was indeed checked in but she informs me that because she doesn’t see me in their system I cannot board the plane. So I pleaded with the woman to tell me what I needed to do to get checked in and she told me that the only way to check in is to do it through their app. I asked if I could speak to a manager or call Emirates, and the rep tells me that there is no time because the plane is about to take off. So even though I arrived in time for my flight, I was now late for my flight, and I was unable to board. I call Emirates and I was informed that I would have to purchase new tickets or just pay a no show fee which is $400 per person plus additional fees. Which came out to $850 per person. Which actually added up to just purchasing new tickets. The thing is I not only had more than one hotel booked but I also had a connecting flight that I would also inevitably miss a well as other arrangements so I lost time, money, and had to spend more money to purchase two new tickets, also two more plane tickets when i reached Athens to finish my travel. At this point I'm infuriated and disgusted because I do not live by Newark airport, I live 1hr and 20 mins away, so not only did I miss my flights including a whole nights stay at some of my hotels, and my flight from Athens, I was stranded at this airport.
"
8,✅ Trip Verified ," Sydney to Rome via Dubai. The services on the flight were beyond disappointing. I was recommended Emirates by friends and colleagues, as the best business class from Sydney to Europe. I was beyond disappointed when returning. Having flown to Europe business class for work and leisure with Singapore Airlines, Qantas and Etihad, and having flown business class to other locations on Hawaiian and Latam, I was very surprised to be so dissatisfied with the service and quality I received from Emirates, having been recommended by many colleagues and friends. I was disappointed to discover that the 14-hour flight from Dubai to Sydney did not have a lie flat bed (nor did Rome to Dubai, however, this was only 5 hours). More importantly, the service was appalling. My salad was rotting (attached photo) and my entrée was still frozen (attached photo). My TV repeatedly broke down during the flight (attached photo). The flight was largely full, so we could not be moved to another two seats seated close to one another. After raising this and the other issues with the crew, she became quite rude. Beyond our experience on the flight, upon boarding the flight at Dubai we were delayed as a result of the poor organisation at the airport for the duty-free items we had purchased in Rome. We had to provide these to be boxed and sealed, which was not the issue. The person who was doing this task, kept our boarding passes for the purposes of printing the tags to put on the boxes. However, we saw people who arrived after us, receive their boarding passes and board the flight before us, notwithstanding repeatedly asking for the gentleman to return our boarding passes to us so that we could board. Eventually, we were able to board, but only after first and business class had boarded and about half of the economy cabin. Finally, we did not receive any form of confirmation regarding our chauffeur from Sydney Airport to our home address, adding further to our stress as we were required to chase this to make sure it had been arranged. Having flown business class with various carriers, I was not impressed at all by the return flight to Sydney on Emirates in comparison. Business is not just about extra space, but about the extra service. The extra space was far from what is equivalently offered by other airlines, given the absence of a lie flatbed. Adding to that the poor service, I did not receive the benefits expected of business class, but instead economy. Since then, I have tried to liaise with Emirates to resolve the issue. After an offer of points which wouldn't even be enough for a single short-haul domestic flight, they informed me that they had made their 'final offer' and closed off correspondence. I would strongly recommend flying anything other than Emirates. Their service is terrible, before, during and after the flight and falls short of what is comparably offered.
"
9,Not Verified ," New York to Hydrabad via Dubai. I had 2 hrs layover in Dubai so I brought some duty free items and filled my carry-on. On boarding flight staff weighed my bag that was 7.49 kg. They tried to charge for that. I removed all duty free items and again told to weigh. It came across 5 kg. So they made me to carry both 5+2 kg separately. What is the meaning of buying duty free items if they try to charge passengers like this.
"
10,Not Verified ," Dubai to Heathrow. I would like to thank the pilot, co pilot and all the cabin crew on board flight EK005 on 29/10/2019. They were extremely professional in their duties, polite and very welcoming. I was very impressed by your kindness to a passenger with a medical issue who you relocated to the cabin crew seats behind me. I will definitely choose Emirates next year. Thank you for a pleasant flight.
"
11,✅ Trip Verified ," Denpasar to Riyadh via Dubai. Beware of the Business Class Special as it restricts seat selection. It also doesn’t permit the Lounge access.
"
12,✅ Trip Verified ," Manila to London via Dubai. I travelled on 21st October and I would like to make a special mention of cabin crew, Nadine who provided fantastic service on the flight from Manila to Dubai. I have never experienced such service in the past although the cabin crew are generally very good when I have flown with Emirates. Thanks Nadine for a truly wonderful flight
"
13,Not Verified ," Riyadh to Manila via Dubai. There was no priority boarding for families at Riyadh Airport, I was traveling with my husband and my 2 year old daughter. I always fly with Emirates because of their perks and benefits for families and children but I was a little dismayed that on our flight from Dubai to Manila, they did not give any toys and blankets for my daughter as they always do. The food was also a downside.
"
14,✅ Trip Verified ," On September 30th we had a flight from Toronto to Dubai, flight EK242. We are very grateful to the crew of business class for their amazing service. I had a birthday that night and the crew made it really memorable with treats, flowers and even Polaroid pictures! We also wanted to say a special thank you to the bartender, he has a great personality and is very professional.
"
15,Not Verified ," London to Dammam via Dubai. I am a regular traveler with Emirates due to business, I have noticed a decline in cabin standards over the past year. On this particular trip I requested Lactose free meal, the cabin crew gave me a meal that did not have my seat number. I advised what I had requested and was told you can eat it as it is just a sandwich, when I inquired what was in it they did not know.
"
16,Not Verified ," Pathetic airlines from Seattle. Worst experience with hidden terms and conditions. No carry bag facility. For Seattle to Mumbai, I would prefer KLM delta or Singapore Airlines as they don’t have hidden terms and conditions and their services are the best.
"
17,Not Verified ," Birmingham to Dubai. We were supposed to fly on the 17th May. Unfortunately the flight was delayed by 5 hours, we arrived at the airport in plenty of time but upon arrival we were told that we couldn’t fly as security had gone home. We eventually flew 24 hours later, at check in we were given a form advising we could claim 600 euros per passenger for the delay. When we arrived back I have raised a complaint with Emirates who won’t pay the 600 euros. I spoke to a flight claims company who advised we should be paid this money and are willing to take on the claim for half of the compensation. Emirates customer care doesn’t reply to emails and you can’t speak to any on the phone.
"
18,✅ Trip Verified ," Flew Dubai to Manchester 19/10/2019 on an A380. Having travelled with Emirates in the past I paid the holiday company a premium to travel with them again. I wish I had never bothered. The service was a farce. The cabin staff were like headless chickens. It was as if they had never set foot in an airplane before. They appeared poorly trained and badly managed.
"
19,Not Verified ," Dubai to London. Lucky to have three seats to myself so made up a bed. Popped a sleeping pill an hour after take-off and after a snack was served. 2 hours later cabin staff kept pushing me to wake up as it was main meal time. I resent being woken up for a dinner. If I miss dinner it's my fault not the cabin crews fault. Earth to Emirates cabin crew: Don't wake sleeping passengers.
"
20,✅ Trip Verified ," Islamabad to Newark via Dubai. I flew on Emirates in May 2019 and had a terrible experience especially their ground staff is discourteous to me. There was a stopover in Athens on Flight from Dubai to Newark and it was unpleasant. Any directions or help during this transit were non-existing and you'd need to go through at least 4 through security and immigration. I have flown Qatar Airways quite a bit and it is much much better than Emirates. It doesn't matter if you have new jets or terminals - if your staff is rude, it will lead to an awful flying experience. I took Emirates because it flies directly to EWR so you could avoid landing in JFK, but most likely I would prefer Qatar for my upcoming next trip.
"
21,✅ Trip Verified ," Melbourne to Amsterdam via Dubai. Disappointed with the experience in general. I have flown with Emirates since the last 15 years & was easy to see how the service has gone downhill. The cabin crew (with an exception of a few) didn't seem interested in their job, no sign of any courtesy what so ever. I felt as if they are doing us a favour letting us fly on their airline, sorry but we paid for our seats, it wasn't a free ride. On a specific incident, during food service from Dubai to Amsterdam, noticed that the cabin crew ran out of lunch options from the two sets ahead of me, which is understandable. However the cabin crew still kept asking the following passengers including myself what would we like to have only to bluntly respond back that they have run out of options. Just couldn’t understand why was she asking what we passengers would like to have when she did not have any option in the first place? This was repeated over and over again finally asking the two passengers next to me. When I questioned her about this, she had no answer, soon after I could clearly see her behaviour towards me was immediately inhospitable, she even walked passed me without asking if I needed to have a tea or coffee. I didn’t care about the tea or coffee, but guess what it did leave me with a bad taste for the airline, besides I do get to have the last say by inputting a poor score on the infotainment screen at the end of the flight, which I did. Cabin crew of airlines thank or greet their passengers while disembarking, however noticed that some of the cabin crew in Emirates didn’t seem to bother. On a positive note, the ground staff are great & at least courteous, something that is missing once you get on flight. Emirates seriously need to re-train cabin crew to at least put on a pleasant look on their face, let alone a smile, most of the crew look grumpy & unhappy with the job they are doing.
"
22,✅ Trip Verified ," Bangkok to Manchester via Dubai. I bought a ticket online through a third party agent and it was not until we had paid and received our eticket that we found out the agent jad booked a Special Business Class ticket, with several restrictions. No lounge. No air miles. No fast track. No pick up. No seat reservation until 48 hours before flight. Very unhappy. No way would we have purchased this ticket. Outward flights first leg A380 crew were so busy. Meal overcooked. Second leg A330 with excellent crew. Could not fault. Return flights BKK to Dubai on an A380 with good crew. Dubai to Manchester A38 was horrendous. Children in Business class and screaming baby for virtually all 7 hours. It is wrong that young children should be allowed in this cabin. It was like a nursery. The crew apologised but it was not their fault. Drinks service was good but the food was average. We will never fly with Emirates again.
"
23,✅ Trip Verified ," Frankfurt to Singapore via Dubai. Avoid this airline at all cost. I was at Frankfurt airport trying to catch my flight to Singapore. At the gate, the ground staff were threatening to pull me off the flight if I don't comply with their 7-kg cabin luggage limit. I am totally fine with this as it has been enforced by many airlines. However, I have never come across such rude and hostile ground staff who have nothing to say but threats. They tried to play police and treat their customers like criminals. Customer service is simply non-existent. They rushed me to clear my bag or they were going to take me off the flight. Their hostile words were uncalled for and they kept telling me the gate was going to close, as if they were so hard-up on my money since every extra kg is 39 euro. I didn't want to argue with them as I know it was not the resolution. In the end, I paid over 100 euro as I wouldn't want to speak any further with them, and just wanted to get home. It was the worst experience I ever had with an airlines. Emirates, you just lost another favourable customer.
"
24,Not Verified ," Newark to Athens. It was my first round trip on Sep.18.2019 and Oct.11 2019 with Emirates! And also my last! Never again! The seats are so tight that you do not know in the middle where you should leave your arms! Like animals in transport, you sit! You can not eat either! Which is not so bad, the food was a catastrophe! Barbecue Chicken should this be, I do not know what it was! The air conditioning did not work on the way to Athens! It was very hot! My blood pressure went up and I felt very bad! On the small seat, you could not sleep! Very uncomfortable! It was a very old plane! I thought it was a rich airline, now I know better! On the way back from Athens to Newark USA (a 10-hour flight) again an old plane. I feel the metal from the seat! I still have pain today! Next year I will fly again with Lufthansa!
"
25,✅ Trip Verified ," Brisbane to Istanbul via Dubai. I fly to Europe every year with either Qantas or Singapore airlines and never been disappointed by either. This time I decided to fly with Emirates, the crew were rude, food was disgusting, I ordered vegetarian meals thinking I’ll get vegetables (watery puréed green stuff and cold dry rice). I couldn’t eat anything. I was traveling with my sister and on the way back from Istanbul to Dubai we were seated with a man who was obese and taking half of my seat as well as his, when I asked for the crew to either change his seat to sit him with a guy or change mine, they refused to do anything about it. Boarding was a nightmare, they have the worst system ever, delayed flights, just a nightmarish experience.
"
26,✅ Trip Verified ," Athens to Tokyo via Dubai with Emirates. The seats were pretty comfortable and with enough space between them even when one was leaning back. Cabin crew, lighting, entertainment, food, temperature were all excellent.
"
27,✅ Trip Verified ," Male to London via Dubai. What a shambles of a company. Paid for Extra Legroom for two seats on an exit row on an A380 and you would have thought the exit seats would do the job. However, the Bulkhead door on the A380 sticks out so far that the seat next to it has less legroom than a standard seat, yet i paid £80 for the privilege. Upon noticing this, we notified one of the stewards and even asked if we could pay for an upgrade to business class, to which he replied ""No"". We escalated the complaint to his manager on board the flight who took my email address and assured me of a refund on this particular seat. I have heard nothing back from this Steward's manager and had to submit my own claim, only for it to be denied. I have also attached photos of the bin liners of used head cushions that they had left in front of the exit for an hour before touchdown!
"
28,Not Verified ," Had a disastrous experience with Emirates recently. I was supposed to fly from New Dehli to Dubai on a direct flight taking off at 9:50 pm. When we just arrived at the airport with my colleague we learned already that the flight would be delayed and ETA planned at 00:00. Just 15 min before the planned new departure, still no news. I had to go and try to get some info to be informed by chance that the flight has to land in Lucknow - 40 min away from Dehli for weather conditions. But a few more minutes to refuel and the flight would bridge at Dehli. Planned new departure: 1:40am. We then learned around 1:20 am that the flight would be delayed until 7:30 PM.with no further explanations. The whole crowd started to get mad, complaining vocally to the staff who had no explanation to give. I learned by chance again afterwards that the flying staff was on too many extra hours and had to rest before re-flying. Emirates did not anticipate this obvious issue that made the flight to Dubai impossible for a long time. After more than 1 hour of complaining and shouting, and no answers from the staff, a passenger took the lead and had to inform everyone that anyway our only solution would be to collect back our luggage and try to find an alternative flight if any. I decided to call Emirates who booked me on the 11 am flight as the 4:14 am flights with all the mess around would not be catchable for any of us despite the fact that 26 seats were still available due to the boarding pass issue. It took us another hour to go through the passport control back in a chaotic situation and finally get our luggage back. Emirates claimed that they would offer us a hotel and breakfast. But getting out of the airport we discovered that the 360 passengers we waiting on a parking lot for buses to come to drive us 40 min away from the airport. It would take 2 hours to get our room and it was already 4:30 am. We decided to avoid the mess and stay at the airport with no sleep and not even a single bottle of water given by Emirates. At 7 am when we checked in again and complained about our dreadful experience, the staff claimed that it was well managed, Emirates offering us a hotel room and a breakfast. It drove me mad and I asked to talk to the most Senior Emirates staff member at the airport. I could not talk to him as he was busy in a meeting, not even considering the fair complaint of an angry customer. He just did not care! I am flying 100 days a year for the last 15 years and it is the most painful experience I had so far. Not only the situation was tough but the staff was totally incapable to inform us of anything, letting us wait for hours for nothing and only the buzz around informed us. Then the situation was managed in hours in a totally disorganized and disrespectful manner. Please all run away from this company.
"
29,✅ Trip Verified ," Birmingham to Delhi via Dubai. The quality of Emirates has plummeted. From poor movie and entertainment choices, to screens not working, it was disappointing. The chair directly in front of me had a broken mechanism so it kept lurching backwards throughout the flight - even during take off. What is by far the worst for me (and has been discussed by friends who have recently flown economy Emirates) is the lack of drinks. They seem to have removed the bar service, except the limited drinks served with meals. So, I calculated we spent 5 hours without drink when you calculate our 2 hour stop over (where we were battling previous delay so no time got airport drinks), to be sitting in an aircraft got almost 2 hours before drinks became available. It was uncomfortable and poor service. Eventually I went to find the drinks myself - and was offered the standard small sealed cup! Shocking to think such inconsiderate service is part of Emirates - made more irritating by the signs on the screen asking passengers to keep hydrated during flights by drinking water. One very poor hot meal and the first and most awful 2 finger sandwich offered on a 7.6 hour flight - awful. And the WiFi was non existent - another reason we normally book with Emirates. I would rather fly any other flight than travel with emirates now. A rather traumatic experience.
"
30,✅ Trip Verified ," Dubai to Kuwait. Not even knowing it, I misplaced my small credit card wallet in DBX terminal 3. I was very pleasantly surprised when I was held back a short moment when boarding EK 857 today October 12. The staff gave me my card wallet and both credit cards where there. I feel so lucky and are grateful to the excellent staff of Emirates and Dubai Airport. I hope this message finds the good staff and people of Emirates and Dubai Airport who helped me today.
"
31,Not Verified ," Sydney to Prague via Dubai early August. On arrival Dubai, my companion and I were pleasantly surprised to be upgraded to First Class due to overbooking in Business, for the final leg to Prague. We were very well looked after in both classes. Uneventful trip home 3 weeks later from Hamburg to Sydney in Business.
"
32,✅ Trip Verified ," Dubai to Munich. I'm a bit dissappointed overall. I haven't flown Emirates in some years and feel like they are not as good anymore as they used to be. The service is still outstanding, before, during and after the flight. But the flight experience not so much (besides the bar/lounge area which rocks!). The seats and bord entertainment in the A380 business class upper deck are old and outdated. Screens aren't good, user experience with the system isn't good, I had also trouble adjusting my seat and what I found the most annoying: before the start you are bombarded with advertising in Arabic and English - certainly not what I expect from a Premium Product. And the WiFi barely worked on the in and outbound flight.
"
33,✅ Trip Verified ," Our flight was amazing from start to finish. I always fly Emirates because of the fabulous hospitality. Both legs of the flight were fantastic. A staff member on our second leg of the journey from Dubai to Kuala Lumpur on the 6 Oct - EK 0344 gave us special treatment on the flight as it was my daughter’s 9th birthday. My kids were given a special cake in a lovely glass presentation with Polaroid photos to take home for memories. This staff member is the true face of Emirates service with a smile and amazing hospitality. Thank you from the bottom of our hearts!
"
34,✅ Trip Verified ," The flight from Dubai to Mauritius MK0911 is operated by Emirates, the flight was booked with Air Mauritius. Both companies when contacted to upgrade to business class prior to the flight declined they can do it (and this might sound not true but this was my experience), so even at check-in Emirates suggested the only way to get into business class is paying for the upgrade on-board. Emirates customer is not welcome to upgrade to business class on-board Although you may travel in business class paying for the upgrade last minute. The policy of Emirates is not to reward customers with business class mileage on last minute upgrades.
"
35,✅ Trip Verified ," Trivandrum to New York via Dubai. Very cheap food. No taste at all. No non-veg food was available. When asked for it, the air hostesses assisted us was kind of argumentative. Finally, I spoke to another lady and she provided it.
"
36,✅ Trip Verified ," I had heard a lot about Emirates and hence decided to fly with them. The cabin space looks okay, there are cabins with more space to walk around. On the Amsterdam to Dubai flight which was roughly 6.30-7 hrs - only 1 meal and a cold sandwich was served - in between there was no water served either. For such a long flight - it’s disappointing to not serve water at regular intervals - but it’s still the good part until now. Later at Dubai airport the staff were just bullies. Everyone was just asked to move from one place to other without much organisation and not respectfully but as cattleherd. There was a visually challenged man who was not shown any help or sympathy either. The connecting flight from Dubai to Bangalore just kept getting worse with people handing food parcels out by hand saying my colleague will bring the tray etc. Very very bad experience. Wouldn’t recommend to anyone especially if travelling economy class - they treat you as cattle.
"
37,✅ Trip Verified ," Paris to Brisbane via Dubai. Service on flight was very good, food was fresh and tasty. Leg room good (for my short legs). Inflight entertainment not working properly, screen overheated regularly. Unfortunately we paid nearly $700 extra at booking, for specific seating selection and did not get any of the seats we paid for, on both outgoing and returning flights. Not given any explanation for this. If you can't accommodate people because of manifesto issues, totally understandable, but don't offer the option!!
"
38,✅ Trip Verified ," Barcelona to Sydney via Dubai. We found the flight attendants rude. When we were arriving in Sydney people were going to the kitchenette and collecting the arrival cards but when my husband asked for one he was told that they would be distributed soon. The cards were distributed on the other side of the cabin. We did not get a card when we asked the flight attendant we were told we don't need it now in Sydney. When we asked why the other side of the cabin got embarkation cards he then said they ran short of cards and only had the cards in Arabic Language. We then asked him why he did not say in the first place that they ran short of cards in English. He was plain rude. We were at the rear of the plane and they just did not care. Emirates pride themselves of having flight attendants from 35 countries but most of them found it difficult to smile - no customer service. The food was not edible. Will not recommend Emirates on long flights from Sydney to Dubai.
"
39,✅ Trip Verified ," Manchester to Muscat via Dubai. Accompanying my nearly 90-year-old mother from Manchester to my home in Muscat. She needs assistance and I have to pay a premium to be in a seat near to her. Then my luggage allowance is Manchester-Dubai 25kg (5kgs less than usual), so I have to purchase extra luggage. Customer service was condescending and unhelpful. Emirates were once the best airline but the last time I or my family will be using them. Much better service from rival airlines in the GCC.
"
40,✅ Trip Verified ," Bali to Dubai. Service was ok at the boarding gate since they allowed us to board the aircraft in business class queue prioritising child travelling with us but in the aircraft the crew were horrible. No customer service at all! A crew member spilled water on me while clearing my table. She just said sorry and kept doing what she was doing. She could see I didn't even had a tissue since she clear all away. Didnt even care to bring tissue immediately. Later after she finished all her task then she brought wet wipes. Then My child skipped dinner since she was asleep. Later on when they were servicing breakfast, I asked if they could serve my child first, you know what she replied ""you can ask it yourself"". Such a reputed airline and very poor customer service.
"
41,✅ Trip Verified ," Manchester to Islamabad via Dubai. As per airline instructions, we were allowed to carry 35 kg baggage per person. So we had 70 KG baggage altogether, but during boarding from Manchester Airport we were denied to carry 70kg. Instead only 60 KG was allowed to carry with. Moreover, we had to stay of an hour at Dubai Airport but due to mismanagement of airline, we missed our connecting flight to Pakistan and were compelled to wait for eight long hours at Dubai airport. Emirates must review its passenger facilitation policies and get them improved.
"
42,✅ Trip Verified ," Dubai to Mumbai. I am in the UAE for the last 5 years but never had a chance to book Emirates as we always could book at the last moment when the prices were sky-high. This time as Jet Airways is no more, we were left with no choice than travel Emirates. Ours was a return journey and I wished the experience would never want us to look back for any other choice. But to our surprise, it turned vice-versa! To start with as soon as the flight started, the staff behaved like trainees. They didn't know where to start. We had a infant with us and it felt too cold. We pushed the for assistance 4 times but no one turned up! I had to go myself to ask for a blanket when I was asked to go and check at the back as she was too busy. When meal was served, I was asked for drinks. I asked for a beer which was not available immediately but I was told she would get it for me which never turned up. The whole thing was so unorganized. Not to mention the food was low grade. It would have been much better if they didnt actually keep the food. The flight landed even before we could be offered coffee. We thought may be this would be a one off case as we have always heard high words for the Emirates experience. On the way back the experience turned to be even worst. It started from the queue at the Airport! The online check-in queue was bigger than the normal check-in. Upon looking at the queue, we asked the representative if there is any priority for child in arm upon which we were told ""no"". Few minutes later we see a staff in the Emirates attire. When we went there as our child was crying, she rudely said that we should have asked her and the others are not Emirates staff as if it was our duty to train the outsourced staff of how to behave with their airline clients! Then in the flight the seat recliner didn't work and by the time they served the meal they had already exhausted the nonveg meal and beer. It felt that a low cost airline is much better even with no meals served and least expectations!
"
43,✅ Trip Verified ," Johannesburg to Dubai. I am gluten and dairy intolerant and I could not eat from the standard menu onboard. I requested fresh fruit a few times and was told there was none. When I went to the toilet I saw the staff putting away trolleys at the back of the plane and saw fresh apples. When I took my seat I requested an apple and was told that there is none. I was really disappointed in Emirates. I was told I could have a biscuit which I had to decline.
"
44,Not Verified ," Johannesburg to London via Dubai. Very good flights overall - my only gripe is the comfort of the seat, but in economy class that is to be expected. Meals were very tasty and the IFE lives up to the hype. Kudos Emirates
"
45,✅ Trip Verified ," Denpasar to Heathrow via Dubai. Our baggage arrived at Heathrow terminal soaking wet, as well as damaged! Massively disappointed and will not be flying with Emirates again considering the amount me and my girlfriend paid for our business class flights. I’ve never had baggage arrive soaking wet and a new surfboard damaged, even with a new bag packaged with 15mm of padding top and bottom. I find this almost insulting that Emirates can treat passengers in such low disregard.
"
46,✅ Trip Verified ," Denpasar to Auckland. Very disappointing experience. I treated myself to a First Class frequent flyer ticket. I have flown Emirates First before which was similarly uninspiring - this flight confirmed for me to never bother again. Of course it was spacious and comfortable, couldn’t have been more so. The departure time of 5pm meant it was an ideal time to really enjoy a meal. There were only 6 passengers in First - me, another man and a family of 4 (including 2 young girls). So the cabin staff were hardly busy. After take off I did not see any uniformed flight attendants again, just a women in the serving ‘uniform’ who took food and drinks orders and served meals. She was incredibly surly and often just plain rude. For example, I when I asked for a simple champagne cocktail from the menu she rudely told me that it would take at least 15 minutes to make. Knowing that it only consisted of 2 ingredients I wasn’t deterred as she might’ve thought I’d be. The meal courses were roughly put down and she went through the motions of begrudgingly serving me. It occurred to me that maybe she was in a bad mood because all he colleagues had gone off to rest leaving her to do all the work. It was a very unpleasant experience for me. Not a single smile or kind, gentle word the whole flight.
"
47,Not Verified ," London Heathrow to Dubai via Bangkok with Emirates. Everything good. Lovely food, great service, comfortable seats, good inflight entertainment. Smooth flights. Unlimited booze. Will not fly with anyone eles in the future. Keep it up.
"
48,✅ Trip Verified ," Melbourne to Paris via Dubai. Emirates double charged me for a seat upgrade. Supposedly a systems glitch. You cannot get a response from them. They're automated refunding system rejected it. Facebook media team just wasted time and didn't resolve it. Sending a complaint does nothing as this is an unmanned system it seems. Probably only there to mollify you. Multiple experiences over the years with Emirates ground staff and systems point to a organisation culture of arrogance. Lost luggage - no response; Broken baggage - no response; Upgrade point refund - no response; broken seats - no response; broken TV screens - no response; Slipping accident in their Milan lounge - no response; delayed flight and no onward booking organised - no response; Frequent flyer points unlisted - no response; Corporate entity details request - no response & the list goes on. Unfortunately they have been the key co-share for Qantas They are all PR and no substance.
"
49,✅ Trip Verified ," Bangkok to Hong Kong. The flight attendants were the worst I have experienced in Business Class. I felt they were so unhappy about the job, and about to walk out of the position. On the other flight from Hong Kong to Bangkok in Economy, the flight is half full, still the service is way below. The seat is old, I can felt the iron under my ass. I remembered Emirates used to be really good years ago.
"
50,Not Verified ," New York to Dubai. The seat space is excellent however I am disappointed with the extremely poor inflight service. I dropped a spoon and was refused additional cutlery. Further, I was allergic to mushrooms and hence wanted to change the meal and was lied about the unavailability of the alternate meal. It’s unfortunate to receive these kind of service from a world class flight.
"
51,✅ Trip Verified ," Chennai to Warsaw via Dubai. I would recommend for sure. Great service and wonderful food. Last time i had an opportunity of free upgrade to business class and I really enjoyed on board. Cabin crew are just fantastic.
"
52,Not Verified ," I was traveling with my family - wife and 5 year old from Newark to Dubai. One of the seats allocated to us was broken with the recliner button missing and being concealed with duct tape! When I highlighted this to the crew supervisor I was told that this seat should have been blocked and not allocated to any passenger. Since the flight was full and with only 1 middle row seat available, neither my wife nor I was comfortable to move leaving either me or my wife to tend alone to my toddler. Hence I decided to stay in the same seat. After an agonizing 12 hours with a stiff back I highlighted this to Emirates customer support who simply put their hands up stating that they helped but I refused. Firstly this seat should not have been allocated. This seat was actually allocated to my 5 year old. In that case Emirates was happy to move her alone to another seat! Really poor response and pathetic customer support.
"
53,✅ Trip Verified ," Dubai to Phnom Penh via Bangkok. I missed my flight this morning because misguiding from airport staff : on arrival the monitor showed my flight on gate B6, so I go to this gate and waited. At 7:45AM a little before the boarding time on my ticket, I asked the staff at the b6 desk if it was the good gate for Phnom Penh, she answer yes it’s here, just wait we will board in few minutes. When entering the gate at 8:20AM she checked my ticket and saw that she was wrong and send me to the Emirates counter instead of sending me to my gate b3! At the counter they refused to help me and ask me to pay one more ticket for next day at 287$. I will never fly with this airline again. I turned their offer down and buy a 380$ Thai Airways ticket.
"
54,✅ Trip Verified ," Adelaide to Multan via Dubai purchased for November 2019. I strongly recommend against booking a ticket on Emirates' website because of personal experience. While comparing fare, Best price icon popped up on emirates website. There was a much cheaper option available for the same flight on flight365 but just because of price match I opted to book it on Emirates. In order to price match, I was bound to buy it first on Emirates and then lodge a claim. I fell into the trap. The claim was subsequently rejected by Emirates citing one of their many hidden 'Terms and conditions'.
"
55,Not Verified ," Newcastle to Dubai. Having taken this flight for almost 4 years now, I have to display my displeasure over this most recent journey. Despite the flight leaving UK around lunchtime, the crew took the decision to turn down all the lights as soon as possible to pretend this was a night-time journey. What made the whole trip even more unbelievable, was the same exact thing occurred on the return journey even though departure from Dubai was 7:30am. I appreciate that Emirates used to pride themselves upon the free bar service for many years now, but to try and either save money by hoping people won't bother the flight staff if the plane is in darkness or the crews just decided to try for a quiet flight for themselves I don't really know. Being an elderly traveler (going to visit my son) I felt very uncomfortable trying to navigate my way to the bathrooms with very limited lighting. Passenger comfort and safety should always come before crew's desire for a quiet trip surely? Gone are the days where the crew would be traversing the plane regularly with drinks before, during and after the meal. I used to enjoy the spectacle, not that I took any alcohol anytime, it just seemed to break the journey down and make time pass faster. My son has submitted a complaint on Emirates website for me and has been sent only the standard ""We are looking into this"" email after almost 2 months now, so I assume they are not really interested in my comments - again, being a regular traveler on this route.
"
56,✅ Trip Verified ," Toronto to Mumbai via Dubai. I just don't consider this airline to be the best. I would say it is an airline which differentiate customers on the basis of class. Economy passengers are treated differently right from the checking to deboarding the plane. In terms of luggage policy, where most of the airlines are allowing two pieces of cabin luggage (cabin + personal), Emirates is allowing just one piece for its economy passengers.
"
57,✅ Trip Verified ," BKK/HKG/BKK - In ten years of flying with Emirates business class on the short Bangkok to Hong Kong route I have rarely had anything other than an excellent flight. I just love the A380 aircraft and Emirates business class layout with the bar at the back. The decor is a bit plastic for my taste, but I take the airline for its unbeatable fares, its fantastic lounges with a quite amazing food and beverage selection, its on board service, the supreme comfort of the seating, the massive IFE selection and large screens. With first class dropped from this flight, the front of the upper deck now seats around 100 economy passengers. Yet the FA's usually make sure that these passengers remain seated whilst business class passengers can exit first. Given the economies that all airlines are now making, fast track cards are no longer handed out (not a problem for me as I have automatic fast entry at both airports), the main selection of the meal course is reduced to two offerings and the snacks in the bar are not as tasty as they used to be. But that is all rather irrelevant given all the pluses. On the outward sector I was too busy working to dine or use the IFE. I made do with a glass of the superb Cloudy Bay Sauvignon Blanc and a sandwich from the bar. Having eaten well in the lounge, I also declined the meal on the return flight but did enjoy this time a fine Pinot Noir and another chunky chicken sandwich. On this sector I watched a movie and still had time for some classical music before we landed ahead of schedule. For a few months, Emirates replaced the A380 with a 777 on this route. Hopefully the airline will continue with the A380 service for a long time to come.
"
58,Not Verified ," The food was below standard and the economy seats were very narrow and barely much leg room. Very disappointed in this plane and service. on our way from London to Dubai they gave us what i assume was mash potato and meat, and on our return from Dubai to London it was chicken and rice. I feel that they really are punishing us for flying economy class. I honestly will be trying other providers for this leg of the journey in the future
"
59,✅ Trip Verified ," Dubai to Tunis. Flight was very very not comfortable, the seat was damaged and during my almost 7 hours flying and sitting not straight, my body was down to front. I have informed the cabin crew for the same and they informed me that no choice and there is one more seat is damage also! I don’t really understand that how come the flight getting approval for flying without doing any operations checklist.
"
60,✅ Trip Verified ," Again, the flight was delayed and again the captain couldn't issue the usual polite apology for the delay. After some time he laughingly told us Bangkok airport is busy! Hardly a professional way of dealing with a delay. In my section there was one pleasant female attendant and one bizarre male attendant who gesticulated a lot when I asked him to take my empty cup as he passed. Emirates provides a very shabby experience, in my opinion. A few aspects are okay and others are below expectations. A really professional approach is lacking in their customer service.
"
61,✅ Trip Verified ," Dubai to Chicago. Emirates used to be a great airline, as much as I am flying with it the more disappointments I face recently. The staff is with attitude, customer care representatives cant even help. Called before check in to reserve window seat, the lady did mistake and put me where she felt like. Next time I called the customer care to book the seat next to the window after 30 mins since check in started they telling me that there is no seats - like seriously the price is so not worth of the service we receive.
"
62,✅ Trip Verified ," Dubai to Prague with Emirates. I simply enjoyed the flight. The crew was very amicable, open and easy to reach. The food was tasty, plenty and you did not have a feeling you are eating on a plane but in a restaurant. Later they served snacks and drinks. Their wine is superb. Movie list never end and the quality of the picture is excellent. The only thing I minded were the seats, they were way too narrow.
"
63,Not Verified ," Newark to Kozhikode via Dubai. I am rating the airline prior to my flight 8/30/19. I am a disabled person seeking medical assistance in getting from the plane door to my seat. I filled out the medical information form, got it signed by the doctor and sent it off to the airline. Now I am calling each day trying to get necessary approvals for them to help me on my upcoming flight. Customer service is helpless, they are at the mercy of the Medical Assistance dept who are unreachable. They keep telling me that my onward journey from Dubai is on a code share airline - FlyDubai and that airline has to approve my medical condition before Emirates can do the same. I booked an Emirates flight in the USA and paid the airline. Emirates put me on a code share flight with FlyDubai. I filled out the medical form for Emirates airlines. How is it my responsibility to get approvals from FlyDubai and airline that does not do business in the USA or have a telephone number? Since Emirates is the primary airline they should get the necessary clearances from the other airline and get my special needs taken care of. The callous attitude of all the Emirates staff I have interacted with is shameful. I have called over 15 times in the past 4 weeks to get the situation taken care of but Emirates is not bothered and just refuses to help me. Makes my situation worse than it already was as I prepare to board the flight for medical treatment in India. Help Someone!
"
64,✅ Trip Verified ," Christchurch to Sydney. Certainly not much positive to say about this airline other than the check in team were nice and efficient. All down hill from there, as we were delayed for take-off due to an ill passanger as soon as we had pushed back. No issue with illness, the problem was in Business no service was given to me even when after an hour I finally caught an attendant's eye for another drink and was abruptly told they were preparing for take-off again even though they were waiting on every whim of some other business guests. I'd paid for ""flexi business"" so not a cheap flight, yet the decor in the A380 is not to my taste of immitation golds, printed wood effect panelling with odd blue/grey seat shells, not relaxing or a calming vibe. Seats were otherwise comfortable, IFE remote is terrible for user functionality, and tray-table traps you in the seat so no mid-meal toilet trips. Crew were just a cog in the machine as they weren't personable and seemed distant to interact with everytime. My meal was quite tasty, another issue here was ordering Pinot Noir wasn't possible even simply asking for a red wine, still a blank stare so I gave up after multiple attempts as said pour whatever and ended up an musky white wine I couldn't drink. The attendands all understood English well, so it surprised me that it was so difficult to request a wine and even point at it on the menu! I was delayed and put up in a hotel for the night, however the shuttle driver only knew of one hotel to take us to and unfortunately only some of us were booked there. That hotel now full and multiple calls to Emirates, I was then told I was booked in a average hotel half-hour away even though I was the only Business guest and make my own way to the correct hotel. There weren't any Emirates members at the airport on the ground as many guests went around looking (myself included), so the only contact was once off the aircraft on the bridge an Emirates member told you which shuttle stop and a generic hotel name. All incorrect and one phone call I was told an Emirates ground agent would be waiting at the shuttle stop and they never did. In short if you must fly Emirates only book economy as that's the only value you will receive!
"
65,✅ Trip Verified ," My first sector was from Madrid to Dubai. The purser on this flight was the crown jewel of the Emirates hospitality I remembered from my past travels. However she was assigned to business class whilst I was served by one crew who made my Emirates journey an utter disaster. The food on this flight was spectacular. The beef lasagna was great. The entertainment was limited compared to the newer A380s however it did have brilliant things that kept me entertained for 7 hours. Before take off I noticed that a customer who complained of a leaking AC was just shut down by a crew member who said 'cover your head for now, it'll stop after take off'. What a displeasing attitude from an airline renowned to be one of the best in the world. At the meal service I noticed that meals run out when it comes to the seats at the back. The menu on that flight consisted of a chicken and beef option only, even though traditionally airlines of that calibre opt to offer a vegetarian option too. They had run out of the chicken option and my friend who for religious reasons does not consume beef, was forced with the beef option saying that was all they had. Whilst they refused to eat it, the crew who were called many times didn't even make a single appearance to enquire. Finally when it came to the pre arrival snack, they offered a chicken option and cheese option. The crew member just served the food without asking what I wanted. When I opened I realised I was given the tasteless cheese option. However, the passengers behind us were offered both where they had a choice. My next flight was from Dubai to Colombo. Another unpleasant journey with the unsuitable comportment of the cabin crew. One of them refused to pour a full glass of apple juice for my father.
"
66,NotVerified ," Singapore to Barcelona via Dubai with Emirates. First time experiencing blankets and headphones being collected before landing. When requesting to keep the blankets as I was still cold, they said they had to take them nevertheless. Another passenger experienced the same response. Food service was slow comparatively, especially for me who was seated at last portion of the cabin. Stewardess attitude was very lukewarm. Requested for water but was forgotten once, declined once, ignored once though we hit the service button, asked to wait once and then fifth staff I finally got my water. Very disappointed.
"
67,✅ Trip Verified ," Colombo to Zurich via Dubai. The last time I flew Emirates I was quite young and overly obsessed by the greatness of its product and inflight service. However, Emirates has decided to put the past behind and embark on a poorly schemed, appalling venture of cost cutting at the cost of passenger comfort whilst still charging passengers exorbitantly. The first sector was from Colombo to Dubai. It was quite acceptable that Emirates never focused on its Asian sectors for they have extreme confidence that it's competitive pricing and brand name would get them customers inevitably. Therefore, I boarded this old 777-300, the inflight entertainment was certainly not much of a great deal on the first sector with quite limited options and by trying to handle it's terribly dysfunctional remote and put it back into its position, the wire had cut my finger. It gave me the worst airplane food ever. The crew on this sector thought were the only appealing segments of what I would call the emisery. They were attentive and kind and maintained a smile but however did not go the extra mile like the qatar airways cabin crew who were an extreme delight. Furthermore, another factor that put me off completely was how narrow and uncomfortable seats were. It was a completely disastrous 4 hours and 10 minutes. The next sector was from Dubai to Zurich with a layover of about 2 hours and 30 minutes. The layover was quite bad with basically no one willing to help us in the airport. we boarded a brilliant A380 that was the only thing as good as they advertise. Once again a repetitive episode of rude crew and even worse food. We were promised snacks by the airline on a 6 and a half hour flight that we expected would be of some quality - we were given a tiny packet of popcorn. I will never ever fly Emirates or recommend it.
"
68,✅ Trip Verified ," Melbourne to Frankfurt via Dubai. I flew with Emirates by myself with my children (1 year old and 3 year old) and the flight crew was so overly strict with their rules that they were truly unhelpful, making the trip more unpleasant that what I have experienced with other airlines in the past. 1 yo couldn't have her legs bent on the bassinet, so I wasn't allowed to use it, I couldn't use an inflatable foot rest for my toddler so that he could sleep a bit more comfortably, they were upset when asking for help getting the hand luggage from the top when my 1 yo was asleep over me, I wasn't allowed to leave the hand luggage at my feet for easy access to the baby gear, my son got told off for sitting on the carpet at our feet to play for less than 3 min and ended up in tears when picked up by the flight attendant, they couldn't pick up the food trays early, which was impossible to keep safe with 2 little children playing around. I get there's a reason for those rules, but sometimes people should assess what makes sense and give a little leeway with small children. Other passengers were truly helpful and made the trip more manageable. Overall, I will avoid Emirates in future when travelling with children.
"
69,✅ Trip Verified ," Dubai to Melbourne via Singapore. I was very disappointed with level of service I experienced with Emirates. It was my first time and last time. I upgraded from economy class to business class (hopping things will be better), it was even worst. Crew members they look disinterested and some extremely tried. 3 times I was forgotten and had to ask when i should be expecting my meal (when everyone else was eating). I will never travel or recommend Emirates.
"
70,✅ Trip Verified ," A few weeks ago, I flew between Los Angeles to Mumbai via Dubai with family and it was a 22-hour nightmare for us. This was our first time with Emirates. We have traveled extensively with other airlines like Etihad, BA, and Lufthansa. But this time, unfortunately, we decided to buy a nightmare by paying way more than other good airlines. It all started with check-in baggage. The check-in counter crew demanded our passports without greeting or smile. In the past, some stuff was stolen from my bags so I asked them to put the zip ties on the locks. After I insisted she threw some plastic zip ties at me and asked to put them on the locks with a red face. They flew one of the filthiest A380 on the planet. The plane looked pretty old with dirty bathrooms and broken seats. I requested the Hindu meal for my family (three of us) and the steward only got two of the meals. I asked him politely about my meals and his response was ""I only got two hands"". Later he came back and said he accidentally gave it to someone else and I have to eat whatever they have left. I later talked to the head of the crew about the incident and she apologized and promised me that she will take care of the next meal. Nothing happened except now ""The steward"" giving us angry looks every time he passes by. They only gave us two blankets and when I asked him for a blanket he (obviously) said that they don't have any blankets.
"
71,✅ Trip Verified ," Dubai to Chicago. Five passengers in my group, the cabin crew refused to give us even one overhead space by rearranging the smallish purses or backpacks of passengers sitting elsewhere who had lavishly thrown them around! When requested at least one overhead space, curt reply was ""this space is for everyone"". So next time onwards I should throw my cabin bags in the first overhead space I find and then proceed to find my seat. Is that the message they are sending their passengers? I am connecting in Dubai from a previous leg on Emirates as well. It is better not to talk about the poor cabin service in economy class in the previous leg, but I should briefly mention. It was a 4 hour flight and cabin crew disappeared after serving meals in a hurry after about 90 minutes into the trip. A fellow passenger who asked for the second option on the regular menu was told that he will have to wait 15 minutes for that to be served. This while the crew was telling the passengers that only ""option one"" of the menu they passed out is available! Hoping that this leg DXB to ORD doesn't have anymore nasty surprises than the cabin luggage ""coaching"" we just received after boarding. Ok, about to take off!
"
72,✅ Trip Verified ," Houston to Addis Ababa via Dubai. For the first flight we didn't get any problem then, we had to transit from Dubai to Ethiopia. In Dubai two people stand in front of the plane and scaled my hand bag which never scaled any airlines. Then she told me to pay $100 because 2kg passed - I tried to explain to her because it is my hand bag and I didn't pay fee when I fly from usa but she didn't want to listen and she was being rude to me and told me to throw way my stuff. And also my husband bought a liquor from Dubai airport which was 3kg, he been told to pay the same thing. He couldn't return it because the plane was about to fly we didn't have a choice we we ended up by paid $200.
"
73,✅ Trip Verified ," Dublin to Bangkok via Dubai. I had high Expectations from Emirates given their good reputation however when flying with them from Dubai to Bangkok the cabin service was rubbish. There was a 1 hour delay (Pakistani Airspace issues which is understandable) and no cabin members went around and offered us some water. After take off cabin service was generally lousy, They served us food and then vanished for the rest of the flight, when I buzzed an attended 2 hours in she comes up and says “eh sir your light is on just press it again to turn it off?.. I told her I just wanted a glass of water and I got it 10 minutes later, the same half bothered rude response was given the next time (2 hours later). I wanted a drink so I told her to get me 2 beers and I’ll leave them alone. The tables were not cleaned properly on this flight. The seats on the A380 were very soft and comfortable but they were rock hard on the Boeing 777 used for the Dublin flight. The ICE entertainment system has good music but doesn’t have good tv shows. On the positive side I had lots of legroom and my bags were delivered really quickly and handled well. Food and beverages were also good. I
"
74,Not Verified ," Auckland to Istanbul via Dubai. Despite the lengthy flying hours I enjoyed the flight experience partly due to A380's ambience and quietness, but mostly due to the comfort of the seat, legroom and great in-flight food experience. The flight attendants were generous to give out snacks/drinks throughout which really helped. Having Wifi was revolutionary that ability of being able to connect to friends/family is great! Having dual IFE screen on the IFE looked fancy but in the end it wasn't that interesting. The contents of ICE didn't live up to its hype to be honest. From the air to the ground the staff did a stellar job looking after not just passengers, but also baggage, such as fragile items like musical instruments.
"
75,Not Verified ," This is the most horrible airline. I flew from Dubai to Washington DC on July 19 and I purchased premium seat at $150. Big mistake, people congregated near my seat and I did not get sleep at all. The service was super slow. Will never fly this airline again.
"
76,✅ Trip Verified ," We flew with Emirates from Edinburgh to Singapore via Dubai. The segment between Edinburgh and Singapore was on a much older B777 wide-body plane. The seats do not lie 180 flat but at an angle. That is my main issue with the flight. The seat was so uncomfortable that I didn't get any sleep. The food was ok. The flight attendant was ok but lacking warmth. For instance, when I boarded the flight I handed over my jacket asking politely ""would you mind hanging this up for me"" to one of the flight attendants but was replied rather coldly that she would come back to me later. I understand that boarding is one of the busiest times for them but she was just not that friendly when she responded as if I was making an outrageous demand. However, the service in the second segment was better. Their A380-800 has an older fit-out and the stainless steel handrails make it really outdated but at least the seat lay flat 180 degrees and I managed to have a couple of hours sleep. The transit at Dubai airport was not a nice experience, the lounge is outdated and it was so crowded. It felt like being a cattle market. I wouldn't choose to fly with them on this route again especially the middle stop over actually breaks up the trip in half and you can not get a good long hours sleep.
"
77,✅ Trip Verified ," Singapore to London via Dubai. Ek353 from Singapore to Dubai night flight, very attentive service. The next sector ek001 Dubai to London no cabin crew walking, all disappear after the service. Glasgow to Dubai on an old A380, IFE there is a crack line, service attendant was good but when leaving plane the hand baggage door above our seat unable to open, cabin crew assisted us in opening the door. Very helpful staff on Ek028, from Dubai to Singapore unfriendly service, rude people not so friendly, never walk around with drinks after food service, just couldn't be bordered. Overall it is a mixed bag, but for the price will fly with them.
"
78,✅ Trip Verified ," Milan to Male via Dubai. I really enjoyed the flight in business class with Emirates both on A380 and B777. Airport lounge in Malpensa is really beautiful and organized. The staff on flight is great and so is flight entertainment. I strongly recommend it.
"
79,❎ Not Verified ," Bangkok to Istanbul via Dubai. I never liked Emirates, but due to last minute booking, Emirates was only available. All my fears came true. BKK - DXB: It was an overnight flight, so not much service required. Still, my monitor did not work, instead of rebooting it, I was offered to relocate myself. I did not want to do this; nothing happened with my monitor in 6.45 hours. Not a big issue, but shows the interest of the crew in real customer service. The crew was the most unpassionate and unpolite I saw in the last year. I look out for details and me even the uniforms were worn without proud and just looked untidy. It seemed like they were just angry and unhappy with their employer and shortsighted they make their passenger pay it. DXB lounge: just not up to a standard for a 3,000 USD ticket. Food average, furniture is worn out, staff unfriendly. DXB - IST: at last, the crew was friendly, and this was a good flight experience. Overall for Emirates became a luxury low-cost carrier, with overpricing in the high-end market. Economy class for sure is well worth the money you pay.
"
80,✅ Trip Verified ," Kuwait to Amman via Dubai on 3rd July 2019. If you ever depart from Kuwait and are flying Emirates, I’d strongly suggest using online check-in. At KWI, Emirates has a separate counter for online check-in passengers thus enabling passengers to skip the queue and proceed directly to the counter without having to wait. Be aware that during online check-in, you will not receive e-boarding passes if departing from Kuwait. I contacted Emirates and was told this is not an issue. At the counter, I received the boarding passes for both flights EK 856 (KWI-DXB) and my connecting flight EK 903 (DXB-AMM). The check-in experience was smooth, and within 10 minutes, I was through to immigration and security. Online check-in if departing from Kuwait is a lifesaver! First leg EK 856 from Kuwait to Dubai on the B777-300 ER. Boarding began 45 minutes prior to departure. It was chaotic as expected for a fully-booked flight. Unfortunately, the aircraft was really old (registration A6-EBE). The screen was very small and ICE version was also very old. 3-4-3 configuration is not a favorite, and the seats felt narrow. Only 1 meal choice and no menus were given. Aircraft was 30 minutes late departing Kuwait due to late completion of boarding. Luckily, arrival in Dubai was only 5 minutes late despite the 30 minute delay departing Kuwait. If possible, book a seat on the left or right side of the aircraft (rows A, B, C or H, J, K). These seats will feel less cramped than seats in the middle (rows D, E, F, G). I was seated in seat 33A. Overall, a good flight although I’d avoid the EK B777 economy product all-together (unfortunately EK doesn’t fly the A380 to Kuwait so that’s not possible). Second leg EK 903 from Dubai to Amman on the A380-800. First time flying the EK A380! Again, boarding began 45 minutes prior to departure. The aircraft was definitely newer (registration A6-EOU). ICE version was newer and screen was much bigger. Still a 3-4-3 configuration however much more comfortable than the 777. Just like the previous flight, no menus were given and there was only 1 meal choice. Aircraft was 30 minutes late departing Dubai and arrival in Amman was only 3 minutes late. I was seated in seat 78K. Baggage claim at AMM was abysmal! I wonder if the problem lies with Emirates or the baggage handling system at AMM. I can’t really give them much blame due to the fact that the aircraft was an A380, but waiting 1 hour and 15 minutes for baggage delivery is still unacceptable! Also, in my opinion, Emirates should really rethink boarding times. Boarding an aircraft 45 minutes prior to scheduled departure time surely guarantees a delay. On EK 856, pushback was not until 15 minutes after scheduled departure time and on EK 903, pushback was not until 13 minutes after scheduled departure time! In my opinion, boarding should begin 60 minutes prior to scheduled departure time. Also, Emirates should grant its aircraft a 2-hour turn-around time slot. This would give 1 hour to clean and prep the aircraft for boarding and an additional hour to complete boarding, ensuring an on-time departure.
"
81,Not Verified ," I was travelling from Gatwick to Kochi via Dubai and had a small carry on bag and my back pack. I was allowed 7 Kgs and my bag weighed a little over 7 Kgs. I did not have any problem at Gatwick Airport. I had a connecting flight from Dubai to Kochi. As Dubai airport duty free had some excellent deals and I ended up buying a couple of bottles of liquor and some chocolates. At the boarding gate, the customer service personnel forced me to weigh my carry on bags again and found 4 Kgs extra due to the items that I bought from the airport and asked me to pay for over weight. I was given 3 options: 1. Throw away the items that I bought from the airport (worth USD$200) 2. Return the items back to the store that was 20 minutes away from the gate 3. Pay for the excess baggage $100 I was put in a very tough situation when I was so tired from my previous two flights (8 hours each). I did not have any other choice than paying for the excess baggage. My advise to anyone travelling through Dubai, is to avoid buying any thing from the duty free if you already have 7 Kgs of items in your carry on baggage. They are going to weigh it at the boarding gate and charge you a huge amount that would kill all the savings that you got from your purchases. I will be happy if at least one person is benefited from this feedback.
"
82,✅ Trip Verified ," Dubai to Manchester. The worst cabin service I have experienced on any airline. At great expense I took the flight from Dubai to Manchester yesterday, excited to be trying a business class seat on the A380. I fly often but I have to say this was the worst cabin crew I have ever experienced on any airline. I feel as if I paid for them to have a great holiday. I know that other passengers felt the same way. We were all SO upset that we talked to each other about it both on the plane and afterwards. From the moment of boarding, there was no usual warm welcome. I was greeted by a very grumpy hostile cabin attendant. When she brought the breakfast menu later she couldn’t answer simple questions about the ingredients. “I can’t say”. “Could you please find out?” “No, the meal is precooked, we can’t tell”. I have never had that response before. The crew stood and sat at the back chatting away having a great time. There were many of them and few passengers. A perfect opportunity to showcase individual, fantastic service. Unfortunately, the head of the cabin crew was at the back chatting with them all – so there was little leadership. After complaints from passengers, nothing changed. On take-off they did not remove our glasses, on landing they did not check that we were strapped in, they did not remove our cups and glasses once again. I choked on my breakfast and tried to call for help. I waved and pressed the service button. No one came. I managed to scramble out of my seat, balance my tray on the side and get to the bathroom where I vomited. The food was appalling, dry and over cooked. My tea was served cold. The attendant was so grumpy, rude and unhelpful that I actually asked her whether she’d had bad news from home. She said “I am tired!” I paid thousands of very hard-earned money for this flight – it is not the passengers’ job to do the work of the tired, disgruntled crew! They kept one toilet locked. They did not walk through the cabin to see if the passengers were ok. They did not help the mother with her 3 year old across the aisle from me. Airlines need to understand – we passengers no longer want glamour, lipstick, tight skirts and high heels – we want professional, great service from intelligent crew - happy to be in their highly sought-after jobs!
"
83,✅ Trip Verified ," Krakow to Brisbane via Dubai. I booked with Emirates because I seen their good reviews online and didn’t want to risk it with a budget airline. I paid an absolute fortune for my ticket home and was very disappointed with the whole experience. Emirates made their partner airline who I flew first with, FlyDubai (who are very poorly rated/reviewed) look like a premium airline. I could go on and list all the bad things but the most important thing you need to know is that they gave me a severe bout of food poisoning!! It was a 13 hour flight and food poisoning symptoms occur in a very specific time window, so it HAD to be something I ate on the flight. Completely unacceptable. Never again.
"
84,✅ Trip Verified ," Birmingham to Bangkok via Dubai. Despite recent reports about the extent to which Emirates’ quality of service has declined, I was impressed with every aspect of these two A380 flights. The limo pickup was on time with a friendly and helpful driver and there was only a short walk to business checkin. The Emirates lounge at Birmingham airport is spacious and well stocked and was only an equally short walk to the gate. Boarding was prompt and I will shown to my seat. There was a good choice of food and it was well served. My only criticism would have been the delay in bringing a glass of wine, forgetting my post-flight drink and having to ask to top it up. Apart from that the food was delicious and in a reasonable portions. The first A380 had the new design for the bar and there was a friendly group of passengers. The transfer at Dubai was quick and painless although allowing both economy and business passengers to exit through the same time did add some delay to exiting the aircraft. The flight to Bangkok was overnight and I chose to sleep. With the mattress, the seat was comfortable and I managed to sleep for a good three hours before being awoken for breakfast. The Wi-Fi connection on the plane was surprisingly stable and fast and there were enough movies to keep me entertained. Having flown on Emirates on a number of occasions in the past, I was relieved that although other accounts may be accurate, I found these two flights to high standard with nothing significant to complain about. The cabin crew were chatty and friendly and always keen to help answer any questions or respond to requests.
"
85,✅ Trip Verified ," After a pleasant stay in the lounge at Dubai airport, it is a nice start to the long flight being able to board directly onto the upper deck without having to go down to the main terminal level so even though they may be boarding 80 passengers it always feels a little more civilized. It is a long but pleasant flight on the great A380, plenty of room and storage with the window seats on the upper deck. Another great crew and service and again the onboard bar is a big hit and the staff who take turns at the bar always seem friendly. Two full meals are served on this long flight a lunch and breakfast with a light snack in between with a good variety of snacks available at the bar. Emirates has a good entertainment system on all their flights with something to keep everyone entertained even on a long flight.
"
86,✅ Trip Verified ," Venice to Dubai. Top Airline. Super Inflight entertainment and very nice meals. Very friendly Flight attendant and top Service. Comfortable seats and much legroom.
"
87,✅ Trip Verified ," Amsterdam to Dubai. The Emirates experience started with a complimentary chauffeur service from my hotel to the airport in a very nice Mercedes S class and being dropped at the door closest to the Emirates check in desk. I love the Emirates A380, the seat with direct aisle access for everyone, plenty of storage especially when you are in a window seat which each have two side lockers near the window. The service while great is very much a formula for the after take-off drink and meals outside these areas the staff are very friendly and seem happy to get you anything you want and this is especially the case in the bar which is a fantastic place to spend some time.
"
88,Not Verified ," Brussels to Sydney via Dubai. Booked return trip in business class, but twice upgraded to First on long legs to/from Australia on A380 as business class was full and thanks to Platinum status with Emirates Skywards. BRU-DXB legs were on 77W with the new business class product. Flights on time, swift connections at DXB with great lounges, great IFE. The onboard food offering is very average, but I do not pay attention to eating on the plane anyway as the lounges often offer better choice and quality. Was surprised by speed of free (also for Economy) Qantas onboard wifi on Australian domestic flights with older 737–800 compared to slower and erratic wifi on EK’s recent 77W and A380. Chauffeur pick-up and drop-off add to the overall comfort of the journey.
"
89,✅ Trip Verified ," The most over rated airline! Customer service is the worst that I've experienced. Ground crews were downright rude. We asked one of the ground crew for priority boarding since we were travelling with our 6 month old baby but he only told us to go to the end of the queue in a very rude way. During the boarding they did not call priority boarding for elderly, disabled passengers and passengers travelling with babies. Cabin crews were equally as rude and dismissive. For goodness sake, we are your customers and your job is to give us good service. We are never flying Emirates anymore, especially going anywhere to Asia.
"
90,✅ Trip Verified ," Dubai to Bangkok. Check-in was smooth, but the boarding procedure was chaotic with different employees shouting contradictory messages to passengers. On board, we had a 45 minute delay without even an apology; just a quick word from the captain that we were waiting for a passenger and that made us miss our time slot for taking off! When I asked a flight attendant about the delay, she kept laughing and saying ""It's fine. No problem."" I believe a polite apology has to be issued. I observed a lack of professionalism among staff I encountered. The seat was comfortable enough but my table top was broken. The movie selection was very limited for my tastes.
"
91,✅ Trip Verified ," Beirut to Dubai. The whole trip was fine related to staff, service, welcoming. However we have moved to the bus and we waited like 20-25 mins just because 1 passenger lost something. All the passengers in the bus waited until this passenger came in. This was unacceptable as this can be managed differently. And all the crew have left before us.
"
92,✅ Trip Verified ," Melbourne to Singapore. Staff are generally rude. At the check in counter, they did not allow us to bring our laptop bag up together with cabin size bag even though it fulfilled all stated requirements. It caused us a lot of hassle and loss. Furthermore the staff were rude when dealing with us. Similarly on the plane here, noticed the attendants treating some passengers more dismissively. Inflight entertainment system is outdated compared to other international airlines. Will not fly Emirates again.
"
93,✅ Trip Verified ," ADD-DXB-BKK on 14th June 2019 on B777-300ER and A380, respectively. First Flight good and hardware good but food was a complete let down. I tried my special meal (acknowledge!) and all the other three menu dishes announced. All were absolutely substandard and not edible and I am not difficult and usually eat the dogs leftovers. But this was horrible and hazardous. Food in economy was edible and better than business. There was a cheese plate that helped me to avoid to starve. No ice creams and no inspirational additionals. Rate 6/10 Dubai-Bangkok was a great experience - as good as it gets on an airplane. A380 must be the king of the skies. Likely of my best flight ever, despite I had not slept the night before. I doubt that a general 1st class experience can beat this luxurious bz-class experience by Emirates on the A380. Simply outstanding on seat “hut”, meals, drinks. The onboard Sky Bar is a solid social effort and gimmick that is impressive and hard to dislike. I like the outer seats in the 1-2-1 biz-configuration with lots of space and great window access. The sports car design works well for me and the WiFi is solid and a bonus. Special meal was sophisticated and made to perfection. Rate 10/10 Lounge provided in Addis is the Ethiopian Cloud Nine Lounge which is slightly better than their Gold lounge. Seems this lounge is improving due to Emirates as they now serve the same champagne available on board.
"
94,✅ Trip Verified ," Bali to Dubai. The customer service is amazing and so patient. Mustufa from their Dubai customer center just helped me out flawlessly. Our line got disconnected before the changes were completed and he was amazing enough to complete everything and send me a confirmation email!
"
95,✅ Trip Verified ," Bangkok to Hong Kong. Overall disappointed. Check In & Lounge of the standard expected, food in the Bangkok lounge was very good, as good as any EK lounge globally including Dubai. Flight was full, service was poor, catering below average and service disjointed. Main course went cold waiting for wine and dessert was inedible, gave feedback to cabin crew who tried to blame (a) catering in Bangkok isn’t as good as Dubai and (b) they were one crew member down due to illness. Frankly I don’t care, if catering is subpar out out Bangkok then are ticket prices reduced because of it - no, so don’t blame the catering, own the issue. As many here have posted, Emirates has lost its edge, staff have a mixed understanding of food and beverage service and Emirates is all show and lacks substance where it counts.
"
96,✅ Trip Verified ," Singapore to Venice via Dubai. As a regular of Qatar and Etihad on the Singapore-Europe route, this was my first time with Emirates. I would not call it a total disappointment, but the company is definitely (and sadly) not worth its fame. Positive aspects: new aircrafts, comfortable Economy seats with decent pitch, nice food (plus points for the metal cutlery), efficient ground staff. Seat selection is not complimentary and the cost disproportionate: the cheapest option for each of the 4 legs of my journey would have increased the ticket price by around 17%! Cabin service is close to no-frill airlines: no hot towel, no amenity kit, no staff walking around the aisle with trays of drinks during sleeping hours. The inflight entertainment on the A380 was a quite unresponsive touch screen with cursor. Charging plugs are only available to window and central seat. Worse part: the staff. I was told that an increasing number of Europeans had joined Emirates from Ryanair and I was displeased to see the same attitude brought to the 4-star airline. Apart from the lack of smiles and rough replies to some passengers that I could hear, the staff onboard the SIN-DXB night flight had been talking and laughing loudly in the galley for at least one hour after the light were switched off, going in and out without caring to seal the courtains. I have not seen such behaviour even on cheap low-cost carriers like Scoot or AirAsia, where the staff at least excercises the basic courtesy of letting their passengers sleep. With prices that are in line with its competitors in the region, I do not see the reason for me to fly Emirates again.
"
97,Not Verified ," Dubai to Hyderabad. I had booked a chauffeur drive at 13.05 on 03 June with pick up point and location details clearly marked on the map while booking online. After numerous calls with Driver, Call Center of Emirates nobody showed up to pick me up even after 13.45pm. After wasting and waiting for almost 50 minutes in hot sun, I finally took a Taxi and paid to reach business arrivals terminal and neither luggage concierge nor staff bothered to help me with my luggage from taxi nor to push the trolley. I met duty manager and explained whole story and all he said was it’s okay we apologize but now please board the flight as you are late. Such a horrible customer service I never expected from Emirates, especially when traveling in business class. On-Board Experience: It’s Ramadan (fasting month for Muslims) month and I was fasting. Cabin crew informed me if am fasting then food will be served when it’s time to break my fasting but I should order the food in advance so that I get served. When it was time of breaking my fasting I asked for the food that was ordered in advance and very surprisingly crew told sorry we can’t serve the food and you need to adjust with a small sandwich box as we are planning to land. When I questioned crew why did they promised me to order food in advance and how can they deny serving the food for a fasting person then crew simply said it’s our policy and we can’t help. When I became furious then they simply gave me a quick main course to eat but I felt their frustration while getting served. I wasn’t served the food which I had preordered despite crew having enough time (around one hour was left to land the flight). Most of the passengers sitting around me enjoyed full meal (all items of menu) but I had to go through this bad experience because I was fasting. Crew argued a lot with me to explain that full meal will be served only during initial serving time and not later even if someone is fasting. I finally gave up arguing with the crew as I felt really embarrassed to ask for food again and again. 
"
98,✅ Trip Verified ," Milan to New York. A very solid product in business class with huge lounge at Milan and chaffeur service both at origin and destination. A380 is top notch in terms of comfort and quietness. Cabin crew warm, polite and efficient. I found a good improvement on catering quality and staff service in the air and at the airport. Only Qatar Airways beat Emirates with service.
"
99,✅ Trip Verified ," Dubai to Birmingham. Plane is lovely, seats comfy, food ok but total lack of service from crew, one drink service on a 7 hrs flight. Had to go and ask for another one. Took so long to collect food trays people took them to galley themselves. Staff were not very friendly or welcoming.
"
